Sample,ECG,ECG_Filtered,ECG_Normalized
0,0.7254772105499813,-0.0337335931529741,-0.1379067389303713
1,0.6705965828174644,-0.0836671293689282,-0.3520734385691276
2,0.60980855901558,-0.1397934045308396,-0.5928010141699656
3,0.5509794644802216,-0.1931323768674324,-0.8215737495525868
4,0.4999860870109672,-0.2388607589283038,-1.0177043945652235
5,0.4549001056110801,-0.2817527893323023,-1.2016698271895316
6,0.4098141242111931,-0.3169102030893357,-1.352461215959076
7,0.3901942232761438,-0.3364157999120924,-1.4361214093398784
8,0.374522789143936,-0.345743931090666,-1.4761300932767107
9,0.3588207467419387,-0.3533110309051239,-1.508585651522988
10,0.3549028882088867,-0.3584263620663603,-1.530525487460569
11,0.3490261004093087,-0.3547132393152496,-1.5145997728963183
12,0.3549028882088867,-0.3432649838736892,-1.4654978011485804
13,0.3646975345415166,-0.335496187403923,-1.432177158827169
14,0.3549028882088867,-0.3314173926120566,-1.4146830639707613
15,0.3646975345415166,-0.3216454708335201,-1.3727709464835045
16,0.374522789143936,-0.3102577879766435,-1.3239287726898756
17,0.3705743223410945,-0.2999072843289773,-1.279535097140189
18,0.3901942232761438,-0.2855806494874391,-1.2180876545302362
19,0.3901942232761438,-0.2750110648314176,-1.1727543328014756
20,0.3901942232761438,-0.2716135963716303,-1.158182470636285
21,0.3941120818091958,-0.2631136019557186,-1.1217256945103031
22,0.4039067281418257,-0.2497687566968595,-1.0644891820806746
23,0.4039067281418257,-0.2429356390208954,-1.0351816991382408
24,0.3999888696087737,-0.2434076048988138,-1.0372059774504905
25,0.3941120818091958,-0.2461346304982337,-1.0489022865188546
26,0.3843174354765659,-0.2477245444528361,-1.0557214835990327
27,0.3843174354765659,-0.2471389847218772,-1.0532099972408775
28,0.3803995769435139,-0.2438370893902784,-1.0390480515965153
29,0.3901942232761438,-0.2314815167472478,-0.9860545643405636
30,0.4039067281418257,-0.2103924772948286,-0.8956029296207083
31,0.419608770543823,-0.1949505155134669,-0.8293718103913558
32,0.419608770543823,-0.1864641548582244,-0.7929735099461978
33,0.4254855583434009,-0.1763432448447079,-0.7495645695987461
34,0.4254855583434009,-0.1765738788097738,-0.7505537668170071
35,0.3999888696087737,-0.1924897913883998,-0.8188176777477577
36,0.3901942232761438,-0.1994130172746371,-0.8485116379851523
37,0.4039067281418257,-0.1847342948454425,-0.7855540792819583
38,0.419608770543823,-0.1616567194162882,-0.6865735435564055
39,0.4294034168764529,-0.1456818890862169,-0.6180569323097269
40,0.4352802046760309,-0.1428993891970097,-0.6061226920540506
41,0.4294034168764529,-0.1404615338670403,-0.5956666444799659
42,0.4156909120107711,-0.1422655035598885,-0.603403934178311
43,0.4098141242111931,-0.1618940830578276,-0.6875916045946399
44,0.4156909120107711,-0.1458664025080494,-0.6188483168898619
45,0.419608770543823,-0.1086699337312931,-0.4593113491557667
46,0.4039067281418257,-0.178246714597042,-0.7577286185648865
47,0.3490261004093087,-0.1999785209150459,-0.8509371030628962
48,0.654894540415467,0.1824720869749101,0.7894070558684665
49,1.503906727835743,0.8271643007156144,3.5545147202348346
50,1.503906727835743,1.1370157700700383,4.883478611012787
51,1.503906727835743,0.8220627634834561,3.532634046946038
52,0.6607713282150449,0.2235087227201518,0.9654146353001868
53,0.4294034168764529,-0.1190833498482867,-0.5039748585074033
54,0.419608770543823,-0.1209590484024762,-0.5120197958242922
55,0.4039067281418257,-0.0901350645917703,-0.3798146410780493
56,0.3843174354765659,-0.138630751755288,-0.5878143553703796
57,0.3490261004093087,-0.1678371028810928,-0.7130814264236364
58,0.3392008458068894,-0.163301164220159,-0.6936266253742036
59,0.3549028882088867,-0.148928246679727,-0.6319806746347725
60,0.3803995769435139,-0.1277883959382508,-0.5413111085023558
61,0.3803995769435139,-0.1143392680179426,-0.483627324056271
62,0.3901942232761438,-0.1041507642567685,-0.4399284717388473
63,0.4039067281418257,-0.09399463236089,-0.3963684634945034
64,0.3941120818091958,-0.0925790344166568,-0.3902969139366941
65,0.4039067281418257,-0.082387076736765,-0.346583247639956
66,0.4294034168764529,-0.057903123203347,-0.2415707065757119
67,0.4352802046760309,-0.0445409513514736,-0.1842598797769627
68,0.4392286714788723,-0.038739580503026,-0.1593775954016066
69,0.4607768934106581,-0.0175837347923984,-0.0686394262818276
70,0.4843146528787593,0.0128268123598238,0.0617924840405837
71,0.5156881294129645,0.0430421827881404,0.191387274503821
72,0.5509794644802216,0.0840506971190878,0.3672742401968601
73,0.605890700482528,0.138453622556178,0.6006103079883555
74,0.654894540415467,0.1920074442339365,0.8303045397800838
75,0.6960932715520916,0.2348824526191843,1.01419696436504
76,0.7254772105499813,0.2657614355286378,1.1466380121874498
77,0.7411792529519786,0.2853958724199988,1.2308508051709497
78,0.7509738992846084,0.295099951206389,1.272471941669823
79,0.7411792529519786,0.2904508783381085,1.252531904011092
80,0.7156825642173513,0.2634500507468189,1.1367244012591848
81,0.6647197950178864,0.2172091724544813,0.9383956418170848
82,0.605890700482528,0.1607838510926026,0.6963854465073299
83,0.5451026766806437,0.0973607897380245,0.4243616973269856
84,0.4745200065461294,0.0355610756934099,0.159300542068264
85,0.4294034168764529,-0.0135399219167596,-0.05129537009909
86,0.3843174354765659,-0.0544485141770324,-0.2267537665034471
87,0.3451082418762568,-0.0916580904468651,-0.3863469527380821
88,0.3196115531416296,-0.1161379170711089,-0.4913417933431854
89,0.3098169068089997,-0.1245528641257398,-0.527433798334199
90,0.3098169068089997,-0.1229097228358423,-0.5203863073338504
91,0.3098169068089997,-0.1198441079491556,-0.507237776859148
92,0.3039095107396323,-0.1267044049732639,-0.5366618329852876
93,0.2941148644070023,-0.135269517897439,-0.5733979046920965
94,0.2999916522065803,-0.1226813534903095,-0.5194068231487148
95,0.3294061994742595,-0.1001871635188148,-0.422928448246378
96,0.3294061994742595,-0.0943061916535254,-0.3977047522996249
97,0.3235294116746816,-0.0951258409503555,-0.4012202570698888
98,0.3392008458068894,-0.0891114481914195,-0.3754243142001145
99,0.3294061994742595,-0.0863687363721935,-0.3636607263812296
100,0.3352829872738374,-0.0859394749613209,-0.3618196090357394
101,0.3392008458068894,-0.0802441622813144,-0.337392211889009
102,0.3392008458068894,-0.077046334197123,-0.3236766143426735
103,0.3392008458068894,-0.0782902303417934,-0.3290117288205525
104,0.3392008458068894,-0.0768560100590972,-0.3228603073956491
105,0.3352829872738374,-0.0782644983595465,-0.3289013634402769
106,0.3294061994742595,-0.0873705504097187,-0.3679575421553145
107,0.3196115531416296,-0.091234310980729,-0.3845293476470963
108,0.3294061994742595,-0.0843444428636715,-0.3549784600593464
109,0.3352829872738374,-0.077973143956288,-0.327651734118988
110,0.3392008458068894,-0.0705688869258489,-0.2958946143222222
111,0.3549028882088867,-0.0557850235748747,-0.2324861024937151
112,0.3646975345415166,-0.0487809939277811,-0.2024455720733847
113,0.3451082418762568,-0.0601421161836157,-0.2511738265114733
114,0.3352829872738374,-0.078096277420581,-0.3281798578943335
115,0.3137347653420516,-0.0930354247345522,-0.3922543881221396
116,0.3098169068089997,-0.1000328272429441,-0.4222664945106199
117,0.3137347653420516,-0.0929892450741496,-0.3920563219283878
118,0.3294061994742595,-0.0819244203015934,-0.3445988978562995
119,0.3196115531416296,-0.0817125309999441,-0.3436900971611768
120,0.3352829872738374,-0.0828945984450981,-0.3487600261640853
121,0.3098169068089997,-0.0844830378014408,-0.3555728986402696
122,0.3098169068089997,-0.1055319375594393,-0.445852372793699
123,0.3039095107396323,-0.1093693352151434,-0.4623111068110399
124,0.3098169068089997,-0.0767267522283909,-0.3223059159965479
125,0.3137347653420516,-0.1099016816062915,-0.464594359276151
126,0.2647003171393232,-0.155973324848144,-0.6621972636121989
127,0.4549001056110801,0.1043437742757427,0.4543119645302473
128,1.2078329341622147,0.7148723423451291,3.072890546529797
129,1.503906727835743,1.1829268498184906,5.080392852857253
130,1.503906727835743,1.039696837271985,4.466074272582103
131,0.8255050362219641,0.4305668218049058,1.853494132067088
132,0.3352829872738374,-0.0497100429055721,-0.2064302959374376
133,0.3137347653420516,-0.1226886655004432,-0.5194381846183148
134,0.3352829872738374,-0.0619646415357874,-0.258990702087729
135,0.3137347653420516,-0.0860329485027042,-0.3622205203546379
136,0.3098169068089997,-0.1122548968664603,-0.4746873826028042
137,0.3039095107396323,-0.0983273058779549,-0.4149514531659931
138,0.3098169068089997,-0.0972449871981936,-0.4103093501392943
139,0.3137347653420516,-0.1026394466878591,-0.4334463773316024
140,0.3098169068089997,-0.0927866596618084,-0.3911874259429637
141,0.3352829872738374,-0.080764564806007,-0.339624236689237
142,0.3352829872738374,-0.0725836020880009,-0.3045357987783791
143,0.3490261004093087,-0.062085646785947,-0.2595096978775238
144,0.3646975345415166,-0.0496601786850956,-0.2062164265354524
145,0.374522789143936,-0.0342469950546818,-0.1401087378114734
146,0.4039067281418257,-0.0115736616404153,-0.0428620103587698
147,0.4254855583434009,0.0133070263285424,0.0638521387054587
148,0.4490233178115022,0.0355954386180888,0.1594479258653295
149,0.4803967943457073,0.0639469575501472,0.2810485914613831
150,0.5156881294129645,0.1042742109617985,0.4540136050209401
151,0.5705993654152709,0.1499316529859127,0.6498399857115222
152,0.60980855901558,0.1987075055039167,0.8590413390999493
153,0.6764733706170423,0.2556273914613283,1.1031727394196071
154,0.7313846066193487,0.3151898516170284,1.3586382337667808
155,0.7764705880192357,0.3593711629212728,1.5481334376878535
156,0.800008347487337,0.378250579452339,1.6291079216914912
157,0.800008347487337,0.382530109041078,1.6474629751782457
158,0.800008347487337,0.3795962080768465,1.6348793703668634
159,0.7764705880192357,0.3532186346916581,1.5217450269077284
160,0.7156825642173513,0.2959520023204386,1.2761264189780257
161,0.6509766818824151,0.2278221930834765,0.983915261967354
162,0.5843118702809528,0.1594707915267439,0.6907536876742912
163,0.5058934830803345,0.0839651829667075,0.3669074669783865
164,0.4352802046760309,0.007907374657088,0.0406928420621579
165,0.3705743223410945,-0.0531599177749751,-0.2212269310435781
166,0.3294061994742595,-0.0987356967121914,-0.4167030558714951
167,0.2901970058739504,-0.1367306013653186,-0.5796645432666052
168,0.2588235293397452,-0.1687639307247807,-0.717056623765108
169,0.2392036284046959,-0.1913282380181794,-0.8138357343364497
170,0.229408982072066,-0.1993104482689737,-0.8480717158988584
171,0.2392036284046959,-0.1917263934350205,-0.815543436975401
172,0.2549056708066933,-0.177838467622626,-0.7559776328792333
173,0.2647003171393232,-0.1658877942297433,-0.7047207728013638
174,0.2843202180743724,-0.1511145118119736,-0.6413576429689106
175,0.3039095107396323,-0.1286303418523346,-0.5449222442511604
176,0.3294061994742595,-0.1063333460266056,-0.449289642001577
177,0.3451082418762568,-0.0916225142055043,-0.3861943649829341
178,0.3549028882088867,-0.0801996592537228,-0.3372013368325739
179,0.3705743223410945,-0.0684359478178121,-0.2867463631884937
180,0.3803995769435139,-0.0588095209510972,-0.2454582785144611
181,0.3843174354765659,-0.0522597500209537,-0.2173660797678697
182,0.3941120818091958,-0.050262387251577,-0.2087993203369192
183,0.3843174354765659,-0.0537441706322333,-0.2237328121742945
184,0.3843174354765659,-0.0588100998480927,-0.2454607614241117
185,0.3803995769435139,-0.0635139230415508,-0.2656356251603853
186,0.374522789143936,-0.0681991139889658,-0.2857305745356041
187,0.3705743223410945,-0.0739632112785963,-0.3104529913013215
188,0.3646975345415166,-0.0828041146231834,-0.3483719378575339
189,0.3588207467419387,-0.0856328726624404,-0.3605045809518299
190,0.374522789143936,-0.0738364660966089,-0.30990937674128
191,0.3843174354765659,-0.063649436180226,-0.2662168457961969
192,0.3803995769435139,-0.0704852803084668,-0.2955360225886977
193,0.3588207467419387,-0.0867016770094329,-0.3650887205281855
194,0.3490261004093087,-0.1080171098601466,-0.4565113645257142
195,0.3137347653420516,-0.1329524312842004,-0.5634598384075802
196,0.3098169068089997,-0.1447403695293647,-0.6140187216918305
197,0.3196115531416296,-0.1345868106532432,-0.57046974922006
198,0.3352829872738374,-0.1179225718531041,-0.4989962407070057
199,0.3392008458068894,-0.1150761536505323,-0.4867878525487941
200,0.3352829872738374,-0.1231465953641556,-0.5214022619701203
201,0.3352829872738374,-0.121821588139762,-0.515719259207836
202,0.3235294116746816,-0.1258822479769302,-0.5331355726033232
203,0.3294061994742595,-0.1432335895769476,-0.607556089281913
204,0.3352829872738374,-0.1174837967592353,-0.4971143188392822
205,0.3451082418762568,-0.0984244085590177,-0.4153679299930969
206,0.2999916522065803,-0.1961009819448911,-0.8343062015307635
207,0.2588235293397452,-0.180642069053478,-0.7680023783919738
208,0.7156825642173513,0.2819932839082228,1.2162569829220262
209,1.503906727835743,0.9466777531832123,4.067112137063503
210,1.503906727835743,1.1807345976223134,5.070990205794555
211,1.3784434299687118,0.7673802456606802,3.29809879754186
212,0.5196059879460164,0.1606202320112079,0.6956836784909676
213,0.4039067281418257,-0.1040776137367467,-0.4396147265760338
214,0.4098141242111931,-0.0683133177354128,-0.2862203984358613
215,0.3705743223410945,-0.0685838046527687,-0.2873805263734269
216,0.3549028882088867,-0.1305116520829214,-0.5529912502462269
217,0.3352829872738374,-0.1336149986310223,-0.5663016131487794
218,0.3549028882088867,-0.1086817570005163,-0.459362059574863
219,0.3705743223410945,-0.1017880162953416,-0.4297945623199641
220,0.374522789143936,-0.1015015793847204,-0.4285660242981994
221,0.3646975345415166,-0.0998725698855439,-0.4215791450471492
222,0.3803995769435139,-0.0958867562493639,-0.4044838496500033
223,0.3803995769435139,-0.0940573802949874,-0.3966375915990436
224,0.3803995769435139,-0.0899620943369561,-0.3790727655487653
225,0.3999888696087737,-0.0746726032676214,-0.3134955985859852
226,0.419608770543823,-0.0602739042593942,-0.2517390702210146
227,0.419608770543823,-0.0478822616072716,-0.1985908774226842
228,0.4607768934106581,-0.022860537271395,-0.0912718184017198
229,0.4745200065461294,0.0034933141650741,0.0217607807818996
230,0.5058934830803345,0.0229279547119805,0.1051166401906035
231,0.5254827757455944,0.0553779320076334,0.2442957383963917
232,0.5901886580805307,0.102684171728458,0.4471938706158316
233,0.6196032053482099,0.1483399677090429,0.6430131913676062
234,0.6764733706170423,0.1935869118135425,0.8370789319891129
235,0.7215593520169293,0.2403866123818442,1.0378044999009806
236,0.7509738992846084,0.2750787951340367,1.1866004964666663
237,0.7764705880192357,0.2901765153564609,1.2513551514969423
238,0.7705938002196577,0.2931738382102387,1.264210775031578
239,0.7705938002196577,0.2875427168416242,1.2400586966855602
240,0.7450971114850305,0.2616794115964057,1.1291300674340148
241,0.6901858754827241,0.2094427568168288,0.90508521096866
242,0.6293978516808398,0.1448524274330841,0.6280550080030423
243,0.5646919693459035,0.0816390682999537,0.3569306790536251
244,0.5058934830803345,0.0220618353285581,0.1014018235784073
245,0.4549001056110801,-0.0298496108513235,-0.1212482017219836
246,0.4156909120107711,-0.0683005689132622,-0.2861657182875844
247,0.3901942232761438,-0.0958427982018975,-0.4042953120325646
248,0.3646975345415166,-0.1197671170390217,-0.506907560127566
249,0.3451082418762568,-0.1408824411435809,-0.5974719306483793
250,0.3352829872738374,-0.1521697382447266,-0.6458835463917505
251,0.3294061994742595,-0.1535184383251136,-0.6516681686498217
252,0.3352829872738374,-0.1561210277880877,-0.6628307667359887
253,0.3235294116746816,-0.1594599475935276,-0.6771515116557341
254,0.3392008458068894,-0.1495446049193866,-0.6346242568840278
255,0.3588207467419387,-0.1301039259428777,-0.5512424984375836
256,0.3646975345415166,-0.1193896525901245,-0.5052886017805814
257,0.374522789143936,-0.1186899357553191,-0.5022874915739289
258,0.3646975345415166,-0.1176424067610701,-0.4977946027365761
259,0.3803995769435139,-0.1130050831297375,-0.4779049579698994
260,0.3843174354765659,-0.1027709929803047,-0.4340105840238932
261,0.3941120818091958,-0.0912234741347041,-0.3844828680319213
262,0.4039067281418257,-0.092636440118148,-0.3905431290169889
263,0.3803995769435139,-0.1011905280252539,-0.4272319140363709
264,0.3941120818091958,-0.098974770215899,-0.4177284505689324
265,0.3941120818091958,-0.0963056674943597,-0.4062805747686551
266,0.3803995769435139,-0.1063160723942653,-0.4492155547826567
267,0.374522789143936,-0.1168899584017578,-0.4945673251597274
268,0.3705743223410945,-0.1197898172036195,-0.5070049219349121
269,0.374522789143936,-0.1143495306160297,-0.4836713407017682
270,0.3901942232761438,-0.0997856335284874,-0.4212062719426112
271,0.3999888696087737,-0.0911072563404896,-0.3839844058096871
272,0.3941120818091958,-0.0957950649264418,-0.4040905823290026
273,0.3901942232761438,-0.0993691688698378,-0.4194200403191703
274,0.3803995769435139,-0.1091685739709571,-0.4614500347472309
275,0.3549028882088867,-0.1400094858821878,-0.5937277947142392
276,0.3196115531416296,-0.1629842704264136,-0.6922674567054969
277,0.3451082418762568,-0.1521382142630082,-0.645748338921266
278,0.3588207467419387,-0.1286604801567179,-0.545051508502636
279,0.374522789143936,-0.1157902563655955,-0.4898506643037384
280,0.3705743223410945,-0.1172861195890328,-0.4962664744776672
281,0.374522789143936,-0.1256505123656714,-0.5321416503856491
282,0.3392008458068894,-0.1348373472561297,-0.5715443095545585
283,0.3490261004093087,-0.1537928256561074,-0.652845025599177
284,0.3392008458068894,-0.1541370324776878,-0.6543213408085025
285,0.3490261004093087,-0.1203799834095682,-0.5095361656269215
286,0.3549028882088867,-0.1557667201494003,-0.6613111287655011
287,0.2686181756723751,-0.2257968455002336,-0.9616728086756128
288,0.4490233178115022,0.0016346902019927,0.0137890769890593
289,1.1764594576280094,0.6145937215905002,2.6427920019672047
290,1.503906727835743,1.0972734502643553,4.713022398339197
291,1.503906727835743,0.9438609374105242,4.05503071477212
292,0.8156797816195448,0.3639211370843306,1.567648437501393
293,0.4549001056110801,-0.0328311421537201,-0.1340360947352547
294,0.4294034168764529,-0.0818434578857647,-0.3442516471965861
295,0.3999888696087737,-0.0717354598195744,-0.3008980866470482
296,0.3646975345415166,-0.1237162320860904,-0.5238454539804397
297,0.3490261004093087,-0.1493821526037349,-0.6339274931671277
298,0.3392008458068894,-0.1424088160981829,-0.6040186067144322
299,0.3490261004093087,-0.1357950831102126,-0.5756520724437628
300,0.3705743223410945,-0.126881390075987,-0.5374209283389894
301,0.3588207467419387,-0.1196336004594407,-0.5063349028041941
302,0.3803995769435139,-0.1107764028317109,-0.468346069492344
303,0.3941120818091958,-0.0941132119467919,-0.3968770555246634
304,0.4039067281418257,-0.0800065213207201,-0.3363729614195579
305,0.4156909120107711,-0.0726810332004545,-0.3049536842593128
306,0.419608770543823,-0.0667362170713217,-0.279456158011035
307,0.4294034168764529,-0.056028183366308,-0.2335290234234666
308,0.4490233178115022,-0.0366908015411822,-0.1505903101060138
309,0.4706021480130775,-0.0155495720540057,-0.0599148304846145
310,0.4901914406783372,0.0049363390586933,0.0279499654938817
311,0.5196059879460164,0.0362439558767457,0.1622294392823773
312,0.5646919693459035,0.0776804706873102,0.3399521141422371
313,0.6000139126829501,0.1175772184439682,0.5110706737493447
314,0.6450998940828371,0.1603435105477428,0.6944968103650407
315,0.6960932715520916,0.2125808102514088,0.918544432932582
316,0.7450971114850305,0.2614788726599474,1.1282699488558996
317,0.7764705880192357,0.2941318515344818,1.268319728000095
318,0.796090488954285,0.3122596425090227,1.3460704634570848
319,0.796090488954285,0.315406284043744,1.3595665200856992
320,0.7803884465522877,0.2966207588176122,1.2789947392035794
321,0.7411792529519786,0.2606053939352588,1.124523567769205
322,0.7000111300851435,0.2190075548803053,0.9461089675299152
323,0.6509766818824151,0.1687936522403759,0.7307397664009255
324,0.5843118702809528,0.1051839729525419,0.4579156063166554
325,0.5254827757455944,0.0440940910099562,0.1958989460028082
326,0.4803967943457073,0.0019188290693688,0.0150077586222177
327,0.4549001056110801,-0.0261185084978066,-0.105245372008277
328,0.4294034168764529,-0.0481182088476388,-0.1996028634662877
329,0.4156909120107711,-0.0640280676612006,-0.2678408095849612
330,0.3999888696087737,-0.0774143883193645,-0.325255211466418
331,0.3901942232761438,-0.0886613680518964,-0.3734939045924765
332,0.3901942232761438,-0.0865899251767074,-0.3646094129724399
333,0.4039067281418257,-0.0723497899331164,-0.3035329701917861
334,0.4156909120107711,-0.063763815543317,-0.2667074229224401
335,0.4098141242111931,-0.0629452064251027,-0.2631963795149809
336,0.419608770543823,-0.0581289492572108,-0.2425392824930931
337,0.4254855583434009,-0.0512895996441557,-0.2132050705524692
338,0.419608770543823,-0.051039550421322,-0.2121326006082232
339,0.4254855583434009,-0.0547688006043407,-0.2281274862972756
340,0.4156909120107711,-0.0541111988781641,-0.2253070092783259
341,0.4254855583434009,-0.0495923062480816,-0.2059253192569921
342,0.4254855583434009,-0.0496051598273079,-0.2059804487120648
343,0.4156909120107711,-0.0548935996097581,-0.2286627536373023
344,0.4098141242111931,-0.0626318550696714,-0.2618524044892624
345,0.4039067281418257,-0.0718299423824346,-0.3013033256946828
346,0.3941120818091958,-0.0729323228764186,-0.3060314745508269
347,0.4039067281418257,-0.0685177143019584,-0.2870970625256074
348,0.3999888696087737,-0.0755556594728165,-0.3172830578246868
349,0.3803995769435139,-0.0821178459175976,-0.345428507151865
350,0.4039067281418257,-0.0714537343146484,-0.2996897560106374
351,0.4098141242111931,-0.0608609034557427,-0.2542567304970436
352,0.4039067281418257,-0.059054523369401,-0.2465091025359105
353,0.4156909120107711,-0.0595218966545414,-0.2485136830556027
354,0.3941120818091958,-0.0714541733068697,-0.2996916388637724
355,0.374522789143936,-0.0924170596276817,-0.3896021983485679
356,0.3646975345415166,-0.1047442627549093,-0.4424740077497089
357,0.3588207467419387,-0.1078951571480462,-0.455988305038207
358,0.3588207467419387,-0.1064362841438517,-0.4497311472204799
359,0.3646975345415166,-0.1037278533163123,-0.4381145917851642
360,0.3549028882088867,-0.108256274826743,-0.4575371515107104
361,0.3588207467419387,-0.111192860393251,-0.4701322706760317
362,0.3490261004093087,-0.1099468615960641,-0.4647881378472792
363,0.3392008458068894,-0.1279248235502044,-0.5418962513463421
364,0.3352829872738374,-0.1375577964937993,-0.5832124123752097
365,0.3352829872738374,-0.1093055241933078,-0.4620374190856602
366,0.3451082418762568,-0.134070261314614,-0.5682542508708873
367,0.274494963471953,-0.1955906461822975,-0.832117353428566
368,0.4294034168764529,0.0025967510019328,0.0179153897237292
369,1.0921642826278133,0.5768078874744433,2.480727225486427
370,1.503906727835743,1.0913526430285323,4.687627847081913
371,1.503906727835743,1.0164122949610186,4.366206048593885
372,0.8960877063564784,0.4268476797848847,1.8375426006459816
373,0.3588207467419387,-0.0694593657899454,-0.2911358390007985
374,0.3392008458068894,-0.1532837836130634,-0.6506617263058001
375,0.3549028882088867,-0.0926398707987573,-0.3905578433272358
376,0.3352829872738374,-0.1206645790485323,-0.5107568063695463
377,0.3098169068089997,-0.1551682053566499,-0.6587440776899682
378,0.3137347653420516,-0.1467530026974098,-0.6226509764017621
379,0.3098169068089997,-0.1440128476465093,-0.6108983546524872
380,0.3196115531416296,-0.1403511738325202,-0.595193306395858
381,0.3352829872738374,-0.1272019221104799,-0.5387957015507032
382,0.3294061994742595,-0.121912389014006,-0.5161087073630207
383,0.3451082418762568,-0.1161323697949772,-0.4913180008800205
384,0.3549028882088867,-0.1033659768045444,-0.4365624906508297
385,0.3588207467419387,-0.0941763572289109,-0.3971478878688959
386,0.3705743223410945,-0.0894228286138016,-0.3767598358244049
387,0.374522789143936,-0.0813742725220988,-0.3422392946081261
388,0.3901942232761438,-0.0637237579586892,-0.2665356145278146
389,0.419608770543823,-0.0385543100492152,-0.1585829638845911
390,0.4451054592784502,-0.0102401658578748,-0.0371425998709211
391,0.4803967943457073,0.0272055322649227,0.1234633213269127
392,0.5294006342786464,0.0722384577093598,0.3166111283598897
393,0.5705993654152709,0.1156956710786871,0.5030006506752027
394,0.6196032053482099,0.1673971618891466,0.7247501699840672
395,0.6862680169496722,0.2293799354606188,0.9905964740160494
396,0.7254772105499813,0.2727197811302784,1.176482602124044
397,0.7411792529519786,0.2865430277460638,1.2357709948625797
398,0.7450971114850305,0.293239267554209,1.2644914037977253
399,0.7548917578176605,0.297603367585224,1.2832091828970005
400,0.7254772105499813,0.2776840722526491,1.1977746220027483
401,0.6862680169496722,0.2272139448218175,0.9813064637000506
402,0.615685346815158,0.1674201615290204,0.7248488162514445
403,0.5646919693459035,0.1098515342635574,0.4779349415589759
404,0.4941092992113892,0.0414709527306242,0.1846482133178451
405,0.419608770543823,-0.0325543383035295,-0.1328488732497538
406,0.3705743223410945,-0.0811954295018776,-0.3414722305806846
407,0.3490261004093087,-0.1032691406542752,-0.4361471569837089
408,0.3294061994742595,-0.125003804742871,-0.5293678985606756
409,0.2999916522065803,-0.1464594465358955,-0.6213919036615853
410,0.3039095107396323,-0.1551259022443453,-0.6585626381478629
411,0.2843202180743724,-0.1601887267355236,-0.6802772711239164
412,0.2901970058739504,-0.1672924026422007,-0.7107451878694221
413,0.2843202180743724,-0.1637851913194848,-0.6957026346908681
414,0.2999916522065803,-0.1512378345656958,-0.6418865786133005
415,0.3098169068089997,-0.1455181059454784,-0.6173544606370471
416,0.3039095107396323,-0.1415553918882175,-0.6003582401493719
417,0.3294061994742595,-0.1267737443850149,-0.5369592321701836
418,0.3352829872738374,-0.113740291443075,-0.4810582923809351
419,0.3352829872738374,-0.1153815210510806,-0.4880975841101611
420,0.3352829872738374,-0.1181056437717408,-0.4997814426290444
421,0.3392008458068894,-0.1091593417919108,-0.4614104376053768
422,0.3549028882088867,-0.0983520295711779,-0.4150574939590495
423,0.3549028882088867,-0.0955858285312231,-0.4031931600432166
424,0.3549028882088867,-0.0956317783944327,-0.4033902406286951
425,0.3549028882088867,-0.0966481749338596,-0.4077496012682439
426,0.3490261004093087,-0.1032543656491836,-0.4360837864652676
427,0.3392008458068894,-0.1095381876654036,-0.4630353209312205
428,0.3451082418762568,-0.1082546578676909,-0.4575302163162523
429,0.3490261004093087,-0.1021464708716458,-0.4313319866522899
430,0.3549028882088867,-0.094602079098576,-0.3989738239971904
431,0.3646975345415166,-0.0883109418544589,-0.3719909142605367
432,0.3705743223410945,-0.0823438625283779,-0.3463979003745883
433,0.3705743223410945,-0.0756517381910877,-0.3176951428392284
434,0.374522789143936,-0.0838866262154194,-0.3530148682926471
435,0.3352829872738374,-0.1124286491191986,-0.4754326121487916
436,0.3196115531416296,-0.1311027747759827,-0.5555265963452292
437,0.3352829872738374,-0.1218744687402952,-0.515946065970372
438,0.3392008458068894,-0.1069733805961253,-0.4520347728654502
439,0.3451082418762568,-0.1108961817254,-0.4688598053959426
440,0.3235294116746816,-0.1269898927075837,-0.5378862999563867
441,0.3235294116746816,-0.1323403008833953,-0.5608343895084275
442,0.3039095107396323,-0.1403014780827237,-0.5949801595705669
443,0.2999916522065803,-0.1627547415707229,-0.6912829993403597
444,0.3098169068089997,-0.1445762712847878,-0.6133148985276637
445,0.3098169068089997,-0.1194819102634807,-0.5056842981985878
446,0.2901970058739504,-0.1987050423213557,-0.8454751084168192
447,0.2549056708066933,-0.1874624377458831,-0.7972551804938446
448,0.6509766818824151,0.2489184251172021,1.074397745922353
449,1.503906727835743,0.9248892628611332,3.973660532870893
450,1.503906727835743,1.2229353444237607,5.251990698643068
451,1.462738604968908,0.8379030114787037,3.6005734298074845
452,0.5058934830803345,0.1674466109526984,0.724962258763346
453,0.3294061994742595,-0.1641241740705639,-0.6971565436773878
454,0.3588207467419387,-0.1132871541551681,-0.4791147705559523
455,0.3646975345415166,-0.0615753071759685,-0.2573208332737566
456,0.3705743223410945,-0.0958144110167521,-0.4041735583933204
457,0.3588207467419387,-0.1041548766329052,-0.4399461098652771
458,0.3352829872738374,-0.1101387399497106,-0.4656111108799694
459,0.3352829872738374,-0.1245682212074544,-0.5274996653998254
460,0.3490261004093087,-0.1091349241621742,-0.4613057095294186
461,0.3705743223410945,-0.0856295142193123,-0.36049017647069
462,0.3803995769435139,-0.0728175486276259,-0.3055392037458685
463,0.3999888696087737,-0.0630227801581176,-0.2635290959944749
464,0.3941120818091958,-0.0597873207531781,-0.2496520963849485
465,0.4039067281418257,-0.0542311109621064,-0.2258213164396225
466,0.419608770543823,-0.0396856929641265,-0.1634355051479677
467,0.4254855583434009,-0.0326506410904419,-0.1332619193026078
468,0.4294034168764529,-0.0286286349027097,-0.1160113927741452
469,0.4549001056110801,-0.0045151378794613,-0.0125877527602811
470,0.4941092992113892,0.034053249758131,0.1528334234009258
471,0.5294006342786464,0.0708597611106565,0.31069784997579
472,0.5745172239483228,0.1141066125587734,0.4961851225846039
473,0.6353052477502072,0.173888570139593,0.7525920491370542
474,0.6960932715520916,0.2387276907293806,1.0306893263684904
475,0.7607991538870279,0.2942263016680557,1.268724827957376
476,0.7901830928849176,0.3360389224630699,1.4480606346622469
477,0.8255050362219641,0.3573370904906381,1.539409229223803
478,0.8117619230864929,0.3536566916534713,1.5236238686817132
479,0.796090488954285,0.3330927133422856,1.4354242397328931
480,0.7607991538870279,0.2976260392596538,1.28330642250901
481,0.7058879178847215,0.2420777236434003,1.0450577358032616
482,0.6353052477502072,0.1756631015376006,0.7602030769495649
483,0.5803940117479008,0.110827975195181,0.4821229311860995
484,0.5058934830803345,0.0484520097448163,0.2145902133046559
485,0.4607768934106581,-0.0094353108242348,-0.0336905482177629
486,0.4039067281418257,-0.0561022828646682,-0.2338468387878753
487,0.3803995769435139,-0.0882270705183285,-0.3716311871389554
488,0.3549028882088867,-0.1079978984660974,-0.4564289661784154
489,0.3451082418762568,-0.1217031502318213,-0.5152112748394533
490,0.3352829872738374,-0.1316135364791059,-0.5577172713213951
491,0.3294061994742595,-0.1347637900543032,-0.5712288201191275
492,0.3352829872738374,-0.1338904318814898,-0.5674829560836815
493,0.3352829872738374,-0.1310150140514809,-0.5551501874996154
494,0.3451082418762568,-0.1217946846648237,-0.5156038692540497
495,0.3549028882088867,-0.1130405920109758,-0.4780572568151039
496,0.3588207467419387,-0.1123149854965311,-0.4749451048584927
497,0.3549028882088867,-0.1076636739701707,-0.4549954655162256
498,0.3803995769435139,-0.0949392519874877,-0.4004199704209803
499,0.3803995769435139,-0.0856332889300003,-0.3605063663380898
500,0.3901942232761438,-0.0782049672887549,-0.3286460325760204
501,0.4039067281418257,-0.0704499015760178,-0.2953842819562451
502,0.3941120818091958,-0.0711595722619382,-0.2984280845817316
503,0.3999888696087737,-0.0752768107300534,-0.3160870657227513
504,0.3941120818091958,-0.072792685763845,-0.305432566045376
505,0.4039067281418257,-0.0713336600963444,-0.2991747534493397
506,0.3901942232761438,-0.0787166696476589,-0.3308407420580382
507,0.3803995769435139,-0.0925896060694317,-0.3903422561286577
508,0.3646975345415166,-0.1085973865309754,-0.4590001916524632
509,0.3588207467419387,-0.112568530619046,-0.4760325688398873
510,0.3803995769435139,-0.0936632345023538,-0.3949470863798705
511,0.3999888696087737,-0.072006947022831,-0.3020625048461551
512,0.4098141242111931,-0.0675409173620592,-0.2829075459664215
513,0.3999888696087737,-0.0683064529774001,-0.2861909552463976
514,0.4098141242111931,-0.0700088052710374,-0.293492404332118
515,0.3843174354765659,-0.0885187182538726,-0.3728820745727726
516,0.3549028882088867,-0.1174289930885252,-0.4968792639608672
517,0.3490261004093087,-0.1321528795275134,-0.5600305326964955
518,0.3451082418762568,-0.1240790224605915,-0.5254014747042991
519,0.374522789143936,-0.1074024941768234,-0.4538752561621032
520,0.3646975345415166,-0.1053553749948121,-0.4450950897208073
521,0.3705743223410945,-0.1133236109549666,-0.479271135057326
522,0.3588207467419387,-0.1126033788979271,-0.4761820343382607
523,0.3451082418762568,-0.1287157104666238,-0.5452883932516234
524,0.3392008458068894,-0.1532011167280304,-0.6503071651174964
525,0.3392008458068894,-0.1237206994572734,-0.5238646146931556
526,0.3392008458068894,-0.130296975096137,-0.5520704930711459
527,0.274494963471953,-0.2477681445983928,-1.0559084861625456
528,0.2647003171393232,-0.1518388663612506,-0.6444644252027194
529,0.9411736877563656,0.4179548355421158,1.799400877743793
530,1.503906727835743,1.0272031579731071,4.412488441003629
531,1.503906727835743,1.064362047788686,4.57186423124658
532,1.1058767874934952,0.562037161382041,2.4173750598237205
533,0.4803967943457073,0.0638256569559803,0.2805283289307145
534,0.419608770543823,-0.0998068502221053,-0.4212972710905533
535,0.3843174354765659,-0.086905754359023,-0.36596401548514
536,0.3549028882088867,-0.1163358253325546,-0.4921906288633008
537,0.3294061994742595,-0.1612580701629347,-0.6848637228352186
538,0.3196115531416296,-0.1597982440984084,-0.6786024773080825
539,0.3294061994742595,-0.1456952566929662,-0.6181142664469926
540,0.3490261004093087,-0.1401866833617694,-0.5944878009597846
541,0.3451082418762568,-0.131190761708293,-0.5559039754041194
542,0.3646975345415166,-0.1177410254471915,-0.498217581762896
543,0.374522789143936,-0.1096799296621529,-0.4636432573592098
544,0.3705743223410945,-0.1084713106371501,-0.4584594476929768
545,0.3803995769435139,-0.1034607151731987,-0.4369688268585459
546,0.3901942232761438,-0.0917009678624715,-0.3865308554873236
547,0.4039067281418257,-0.0786929161545815,-0.3307388624876574
548,0.419608770543823,-0.0627179518567064,-0.2622216766483388
549,0.4392286714788723,-0.0430090148129496,-0.1776893498811273
550,0.46469475194371,-0.0205664457661049,-0.081432378946993
551,0.4901914406783372,0.0112702991744151,0.0551165440386281
552,0.5392258888810657,0.0527074827457582,0.2328420872370766
553,0.5803940117479008,0.0973035009057016,0.4241159835026794
554,0.6254799931477878,0.1465677694129836,0.6354121703117175
555,0.6862680169496722,0.195519478556885,0.8453677789769023
556,0.7058879178847215,0.2301856860969419,0.994052366940733
557,0.7411792529519786,0.2517890855939718,1.0867101100504264
558,0.7509738992846084,0.2707142769496558,1.1678809238928427
559,0.7666759416866058,0.2818174039721873,1.2155026276672634
560,0.7509738992846084,0.267802977850097,1.1553942592769573
561,0.7098057764177734,0.2251802969294398,0.9725840760955716
562,0.654894540415467,0.1728013009071944,0.7479287130153243
563,0.60980855901558,0.124446340262181,0.5405325797289409
564,0.5548973230132735,0.0720253654028051,0.315697167934258
565,0.4941092992113892,0.0103888544246168,0.0513359963890127
566,0.4392286714788723,-0.0452874828337761,-0.1874617796594323
567,0.4039067281418257,-0.0784667972024948,-0.329769030319458
568,0.3941120818091958,-0.0915723213061977,-0.3859790858658433
569,0.3803995769435139,-0.1004969581179595,-0.4242571682188188
570,0.374522789143936,-0.112866975860379,-0.4773126110160063
571,0.3588207467419387,-0.1202996464253447,-0.5091915974654425
572,0.3705743223410945,-0.1175730427322092,-0.4974970979680266
573,0.3646975345415166,-0.1144316714758438,-0.4840236457493376
574,0.3705743223410945,-0.1167772130975904,-0.4940837565698949
575,0.3646975345415166,-0.115231553671123,-0.4874543687232098
576,0.3803995769435139,-0.1053199133636257,-0.4449429935327434
577,0.3843174354765659,-0.0971674999744643,-0.4099770047011803
578,0.3901942232761438,-0.0940186779782728,-0.3964715959963431
579,0.3941120818091958,-0.0879807995699806,-0.3705749223473638
580,0.3999888696087737,-0.0824356299846693,-0.3467914942342976
581,0.3999888696087737,-0.0848582674698106,-0.3571822719346775
582,0.3941120818091958,-0.084910373557985,-0.3574057567863639
583,0.4098141242111931,-0.075573076100831,-0.3173577583571019
584,0.4098141242111931,-0.0710943489997695,-0.2981483397077068
585,0.4039067281418257,-0.0776615709005946,-0.3263153862836249
586,0.3999888696087737,-0.0832803105239258,-0.3504143588870087
587,0.3941120818091958,-0.0857613753745533,-0.361055733620626
588,0.3901942232761438,-0.0930975470164234,-0.3925208327821942
589,0.3803995769435139,-0.0994814162698257,-0.4199014733803994
590,0.3901942232761438,-0.0914973279996601,-0.3856574369266074
591,0.4098141242111931,-0.0710127862210015,-0.297798514070152
592,0.4294034168764529,-0.0512018218685488,-0.2128285885740637
593,0.4392286714788723,-0.0410025796726619,-0.1690836787310567
594,0.4352802046760309,-0.0448433401473532,-0.1855568359977517
595,0.419608770543823,-0.0612410270265012,-0.2558870939115665
596,0.3999888696087737,-0.0775427161373317,-0.3258056140080489
597,0.4039067281418257,-0.0784105251643542,-0.3295276775612957
598,0.4156909120107711,-0.0605442714709844,-0.2528986847363252
599,0.4392286714788723,-0.0422657802586253,-0.174501590639148
600,0.4294034168764529,-0.0456804987844213,-0.1891474389464302
601,0.4294034168764529,-0.054475364787287,-0.2268689297187388
602,0.4254855583434009,-0.0470102552406463,-0.1948508113317019
603,0.419608770543823,-0.0566643331324911,-0.2362574922286835
604,0.4156909120107711,-0.0742751760030084,-0.3117910190176463
605,0.4254855583434009,-0.0373281302620687,-0.1533238354895744
606,0.4294034168764529,-0.0408504974052756,-0.1684313925172617
607,0.3646975345415166,-0.1530769224280326,-0.6497744913803623
608,0.3549028882088867,-0.0595435909369156,-0.248606730598581
609,0.99216706522562,0.4702666259031209,2.0237679933704125
610,1.503906727835743,1.031019246312209,4.428855778609778
611,1.503906727835743,1.0729142914550296,4.608545106252225
612,1.1470449103603302,0.601856571671635,2.5881619163043386
613,0.5098113416133866,0.1013035953768712,0.4412725299052534
614,0.4352802046760309,-0.0744381599444456,-0.3124900628963085
615,0.4254855583434009,-0.0458826677378907,-0.1900145487250509
616,0.4039067281418257,-0.0550685736787462,-0.229413223596319
617,0.3843174354765659,-0.0990126898121454,-0.4178910890559124
618,0.3646975345415166,-0.1088782630993539,-0.4602048811700516
619,0.3588207467419387,-0.1045054801802636,-0.4414498608572887
620,0.3803995769435139,-0.0998255307949428,-0.4213773927269355
621,0.374522789143936,-0.0922693725795721,-0.3889687633854156
622,0.3843174354765659,-0.0873676648723321,-0.3679451659835949
623,0.3901942232761438,-0.080298252242831,-0.337624205643497
624,0.3999888696087737,-0.0707673222011537,-0.2967457102233845
625,0.4039067281418257,-0.0637291381881369,-0.2665586905218545
626,0.419608770543823,-0.0523840981529316,-0.2178994132957973
627,0.4294034168764529,-0.0359999247441968,-0.147627115133652
628,0.4451054592784502,-0.0261837938141249,-0.1055253830347402
629,0.4490233178115022,-0.0174853051822768,-0.0682172582091459
630,0.4745200065461294,0.0076742730873722,0.0396930612004392
631,0.5098113416133866,0.0415038798215727,0.1847894387733515
632,0.5353080303480138,0.0689123057734382,0.3023451452832537
633,0.5705993654152709,0.1055475903291648,0.459475174081811
634,0.6293978516808398,0.1626597837090771,0.7044313877256223
635,0.6803912291500942,0.2150484633691893,0.9291282842705428
636,0.7098057764177734,0.2456450419453749,1.0603580899378189
637,0.7313846066193487,0.2665686694002543,1.1501002667606697
638,0.7450971114850305,0.2813970951673785,1.2136999083652351
639,0.7450971114850305,0.2806710035193201,1.2105856756534283
640,0.7254772105499813,0.2641788257360097,1.1398501429158392
641,0.6960932715520916,0.2316884044094891,1.00049757883386
642,0.6411820355497851,0.1798209171752274,0.7780360950031199
643,0.5803940117479008,0.1185765962329276,0.5153570403673237
644,0.5196059879460164,0.0587810496215556,0.2588918299830992
645,0.4607768934106581,-0.0018519829720121,-0.0011653873446124
646,0.3999888696087737,-0.0576524676683744,-0.2404956361372975
647,0.3705743223410945,-0.0923382854988988,-0.3892643333292473
648,0.3490261004093087,-0.1082390359641655,-0.4574632134205302
649,0.3352829872738374,-0.1249553376141675,-0.5291600213346264
650,0.3137347653420516,-0.1452548111773965,-0.6162251800816229
651,0.3039095107396323,-0.1531566329545884,-0.6501163726427885
652,0.3098169068089997,-0.1488161496036064,-0.6314998863179171
653,0.3098169068089997,-0.1479220152605986,-0.6276649125550441
654,0.3098169068089997,-0.1463871338717589,-0.6210817520922424
655,0.3235294116746816,-0.1329449372145924,-0.5634276960784677
656,0.3352829872738374,-0.1220917144341926,-0.516877840420944
657,0.3294061994742595,-0.1245610712164924,-0.5274689988361726
658,0.3352829872738374,-0.1223545907994559,-0.5180053264319083
659,0.3392008458068894,-0.1117817620544094,-0.4726580906907932
660,0.3490261004093087,-0.1110841920230922,-0.4696661882000904
661,0.3352829872738374,-0.1140368759676489,-0.4823303538771852
662,0.3451082418762568,-0.109281709963981,-0.4619352790153614
663,0.3451082418762568,-0.1119325130100332,-0.4733046668614394
664,0.3294061994742595,-0.1194653263736475,-0.5056131693096305
665,0.3352829872738374,-0.1168911779020225,-0.4945725556394148
666,0.3352829872738374,-0.1223151836294063,-0.5178363076883704
667,0.3098169068089997,-0.1359312562579368,-0.576236123881686
668,0.3294061994742595,-0.1239944461810074,-0.5250387240553582
669,0.3549028882088867,-0.0990855990845341,-0.4182037994991108
670,0.3490261004093087,-0.0965896813297733,-0.4074987201353123
671,0.3549028882088867,-0.1008500846737296,-0.4257717404829782
672,0.3490261004093087,-0.09513653843094,-0.4012661389417699
673,0.3549028882088867,-0.1015644657946586,-0.4288357463305094
674,0.3196115531416296,-0.1240815358700669,-0.5254122548062703
675,0.3098169068089997,-0.1407426532104574,-0.5968723752682655
676,0.3098169068089997,-0.1428125691712218,-0.6057503178984304
677,0.3098169068089997,-0.1321028072847536,-0.5598157710795933
678,0.3294061994742595,-0.123085096152663,-0.5211384896809158
679,0.3196115531416296,-0.1285377806750191,-0.5445252460939578
680,0.3196115531416296,-0.1255504038519697,-0.5317122814362418
681,0.3294061994742595,-0.1186945914356938,-0.502307459951416
682,0.2999916522065803,-0.1447855733050589,-0.6142126022816162
683,0.3137347653420516,-0.1471223347361831,-0.6242350545546261
684,0.3137347653420516,-0.1028879879661097,-0.4345123796482963
685,0.3235294116746816,-0.1496083632651765,-0.6348977186799879
686,0.2588235293397452,-0.1989098693191237,-0.8463536186412737
687,0.4941092992113892,0.12234050853778,0.531500593120601
688,1.3568645997671365,0.7846613205499138,3.372217937817265
689,1.503906727835743,1.2005814177260306,5.156113917873635
690,1.503906727835743,0.945936074576826,4.06393105133716
691,0.6803912291500942,0.2884763093417637,1.2440629078773662
692,0.2999916522065803,-0.139032099584475,-0.5895357503785845
693,0.3294061994742595,-0.1479692730005844,-0.6278676026701879
694,0.3352829872738374,-0.0848448998975688,-0.3571249379454157
695,0.3137347653420516,-0.1331433689749378,-0.564278776903845
696,0.2843202180743724,-0.1693711057736199,-0.7196608189847398
697,0.2843202180743724,-0.1517455848913745,-0.6440643376852958
698,0.3098169068089997,-0.1345659135669872,-0.5703801208793761
699,0.3196115531416296,-0.1279633511313693,-0.5420614975021014
700,0.3137347653420516,-0.126528572860743,-0.5359076828472671
701,0.3196115531416296,-0.1243200423727937,-0.5264352176164839
702,0.3294061994742595,-0.115099456379155,-0.4868877987745154
703,0.3392008458068894,-0.1035220520098554,-0.4372319027163468
704,0.3549028882088867,-0.0878290623157567,-0.3699241159072023
705,0.374522789143936,-0.0685771241368159,-0.2873518734046624
706,0.3901942232761438,-0.0547666988059064,-0.2281184716095909
707,0.4039067281418257,-0.0360659899662403,-0.1479104712033036
708,0.4451054592784502,-5.286368447764318e-05,0.0065510987941075
709,0.4803967943457073,0.0376468819478122,0.1682466387288183
710,0.5098113416133866,0.0678092027334177,0.2976138974016509
711,0.5509794644802216,0.1074770645746289,0.4677507572370251
712,0.605890700482528,0.1626240534965478,0.7042781395826969
713,0.6607713282150449,0.218695252669301,0.9447694923216824
714,0.7098057764177734,0.2660838888183033,1.1480210257304253
715,0.7450971114850305,0.3025456222131271,1.3044066874729767
716,0.7666759416866058,0.3237127911742869,1.3951934224140343
717,0.7705938002196577,0.3269073677496786,1.4088950741243396
718,0.7548917578176605,0.3129739384340032,1.3491341038961853
719,0.7254772105499813,0.2808931155714259,1.2115383220861535
720,0.6705965828174644,0.2283210120060288,0.9860547139360344
721,0.6000139126829501,0.156738103510075,0.6790330922984451
722,0.5196059879460164,0.0749161976213258,0.3280960493748268
723,0.4392286714788723,-0.0023605270679814,-0.0033465509254069
724,0.3803995769435139,-0.0649674831795423,-0.271869995907407
725,0.3294061994742595,-0.1135542350323434,-0.4802602898669396
726,0.2941148644070023,-0.1495739710398555,-0.634750209211434
727,0.274494963471953,-0.1704438999861567,-0.7242620712352694
728,0.2647003171393232,-0.1783896638850756,-0.7583417331078153
729,0.2647003171393232,-0.1803885649461866,-0.7669150903263207
730,0.2686181756723751,-0.1758868292006319,-0.7476069867884177
731,0.2843202180743724,-0.1599017570589702,-0.6790464480502603
732,0.3039095107396323,-0.1410655657113345,-0.5982573583843391
733,0.3137347653420516,-0.1319332833353984,-0.5590886768760883
734,0.3196115531416296,-0.125506448205388,-0.5315237541162825
735,0.3294061994742595,-0.1138506361786165,-0.4815315648471837
736,0.3451082418762568,-0.1058027914626564,-0.447014074746579
737,0.3392008458068894,-0.100305396554192,-0.4234355539091033
738,0.3646975345415166,-0.086088995068256,-0.362460906052907
739,0.374522789143936,-0.0711273540225505,-0.2982898994155941
740,0.374522789143936,-0.0687696098655726,-0.2881774514906425
741,0.3803995769435139,-0.0728441794916101,-0.3056534244616486
742,0.3646975345415166,-0.0751093946180651,-0.315369012108126
743,0.3705743223410945,-0.0830312723759964,-0.3493462254787213
744,0.3451082418762568,-0.0992718136059716,-0.4190024801555058
745,0.3392008458068894,-0.109778688685769,-0.4640668382979988
746,0.3352829872738374,-0.1123186560794359,-0.4749608481181543
747,0.3352829872738374,-0.1155513474735591,-0.4888259756315702
748,0.3392008458068894,-0.1066333792197255,-0.4505764949589695
749,0.3705743223410945,-0.0808700590672421,-0.3400767052999486
750,0.3803995769435139,-0.0678172211931219,-0.2840926228522307
751,0.3803995769435139,-0.0727467639431125,-0.3052356057350718
752,0.3705743223410945,-0.0725016838676714,-0.304184448639419
753,0.3803995769435139,-0.0790984480440826,-0.3324782030782597
754,0.3392008458068894,-0.1064043256018979,-0.4495940759058046
755,0.3235294116746816,-0.1261297931379845,-0.5341973025381962
756,0.3352829872738374,-0.1226542849214489,-0.5192907251012674
757,0.3392008458068894,-0.1081577957782429,-0.457114771395078
758,0.3549028882088867,-0.0960398024813714,-0.4051402703420895
759,0.3588207467419387,-0.0990296882379927,-0.4179639959044686
760,0.3490261004093087,-0.1037740537874001,-0.4383127472366795
761,0.3352829872738374,-0.1083227767881202,-0.4578223807707825
762,0.3294061994742595,-0.1369084646023815,-0.5804274049694914
763,0.3294061994742595,-0.1298973786912804,-0.5503566099837248
764,0.3392008458068894,-0.0813638048176414,-0.3421943982541658
765,0.3549028882088867,-0.1438916335004533,-0.6103784629008182
766,0.2686181756723751,-0.180905621907338,-0.7691327658864117
767,0.5960654458801087,0.2107135194674279,0.910535556838938
768,1.503906727835743,0.9014929059476772,3.873312732105196
769,1.503906727835743,1.2295923873974837,5.280542990971608
770,1.503906727835743,0.881208663914065,3.786312901926447
771,0.605890700482528,0.2538552733801912,1.0955720624083518
772,0.4098141242111931,-0.0819389014310034,-0.3446610079315677
773,0.3941120818091958,-0.0780293818719327,-0.3278929405245608
774,0.374522789143936,-0.0628473173397528,-0.2627765297721272
775,0.3490261004093087,-0.115498032488329,-0.4885973057777342
776,0.3490261004093087,-0.1211936297136933,-0.5130259233495494
777,0.3451082418762568,-0.1019302164839374,-0.4304044639489587
778,0.3588207467419387,-0.1079417454293636,-0.456188123821488
779,0.3549028882088867,-0.1088155035743425,-0.459935703351672
780,0.3646975345415166,-0.0896828224002245,-0.3778749583529589
781,0.3901942232761438,-0.077577611884575,-0.3259552830999034
782,0.3803995769435139,-0.0813235144963204,-0.342021591643647
783,0.3843174354765659,-0.0756503425865678,-0.3176891570421734
784,0.4039067281418257,-0.060397532323979,-0.2522693153544725
785,0.4098141242111931,-0.0592344043891249,-0.2472806185798637
786,0.4039067281418257,-0.0504499650154479,-0.2096038479882377
787,0.4607768934106581,-0.0121594172976366,-0.0453743370515814
788,0.4843146528787593,0.0214130213269131,0.0986190374202075
789,0.4999860870109672,0.0368046980191254,0.1646344821269788
790,0.5294006342786464,0.0616880473532986,0.271360045880571
791,0.5705993654152709,0.1013372943314035,0.4414170659109199
792,0.60980855901558,0.149677481004089,0.648749833108422
793,0.6803912291500942,0.205755576961381,0.8892707663997721
794,0.7156825642173513,0.2528307619386299,1.091177896667067
795,0.7509738992846084,0.2805987618575736,1.210275828615843
796,0.7666759416866058,0.298588117651801,1.2874328106972772
797,0.7764705880192357,0.3072719922249793,1.3246782553093153
798,0.7666759416866058,0.2969696447290645,1.280491123194552
799,0.7353024651524006,0.2659938488665573,1.1476348411986976
800,0.6901858754827241,0.218569718803952,0.944231073141466
801,0.6293978516808398,0.1600807242037545,0.6933697104585028
802,0.5705993654152709,0.0978532074318111,0.4264736941995064
803,0.5098113416133866,0.0396025922033033,0.1766347490572507
804,0.46469475194371,-0.0092727731111485,-0.032993418228251
805,0.419608770543823,-0.0501144040424531,-0.2081646151287211
806,0.3901942232761438,-0.0862809212657602,-0.3632840842895919
807,0.3588207467419387,-0.1113057875956147,-0.4706166194336497
808,0.3549028882088867,-0.120383888260688,-0.5095529136712277
809,0.3490261004093087,-0.1255535719481351,-0.5317258695125389
810,0.3392008458068894,-0.1336363922610962,-0.5663933711834277
811,0.3451082418762568,-0.1319046366959879,-0.5589658104283416
812,0.3549028882088867,-0.1184200769167539,-0.5011300574884697
813,0.3646975345415166,-0.1123054204537479,-0.4749040800523199
814,0.3588207467419387,-0.1174559836564836,-0.4969950274596915
815,0.3588207467419387,-0.1158292683776459,-0.4900179882006674
816,0.374522789143936,-0.1044858782423705,-0.4413657874536562
817,0.3803995769435139,-0.0956826431497216,-0.4036084013598126
818,0.3901942232761438,-0.0871443693026785,-0.3669874434023253
819,0.4039067281418257,-0.0743573650115338,-0.3121435305767383
820,0.4098141242111931,-0.0690372672604144,-0.2893254435062543
821,0.3999888696087737,-0.0768634803220749,-0.3228923476172839
822,0.3941120818091958,-0.0869834862151215,-0.3662974101601219
823,0.3843174354765659,-0.0930964668563756,-0.3925161999376162
824,0.3803995769435139,-0.1000723949907503,-0.4224362019778248
825,0.3705743223410945,-0.1095861505715811,-0.4632410355290549
826,0.3646975345415166,-0.1143172344597885,-0.4835328213474953
827,0.374522789143936,-0.1072105870770488,-0.4530521598362547
828,0.3901942232761438,-0.0905027063554437,-0.3813914695813378
829,0.4039067281418257,-0.0751674922821828,-0.3156181950405544
830,0.4156909120107711,-0.0697721323932897,-0.2924773060041723
831,0.4039067281418257,-0.0731429010781043,-0.3069346518919198
832,0.3999888696087737,-0.0843713453275113,-0.3550938456764956
833,0.3803995769435139,-0.103450825151932,-0.4369264082081846
834,0.3549028882088867,-0.1221957809088193,-0.5173241852044869
835,0.3549028882088867,-0.1337048595500377,-0.5666870298028052
836,0.3490261004093087,-0.1306128727129279,-0.5534253891017266
837,0.374522789143936,-0.1089760383853108,-0.4606242428232912
838,0.3843174354765659,-0.0982319323072742,-0.4145423925543611
839,0.3705743223410945,-0.1169455456700388,-0.4948057409157874
840,0.3490261004093087,-0.1312991226168502,-0.5563687391663971
841,0.3392008458068894,-0.1388839850255621,-0.5889004818065042
842,0.3549028882088867,-0.1479679187838271,-0.6278617943867077
843,0.3490261004093087,-0.1164368775406691,-0.4926240453513599
844,0.3588207467419387,-0.121696774510175,-0.5151839291442295
845,0.2784434302747945,-0.2434442729608532,-1.0373632480630737
846,0.2647003171393232,-0.1675807405592817,-0.7119818793750045
847,0.9215537868213162,0.3994473190015278,1.7200214859285383
848,1.503906727835743,1.0237487340421765,4.397672294812001
849,1.503906727835743,1.04299139262186,4.480204736785726
850,1.041170905158559,0.5129170937789032,2.206697355783296
851,0.4706021480130775,0.0324384981562441,0.1459076967746986
852,0.4156909120107711,-0.1051612334839139,-0.4442624099267682
853,0.3803995769435139,-0.0913640814679419,-0.3850859378480527
854,0.374522789143936,-0.1095679879828889,-0.4631631355449584
855,0.3490261004093087,-0.1399957075536509,-0.5936686989767267
856,0.3352829872738374,-0.1548213926826734,-0.6572565858877212
857,0.3196115531416296,-0.157017411406134,-0.6666753877189082
858,0.3490261004093087,-0.1429662244166681,-0.6064093506706557
859,0.3549028882088867,-0.1339616630614318,-0.5677884691291342
860,0.3451082418762568,-0.131610515422656,-0.5577043139036288
861,0.3803995769435139,-0.1145725826569892,-0.4846280187798716
862,0.3843174354765659,-0.0982968395745901,-0.4148207821153065
863,0.3901942232761438,-0.0944969852427434,-0.3985230727393857
864,0.4039067281418257,-0.0846547040809145,-0.3563091813732838
865,0.4156909120107711,-0.0695525561374713,-0.2915355356912451
866,0.4254855583434009,-0.0598947610720884,-0.2501129117057309
867,0.4392286714788723,-0.0470113512674063,-0.1948555122291687
868,0.46469475194371,-0.0226988488624566,-0.0905783311076812
869,0.4941092992113892,0.0110385138975228,0.0541224088032986
870,0.5392258888810657,0.0509083789081585,0.2251256673636722
871,0.5803940117479008,0.0950705899767117,0.414538949699568
872,0.6254799931477878,0.1421733384799119,0.6165643009027464
873,0.6764733706170423,0.186840452341743,0.8081431291436441
874,0.7058879178847215,0.224257940031439,0.96862805479799
875,0.7411792529519786,0.2538666779026969,1.0956209768079936
876,0.7548917578176605,0.269760126777584,1.1637885401203696
877,0.7509738992846084,0.2666644679686063,1.1505111502023178
878,0.7353024651524006,0.2498359724061435,1.0783331386368846
879,0.7058879178847215,0.221186390047481,0.9554540684815636
880,0.6607713282150449,0.1763510183944349,0.7631535766341235
881,0.605890700482528,0.1210305142724155,0.5258819814695965
882,0.5509794644802216,0.0676068129181177,0.2967458403388417
883,0.5058934830803345,0.020422640517175,0.0943712591637299
884,0.4607768934106581,-0.0215552270585154,-0.0856732968171846
885,0.4294034168764529,-0.0552306112990241,-0.230108208670121
886,0.4098141242111931,-0.0738272212094448,-0.3098697250938599
887,0.4039067281418257,-0.0780755632670071,-0.3280910141583812
888,0.4039067281418257,-0.0801698865272637,-0.3370736405577214
889,0.3999888696087737,-0.083361845851186,-0.3507640667840774
890,0.4039067281418257,-0.075934806748711,-0.3189092338760718
891,0.4254855583434009,-0.0600113487297042,-0.2506129602851505
892,0.4294034168764529,-0.0506948393902285,-0.2106541228264958
893,0.4352802046760309,-0.0461754876442725,-0.1912704636409723
894,0.4451054592784502,-0.0377478112207051,-0.1551238619372039
895,0.4490233178115022,-0.0309033848988632,-0.1257678758133699
896,0.4490233178115022,-0.0319934443602722,-0.1304431793258293
897,0.4451054592784502,-0.0359512159200729,-0.1474182012674122
898,0.4451054592784502,-0.0347809226551764,-0.1423987721392932
899,0.4490233178115022,-0.0301966688070457,-0.1227367455462971
900,0.4490233178115022,-0.0319212559246568,-0.1301335605769994
901,0.4392286714788723,-0.0391751430806562,-0.1612457386737709
902,0.4352802046760309,-0.0427934823158451,-0.1767649233920812
903,0.4352802046760309,-0.0452221872897083,-0.1871817247657905
904,0.4254855583434009,-0.0514046426922874,-0.2136984942472821
905,0.419608770543823,-0.0572659219176881,-0.2388377277663413
906,0.419608770543823,-0.0607114341405837,-0.2536156513275967
907,0.4156909120107711,-0.0586611333661903,-0.244821838924254
908,0.4294034168764529,-0.0478739869660616,-0.198555387194414
909,0.4392286714788723,-0.038636778424165,-0.1589366736561399
910,0.4352802046760309,-0.0390910932396992,-0.1608852459386866
911,0.4294034168764529,-0.045340482621157,-0.1876890976185657
912,0.419608770543823,-0.0590093550215428,-0.2463153738973641
913,0.3901942232761438,-0.0802643449117067,-0.337478775903271
914,0.3803995769435139,-0.0962449824991637,-0.4060202946818911
915,0.3803995769435139,-0.0942800382932635,-0.3975925796141669
916,0.3941120818091958,-0.0769617747051973,-0.3233139356965921
917,0.4039067281418257,-0.070025181561484,-0.2935626428199773
918,0.3901942232761438,-0.084166961046273,-0.3542172342788662
919,0.3843174354765659,-0.087005271423776,-0.3663908476891264
920,0.3803995769435139,-0.0869492686010537,-0.3661506496053973
921,0.3588207467419387,-0.1181342145241214,-0.4999039835946409
922,0.3646975345415166,-0.1146687968614607,-0.4850406848995093
923,0.3588207467419387,-0.0769020880349737,-0.3230579374608787
924,0.374522789143936,-0.1423827352443372,-0.6039067450115531
925,0.2941148644070023,-0.1584223990020759,-0.6727014291183179
926,0.6509766818824151,0.2363621228669046,1.0205433222944564
927,1.503906727835743,0.9008592489106256,3.870594954703226
928,1.503906727835743,1.21873794091873,5.233987886828643
929,1.503906727835743,0.860447463437263,3.697267380146745
930,0.5509794644802216,0.1989487707639919,0.860076134317823
931,0.3588207467419387,-0.1424901628147015,-0.6043675056533716
932,0.3803995769435139,-0.1069895005850928,-0.4521039120672173
933,0.3549028882088867,-0.0798492907180608,-0.3356985938140248
934,0.3392008458068894,-0.138873012991158,-0.5888534223635984
935,0.3294061994742595,-0.1402012275514962,-0.5945501815029778
936,0.3392008458068894,-0.1175636313010502,-0.497456732007533
937,0.3392008458068894,-0.126723127101337,-0.5367421328535422
938,0.3352829872738374,-0.1307951794247329,-0.55420730902465
939,0.3392008458068894,-0.1220674451950462,-0.5167737487974657
940,0.3451082418762568,-0.1156384296392932,-0.489199474114674
941,0.3588207467419387,-0.1079841953041715,-0.4563701928331511
942,0.3588207467419387,-0.0981752102227069,-0.4142991095311866
943,0.374522789143936,-0.0891775881361165,-0.3757079907578649
944,0.3803995769435139,-0.0805267410256169,-0.3386042020992276
945,0.3901942232761438,-0.0686641767811783,-0.2877252452695608
946,0.4098141242111931,-0.0510503547474968,-0.2121789407446131
947,0.4294034168764529,-0.0302306506431033,-0.1228824948408123
948,0.4549001056110801,-0.0033379405261212,-0.0075387117530917
949,0.4941092992113892,0.0354601477539035,0.1588676585726521
950,0.5392258888810657,0.0804661237131112,0.3518998783120798
951,0.5843118702809528,0.12723884188261,0.5525097177629197
952,0.6353052477502072,0.1783194926454862,0.7715964321901222
953,0.6803912291500942,0.2230331677674,0.9633749633192712
954,0.7058879178847215,0.2494882069198209,1.076841560188848
955,0.7215593520169293,0.2661911617629381,1.148481123177031
956,0.7313846066193487,0.2759887517829504,1.190503332658146
957,0.7215593520169293,0.2649608325331925,1.143204197676219
958,0.6862680169496722,0.233059999444156,1.0063803983591004
959,0.6411820355497851,0.1877839845676716,0.8121899721702626
960,0.5843118702809528,0.1262308228576679,0.5481862885787484
961,0.5058934830803345,0.0577060036574228,0.2542809198904804
962,0.4549001056110801,-0.001146028510134,0.0018624762647623
963,0.4039067281418257,-0.0501705609009415,-0.2084054738772889
964,0.3588207467419387,-0.0897464563825201,-0.3781478867495014
965,0.3352829872738374,-0.1190935523160287,-0.5040186172517275
966,0.3098169068089997,-0.1434822773549128,-0.6086227199410549
967,0.2901970058739504,-0.1568987836179908,-0.6661665889476336
968,0.2941148644070023,-0.1591981822180261,-0.6760287907190793
969,0.2901970058739504,-0.1631112096569506,-0.6928119035466183
970,0.2843202180743724,-0.1595986690007915,-0.6777464926687844
971,0.3098169068089997,-0.1454856464504259,-0.6172152407168462
972,0.3039095107396323,-0.1445939449771455,-0.613390701618122
973,0.2999916522065803,-0.147797256036728,-0.627129815839476
974,0.3196115531416296,-0.1297785694593881,-0.5498470329938047
975,0.3392008458068894,-0.1117735789723442,-0.4726229931629274
976,0.3352829872738374,-0.1111001147691028,-0.4697344814198521
977,0.3392008458068894,-0.1074151202106942,-0.4539294096671132
978,0.3549028882088867,-0.0985127963952047,-0.4157470285428674
979,0.3451082418762568,-0.0963765807176234,-0.4065847240866895
980,0.3549028882088867,-0.0959114752081799,-0.4045898701370209
981,0.3490261004093087,-0.0981324244155036,-0.4141155996936201
982,0.3392008458068894,-0.1066773713761951,-0.450765178871127
983,0.3352829872738374,-0.110935357793857,-0.4690278329365913
984,0.3392008458068894,-0.1101521563141933,-0.4656686541408749
985,0.3294061994742595,-0.1129022026081515,-0.4774636997808159
986,0.3352829872738374,-0.1144310676061882,-0.4840210557310663
987,0.3352829872738374,-0.1082991141380328,-0.4577208908291927
988,0.3490261004093087,-0.0976267551537474,-0.4119467663782561
989,0.3588207467419387,-0.0876185672230321,-0.3690212950233776
990,0.3549028882088867,-0.0876397158392305,-0.3691120021848642
991,0.3451082418762568,-0.1047585338063543,-0.4425352167931688
992,0.3137347653420516,-0.1269945129151775,-0.5379061161898641
993,0.3098169068089997,-0.1371714055436203,-0.5815551679490945
994,0.3137347653420516,-0.1329801000048084,-0.5635785105270594
995,0.3196115531416296,-0.1208580962016737,-0.5115868082711249
996,0.3352829872738374,-0.1138756544014877,-0.481638868888299
997,0.3235294116746816,-0.1178982894909689,-0.4988920927985651
998,0.3294061994742595,-0.1193565975590738,-0.5051468275854599
999,0.3098169068089997,-0.1266818408724641,-0.5365650547603744
1000,0.3098169068089997,-0.1432905059873474,-0.6078002057754435
1001,0.3294061994742595,-0.1192645706780257,-0.5047521210438107
1002,0.3137347653420516,-0.0998470433246221,-0.4214696607261889
1003,0.3196115531416296,-0.1761180151540688,-0.7485985515042891
1004,0.274494963471953,-0.1321945248296117,-0.5602091508674032
1005,0.7509738992846084,0.324579393996824,1.3989103125136604
1006,1.503906727835743,0.9663232818147746,4.151372502912299
1007,1.503906727835743,1.2101634988683876,5.197211802170356
1008,1.407857977236391,0.8028211581393587,3.4501061223369227
1009,0.4745200065461294,0.145668983237538,0.6315572446752946
1010,0.3196115531416296,-0.1669790315566692,-0.7094011282206074
1011,0.3451082418762568,-0.1156522216326221,-0.4892586284609617
1012,0.3352829872738374,-0.0770517476780787,-0.3236998329536051
1013,0.3392008458068894,-0.1229301367735539,-0.5204738634333707
1014,0.3137347653420516,-0.1328264666240526,-0.5629195715332634
1015,0.3098169068089997,-0.1275699257913237,-0.5403740823295123
1016,0.3137347653420516,-0.1339491085424871,-0.5677346223541668
1017,0.3196115531416296,-0.1298175330938141,-0.5500141493973949
1018,0.3137347653420516,-0.1256044748461533,-0.5319441938391689
1019,0.3235294116746816,-0.1259245982189326,-0.5333172142863661
1020,0.3235294116746816,-0.121317936889129,-0.5135590812134215
1021,0.3294061994742595,-0.1161734422580798,-0.4914941621242527
1022,0.3352829872738374,-0.1109601139107448,-0.4691340127958907
1023,0.3451082418762568,-0.1014473160969189,-0.4283332871411566
1024,0.3588207467419387,-0.0877591928567199,-0.3696244433307851
1025,0.3803995769435139,-0.0656615787325767,-0.274846996238095
1026,0.4156909120107711,-0.0321103018376589,-0.1309443851717718
1027,0.4549001056110801,0.0080659603791905,0.0413730218228228
1028,0.4999860870109672,0.0528757775419082,0.2335639095590917
1029,0.5548973230132735,0.1066122816966518,0.4640416729438665
1030,0.6196032053482099,0.1718985431686078,0.7440567532043814
1031,0.6901858754827241,0.24230308650503,1.0460243250727983
1032,0.7509738992846084,0.3020329321614089,1.3022077417416102
1033,0.7901830928849176,0.3411515330435299,1.469988801932833
1034,0.8117619230864929,0.363740476495231,1.5668735778568663
1035,0.8215565694191228,0.3710652870500175,1.5982899489148517
1036,0.8058851352869149,0.3562593914095323,1.5347869398188236
1037,0.7666759416866058,0.3177660073015302,1.369687456443886
1038,0.7098057764177734,0.2579052301815104,1.1129424701052322
1039,0.6293978516808398,0.1794739653522582,0.7765480063859307
1040,0.5451026766806437,0.0945731993427602,0.4124056237111197
1041,0.4745200065461294,0.0215056050914184,0.0990161324546645
1042,0.419608770543823,-0.0303129389632544,-0.123235432350973
1043,0.3843174354765659,-0.0693552284831405,-0.2906891904155428
1044,0.3392008458068894,-0.1119764620814519,-0.4734931659802926
1045,0.2999916522065803,-0.1549147364052539,-0.6576569404091915
1046,0.274494963471953,-0.1760262715948179,-0.7482050601398301
1047,0.2843202180743724,-0.1719927025768669,-0.7309049402243554
1048,0.2901970058739504,-0.1629006536102857,-0.6919088212291916
1049,0.2941148644070023,-0.159620882401637,-0.6778417667292126
1050,0.2999916522065803,-0.1563758870053518,-0.6639238669161545
1051,0.3098169068089997,-0.1455304627832644,-0.617407459550546
1052,0.3235294116746816,-0.1298058934134317,-0.549964226397318
1053,0.3392008458068894,-0.12131587840296,-0.5135502522935718
1054,0.3352829872738374,-0.1176734101175439,-0.4979275772270068
1055,0.3549028882088867,-0.1038323923913244,-0.4385629635684443
1056,0.3705743223410945,-0.0870787919932721,-0.366706180007199
1057,0.374522789143936,-0.0839095627647095,-0.3531132439622836
1058,0.3705743223410945,-0.0859842920520415,-0.3620118311200221
1059,0.3803995769435139,-0.0814060206557323,-0.3423754634740876
1060,0.3803995769435139,-0.0775871567799758,-0.3259962214932418
1061,0.374522789143936,-0.083637137500874,-0.3519448023882373
1062,0.3705743223410945,-0.0957182889752531,-0.4037612875639253
1063,0.3490261004093087,-0.1028924742100262,-0.4345316213068325
1064,0.3705743223410945,-0.100813264562994,-0.4256138177281692
1065,0.3588207467419387,-0.0946132406217381,-0.3990216961640691
1066,0.3803995769435139,-0.087239352714026,-0.3673948306068034
1067,0.3843174354765659,-0.077211702494139,-0.3243858848065883
1068,0.3941120818091958,-0.0671504876569112,-0.2812329791776635
1069,0.4039067281418257,-0.0646679634402258,-0.2705853451715038
1070,0.3843174354765659,-0.0740295378535601,-0.3107374683228748
1071,0.3803995769435139,-0.0910658518569617,-0.3838068205181293
1072,0.3490261004093087,-0.1101080841408205,-0.4654796270333948
1073,0.3451082418762568,-0.1258708108222965,-0.5330865182433323
1074,0.3392008458068894,-0.1246093936153895,-0.5276762553109726
1075,0.3646975345415166,-0.1021238751094118,-0.4312350726303679
1076,0.3803995769435139,-0.0891815564600904,-0.3757250110394831
1077,0.3588207467419387,-0.1053370432657686,-0.445016464287773
1078,0.3588207467419387,-0.1171361384343275,-0.4956232000103367
1079,0.3392008458068894,-0.1176985516000122,-0.4980354099328856
1080,0.3451082418762568,-0.1346587621760408,-0.5707783518414505
1081,0.3549028882088867,-0.1209247583202738,-0.51187272445118
1082,0.3549028882088867,-0.0868154205056001,-0.3655765703987443
1083,0.3392008458068894,-0.1649659882787673,-0.7007671145350217
1084,0.274494963471953,-0.200757380144077,-0.8542776577923544
1085,0.5843118702809528,0.1849081790056861,0.7998555405900608
1086,1.468615392768486,0.8585786575251773,3.689252005615171
1087,1.503906727835743,1.1952281969363183,5.133153764921281
1088,1.503906727835743,0.8877079090095733,3.8141883935845695
1089,0.6764733706170423,0.2865653929015381,1.235866919803968
1090,0.4294034168764529,-0.0642161271350028,-0.2686474033071809
1091,0.4156909120107711,-0.0802939619050991,-0.3376058042335026
1092,0.3843174354765659,-0.0661280254451386,-0.2768476026552871
1093,0.3588207467419387,-0.1267581816419103,-0.5368924830155949
1094,0.3294061994742595,-0.1511434484301565,-0.6414817531458493
1095,0.3392008458068894,-0.131686461603743,-0.5580300497554466
1096,0.3588207467419387,-0.1192146480554386,-0.5045380011531113
1097,0.3705743223410945,-0.1130461169693975,-0.4780809535568228
1098,0.3646975345415166,-0.1057424830055702,-0.4467554096450609
1099,0.3843174354765659,-0.100676096919418,-0.425025500862429
1100,0.3803995769435139,-0.0968613605232422,-0.4086639617872176
1101,0.3901942232761438,-0.0887795127383827,-0.3740006313236897
1102,0.4039067281418257,-0.0771133741485979,-0.3239641510612673
1103,0.4156909120107711,-0.0669117146297153,-0.2802088732345927
1104,0.4254855583434009,-0.0509770016160086,-0.2118643265740674
1105,0.4607768934106581,-0.0263069100814259,-0.1060534330515798
1106,0.4706021480130775,-0.0068658704380997,-0.0226701276924234
1107,0.4941092992113892,0.0082811023465882,0.0422957733161696
1108,0.5156881294129645,0.0360789713894781,0.1615218149920231
1109,0.5646919693459035,0.078168715859512,0.3420462149223779
1110,0.60980855901558,0.1288124921445886,0.5592591592912755
1111,0.6705965828174644,0.1852840757282986,0.8014677749036647
1112,0.7156825642173513,0.2316797225628928,1.0004603420873124
1113,0.7411792529519786,0.2561978860088788,1.1056196106742762
1114,0.7607991538870279,0.275347588719114,1.1877533616423093
1115,0.7803884465522877,0.2970266162669324,1.280735476131739
1116,0.7862652343518657,0.2961447745201108,1.2769532257478755
1117,0.7411792529519786,0.2598703317474934,1.1213708600959067
1118,0.6960932715520916,0.206334381442813,0.8917532792542253
1119,0.6353052477502072,0.1490350892146799,0.6459945920452259
1120,0.5745172239483228,0.0888535734423401,0.3878739463037034
1121,0.5196059879460164,0.0300493245997811,0.1356604470458003
1122,0.46469475194371,-0.0216568484227066,-0.0861091544357497
1123,0.4254855583434009,-0.0625845954339426,-0.26164970624321
1124,0.3999888696087737,-0.0898035291857779,-0.3783926740175209
1125,0.3803995769435139,-0.1055935834448094,-0.4461167741723421
1126,0.374522789143936,-0.1172547934810314,-0.4961321156945405
1127,0.3588207467419387,-0.1280711309358916,-0.5425237688886585
1128,0.3549028882088867,-0.1351202603654663,-0.5727577338682124
1129,0.3549028882088867,-0.1356489752495519,-0.5750254106713291
1130,0.3588207467419387,-0.1287549946947371,-0.5454568846928562
1131,0.374522789143936,-0.1184748999090543,-0.5013651952378677
1132,0.3705743223410945,-0.1158072268069199,-0.4899234511256879
1133,0.374522789143936,-0.1204306031188327,-0.5097532753469896
1134,0.3705743223410945,-0.1157591803105185,-0.4897173780064321
1135,0.3901942232761438,-0.1023989921458138,-0.4324150593119798
1136,0.3941120818091958,-0.0981547548418203,-0.4142113756804256
1137,0.3901942232761438,-0.0978496244523351,-0.4129026606678755
1138,0.4039067281418257,-0.0887036226570488,-0.3736751360856937
1139,0.4098141242111931,-0.0831058347291569,-0.3496660260437088
1140,0.3999888696087737,-0.087959534012231,-0.3704837136194357
1141,0.4039067281418257,-0.0898961138500372,-0.3787897729110545
1142,0.4039067281418257,-0.0885823662697516,-0.3731550631598499
1143,0.3901942232761438,-0.0970116084846167,-0.4093083805977713
1144,0.3843174354765659,-0.1139813596784404,-0.482092242552873
1145,0.3646975345415166,-0.1203146120902219,-0.5092557857304352
1146,0.3941120818091958,-0.1030977601497616,-0.4354120999495873
1147,0.4098141242111931,-0.0783311326853243,-0.3291871604159359
1148,0.4254855583434009,-0.0681189339098927,-0.2853866793458542
1149,0.4254855583434009,-0.0676803458131471,-0.2835055595153938
1150,0.4156909120107711,-0.0702042017735907,-0.294330466829671
1151,0.4156909120107711,-0.0864645273740859,-0.3640715773700653
1152,0.3705743223410945,-0.1095429929669884,-0.4630559310393597
1153,0.3843174354765659,-0.1165270711424824,-0.4930108888936507
1154,0.3803995769435139,-0.1064136830826118,-0.4496342104709345
1155,0.3999888696087737,-0.0943265766946255,-0.3977921844605583
1156,0.3901942232761438,-0.0973088812040838,-0.4105833937862138
1157,0.3803995769435139,-0.1171447814389901,-0.4956602701624594
1158,0.3588207467419387,-0.1297814442409896,-0.5498593630335823
1159,0.3451082418762568,-0.1373146637334538,-0.5821696073827483
1160,0.3705743223410945,-0.1422047310354565,-0.6031432786755636
1161,0.3646975345415166,-0.1056960074163472,-0.4465560742021512
1162,0.3843174354765659,-0.1042402198562602,-0.4403121499631269
1163,0.3039095107396323,-0.2195010306682961,-0.934669836599664
1164,0.2901970058739504,-0.1567125783820024,-0.6653679481168575
1165,0.8960877063564784,0.3817899166679384,1.644288263958766
1166,1.503906727835743,1.0029575511786637,4.308498177517225
1167,1.503906727835743,1.0544769273560304,4.529466600735543
1168,1.0921642826278133,0.5465435537896853,2.350922429887758
1169,0.4901914406783372,0.0541447085690637,0.2390063995317582
1170,0.4254855583434009,-0.0968088521261098,-0.4084387514182077
1171,0.4039067281418257,-0.0794286718896408,-0.3338945448097836
1172,0.3803995769435139,-0.0961582200377454,-0.4056481674218843
1173,0.374522789143936,-0.1271971373633852,-0.5387751796014977
1174,0.3549028882088867,-0.1289466141976211,-0.5462787475054879
1175,0.3705743223410945,-0.1139473277748205,-0.4819462785168155
1176,0.3999888696087737,-0.0912928219018446,-0.3847803030533779
1177,0.4156909120107711,-0.0728111195077537,-0.3055116290237687
1178,0.4254855583434009,-0.0560096377732911,-0.2334494807203002
1179,0.4607768934106581,-0.0307111222963554,-0.1249432547237485
1180,0.4706021480130775,-0.0147361965696899,-0.0564262343177095
1181,0.4706021480130775,-0.0129560857346257,-0.0487912761026917
1182,0.4843146528787593,-0.0035474853064363,-0.0084374567134431
1183,0.4999860870109672,0.0150214405882312,0.0712053219893988
1184,0.5156881294129645,0.0323264873157501,0.1454272783254902
1185,0.5353080303480138,0.049909050962809,0.2208395145266957
1186,0.5548973230132735,0.0704980425063424,0.3091464261120993
1187,0.5803940117479008,0.097804894773605,0.426266479502874
1188,0.615685346815158,0.1329489199127717,0.5770004440177282
1189,0.654894540415467,0.1695862187201388,0.7341391120126808
1190,0.6901858754827241,0.2114074880687673,0.9135120126693244
1191,0.7450971114850305,0.261003158155895,1.1262295925538228
1192,0.7803884465522877,0.2994018650778934,1.2909230021355929
1193,0.800008347487337,0.3192354934283774,1.3759901343193468
1194,0.8156797816195448,0.3361032097597306,1.4483363651471657
1195,0.8255050362219641,0.3435883698521496,1.4804404810328915
1196,0.796090488954285,0.3187918132189593,1.3740871742378664
1197,0.7509738992846084,0.2698879770200084,1.1643368943236376
1198,0.6960932715520916,0.2197566229573303,0.9493217469566994
1199,0.6450998940828371,0.1651734855565594,0.7152127436909369
1200,0.5745172239483228,0.0979469080375544,0.4268755794054611
1201,0.5098113416133866,0.0331062394727283,0.1487716628544366
1202,0.4607768934106581,-0.0163871266564163,-0.0635071317426259
1203,0.419608770543823,-0.055797500281515,-0.2325396155289618
1204,0.3901942232761438,-0.0858986266605912,-0.3616444092318381
1205,0.3705743223410945,-0.1026416253962184,-0.4334557218886706
1206,0.3646975345415166,-0.1120038131392243,-0.4736104756326555
1207,0.3549028882088867,-0.1173495184494344,-0.4965383944281058
1208,0.3549028882088867,-0.1173461420451339,-0.4965239129108634
1209,0.3588207467419387,-0.1171331110774814,-0.4956102155699486
1210,0.3549028882088867,-0.1139585031061832,-0.481994209907554
1211,0.3705743223410945,-0.1016966539639029,-0.4294027060550502
1212,0.3803995769435139,-0.0926844201342999,-0.3907489170001076
1213,0.374522789143936,-0.0931689781559203,-0.3928272034612369
1214,0.3803995769435139,-0.0905883459957638,-0.3817587810220153
1215,0.3843174354765659,-0.0854258677516196,-0.3596167295814048
1216,0.3843174354765659,-0.0843783195146663,-0.3551237582114139
1217,0.3843174354765659,-0.0817460543675444,-0.3438338800682932
1218,0.3901942232761438,-0.0809831500750751,-0.3405617566250073
1219,0.374522789143936,-0.0893476167485805,-0.3764372494792598
1220,0.3705743223410945,-0.0971430573611527,-0.4098721694697869
1221,0.3646975345415166,-0.1009435120226135,-0.426172453680616
1222,0.3549028882088867,-0.11113383349969,-0.4698791022457163
1223,0.3392008458068894,-0.1229236341518337,-0.52044597345925
1224,0.3490261004093087,-0.1190960686117599,-0.5040294097329516
1225,0.3588207467419387,-0.1007556473443909,-0.4253666954435142
1226,0.374522789143936,-0.0898697725676017,-0.3786767942207598
1227,0.3705743223410945,-0.0944307919912122,-0.3982391675467415
1228,0.3588207467419387,-0.0970219687039496,-0.409352815944238
1229,0.3705743223410945,-0.0965299599573394,-0.4072425730605938
1230,0.3451082418762568,-0.1128698263370239,-0.4773248368109669
1231,0.3196115531416296,-0.1392169584778396,-0.5903286166983169
1232,0.3137347653420516,-0.148987063873634,-0.6322329436558687
1233,0.3196115531416296,-0.1360836091659545,-0.5768895708827035
1234,0.3451082418762568,-0.1163740201426368,-0.4923544477521384
1235,0.3392008458068894,-0.1139515174943497,-0.4819642483717863
1236,0.3352829872738374,-0.1284235846759952,-0.5440354554226718
1237,0.3196115531416296,-0.1331992655316229,-0.5645185192087889
1238,0.3098169068089997,-0.1400556058094278,-0.5939256047103478
1239,0.3196115531416296,-0.1539550331121818,-0.6535407391047058
1240,0.3098169068089997,-0.12898875949545,-0.5464595101757356
1241,0.3098169068089997,-0.1363456605864216,-0.578013518676314
1242,0.2549056708066933,-0.2420398308644199,-1.031339546330314
1243,0.2490288830071153,-0.1454496154263461,-0.6170607023825613
1244,0.9156769990217384,0.4219108440562261,1.8163683379201687
1245,1.503906727835743,1.0515181531854234,4.516776313863915
1246,1.503906727835743,1.0930155204131595,4.694759986889303
1247,1.0509655514911889,0.5343987230964453,2.298832822294302
1248,0.3646975345415166,-0.0241852328892651,-0.096953484672624
1249,0.3039095107396323,-0.1799322750448867,-0.7649580468311983
1250,0.3294061994742595,-0.1217534796936636,-0.5154271396780808
1251,0.3039095107396323,-0.1262234833660798,-0.5345991432340522
1252,0.2999916522065803,-0.1646028182272284,-0.6992094653629434
1253,0.2843202180743724,-0.1618847127510473,-0.6875514150180583
1254,0.2901970058739504,-0.1511620525767957,-0.641561546987569
1255,0.3098169068089997,-0.1446690840726205,-0.6137129758512572
1256,0.3137347653420516,-0.131664061982305,-0.5579339769883228
1257,0.3235294116746816,-0.120371481323572,-0.5094996998799339
1258,0.3352829872738374,-0.1147353186499341,-0.4853259991986969
1259,0.3352829872738374,-0.1095427924696939,-0.4630550710993854
1260,0.3451082418762568,-0.0982668849048842,-0.4146923054794453
1261,0.3646975345415166,-0.0832771023197867,-0.3504005987861965
1262,0.374522789143936,-0.0698656651771499,-0.2928784714161457
1263,0.3901942232761438,-0.0507252798125241,-0.2107846828723629
1264,0.4254855583434009,-0.023622882360482,-0.0945415434019574
1265,0.4451054592784502,0.0047940837324126,0.0273398273774101
1266,0.4803967943457073,0.0380801961926014,0.1701051388220545
1267,0.5254827757455944,0.077658309767311,0.3398570651740115
1268,0.5548973230132735,0.1191920126253669,0.517996583000601
1269,0.6196032053482099,0.1706701939097938,0.7387883198687936
1270,0.6705965828174644,0.2334586223291991,1.008090105985673
1271,0.7254772105499813,0.2823753020627893,1.2178954722733863
1272,0.7450971114850305,0.3010428486392442,1.29796123856203
1273,0.7411792529519786,0.3060263032869362,1.3193354514773694
1274,0.7548917578176605,0.3075430756322517,1.3258409416131909
1275,0.7254772105499813,0.2898923492623956,1.2501363530875529
1276,0.6901858754827241,0.246724572672372,1.0649882353366884
1277,0.6254799931477878,0.1883327332713721,0.8145435747329633
1278,0.5646919693459035,0.1207987052111966,0.5248877442224507
1279,0.4843146528787593,0.0500066020536093,0.2212579145989939
1280,0.4294034168764529,-0.0153057320961827,-0.0588689922972057
1281,0.3646975345415166,-0.0706055270374751,-0.2960517650544964
1282,0.3294061994742595,-0.1114226954204745,-0.4711180412216818
1283,0.3039095107396323,-0.1350032445004725,-0.5722558486922313
1284,0.2901970058739504,-0.1473260394226324,-0.6251087511462136
1285,0.2843202180743724,-0.1554349508308242,-0.6598881584456435
1286,0.2784434302747945,-0.1598707397655589,-0.6789134137838126
1287,0.274494963471953,-0.1618152770704763,-0.6872536029327947
1288,0.2784434302747945,-0.1635602227519213,-0.6947377365625009
1289,0.274494963471953,-0.1593653416163198,-0.6767457432796057
1290,0.2941148644070023,-0.1463174200254362,-0.6207827469442496
1291,0.3039095107396323,-0.1341354761299431,-0.5685339595161188
1292,0.3098169068089997,-0.1260495437234324,-0.5338531099661293
1293,0.3235294116746816,-0.1161815624276592,-0.4915289898182459
1294,0.3294061994742595,-0.1072249604553036,-0.4531138077630143
1295,0.3352829872738374,-0.1029661871469377,-0.434847778695541
1296,0.3352829872738374,-0.1012582493887529,-0.4275223733551921
1297,0.3352829872738374,-0.1041935451691384,-0.4401119605823005
1298,0.3235294116746816,-0.1121030295057916,-0.4740360181315078
1299,0.3196115531416296,-0.1193396971721285,-0.5050743412292156
1300,0.3098169068089997,-0.1271870743185269,-0.5387320188468439
1301,0.2999916522065803,-0.1380664510500808,-0.5853940497241829
1302,0.2941148644070023,-0.1432733418116574,-0.6077265880199604
1303,0.2999916522065803,-0.1376178310990593,-0.5834699029165775
1304,0.3098169068089997,-0.128969958820547,-0.5463788734173545
1305,0.3137347653420516,-0.1226346564092493,-0.519206537719496
1306,0.3235294116746816,-0.1157257403485377,-0.4895739528289622
1307,0.3294061994742595,-0.1084527437496074,-0.4583798136568375
1308,0.3294061994742595,-0.1074829343624933,-0.4542202669582292
1309,0.3235294116746816,-0.1172890007994198,-0.4962788320907326
1310,0.3039095107396323,-0.1316112800736872,-0.5577075935188962
1311,0.3039095107396323,-0.1367679739758052,-0.5798248357123512
1312,0.3137347653420516,-0.1243088279226387,-0.5263871184438643
1313,0.3352829872738374,-0.1028895480363319,-0.4345190708445546
1314,0.3451082418762568,-0.0951582259090906,-0.401359157301193
1315,0.3352829872738374,-0.1016483890167727,-0.4291956959929066
1316,0.3490261004093087,-0.0967602442816981,-0.4082302706575184
1317,0.3294061994742595,-0.0961832042289068,-0.4057553254997949
1318,0.3392008458068894,-0.1183294447532624,-0.5007413329396586
1319,0.3294061994742595,-0.1034878755891778,-0.437085318841527
1320,0.3392008458068894,-0.0835934962051116,-0.3517576233300394
1321,0.2999916522065803,-0.1741228890705942,-0.7400413852981346
1322,0.2549056708066933,-0.1717874352077687,-0.7300245412317191
1323,0.6607713282150449,0.2659536088710719,1.147462250437464
1324,1.503906727835743,0.9428216987576358,4.050573383501537
1325,1.503906727835743,1.233080184471032,5.295502275750098
1326,1.45686181716933,0.8435114474865721,3.6246282098403992
1327,0.5058934830803345,0.1837162692873168,0.7947433977298691
1328,0.3490261004093087,-0.135804595565647,-0.5756928717009402
1329,0.3646975345415166,-0.0936721787946145,-0.3949854487651378
1330,0.3451082418762568,-0.0672107437031883,-0.2814914194873711
1331,0.3352829872738374,-0.1214367155263093,-0.5140685269815418
1332,0.3196115531416296,-0.130389504811833,-0.5524673562883516
1333,0.3098169068089997,-0.1208766882070684,-0.5116665500386182
1334,0.3294061994742595,-0.1229684483290762,-0.5206381830475224
1335,0.3352829872738374,-0.1075806121982105,-0.4546392106439504
1336,0.3549028882088867,-0.0889140714506225,-0.3745777583908257
1337,0.3588207467419387,-0.0859042832695723,-0.3616686706274539
1338,0.3646975345415166,-0.0834334869961226,-0.3510713381838648
1339,0.374522789143936,-0.0686703676252826,-0.2877517980184801
1340,0.3941120818091958,-0.0513068348922095,-0.2132789931398296
1341,0.4098141242111931,-0.043041514525893,-0.1778287422972821
1342,0.4039067281418257,-0.0326304276128669,-0.1331752229836902
1343,0.4490233178115022,-0.0087718250722865,-0.0308448344045541
1344,0.4607768934106581,0.0197617290372663,0.0915365864941786
1345,0.4999860870109672,0.0498901693244042,0.2207585305129971
1346,0.5353080303480138,0.0862272461956858,0.3766095360253146
1347,0.5745172239483228,0.1257866558346016,0.5462812405363451
1348,0.615685346815158,0.1683866233147973,0.7289940049697369
1349,0.6705965828174644,0.2174663073630354,0.9394985025175324
1350,0.7156825642173513,0.2680789466307177,1.1565778991195923
1351,0.7548917578176605,0.3054940916525341,1.3170527769886995
1352,0.7764705880192357,0.3201055926508649,1.379722020601794
1353,0.7666759416866058,0.3232937275139669,1.3933960435806765
1354,0.7803884465522877,0.3214196669642943,1.385358131722987
1355,0.7411792529519786,0.293796464106385,1.2668812394807727
1356,0.6901858754827241,0.2347525937063717,1.0136399949035648
1357,0.6196032053482099,0.1688299515038636,0.7308954552235007
1358,0.5607741108128516,0.1056903014368999,0.4600872670610311
1359,0.4941092992113892,0.0406838001660416,0.1812720881794261
1360,0.4392286714788723,-0.0143114878338119,-0.0546046435559946
1361,0.4039067281418257,-0.0512647551814997,-0.2130985117750511
1362,0.374522789143936,-0.0816873505490853,-0.3435820973184955
1363,0.3451082418762568,-0.107758097091591,-0.455400449617426
1364,0.3392008458068894,-0.1199876123816804,-0.5078532724363979
1365,0.3294061994742595,-0.1245149955301008,-0.5272713785906246
1366,0.3235294116746816,-0.1339218550748522,-0.5676177312693489
1367,0.3196115531416296,-0.1398150132233158,-0.5928936946148498
1368,0.3235294116746816,-0.1294181919493043,-0.5483013611306127
1369,0.3490261004093087,-0.1143137480073498,-0.4835178678299031
1370,0.3490261004093087,-0.1068634180292101,-0.4515631395339316
1371,0.3588207467419387,-0.0987395301622906,-0.4167194976743033
1372,0.374522789143936,-0.0889789050547873,-0.3748558320079156
1373,0.3705743223410945,-0.0853655099876269,-0.359357853000824
1374,0.3803995769435139,-0.0817867866712581,-0.3440085823568978
1375,0.3843174354765659,-0.0755805917041902,-0.3173899930452336
1376,0.3901942232761438,-0.0724236032777089,-0.3038495582325831
1377,0.3901942232761438,-0.0681161874761357,-0.2853748997945129
1378,0.3999888696087737,-0.0659472910044354,-0.2760724262586254
1379,0.3803995769435139,-0.07803051041462,-0.3278977808839877
1380,0.374522789143936,-0.0923063639411364,-0.3891274206410745
1381,0.3646975345415166,-0.0933499609475592,-0.3936034450438294
1382,0.374522789143936,-0.0942724971510674,-0.3975602353890622
1383,0.3646975345415166,-0.0961872777778156,-0.4057727970948736
1384,0.3843174354765659,-0.0798444712458595,-0.3356779229276111
1385,0.4039067281418257,-0.0618860885210528,-0.2586537854343675
1386,0.3999888696087737,-0.0666184542190162,-0.2789510689801032
1387,0.3901942232761438,-0.07092764616771,-0.2974333453758772
1388,0.4039067281418257,-0.0656833484651764,-0.2749403673897541
1389,0.3843174354765659,-0.0823193357867404,-0.3462927043138351
1390,0.3490261004093087,-0.1135946631161306,-0.4804336873455395
1391,0.3490261004093087,-0.1222335131188833,-0.5174860199855152
1392,0.3549028882088867,-0.1100929793811716,-0.4654148421860158
1393,0.3705743223410945,-0.0989839767884972,-0.4177679378838266
1394,0.3646975345415166,-0.0988615936244743,-0.4172430321728276
1395,0.3705743223410945,-0.1055640834051464,-0.4459902474607847
1396,0.3549028882088867,-0.108313231376789,-0.4577814401646004
1397,0.3392008458068894,-0.1243259443049431,-0.5264605312118292
1398,0.3451082418762568,-0.1434439058158075,-0.6084581430551979
1399,0.3392008458068894,-0.1117591842308016,-0.4725612536082722
1400,0.3451082418762568,-0.1183677376008109,-0.5009055723146503
1401,0.2784434302747945,-0.2365042555416112,-1.0075972683478287
1402,0.2686181756723751,-0.1368026240303904,-0.5799734510197214
1403,0.9705882350240448,0.4471326131877239,1.9245453961317536
1404,1.503906727835743,1.0516097730985663,4.517169274905852
1405,1.503906727835743,1.045846065547248,4.492448529741514
1406,1.027458400292877,0.5213734005114485,2.2429667538930094
1407,0.4901914406783372,0.0576195784562995,0.2539102391517852
1408,0.4254855583434009,-0.0753219772849712,-0.3162807866713131
1409,0.3999888696087737,-0.0642145717644182,-0.2686407322678342
1410,0.374522789143936,-0.0918775672764306,-0.3872882966083006
1411,0.3490261004093087,-0.13261914127831,-0.5620303458061465
1412,0.3352829872738374,-0.137337266341979,-0.5822665507686549
1413,0.3451082418762568,-0.1204326410523463,-0.5097620161157748
1414,0.374522789143936,-0.1105817398694454,-0.4675111531749816
1415,0.3490261004093087,-0.1171993229150243,-0.4958942004786532
1416,0.3588207467419387,-0.11732506350653,-0.4964335063146536
1417,0.374522789143936,-0.101547210717696,-0.4287617386962592
1418,0.3803995769435139,-0.0928053257595422,-0.391267485495115
1419,0.3843174354765659,-0.0907914618602297,-0.3826299521353288
1420,0.3941120818091958,-0.0800987478492318,-0.3367685242562268
1421,0.4098141242111931,-0.0680062801090268,-0.2849035032169122
1422,0.4156909120107711,-0.0564050035739508,-0.2351452185969673
1423,0.4392286714788723,-0.0374377624534552,-0.1537940518287871
1424,0.4607768934106581,-0.0168593619481947,-0.0655325655804323
1425,0.4803967943457073,0.0079906235452531,0.0410498994824417
1426,0.5254827757455944,0.0478898372474858,0.2121790356171745
1427,0.5705993654152709,0.0933541592858367,0.407177117871084
1428,0.60980855901558,0.1363888695206959,0.5917545093269937
1429,0.6607713282150449,0.1827599841167071,0.7906418568732949
1430,0.7000111300851435,0.223583722445817,0.9657363117712876
1431,0.7215593520169293,0.2464121749062425,1.06364835028915
1432,0.7353024651524006,0.2574492423020035,1.1109867219922422
1433,0.7353024651524006,0.2601831838640251,1.1227126938683605
1434,0.7254772105499813,0.2468721715362292,1.0656212920744692
1435,0.6901858754827241,0.2162349584998346,0.9342172037728343
1436,0.6509766818824151,0.1715331434502746,0.742489540912708
1437,0.5901886580805307,0.1155181634002488,0.5022393139758098
1438,0.5353080303480138,0.0572833100450616,0.2524679720646691
1439,0.4803967943457073,0.0046710085322549,0.0268119534989978
1440,0.4352802046760309,-0.0426704554684979,-0.1762372569005802
1441,0.3941120818091958,-0.0815893211580477,-0.343161645799594
1442,0.3705743223410945,-0.106732702573973,-0.4510024963317592
1443,0.3549028882088867,-0.1214879624079339,-0.5142883266660033
1444,0.3490261004093087,-0.1289364994552202,-0.5462353650182487
1445,0.3451082418762568,-0.1285398709023501,-0.5445342111527721
1446,0.3549028882088867,-0.1260860087572621,-0.5340095097835535
1447,0.3490261004093087,-0.1234220489157826,-0.5225836919774122
1448,0.3646975345415166,-0.1144562978057491,-0.4841292689476872
1449,0.3705743223410945,-0.1045476281720904,-0.4416306350821886
1450,0.374522789143936,-0.1029655890819317,-0.4348452135736167
1451,0.3705743223410945,-0.1041885786333852,-0.4400906589351209
1452,0.374522789143936,-0.1029974122472348,-0.434981704253058
1453,0.374522789143936,-0.1012380006627567,-0.4274355258545517
1454,0.3803995769435139,-0.0950604324238641,-0.4009397175906435
1455,0.3901942232761438,-0.0858141781496719,-0.3612822065872112
1456,0.3941120818091958,-0.0825073027199816,-0.3470989011263217
1457,0.3941120818091958,-0.0804578494718989,-0.3383087237932459
1458,0.3999888696087737,-0.0749170508549022,-0.3145440429175897
1459,0.3999888696087737,-0.0775799745014695,-0.3259654164471716
1460,0.3843174354765659,-0.0890809102201309,-0.3752933357631727
1461,0.374522789143936,-0.0988191220785054,-0.4170608702127898
1462,0.374522789143936,-0.1054943984683712,-0.4456913663068617
1463,0.3705743223410945,-0.0986216569401622,-0.4162139352633046
1464,0.4039067281418257,-0.0718265305508649,-0.3012886922286321
1465,0.4254855583434009,-0.0526899996023772,-0.2192114354117383
1466,0.4098141242111931,-0.0582764606243938,-0.2431719639545492
1467,0.4039067281418257,-0.0730829149520577,-0.3066773692796098
1468,0.3843174354765659,-0.0912098002458145,-0.3844242202397431
1469,0.3549028882088867,-0.112910938101247,-0.4775011666190924
1470,0.3549028882088867,-0.1239120609234634,-0.5246853707772972
1471,0.3549028882088867,-0.11512569949706,-0.4870003564336733
1472,0.374522789143936,-0.0979104290314073,-0.4131634536541062
1473,0.3803995769435139,-0.0932205903765204,-0.3930485700974621
1474,0.374522789143936,-0.0975212803090288,-0.4114943810456693
1475,0.3803995769435139,-0.0923280458029821,-0.3892204149119676
1476,0.3646975345415166,-0.0999684618200179,-0.4219904289393906
1477,0.3705743223410945,-0.1154164485379007,-0.488247389334181
1478,0.3843174354765659,-0.0756729107408429,-0.3177859526525851
1479,0.3999888696087737,-0.0591950736255332,-0.247111927546321
1480,0.3490261004093087,-0.162114794185037,-0.6885382424110276
1481,0.3196115531416296,-0.1016426499783901,-0.4291710810546778
1482,0.9058823526891084,0.4118202795558082,1.7730895505496875
1483,1.503906727835743,1.0151009625838925,4.360581697734296
1484,1.503906727835743,1.0918882044864846,4.689924889082049
1485,1.1568701649627495,0.6129527836229225,2.63575396109407
1486,0.5098113416133866,0.1072887676665727,0.4669431451509079
1487,0.4451054592784502,-0.0593589369761102,-0.2478147432418297
1488,0.4352802046760309,-0.0293887518528735,-0.1192715612078811
1489,0.4156909120107711,-0.0391985825993396,-0.1613462715968917
1490,0.3941120818091958,-0.0826909317705022,-0.3478864926066789
1491,0.3646975345415166,-0.1033222069003595,-0.4363747599865674
1492,0.3549028882088867,-0.1064303003516531,-0.4497054825244937
1493,0.3803995769435139,-0.0871220769630846,-0.3668918307708184
1494,0.4039067281418257,-0.0670017027709666,-0.2805948355492798
1495,0.3901942232761438,-0.0694789621257797,-0.2912198883770032
1496,0.4039067281418257,-0.0634078327962727,-0.2651806003530731
1497,0.4254855583434009,-0.04138025386204,-0.1707035366623684
1498,0.4294034168764529,-0.0333810544326866,-0.1363946879133492
1499,0.4294034168764529,-0.0334543796042771,-0.1367091821629066
1500,0.4451054592784502,-0.0231273117237253,-0.0924160234457291
1501,0.4490233178115022,-0.0095605643717901,-0.0342277651050659
1502,0.4706021480130775,0.0038244000087803,0.0231808196539115
1503,0.4843146528787593,0.0230932125875341,0.1058254370529679
1504,0.5098113416133866,0.0477815953300374,0.2117147822119633
1505,0.5451026766806437,0.0806585368326666,0.3527251449746322
1506,0.5843118702809528,0.1264128590332502,0.5489670481622618
1507,0.6411820355497851,0.1758249698276309,0.7608973357599571
1508,0.6764733706170423,0.218008758561079,0.9418250948561492
1509,0.7156825642173513,0.2546818902232313,1.099117451230286
1510,0.7450971114850305,0.2837298738221568,1.2237052783698934
1511,0.7548917578176605,0.2962513420128256,1.277410297486292
1512,0.7548917578176605,0.2945196903567235,1.2699831824006018
1513,0.7411792529519786,0.2825238517532779,1.218532607140156
1514,0.7098057764177734,0.2504320089098356,1.080889560243155
1515,0.6509766818824151,0.1929867403737601,0.8345047754959749
1516,0.5843118702809528,0.1260013269163163,0.5472019723843736
1517,0.5254827757455944,0.0671601391699405,0.2948300408639426
1518,0.4706021480130775,0.0150859509242824,0.0714820090981371
1519,0.4254855583434009,-0.0350945164271379,-0.1437437868980678
1520,0.3803995769435139,-0.072000641292719,-0.3020354593470929
1521,0.3705743223410945,-0.0896360862388074,-0.3776745053067096
1522,0.3490261004093087,-0.1042740818723855,-0.4404573853457225
1523,0.3352829872738374,-0.1225698879305412,-0.5189287434277889
1524,0.3235294116746816,-0.1299984843421499,-0.5507902556896468
1525,0.3294061994742595,-0.1264485931309628,-0.5355646469627074
1526,0.3294061994742595,-0.1265184461028875,-0.5358642488253189
1527,0.3235294116746816,-0.1279323196370093,-0.5419284023272833
1528,0.3352829872738374,-0.1219107058733068,-0.5161014883131417
1529,0.3392008458068894,-0.1127764142114565,-0.4769241889066709
1530,0.3490261004093087,-0.1047300388882152,-0.4424130010833113
1531,0.3549028882088867,-0.0985922125837706,-0.416087647379264
1532,0.3549028882088867,-0.0977852093389574,-0.4126263819725455
1533,0.3549028882088867,-0.0976839690895682,-0.4121921589688208
1534,0.3588207467419387,-0.0934771324234764,-0.3941488879935854
1535,0.3549028882088867,-0.0964100837126551,-0.40672841961514
1536,0.3451082418762568,-0.1089349855810629,-0.4604481658965809
1537,0.3352829872738374,-0.112650139516766,-0.4763825922832554
1538,0.3451082418762568,-0.1086508249999064,-0.4592293911322517
1539,0.3352829872738374,-0.1158990581864349,-0.4903173191543599
1540,0.3235294116746816,-0.1248217223225548,-0.5285869406318658
1541,0.3352829872738374,-0.1167504046265242,-0.4939687740910699
1542,0.3490261004093087,-0.1026091333155976,-0.4333163622078168
1543,0.3490261004093087,-0.0966651411925099,-0.4078223701505565
1544,0.3588207467419387,-0.0958766543797777,-0.4044405223747208
1545,0.3490261004093087,-0.0973027271691627,-0.4105569989131807
1546,0.3451082418762568,-0.1046691385900238,-0.4421517975543992
1547,0.3294061994742595,-0.120982084171777,-0.5121185970520574
1548,0.3098169068089997,-0.1385783965561655,-0.5875898020730426
1549,0.3039095107396323,-0.1423799957825177,-0.6038949953630977
1550,0.3235294116746816,-0.130984488359546,-0.5550192617292552
1551,0.3196115531416296,-0.121255233128457,-0.5132901425702623
1552,0.3294061994742595,-0.1239453129858093,-0.5248279900465995
1553,0.3235294116746816,-0.1259216042598528,-0.5333043730901769
1554,0.3137347653420516,-0.1262349506862783,-0.5346483269752155
1555,0.3098169068089997,-0.1452252771295343,-0.6160985075076986
1556,0.3039095107396323,-0.1483212999551445,-0.6293774587059383
1557,0.3098169068089997,-0.1189927958746653,-0.5035864693177053
1558,0.3039095107396323,-0.1600139880656596,-0.6795278108000534
1559,0.2490288830071153,-0.210902116826584,-0.8977887915642615
1560,0.4490233178115022,0.0584199196516167,0.2573429307930244
1561,1.227452835097264,0.6886877133180459,2.960583748234109
1562,1.503906727835743,1.1574712712842128,4.971212977862948
1563,1.503906727835743,0.9776619939395836,4.200004639507272
1564,0.7509738992846084,0.3396716851235084,1.4636416819606446
1565,0.3196115531416296,-0.1200691078855827,-0.5082028095296786
1566,0.3098169068089997,-0.1624349362375679,-0.689911342976339
1567,0.3294061994742595,-0.100654843207387,-0.4249343429412061
1568,0.3137347653420516,-0.13359768892596,-0.5662273712126809
1569,0.2901970058739504,-0.1628618097306104,-0.691742218457955
1570,0.2941148644070023,-0.1499743868021734,-0.6364676065519325
1571,0.2999916522065803,-0.1439179254919069,-0.6104912301803515
1572,0.3098169068089997,-0.1415238729380381,-0.6002230542593359
1573,0.3137347653420516,-0.1308023100224657,-0.5542378924100582
1574,0.3235294116746816,-0.1226270463027991,-0.5191738977042707
1575,0.3294061994742595,-0.1192525638902997,-0.504700623507377
1576,0.3352829872738374,-0.1115719703136635,-0.4717582865084356
1577,0.3490261004093087,-0.0951095661096008,-0.4011504537033395
1578,0.3705743223410945,-0.0814210992408977,-0.3424401360581828
1579,0.3646975345415166,-0.0778198506543597,-0.326994253735289
1580,0.3843174354765659,-0.065633916674714,-0.2747283526953655
1581,0.4156909120107711,-0.031208166733208,-0.1270750958606178
1582,0.4549001056110801,0.0087257657343971,0.0442029502844771
1583,0.4901914406783372,0.0404090753623358,0.1800937837976952
1584,0.5254827757455944,0.0798214921462091,0.3491350307641452
1585,0.5901886580805307,0.1415299307891665,0.6138047026028546
1586,0.654894540415467,0.2062464140330582,0.8913759839282649
1587,0.6960932715520916,0.250103297518424,1.07947970548086
1588,0.7353024651524006,0.2832824853189061,1.2217864132852507
1589,0.7607991538870279,0.3175367263985718,1.3687040625567712
1590,0.7803884465522877,0.326745294614771,1.408199936727037
1591,0.7411792529519786,0.2954133289100226,1.2738160297039112
1592,0.7058879178847215,0.255502165898742,1.102635642560824
1593,0.6647197950178864,0.2179334527224725,0.9415021054558366
1594,0.605890700482528,0.1515762211397318,0.6568935965816033
1595,0.5098113416133866,0.0657556693491581,0.2888062202204709
1596,0.4549001056110801,0.0021382238224045,0.0159487504633023
1597,0.4039067281418257,-0.0468066129550367,-0.1939773823795188
1598,0.3451082418762568,-0.1024530925346841,-0.4326470977897558
1599,0.3137347653420516,-0.1403790848009973,-0.595313017525
1600,0.2999916522065803,-0.1459028362157968,-0.6190045823486133
1601,0.3098169068089997,-0.1480640928372286,-0.6282742882969888
1602,0.2843202180743724,-0.1588788564551645,-0.6746591912489772
1603,0.2999916522065803,-0.1598464449498742,-0.6788092124616588
1604,0.2901970058739504,-0.153468444093932,-0.6514537416273326
1605,0.3039095107396323,-0.1566577409634375,-0.6651327484927019
1606,0.2843202180743724,-0.1599219771156271,-0.6791331725870924
1607,0.3098169068089997,-0.1498075213560131,-0.6357519147624837
1608,0.3098169068089997,-0.1377928539224045,-0.584220581984753
1609,0.3294061994742595,-0.1288679591545564,-0.5459413932490166
1610,0.3352829872738374,-0.1134709668330492,-0.4799031496205413
1611,0.3549028882088867,-0.1023659757831539,-0.4322734509669516
1612,0.3490261004093087,-0.1057527145918554,-0.4467992932798448
1613,0.3451082418762568,-0.1053140558578649,-0.4449178704837472
1614,0.3588207467419387,-0.1010550496901087,-0.4266508426741282
1615,0.3392008458068894,-0.113164506878299,-0.4785887320556319
1616,0.3352829872738374,-0.1219421145147943,-0.516236201085304
1617,0.3490261004093087,-0.1034680584163324,-0.4370003222875855
1618,0.374522789143936,-0.0890089584019507,-0.3749847318748757
1619,0.3392008458068894,-0.108145220916304,-0.4570608373682905
1620,0.3294061994742595,-0.1353041687473326,-0.5735465234105726
1621,0.3235294116746816,-0.1308837964126316,-0.5545873904142017
1622,0.3588207467419387,-0.0972493075914718,-0.4103278804585877
1623,0.3843174354765659,-0.0760608399788583,-0.3194497948495371
1624,0.3803995769435139,-0.0807052980505582,-0.3393700394828171
1625,0.3646975345415166,-0.0850682740168281,-0.3580829974287173
1626,0.374522789143936,-0.094859602507631,-0.4000783509900015
1627,0.3352829872738374,-0.1214826693016236,-0.5142656243461754
1628,0.3196115531416296,-0.1322483094257971,-0.5604398348992053
1629,0.3490261004093087,-0.1251031734257946,-0.5297940943497572
1630,0.3196115531416296,-0.1314252789262629,-0.5569098280311767
1631,0.3235294116746816,-0.1368953297969309,-0.5803710693252143
1632,0.3490261004093087,-0.1214952575676015,-0.5143196158633594
1633,0.3392008458068894,-0.1136667119028278,-0.4807427071352292
1634,0.3196115531416296,-0.1426287246258087,-0.6049618021528715
1635,0.3098169068089997,-0.1626417985726364,-0.690798582834329
1636,0.3451082418762568,-0.1113220993898423,-0.4706865812949488
1637,0.3549028882088867,-0.0911126815039572,-0.3840076745273247
1638,0.3235294116746816,-0.1868108935354613,-0.7944606843738162
1639,0.2901970058739504,-0.1260383256303566,-0.5338049951688937
1640,0.8058851352869149,0.3420324092623783,1.4737669111331335
1641,1.503906727835743,0.954107524351558,4.098978687898478
1642,1.503906727835743,1.199892745833597,5.153160179814737
1643,1.4725638595713273,0.8239400967770727,3.540685995718041
1644,0.4901914406783372,0.158376455920773,0.6860600436268448
1645,0.3451082418762568,-0.167872521252204,-0.7132333370677105
1646,0.3843174354765659,-0.104172238219813,-0.4400205743244426
1647,0.3549028882088867,-0.0738154028689016,-0.3098190358140462
1648,0.3451082418762568,-0.1393950570700023,-0.5910924878475349
1649,0.3352829872738374,-0.1396059546989999,-0.5919970352236452
1650,0.3352829872738374,-0.1183529020202392,-0.5008419419858362
1651,0.3490261004093087,-0.1272719816638274,-0.5390961894483299
1652,0.3451082418762568,-0.1247332647027301,-0.5282075427776096
1653,0.3549028882088867,-0.109321026583444,-0.4621039093842368
1654,0.374522789143936,-0.0983799163909326,-0.4151771015134686
1655,0.3843174354765659,-0.0857722008636723,-0.3611021645256306
1656,0.3999888696087737,-0.0668711736703628,-0.2800349916287084
1657,0.4294034168764529,-0.0450427694142077,-0.1864121951637616
1658,0.4451054592784502,-0.0228196464261454,-0.0910964361228707
1659,0.4745200065461294,0.0022502177954038,0.0164290965672305
1660,0.4999860870109672,0.0290351297243217,0.1313105294207337
1661,0.5254827757455944,0.0533536147715399,0.2356133703061167
1662,0.5548973230132735,0.0831746061161604,0.3635166549565778
1663,0.5960654458801087,0.1246216493403147,0.54128448655401
1664,0.6411820355497851,0.1668620729321398,0.7224551545571671
1665,0.6803912291500942,0.2090361160191047,0.9033411142315412
1666,0.7353024651524006,0.2622038516750075,1.1313794094454976
1667,0.7862652343518657,0.31194467087945,1.344719539018373
1668,0.8058851352869149,0.3330257239656683,1.4351369199316493
1669,0.8058851352869149,0.3319107968342877,1.430354958104776
1670,0.800008347487337,0.3262719392518949,1.4061696988647507
1671,0.7862652343518657,0.3104802563747815,1.338438613509481
1672,0.7450971114850305,0.2731138047993011,1.1781725835507386
1673,0.6960932715520916,0.2183644869291383,0.9433508263850692
1674,0.6293978516808398,0.1568005117414901,0.6793007634061884
1675,0.5705993654152709,0.094289581247246,0.4111891756868618
1676,0.5098113416133866,0.034022244925181,0.1527004425778366
1677,0.4549001056110801,-0.0192843402109237,-0.0759333829585226
1678,0.4156909120107711,-0.0614627235768872,-0.2568379582427471
1679,0.3843174354765659,-0.0914999733321979,-0.3856687828512505
1680,0.3646975345415166,-0.1094454611644211,-0.4626376136949737
1681,0.3646975345415166,-0.1158628469973009,-0.4901620080857971
1682,0.3549028882088867,-0.1157985396660072,-0.4898861916716303
1683,0.3646975345415166,-0.1172793908832634,-0.4962376148210781
1684,0.3549028882088867,-0.118862089237872,-0.5030258639381496
1685,0.3646975345415166,-0.111677907165682,-0.472212653406642
1686,0.3803995769435139,-0.099688755951007,-0.4207907605927191
1687,0.3803995769435139,-0.0928784520678997,-0.3915811268132456
1688,0.3941120818091958,-0.0860261425786445,-0.3621913295060757
1689,0.4039067281418257,-0.0718676783802765,-0.3014651767216243
1690,0.419608770543823,-0.0581107809598727,-0.2424613580244128
1691,0.4254855583434009,-0.0522318548432437,-0.2172464363658854
1692,0.4294034168764529,-0.0481591621760638,-0.1997785137376819
1693,0.4352802046760309,-0.0414173849828232,-0.1708627933502511
1694,0.4392286714788723,-0.0400583146779153,-0.1650336928331088
1695,0.4294034168764529,-0.0467980187049333,-0.1939405213374216
1696,0.4254855583434009,-0.0533929653707782,-0.2222264804092797
1697,0.4156909120107711,-0.0604512097976873,-0.2524995399341885
1698,0.4098141242111931,-0.0714222698494286,-0.2995548038085166
1699,0.3941120818091958,-0.0788259518129886,-0.3313094571231363
1700,0.3999888696087737,-0.0818498078005864,-0.344278882205428
1701,0.3941120818091958,-0.0833783036371865,-0.3508346548092443
1702,0.3999888696087737,-0.0741834395559933,-0.3113975581578177
1703,0.4254855583434009,-0.0573460017340343,-0.2391811929257158
1704,0.4254855583434009,-0.0495827074958397,-0.2058841498697608
1705,0.4254855583434009,-0.0513965784538551,-0.2136639064439533
1706,0.419608770543823,-0.060853765542452,-0.2542261157349493
1707,0.3941120818091958,-0.0821394133259952,-0.3455210105278786
1708,0.374522789143936,-0.1016416146200004,-0.429166640365993
1709,0.3803995769435139,-0.1007733355619113,-0.4254425608329081
1710,0.3901942232761438,-0.0839532018805534,-0.353300413670734
1711,0.4039067281418257,-0.0750375840979789,-0.3150610142523425
1712,0.3901942232761438,-0.086742524553775,-0.3652639170879135
1713,0.3843174354765659,-0.0952642992773278,-0.4018141097222809
1714,0.3803995769435139,-0.0917621256199096,-0.3867931632680338
1715,0.3705743223410945,-0.1086605693670225,-0.459271185066819
1716,0.3705743223410945,-0.1161268614314887,-0.491294375314556
1717,0.374522789143936,-0.0807729488542935,-0.3396601961683206
1718,0.374522789143936,-0.1184927507428211,-0.5014417580940832
1719,0.274494963471953,-0.2142835378347321,-0.9122918256428464
1720,0.4098141242111931,-0.0187832383658959,-0.0737841394547507
1721,1.1313734762281225,0.5859684166567403,2.5200170585443598
1722,1.503906727835743,1.0944570560423412,4.700942784093537
1723,1.503906727835743,0.9838261905388408,4.226443096336723
1724,0.8803856639544811,0.4141009016080382,1.7828712190447262
1725,0.4392286714788723,-0.0166937306156757,-0.0648221669479591
1726,0.4254855583434009,-0.0778534367774559,-0.3271383058029429
1727,0.419608770543823,-0.0409610257327678,-0.1689054524158681
1728,0.3843174354765659,-0.0890245949072991,-0.375051797398332
1729,0.3451082418762568,-0.1383010978971927,-0.5864004583352064
1730,0.3294061994742595,-0.1410271343222479,-0.5980925247997996
1731,0.3392008458068894,-0.1333780379099201,-0.5652852802505244
1732,0.3549028882088867,-0.1249443255196508,-0.5291127900724832
1733,0.3549028882088867,-0.1147999465348912,-0.4856031904788425
1734,0.3705743223410945,-0.1055465819075573,-0.4459151829197679
1735,0.3803995769435139,-0.0936023780066516,-0.3946860707213809
1736,0.3901942232761438,-0.0823551199459492,-0.3464461838359733
1737,0.3999888696087737,-0.0746055912130675,-0.3132081815182703
1738,0.4098141242111931,-0.0631379529622565,-0.2640230762173834
1739,0.4254855583434009,-0.0462895723786772,-0.1917597770943787
1740,0.4451054592784502,-0.0305474005349244,-0.1242410463090855
1741,0.4549001056110801,-0.0142090197745982,-0.0541651544325871
1742,0.4843146528787593,0.0092857992672493,0.046604953877799
1743,0.5098113416133866,0.038746360029563,0.1729623390364301
1744,0.5451026766806437,0.0734617731743381,0.3218579715760075
1745,0.5901886580805307,0.1178960157217225,0.5124380065281643
1746,0.6411820355497851,0.1699237031334553,0.7355865945756407
1747,0.6901858754827241,0.2196325985342391,0.9487898018276149
1748,0.7313846066193487,0.2591048497369043,1.1180876807286035
1749,0.7548917578176605,0.2857324833433137,1.2322945413044557
1750,0.7705938002196577,0.2989233005196415,1.2888704218504388
1751,0.7666759416866058,0.2967691992352593,1.2796314053952744
1752,0.7450971114850305,0.2758297404801423,1.1898213275668104
1753,0.7058879178847215,0.2346308313785841,1.0131177519810963
1754,0.6450998940828371,0.1771722221218922,0.7666757484122237
1755,0.5803940117479008,0.1101829542845437,0.4793564137291396
1756,0.5098113416133866,0.0409261844238853,0.182311682818233
1757,0.4490233178115022,-0.0197212762652993,-0.0778074171209359
1758,0.4039067281418257,-0.0639590944450542,-0.2675449810259411
1759,0.374522789143936,-0.0955262401060842,-0.4029375831841398
1760,0.3451082418762568,-0.120677589319474,-0.5108126078809182
1761,0.3294061994742595,-0.140261603826177,-0.5948091374765533
1762,0.3137347653420516,-0.1530123323567874,-0.649497462284562
1763,0.3098169068089997,-0.1576972152596218,-0.6695910904456995
1764,0.3098169068089997,-0.1567915508007021,-0.6657066636086316
1765,0.3137347653420516,-0.1548446172904378,-0.6573561970503233
1766,0.3137347653420516,-0.1501017675339173,-0.6370139470073165
1767,0.3294061994742595,-0.1399654469618971,-0.5935389102304021
1768,0.3352829872738374,-0.128905976197108,-0.5461044496866398
1769,0.3451082418762568,-0.121522975641012,-0.5144384996587509
1770,0.3490261004093087,-0.1167210908757173,-0.4938430463789929
1771,0.3549028882088867,-0.1114459471064599,-0.4712177685237297
1772,0.3549028882088867,-0.1072193638563772,-0.4530898037526418
1773,0.3646975345415166,-0.1062892068201824,-0.4491003273869772
1774,0.3549028882088867,-0.1028344760967487,-0.4342828653514722
1775,0.374522789143936,-0.0959987521578294,-0.4049642040552143
1776,0.3646975345415166,-0.0969129583682633,-0.4088852667660769
1777,0.3588207467419387,-0.1055780411033584,-0.4460501125211659
1778,0.3549028882088867,-0.1100055752140213,-0.4650399626274702
1779,0.3549028882088867,-0.1086770558066373,-0.4593418959883493
1780,0.3549028882088867,-0.1082456946722475,-0.457491772854567
1781,0.3549028882088867,-0.1087749399861669,-0.4597617246899665
1782,0.3646975345415166,-0.1002667759563224,-0.4232699088014138
1783,0.3803995769435139,-0.0788868538531896,-0.3315706681235891
1784,0.4039067281418257,-0.063187873093476,-0.2642371854225191
1785,0.3941120818091958,-0.0668857536208695,-0.280097525551149
1786,0.3803995769435139,-0.080874139367741,-0.3400942058528357
1787,0.3588207467419387,-0.1054761309293837,-0.4456130161872435
1788,0.3235294116746816,-0.1399514190031455,-0.593478743820086
1789,0.3039095107396323,-0.1530742511161042,-0.6497630340291957
1790,0.3352829872738374,-0.1327937366589974,-0.5627791915576726
1791,0.3451082418762568,-0.113902617570374,-0.4817545148715357
1792,0.3392008458068894,-0.1198895817516508,-0.507432815603416
1793,0.3352829872738374,-0.1324395978368451,-0.5612602776472638
1794,0.3235294116746816,-0.1338359148612408,-0.5672491306592139
1795,0.3137347653420516,-0.1428940864791039,-0.6060999485097502
1796,0.3235294116746816,-0.1514944231477836,-0.6429870961002468
1797,0.3352829872738374,-0.1143409788610109,-0.4836346619225891
1798,0.3352829872738374,-0.1169661683321495,-0.494894192241624
1799,0.2549056708066933,-0.2397050794935811,-1.0213257152768298
1800,0.2490288830071153,-0.1701901203678219,-0.7231736014930248
1801,0.8902109185569005,0.4033346993721565,1.7366945975747354
1802,1.503906727835743,1.0474302149957255,4.4992430026514185
1803,1.503906727835743,1.055599940052931,4.534283241838378
1804,0.9823418106232006,0.4978114366151596,2.141908658931502
1805,0.4607768934106581,0.0326426430436181,0.1467832814035927
1806,0.4156909120107711,-0.0726704392760249,-0.3049082465434359
1807,0.3843174354765659,-0.0643644307779178,-0.2692834828672215
1808,0.3490261004093087,-0.1053317447668691,-0.4449937388389396
1809,0.3352829872738374,-0.1367733430998747,-0.5798478640750321
1810,0.3196115531416296,-0.132958861584755,-0.5634874181936684
1811,0.3352829872738374,-0.1241360277511341,-0.5256459724078997
1812,0.3490261004093087,-0.1154897004506893,-0.4885615693741508
1813,0.3549028882088867,-0.1017909125491859,-0.4298069844549491
1814,0.374522789143936,-0.0842711839473733,-0.3546642499810767
1815,0.3843174354765659,-0.0787725210089687,-0.3310802905184221
1816,0.3646975345415166,-0.0932070050277648,-0.3929903020570444
1817,0.3588207467419387,-0.0996277685541539,-0.4205291834945721
1818,0.3803995769435139,-0.081767856769234,-0.3439273913388322
1819,0.3999888696087737,-0.0591769071654428,-0.247034010957661
1820,0.4156909120107711,-0.0416186235035024,-0.1717259124697874
1821,0.4392286714788723,-0.0238248284473986,-0.0954076972980652
1822,0.4549001056110801,-0.0033138143763485,-0.0074352338449888
1823,0.4843146528787593,0.0263290721192314,0.1197041528202842
1824,0.5294006342786464,0.0659744246228754,0.2897444693121833
1825,0.5646919693459035,0.1084064181868876,0.4717367876890644
1826,0.615685346815158,0.1542715858510803,0.6684541109833019
1827,0.6607713282150449,0.2010814267812743,0.8692231712653119
1828,0.6960932715520916,0.2370844980381297,1.0236416149059224
1829,0.7215593520169293,0.260455151854529,1.123879174180944
1830,0.7313846066193487,0.2734401020213551,1.179572083855431
1831,0.7313846066193487,0.2696130720900704,1.163157817374138
1832,0.7098057764177734,0.2502870205384781,1.0802676999998642
1833,0.6803912291500942,0.2227053290276241,0.9619688513906492
1834,0.6450998940828371,0.1809109247716395,0.7827111760647765
1835,0.5803940117479008,0.1240752141618248,0.538940806782612
1836,0.5294006342786464,0.068023242987534,0.2985319236078398
1837,0.4803967943457073,0.0193355263482567,0.0897085881147411
1838,0.4352802046760309,-0.0239141088388162,-0.0957906240487297
1839,0.3999888696087737,-0.0595735646133496,-0.2487352887549701
1840,0.3705743223410945,-0.0919612811218353,-0.3876473482465994
1841,0.3392008458068894,-0.1190475482695787,-0.5038213042724181
1842,0.3352829872738374,-0.1265137870286011,-0.5358442658912248
1843,0.3352829872738374,-0.1233669367516927,-0.5223473139600006
1844,0.3352829872738374,-0.1292744424249823,-0.547684814345992
1845,0.3235294116746816,-0.1317419173993002,-0.5582679016203527
1846,0.3451082418762568,-0.1195090982656192,-0.5058009084995806
1847,0.3490261004093087,-0.1115858789266352,-0.4718179410404883
1848,0.3451082418762568,-0.1129930004912083,-0.4778531351066931
1849,0.3549028882088867,-0.1089060510081539,-0.460324064491894
1850,0.3588207467419387,-0.1016559066658846,-0.4292279394553439
1851,0.3588207467419387,-0.1001956093496459,-0.4229646727129766
1852,0.3646975345415166,-0.0997420857037416,-0.4210194937849033
1853,0.3646975345415166,-0.0941850933426559,-0.3971853573691601
1854,0.374522789143936,-0.08681066615561,-0.3655561788237936
1855,0.3803995769435139,-0.0835487629702303,-0.3515657609064118
1856,0.374522789143936,-0.0831633156393377,-0.3499125636967284
1857,0.3803995769435139,-0.084620450752934,-0.3561622676403269
1858,0.3646975345415166,-0.094538493475967,-0.398701103017051
1859,0.3549028882088867,-0.108879498817227,-0.460210181207634
1860,0.3490261004093087,-0.1101731763574629,-0.4657588098485309
1861,0.3705743223410945,-0.094473374167142,-0.3984218040025872
1862,0.3843174354765659,-0.0750041229230146,-0.3149174980916375
1863,0.3999888696087737,-0.0628553905390896,-0.2628111560090916
1864,0.4039067281418257,-0.0598312409007968,-0.2498404714486023
1865,0.3941120818091958,-0.0647693540656175,-0.271020213143212
1866,0.3843174354765659,-0.0810424910742051,-0.3408162722651969
1867,0.3549028882088867,-0.1062615682068773,-0.4489817843987829
1868,0.3392008458068894,-0.1222877323263224,-0.5177185680803276
1869,0.3451082418762568,-0.1187666438874419,-0.5026164954606384
1870,0.3549028882088867,-0.1074115498587254,-0.4539140963014745
1871,0.3588207467419387,-0.1027618590937292,-0.4339714084619164
1872,0.3549028882088867,-0.1078474023565785,-0.4557834830517099
1873,0.3549028882088867,-0.1111035253349212,-0.4697491094570508
1874,0.3451082418762568,-0.1117511158832197,-0.4725266481806558
1875,0.3352829872738374,-0.1295529533928132,-0.5488793577193188
1876,0.3352829872738374,-0.1377045823351338,-0.5838419820306884
1877,0.3294061994742595,-0.1115579512038705,-0.4716981580516154
1878,0.3392008458068894,-0.1425083157379116,-0.6044453641818741
1879,0.2588235293397452,-0.2090948054624679,-0.8900371693198771
1880,0.4294034168764529,0.0046432419068179,0.0266928614622506
1881,1.1470449103603302,0.6172874000605216,2.654345284020322
1882,1.503906727835743,1.1232476558514453,4.824426683072155
1883,1.503906727835743,0.9619961640190108,4.132813341925604
1884,0.7509738992846084,0.3387397109165875,1.4596444116855838
1885,0.4039067281418257,-0.0701853856094006,-0.2942497636371908
1886,0.3901942232761438,-0.0885002266954701,-0.3728027636259751
1887,0.3941120818091958,-0.0528690479489302,-0.2199793800910655
1888,0.3646975345415166,-0.1019330582191656,-0.4304166522516745
1889,0.3352829872738374,-0.1323910905068477,-0.5610522279964458
1890,0.3294061994742595,-0.1316526369637186,-0.5578849746802672
1891,0.3294061994742595,-0.1302040803185756,-0.5516720640907116
1892,0.3490261004093087,-0.1192145181015484,-0.5045374437762885
1893,0.3549028882088867,-0.1067660840152399,-0.4511456705118212
1894,0.3646975345415166,-0.0960184657777204,-0.4050487564668787
1895,0.3843174354765659,-0.0812046773467222,-0.3415118949137007
1896,0.3901942232761438,-0.0740529493389584,-0.3108378810102461
1897,0.3901942232761438,-0.0685878970132107,-0.2873980786518357
1898,0.4156909120107711,-0.0511407072700336,-0.2125664659034974
1899,0.4254855583434009,-0.0368760662775197,-0.1513849171005845
1900,0.4294034168764529,-0.0313065232879778,-0.1274969505963166
1901,0.4490233178115022,-0.0164452822513883,-0.0637565631425335
1902,0.4706021480130775,0.0090186914325789,0.0454593189451636
1903,0.4999860870109672,0.0375618273001988,0.1678818363425119
1904,0.5392258888810657,0.0753646941492402,0.3300196668163686
1905,0.5843118702809528,0.1233461598997069,0.5358138673145142
1906,0.6353052477502072,0.1711127948114136,0.740686650761024
1907,0.6764733706170423,0.2150908874009118,0.9293102424403002
1908,0.7156825642173513,0.2536684978547406,1.0947709755859394
1909,0.7411792529519786,0.2774155092345294,1.1966227457369267
1910,0.7450971114850305,0.2845549860700905,1.2272442139302997
1911,0.7450971114850305,0.2825415866647086,1.2186086728013796
1912,0.7313846066193487,0.2689317587249392,1.1602356402986174
1913,0.7000111300851435,0.2388962019163557,1.0314120767983934
1914,0.6607713282150449,0.1988936315170822,0.859839640141241
1915,0.615685346815158,0.1543527818636519,0.6688023635476923
1916,0.5705993654152709,0.1079567811947261,0.4698082787561049
1917,0.5254827757455944,0.0665644166837042,0.2922749660896257
1918,0.4941092992113892,0.0309172225620368,0.1393828920454019
1919,0.4607768934106581,-0.0004049546151998,0.0050409683623395
1920,0.4352802046760309,-0.0225786975537136,-0.090062997902769
1921,0.4254855583434009,-0.0391321518778709,-0.1610613478873021
1922,0.4039067281418257,-0.0545227532694692,-0.2270721805917785
1923,0.3999888696087737,-0.0592711488456363,-0.2474382168510342
1924,0.4098141242111931,-0.053255164264921,-0.2216354466014523
1925,0.4098141242111931,-0.0482204919909541,-0.2000415594788789
1926,0.4156909120107711,-0.0434504551073672,-0.1795827028880944
1927,0.4254855583434009,-0.0371509094275718,-0.1525637290739726
1928,0.419608770543823,-0.0359462420609783,-0.1473968682101629
1929,0.4254855583434009,-0.0375009089244423,-0.1540648892721168
1930,0.419608770543823,-0.0361317268179197,-0.1481924188808711
1931,0.4254855583434009,-0.0361685470250452,-0.1483503420490997
1932,0.4156909120107711,-0.0412039463464451,-0.1699473475037803
1933,0.4098141242111931,-0.048663577498448,-0.2019419688628113
1934,0.4039067281418257,-0.0560751616701201,-0.2337305150269963
1935,0.3941120818091958,-0.0614269035040217,-0.2566843246856674
1936,0.3941120818091958,-0.0650202928771984,-0.272096498565
1937,0.3901942232761438,-0.0687139242151735,-0.2879386137702048
1938,0.3803995769435139,-0.0730156414441356,-0.3063888308291687
1939,0.3803995769435139,-0.0812977555587119,-0.3419111106508737
1940,0.3646975345415166,-0.0894471438760636,-0.3768641248426507
1941,0.374522789143936,-0.082142705174435,-0.3455351293820494
1942,0.3941120818091958,-0.0637174972226224,-0.2665087620098007
1943,0.3999888696087737,-0.0551728430073573,-0.2298604384277624
1944,0.3999888696087737,-0.0564008003563522,-0.2351271908483003
1945,0.3941120818091958,-0.0603157038299741,-0.2519183500548861
1946,0.3843174354765659,-0.0740788423789864,-0.3109489371730307
1947,0.3588207467419387,-0.0929321731711871,-0.3918115385217666
1948,0.3549028882088867,-0.1018291238500219,-0.4299708740732119
1949,0.3549028882088867,-0.100580137199505,-0.4246139262360467
1950,0.3588207467419387,-0.093820973067789,-0.3956236326556821
1951,0.3646975345415166,-0.0902843073491732,-0.380454748533282
1952,0.3549028882088867,-0.0987087729534448,-0.4165875789197388
1953,0.3549028882088867,-0.1028830273560887,-0.4344911034167914
1954,0.3352829872738374,-0.1076030774432598,-0.4547355648730596
1955,0.3294061994742595,-0.134147765580757,-0.5685866694045154
1956,0.3352829872738374,-0.1238907364864363,-0.5245939095140693
1957,0.3352829872738374,-0.0840915501801497,-0.3538937944118262
1958,0.3451082418762568,-0.1524073102808928,-0.6469025012418963
1959,0.2686181756723751,-0.1651957542426171,-0.7017525888654239
1960,0.6803912291500942,0.2680949035378873,1.156646338857771
1961,1.503906727835743,0.9553389675326306,4.104260391175858
1962,1.503906727835743,1.1796767072473044,5.0664528766293335
1963,1.2823640710995703,0.7082316743937724,3.0444084872502764
1964,0.4490233178115022,0.0856984335680386,0.3743414399966117
1965,0.3294061994742595,-0.1569866854017091,-0.6665436028012066
1966,0.3451082418762568,-0.112233378988626,-0.4745950916651251
1967,0.3294061994742595,-0.0995550874393237,-0.4202174516271968
1968,0.3196115531416296,-0.1419196644617186,-0.6019206180770686
1969,0.3039095107396323,-0.1487443602058408,-0.6311919790565123
1970,0.2999916522065803,-0.1413527520785682,-0.599489110851973
1971,0.3137347653420516,-0.1389675625463877,-0.5892589487438707
1972,0.3196115531416296,-0.1329913316378969,-0.5636266833978875
1973,0.3137347653420516,-0.128807778943395,-0.5456832781987976
1974,0.3294061994742595,-0.1226158557593538,-0.519125901068373
1975,0.3352829872738374,-0.11450233365858,-0.4843267183456872
1976,0.3352829872738374,-0.1083450040117322,-0.4579177141175442
1977,0.3588207467419387,-0.0936032573243987,-0.3946898421462408
1978,0.374522789143936,-0.0705730272524667,-0.2959123723292522
1979,0.3941120818091958,-0.0540188992659569,-0.2249111329831069
1980,0.4039067281418257,-0.0440631533216346,-0.1822105871592325
1981,0.419608770543823,-0.0263760946491302,-0.1063501681048931
1982,0.4549001056110801,0.0068169131553988,0.0360158141847435
1983,0.4941092992113892,0.0484508007301947,0.2145850277982619
1984,0.5353080303480138,0.0875894121496379,0.3824519138904935
1985,0.5705993654152709,0.1255695815054197,0.5453502010750875
1986,0.6196032053482099,0.1715473641824225,0.7425505341349263
1987,0.6647197950178864,0.2211893756622115,0.955466873888544
1988,0.7058879178847215,0.2570968899787939,1.1094754704388674
1989,0.7156825642173513,0.2719927496380939,1.173364338387601
1990,0.7156825642173513,0.2700366822497219,1.164974696303634
1991,0.7000111300851435,0.2524988844340196,1.0897544623334896
1992,0.6647197950178864,0.2221115042929087,0.959421916139602
1993,0.6293978516808398,0.1824912323775578,0.7894891711763145
1994,0.5745172239483228,0.1295079095286805,0.5622418290020338
1995,0.5098113416133866,0.0653233126886966,0.2869518272402219
1996,0.4490233178115022,0.0047200675881099,0.0270223695214966
1997,0.4039067281418257,-0.043457282675188,-0.1796119865675122
1998,0.3588207467419387,-0.0816565658292713,-0.3434500605684172
1999,0.3352829872738374,-0.1137735393264346,-0.4812008937264177
2000,0.3039095107396323,-0.1374719725912431,-0.5828443106272966
2001,0.2999916522065803,-0.1455059449413366,-0.6173023016609618
2002,0.3039095107396323,-0.1415242045690519,-0.6002244766364617
2003,0.2999916522065803,-0.1416606673936931,-0.6008097705089083
2004,0.2999916522065803,-0.1481473567669119,-0.6286314102308752
2005,0.2941148644070023,-0.1463650780278864,-0.6209871537992336
2006,0.3098169068089997,-0.1363888232070594,-0.5781986446800036
2007,0.3137347653420516,-0.1314153144306437,-0.5568670899576883
2008,0.3137347653420516,-0.1276318205127785,-0.5406395509749075
2009,0.3294061994742595,-0.1171341313011759,-0.4956145913453915
2010,0.3352829872738374,-0.1089408958402984,-0.4604735152070923
2011,0.3352829872738374,-0.1067039828861609,-0.4508793165768391
2012,0.3451082418762568,-0.1021685098160605,-0.4314265124629276
2013,0.3451082418762568,-0.0966110526440745,-0.4075903824568238
2014,0.3490261004093087,-0.0971469350788278,-0.4098888011377908
2015,0.3392008458068894,-0.1036051253292572,-0.4375882071160067
2016,0.3352829872738374,-0.110615132382441,-0.4676543748420789
2017,0.3294061994742595,-0.1143712147034169,-0.4837643445180873
2018,0.3235294116746816,-0.1197578959682254,-0.5068680106293884
2019,0.3196115531416296,-0.128772770683933,-0.545533126538065
2020,0.3137347653420516,-0.1262851618590064,-0.5348636844676563
2021,0.3392008458068894,-0.1087637720546851,-0.4597138250375785
2022,0.3451082418762568,-0.0996502645576065,-0.4206256696475589
2023,0.3352829872738374,-0.1083732308831448,-0.4580387801655288
2024,0.3235294116746816,-0.1220599878254872,-0.5167417638761589
2025,0.3098169068089997,-0.1376572134524892,-0.5836388152207574
2026,0.2843202180743724,-0.1573293053239281,-0.6680131117431487
2027,0.274494963471953,-0.1744694685284846,-0.7415278768283552
2028,0.2647003171393232,-0.1798531690544651,-0.7646187584455935
2029,0.274494963471953,-0.1711700251151183,-0.7273764475478525
2030,0.2784434302747945,-0.1677398455917187,-0.7126642864760272
2031,0.2647003171393232,-0.1819406112989424,-0.773571871925335
2032,0.2647003171393232,-0.1849537734203374,-0.7864954306379562
2033,0.2588235293397452,-0.1778098112067013,-0.755854724499672
2034,0.2686181756723751,-0.1905120635519032,-0.8103351332371039
2035,0.274494963471953,-0.1739040801186478,-0.7391029059786026
2036,0.2843202180743724,-0.1369680667715965,-0.5806830407773957
2037,0.2901970058739504,-0.1948200661078089,-0.8288123082852203
2038,0.2588235293397452,-0.1812251196898319,-0.7705031031547896
2039,0.6293978516808398,0.2427282332206179,1.0478477943449511
2040,1.503906727835743,0.9172236181314148,3.940782312004123
2041,1.503906727835743,1.2380329799988774,5.316744990618054
2042,1.503906727835743,0.8833272775052149,3.795399710412512
2043,0.5509794644802216,0.210491901113264,0.9095850278941146
2044,0.3235294116746816,-0.1551614809340576,-0.6587152364040769
2045,0.3451082418762568,-0.1275400883633659,-0.5402461085476477
2046,0.3352829872738374,-0.086070513665752,-0.3623816386651166
2047,0.3235294116746816,-0.135388051849558,-0.5739063009973507
2048,0.3137347653420516,-0.1452513514537416,-0.6162103412047281
2049,0.3137347653420516,-0.1291407702134336,-0.5471114895116165
2050,0.3294061994742595,-0.1216154340448872,-0.5148350570170398
2051,0.3549028882088867,-0.1028774808223131,-0.434467314137618
2052,0.3549028882088867,-0.093251670302043,-0.3931818729952461
2053,0.3549028882088867,-0.0969415551906092,-0.4090079195466748
2054,0.3646975345415166,-0.0909404154196794,-0.3832688192103307
2055,0.3705743223410945,-0.0817335187667542,-0.3437801144339585
2056,0.3803995769435139,-0.0719502041475108,-0.3018191326507075
2057,0.4039067281418257,-0.0514808973254526,-0.2140255530609524
2058,0.4254855583434009,-0.0297230120060138,-0.1207052148051188
2059,0.4392286714788723,-0.0130900628355219,-0.0493659086182422
2060,0.46469475194371,0.0072499308777142,0.0378730424826214
2061,0.4901914406783372,0.0347608604707631,0.1558683907282553
2062,0.5254827757455944,0.0708579646205584,0.3106901447663375
2063,0.5745172239483228,0.1167909045088219,0.5076981455221841
2064,0.6254799931477878,0.1679758861002194,0.727232338556116
2065,0.6764733706170423,0.2214415669595378,0.9565485312659108
2066,0.7313846066193487,0.2716346035019587,1.1718282369660489
2067,0.7666759416866058,0.3077470529471213,1.3267158075176977
2068,0.7803884465522877,0.3261901164609253,1.4058187580256838
2069,0.796090488954285,0.3301571181942144,1.4228333685072123
2070,0.7764705880192357,0.3233143981545689,1.3934847006879558
2071,0.7666759416866058,0.303495481941186,1.3084806693796125
2072,0.7215593520169293,0.2604702271996814,1.123943832868509
2073,0.654894540415467,0.1970129649159765,0.8517733946957412
2074,0.5960654458801087,0.1314998764666316,0.5707854455215104
2075,0.5294006342786464,0.0699255009103466,0.3066907749943812
2076,0.4745200065461294,0.0107444010370963,0.0528609483618342
2077,0.4254855583434009,-0.0365373878189793,-0.1499323132355058
2078,0.3941120818091958,-0.0685980762728338,-0.2874417378557186
2079,0.3705743223410945,-0.09517441120277,-0.4014285765971749
2080,0.3451082418762568,-0.1158996633555495,-0.4903199147460568
2081,0.3451082418762568,-0.1229645786653448,-0.5206215859231673
2082,0.3392008458068894,-0.122528823459404,-0.5187526164613785
2083,0.3451082418762568,-0.1240421083978321,-0.5252431489859433
2084,0.3392008458068894,-0.1231220178851588,-0.5212968482950417
2085,0.3549028882088867,-0.1151005135797392,-0.4868923331451435
2086,0.3588207467419387,-0.1057289148381596,-0.4466972152960385
2087,0.3705743223410945,-0.0981618051763879,-0.4142416148142847
2088,0.3803995769435139,-0.0875404608534994,-0.368686294047055
2089,0.3941120818091958,-0.0738698954912498,-0.3100527565950559
2090,0.4039067281418257,-0.0650373255783503,-0.2721695524215476
2091,0.4098141242111931,-0.0613052690515081,-0.2561626302247636
2092,0.4098141242111931,-0.056787414325084,-0.2367853918088619
2093,0.4156909120107711,-0.0580825416128858,-0.2423402384682495
2094,0.3999888696087737,-0.0695925804856698,-0.291707201533652
2095,0.3941120818091958,-0.0760394594362735,-0.3193580929475914
2096,0.3999888696087737,-0.0739705012645257,-0.3104842583083318
2097,0.3901942232761438,-0.0812516062810769,-0.3417131747698848
2098,0.374522789143936,-0.0971125106675233,-0.4097411536224175
2099,0.374522789143936,-0.1014388550022507,-0.4282969972074218
2100,0.3803995769435139,-0.0899257460443191,-0.3789168664384379
2101,0.4039067281418257,-0.0740127206132611,-0.3106653385855317
2102,0.4098141242111931,-0.061050418759554,-0.2550695683255676
2103,0.4254855583434009,-0.0534332133253683,-0.2223991053073942
2104,0.4156909120107711,-0.056437670444078,-0.2352853279561846
2105,0.4039067281418257,-0.0747789193745847,-0.3139515921220387
2106,0.374522789143936,-0.1008985892104914,-0.4259797781535099
2107,0.3588207467419387,-0.1173952955894054,-0.4967347341975163
2108,0.3646975345415166,-0.1148197541067467,-0.4856881458537994
2109,0.374522789143936,-0.1008609194850597,-0.4258182113712754
2110,0.3843174354765659,-0.0964095323376173,-0.4067260547481376
2111,0.3646975345415166,-0.1101593581526136,-0.4656995430801068
2112,0.3705743223410945,-0.1166576187086387,-0.4935708120136285
2113,0.3549028882088867,-0.1127840002511614,-0.4769567256987759
2114,0.3549028882088867,-0.132377293475473,-0.5609930520418018
2115,0.3549028882088867,-0.1360257138919842,-0.5766412560087624
2116,0.3490261004093087,-0.1009843752432216,-0.4263477174764025
2117,0.3588207467419387,-0.1523995396485247,-0.6468691727253421
2118,0.2686181756723751,-0.2190014689948979,-0.9325271989463844
2119,0.4901914406783372,0.0704076313425528,0.3087586494388116
2120,1.3078301515644082,0.7178486711397999,3.085656125803768
2121,1.503906727835743,1.1415829372171256,4.903067352141795
2122,1.503906727835743,0.9228697166826418,3.964998628015107
2123,0.7764705880192357,0.3428185627685691,1.47713875127484
2124,0.4549001056110801,-0.0286165961516167,-0.1159597581457021
2125,0.4451054592784502,-0.0667078844574587,-0.2793346384299476
2126,0.4039067281418257,-0.0566194687144772,-0.2360650671559689
2127,0.3803995769435139,-0.1107273689470184,-0.4681357614298498
2128,0.3549028882088867,-0.1366675529825919,-0.5793941265272872
2129,0.3490261004093087,-0.130471447425361,-0.5528188110506013
2130,0.3549028882088867,-0.1305941214865162,-0.5533449644296704
2131,0.3646975345415166,-0.1268149029655589,-0.5371357627751622
2132,0.3705743223410945,-0.1118901614687138,-0.4731230196055799
2133,0.3901942232761438,-0.0957993107137141,-0.404108792660503
2134,0.3999888696087737,-0.0925298789452837,-0.3900860843846344
2135,0.3843174354765659,-0.0975386579290521,-0.411568914271433
2136,0.4039067281418257,-0.0863383312555665,-0.3635303177626217
2137,0.4254855583434009,-0.0632900315291188,-0.2646753465595004
2138,0.4352802046760309,-0.0514821086626052,-0.2140307485287639
2139,0.4451054592784502,-0.0441050262496003,-0.1823901816255215
2140,0.4607768934106581,-0.0276511019114798,-0.1118187192648171
2141,0.4843146528787593,-0.0064929065913189,-0.0210704725868013
2142,0.5058934830803345,0.0204862723266339,0.0946441782408991
2143,0.5548973230132735,0.0604975065706863,0.2662537744341688
2144,0.5960654458801087,0.1103736769448982,0.4801744299525009
2145,0.6509766818824151,0.1595471795232436,0.6910813184880114
2146,0.6901858754827241,0.1989764656254941,0.8601949185565203
2147,0.7156825642173513,0.2279481824113467,0.984455634642403
2148,0.7411792529519786,0.2484114468294233,1.0722232981481654
2149,0.7450971114850305,0.2558622794446664,1.1041801822724178
2150,0.7411792529519786,0.2494426081382457,1.076645985404893
2151,0.7215593520169293,0.2320322339202115,1.0019722757435954
2152,0.6901858754827241,0.1973886980933495,0.8533849275580392
2153,0.6353052477502072,0.1454453626858433,0.6305981282345778
2154,0.5843118702809528,0.0923163259197182,0.4027258139250686
2155,0.5353080303480138,0.0452394116481331,0.2008112666533158
2156,0.4941092992113892,-0.0011787039175267,0.0017223302889119
2157,0.4392286714788723,-0.0454563534784493,-0.1881860718160926
2158,0.419608770543823,-0.0806228707705034,-0.3390165059687236
2159,0.3843174354765659,-0.1000132532711706,-0.4221825410546615
2160,0.3901942232761438,-0.1057471669764755,-0.4467754993616324
2161,0.374522789143936,-0.116052094449896,-0.4909736970909988
2162,0.3588207467419387,-0.1338617481057376,-0.5673599303568542
2163,0.3549028882088867,-0.1345706311530041,-0.570400354772348
2164,0.3803995769435139,-0.1159289723806962,-0.4904456221896104
2165,0.3803995769435139,-0.1058924974011227,-0.4473988266835585
2166,0.3901942232761438,-0.1079920496528095,-0.4564038804117424
2167,0.3843174354765659,-0.1017811109518894,-0.4297649450581176
2168,0.4039067281418257,-0.0914532836753837,-0.3854685292648848
2169,0.3999888696087737,-0.0924739139710915,-0.3898460486345871
2170,0.3941120818091958,-0.093738910065625,-0.3952716615423225
2171,0.4098141242111931,-0.0864818574958469,-0.3641459068741052
2172,0.4039067281418257,-0.0854146425522321,-0.3595685843049475
2173,0.3999888696087737,-0.0916733058191452,-0.3864122120069413
2174,0.3999888696087737,-0.0923555122822475,-0.3893382196111887
2175,0.3999888696087737,-0.091447647740844,-0.3854443565426781
2176,0.3941120818091958,-0.0963147911090067,-0.4063197062739679
2177,0.3901942232761438,-0.102619226555376,-0.4333596524695491
2178,0.3803995769435139,-0.1087289515651439,-0.4595644787286651
2179,0.3803995769435139,-0.1134437352428785,-0.4797863523689397
2180,0.3803995769435139,-0.1066514818277731,-0.4506541376839638
2181,0.4098141242111931,-0.0856129862868887,-0.3604192875850379
2182,0.419608770543823,-0.0655391814431796,-0.2743220299428673
2183,0.4352802046760309,-0.06127821788685,-0.2560466068245551
2184,0.4098141242111931,-0.0737322726623683,-0.309462487423471
2185,0.3999888696087737,-0.0964582138440465,-0.4069348514478205
2186,0.3646975345415166,-0.1201203438400217,-0.5084225623470554
2187,0.3588207467419387,-0.1336974291184351,-0.5666551604193445
2188,0.3588207467419387,-0.1294505987717302,-0.5484403551360587
2189,0.3803995769435139,-0.1097317818692609,-0.4638656533060396
2190,0.3901942232761438,-0.0967516806558358,-0.4081935409638724
2191,0.3843174354765659,-0.1059436255927118,-0.4476181173022677
2192,0.3803995769435139,-0.1116937257701842,-0.4722804999597977
2193,0.3646975345415166,-0.1119634389539201,-0.473437309326552
2194,0.3646975345415166,-0.1353642238258419,-0.5738041017624294
2195,0.3646975345415166,-0.1269847852981222,-0.5378643940968989
2196,0.374522789143936,-0.083231217166808,-0.3502037957451828
2197,0.3803995769435139,-0.1435083217295243,-0.6087344251832106
2198,0.3098169068089997,-0.1755526920947665,-0.7461738609452861
2199,0.615685346815158,0.1984541641818702,0.8579547492259584
2200,1.4882352937035352,0.8631210882195369,3.708734651225156
2201,1.503906727835743,1.1913598609430711,5.116562335281999
2202,1.503906727835743,0.8607931105199496,3.698749872686801
2203,0.6293978516808398,0.2447898565640264,1.0566901696465216
2204,0.4352802046760309,-0.0806134906323566,-0.338976274225064
2205,0.4451054592784502,-0.0540052356151619,-0.224852529102478
2206,0.4490233178115022,-0.0128410424262964,-0.0482978512918821
2207,0.4294034168764529,-0.060718789759118,-0.2536471998351665
2208,0.3999888696087737,-0.090951717005303,-0.3833172921100513
2209,0.3803995769435139,-0.0936813178167755,-0.3950246463538222
2210,0.3999888696087737,-0.0844091166279302,-0.3552558481174362
2211,0.4254855583434009,-0.0600766857204251,-0.2508931929449507
2212,0.4254855583434009,-0.052803018856246,-0.2196961789815114
2213,0.419608770543823,-0.062314874933806,-0.2604928654961548
2214,0.4254855583434009,-0.0562605354386197,-0.2345255896643595
2215,0.4392286714788723,-0.0407536934896969,-0.1680161971058665
2216,0.4451054592784502,-0.0344996956181236,-0.141192579449188
2217,0.4490233178115022,-0.030774833501733,-0.1252165143328159
2218,0.4607768934106581,-0.0192023185749727,-0.0755815892663109
2219,0.4745200065461294,-0.0021268106362544,-0.0023441328988157
2220,0.4941092992113892,0.0136807173649049,0.0654549127528688
2221,0.5058934830803345,0.029232694853251,0.1321578932333726
2222,0.5294006342786464,0.0527847797974823,0.2331736170207467
2223,0.5646919693459035,0.0860511795495419,0.3758543799643054
2224,0.6000139126829501,0.1252312381621927,0.5438990345314186
2225,0.6450998940828371,0.168816116325857,0.7308361156566058
2226,0.6862680169496722,0.2104346496439776,0.9093394743211908
2227,0.7156825642173513,0.2408393518272165,1.0397463153652875
2228,0.7313846066193487,0.2582496519904777,1.11441970740305
2229,0.7411792529519786,0.2645630843605251,1.1414982417219055
2230,0.7313846066193487,0.261122317399624,1.1267406707568672
2231,0.7215593520169293,0.2458002645005748,1.061023844956908
2232,0.6803912291500942,0.2102687341930197,0.9086278570947032
2233,0.6293978516808398,0.1550443495774372,0.6717685218866003
2234,0.5646919693459035,0.0958867538672151,0.418039505439051
2235,0.5156881294129645,0.0425935467917553,0.1894630588770847
2236,0.46469475194371,-0.0051119642961454,-0.0151475623312608
2237,0.4254855583434009,-0.0434388807791275,-0.1795330601856647
2238,0.3999888696087737,-0.0710746874647965,-0.2980640106900945
2239,0.374522789143936,-0.093423604881718,-0.3939193064772955
2240,0.3588207467419387,-0.1093359230127809,-0.4621678006955528
2241,0.3549028882088867,-0.1140781155194601,-0.4825072317707873
2242,0.3549028882088867,-0.111276245474614,-0.4704899122337493
2243,0.3588207467419387,-0.1089660048697505,-0.4605812087208389
2244,0.3549028882088867,-0.1106468189142354,-0.4677902794955779
2245,0.3549028882088867,-0.112174125345449,-0.4743409506977018
2246,0.3549028882088867,-0.1085876203898402,-0.4589583043283592
2247,0.3646975345415166,-0.1019223875918786,-0.4303708855545344
2248,0.3705743223410945,-0.0931799770626555,-0.3928743781605197
2249,0.3803995769435139,-0.0823142691381679,-0.3462709732792392
2250,0.3843174354765659,-0.0806425036176087,-0.3391007119430586
2251,0.3705743223410945,-0.0916857722777279,-0.386465681087907
2252,0.3646975345415166,-0.096673838690644,-0.4078596740271022
2253,0.3705743223410945,-0.0922407315833803,-0.388845921141633
2254,0.3646975345415166,-0.0966709145601762,-0.407847132328295
2255,0.3549028882088867,-0.105454265002064,-0.4455192324530344
2256,0.3549028882088867,-0.1045099917216212,-0.4414692110174429
2257,0.3549028882088867,-0.1074915139667224,-0.4542570651836544
2258,0.3352829872738374,-0.1214311142380362,-0.5140445028583955
2259,0.3352829872738374,-0.1243871086684508,-0.5267228673262053
2260,0.3490261004093087,-0.110739128690107,-0.4681861993831122
2261,0.3549028882088867,-0.0999234317599765,-0.4217972934221724
2262,0.3646975345415166,-0.0970608109155803,-0.4095194115611725
2263,0.3549028882088867,-0.0967334906774869,-0.4081155235045715
2264,0.3549028882088867,-0.1067845025257697,-0.451224668153714
2265,0.3235294116746816,-0.129218864702022,-0.5474464395301496
2266,0.3098169068089997,-0.1459620276468162,-0.6192584564858964
2267,0.3137347653420516,-0.1436353585550626,-0.6092792906127379
2268,0.3235294116746816,-0.128496419973599,-0.5443478485854062
2269,0.3352829872738374,-0.1205208993483664,-0.5101405590631963
2270,0.3235294116746816,-0.1284642536087269,-0.5442098859108974
2271,0.3294061994742595,-0.1302876529428759,-0.5520305100267081
2272,0.3098169068089997,-0.1302969941391104,-0.552070574747131
2273,0.3098169068089997,-0.1546086803508989,-0.656344255187336
2274,0.3098169068089997,-0.1478056456769331,-0.627165799302496
2275,0.3098169068089997,-0.1102681723553463,-0.4661662510371059
2276,0.3196115531416296,-0.170498725819883,-0.7244972211716434
2277,0.2686181756723751,-0.1808200880906257,-0.7687659083269238
2278,0.6000139126829501,0.2228995002669136,0.9628016586908082
2279,1.503906727835743,0.9048841561550428,3.8878579239662265
2280,1.503906727835743,1.2395667018951886,5.323323177976467
2281,1.503906727835743,0.8890968055294859,3.820145419790824
2282,0.5646919693459035,0.2138819777604739,0.9241251863142064
2283,0.3098169068089997,-0.1600058488943761,-0.6794929016070805
2284,0.3352829872738374,-0.1377662132226409,-0.5841063190829676
2285,0.3294061994742595,-0.0935811271805355,-0.394594925177949
2286,0.3137347653420516,-0.1369742151872333,-0.58070941154912
2287,0.3196115531416296,-0.1400988703512712,-0.5941111678576865
2288,0.3098169068089997,-0.1271796170496678,-0.5387000343574424
2289,0.3098169068089997,-0.1374453240979685,-0.5827300142988675
2290,0.3235294116746816,-0.1286672423468277,-0.545080511774743
2291,0.3294061994742595,-0.1121148136364154,-0.4740865606837696
2292,0.3352829872738374,-0.1121856752852059,-0.4743904887970678
2293,0.3392008458068894,-0.1073681136245428,-0.4537277967596316
2294,0.3549028882088867,-0.0895148844143457,-0.3771546664027935
2295,0.374522789143936,-0.0719017019746855,-0.3016111051191828
2296,0.3843174354765659,-0.0595014432263444,-0.2484259575799964
2297,0.3941120818091958,-0.0519007199499341,-0.2158261871183929
2298,0.4039067281418257,-0.0407180387505171,-0.1678632726708016
2299,0.4294034168764529,-0.0135634083280212,-0.0513961041461341
2300,0.4706021480130775,0.0240875869259806,0.1100903436950598
2301,0.5058934830803345,0.0636684683750405,0.2798541415578198
2302,0.5607741108128516,0.11504967531301,0.5002299520305616
2303,0.615685346815158,0.1753202478601103,0.758732565423012
2304,0.6705965828174644,0.2211272103209392,0.955200244545198
2305,0.6901858754827241,0.2533739472939638,1.0935076378322204
2306,0.7353024651524006,0.2874791939417269,1.2397862447253454
2307,0.7548917578176605,0.3123641055668927,1.3465185092001588
2308,0.7548917578176605,0.3138841040862524,1.3530378365103497
2309,0.7450971114850305,0.2995396165708693,1.291513823152021
2310,0.7156825642173513,0.2737979331994982,1.181106834411036
2311,0.6705965828174644,0.2288437397566788,0.9882967117124812
2312,0.60980855901558,0.1645044873389378,0.7123433867178481
2313,0.5353080303480138,0.094930822671571,0.4139394827936007
2314,0.4745200065461294,0.0312174531360399,0.1406705915763706
2315,0.4156909120107711,-0.0283136328146861,-0.1146603376980624
2316,0.3588207467419387,-0.0815979584821064,-0.343198691587406
2317,0.3235294116746816,-0.1206744073951933,-0.5107989604953465
2318,0.2941148644070023,-0.1476243676705871,-0.6263882915336028
2319,0.2784434302747945,-0.165384426190601,-0.7025618095110312
2320,0.2686181756723751,-0.1713593249591751,-0.728188361261883
2321,0.274494963471953,-0.1716036805684717,-0.7292364110966661
2322,0.2686181756723751,-0.1717273663333455,-0.7297669037087007
2323,0.274494963471953,-0.1677771608722822,-0.7128243330317091
2324,0.2843202180743724,-0.1613889416252678,-0.6854250351573333
2325,0.2843202180743724,-0.1551348446171883,-0.6586009923006799
2326,0.2999916522065803,-0.1447010339356451,-0.6138500099416988
2327,0.3098169068089997,-0.1335287774400377,-0.5659318074167712
2328,0.3137347653420516,-0.1280128139454712,-0.542273645257975
2329,0.3196115531416296,-0.1245755038347206,-0.5275309008452695
2330,0.3235294116746816,-0.1196846389764962,-0.506553808805663
2331,0.3294061994742595,-0.1138788495317042,-0.4816525729145955
2332,0.3352829872738374,-0.1079480225637599,-0.456215046672516
2333,0.3392008458068894,-0.1056648177417325,-0.4464223005866366
2334,0.3352829872738374,-0.1071629012441382,-0.4528476336154435
2335,0.3392008458068894,-0.1061769515748228,-0.4486188606766719
2336,0.3392008458068894,-0.1039294714810862,-0.4389793392116253
2337,0.3392008458068894,-0.106159449047952,-0.4485437917210296
2338,0.3392008458068894,-0.1048551790511417,-0.4429497316599385
2339,0.3549028882088867,-0.0901025580241979,-0.3796752192621487
2340,0.3705743223410945,-0.0739923468184659,-0.310577954660397
2341,0.374522789143936,-0.072170972812902,-0.3027660172503882
2342,0.3646975345415166,-0.0789586667526055,-0.3318786761844018
2343,0.3588207467419387,-0.0872187299019945,-0.3673063786379512
2344,0.3490261004093087,-0.0997317808111002,-0.4209752957365697
2345,0.3294061994742595,-0.1114011092821332,-0.4710254575122784
2346,0.3352829872738374,-0.1169095838481795,-0.4946514993922691
2347,0.3235294116746816,-0.1193926462804009,-0.5053014418238635
2348,0.3294061994742595,-0.1198565782625199,-0.5072912624734082
2349,0.3196115531416296,-0.1247146217367546,-0.5281275824383863
2350,0.3196115531416296,-0.1331346578375636,-0.5642414145281168
2351,0.3137347653420516,-0.1303805945281667,-0.5524291397671462
2352,0.3098169068089997,-0.1340282472117088,-0.5680740509002989
2353,0.3196115531416296,-0.1432948128663973,-0.6078186781317346
2354,0.3294061994742595,-0.107398696688081,-0.4538589685988239
2355,0.3352829872738374,-0.1028300443900351,-0.4342638576049246
2356,0.2843202180743724,-0.2074824969466643,-0.8831219211761098
2357,0.2686181756723751,-0.1277983980128652,-0.5413540077534811
2358,0.8960877063564784,0.4153599395546712,1.7882712772457754
2359,1.503906727835743,1.039629961153323,4.465787438548227
2360,1.503906727835743,1.107908247532515,4.7586354192636255
2361,1.1117535752930732,0.5851095943426169,2.516333539319996
2362,0.4294034168764529,0.0433804643032465,0.1928381758644966
2363,0.374522789143936,-0.1090392144211328,-0.4608952070712416
2364,0.4039067281418257,-0.0533633507106403,-0.222099462086459
2365,0.3588207467419387,-0.0729938497983685,-0.306295365691161
2366,0.3451082418762568,-0.1235217378056659,-0.5230112611454484
2367,0.3352829872738374,-0.1159257823088358,-0.4904319398587817
2368,0.3451082418762568,-0.1035841091439312,-0.437498067955207
2369,0.3588207467419387,-0.1022004845642535,-0.431563653286735
2370,0.3646975345415166,-0.0847811796305844,-0.3568516394707968
2371,0.3843174354765659,-0.0751784948536173,-0.3156653854578619
2372,0.3646975345415166,-0.0881156666140528,-0.371153371860614
2373,0.3646975345415166,-0.0927357610324933,-0.3909691199249519
2374,0.3803995769435139,-0.0757092009108462,-0.3179416024728846
2375,0.3999888696087737,-0.0574667615420972,-0.2396991360056929
2376,0.4098141242111931,-0.0467764132105088,-0.1938478546090941
2377,0.4254855583434009,-0.0330563122928211,-0.1350018574110624
2378,0.4451054592784502,-0.0126537927015504,-0.0474947306119511
2379,0.4706021480130775,0.0113322945124924,0.0553824442322691
2380,0.4999860870109672,0.0418928542112721,0.1864577636627733
2381,0.5451026766806437,0.0841870710051316,0.3678591526085227
2382,0.5960654458801087,0.1370939260042354,0.5947785214755729
2383,0.6509766818824151,0.1906318297403686,0.8244044806537176
2384,0.6960932715520916,0.2338220946009909,1.0096490513910854
2385,0.7254772105499813,0.2660513167013852,1.1478813227710671
2386,0.7509738992846084,0.2880075596897538,1.242052424071581
2387,0.7548917578176605,0.2927764028205317,1.262506160614424
2388,0.7450971114850305,0.2829281992201211,1.220266867700165
2389,0.7313846066193487,0.2677377877743297,1.15511465674058
2390,0.7000111300851435,0.2376896312204601,1.0262370524880136
2391,0.6509766818824151,0.1844714154585629,0.797982246317343
2392,0.5901886580805307,0.1288498838239755,0.559419533524208
2393,0.5509794644802216,0.0848396709544747,0.3706581768300553
2394,0.5058934830803345,0.0386235867527436,0.1724357601178747
2395,0.4490233178115022,-0.0123699946543991,-0.0462775107687689
2396,0.4156909120107711,-0.0543464463568156,-0.226315994019227
2397,0.3803995769435139,-0.0848629529877251,-0.3572023682864261
2398,0.3588207467419387,-0.1068516701977294,-0.451512752669976
2399,0.3490261004093087,-0.1207432282942378,-0.5110941357609392
2400,0.3392008458068894,-0.1267248438577392,-0.536749496082358
2401,0.3490261004093087,-0.1210311148763778,-0.512328891475026
2402,0.3549028882088867,-0.1104356420445322,-0.4668845344462231
2403,0.3646975345415166,-0.1102940227283144,-0.4662771241993643
2404,0.3490261004093087,-0.1133746590302134,-0.4794900820542148
2405,0.3705743223410945,-0.1048679836087721,-0.4430046508596559
2406,0.374522789143936,-0.093557826168724,-0.3944949863156916
2407,0.3803995769435139,-0.0901479351200866,-0.3798698432283675
2408,0.3803995769435139,-0.0906073874269305,-0.3818404503925108
2409,0.3843174354765659,-0.0898047095533278,-0.378397736655613
2410,0.3803995769435139,-0.0863566832872508,-0.3636090302743991
2411,0.3941120818091958,-0.0831541920000124,-0.3498734320855695
2412,0.3901942232761438,-0.0811681634827678,-0.3413552856621478
2413,0.3901942232761438,-0.0785514974846117,-0.3301323128196397
2414,0.3999888696087737,-0.0812149841604347,-0.3415561012015761
2415,0.3803995769435139,-0.0867332302788085,-0.3652240536144656
2416,0.3901942232761438,-0.0852163164778401,-0.3587179567703553
2417,0.3901942232761438,-0.088091415060431,-0.3710493560909751
2418,0.3705743223410945,-0.098949111834168,-0.4176184008638678
2419,0.3843174354765659,-0.0936145571653849,-0.3947383075631501
2420,0.4039067281418257,-0.0717734078447478,-0.3010608470666998
2421,0.4156909120107711,-0.0587265507981839,-0.2451024165995126
2422,0.4156909120107711,-0.0608266206808757,-0.2541096904653508
2423,0.4039067281418257,-0.0730511067807178,-0.306540942909806
2424,0.3843174354765659,-0.0917301335136764,-0.3866559479949792
2425,0.3705743223410945,-0.1066231350534924,-0.4505325573683449
2426,0.3646975345415166,-0.1117352965658272,-0.4724587985698884
2427,0.374522789143936,-0.1055331780516432,-0.4458576933085547
2428,0.3843174354765659,-0.0901272112237932,-0.3797809577055473
2429,0.3901942232761438,-0.0887623611774081,-0.3739270676731664
2430,0.374522789143936,-0.1075235073185421,-0.4543942857990735
2431,0.3588207467419387,-0.1147898503682818,-0.4855598876638289
2432,0.3549028882088867,-0.1222942349988555,-0.5177464582723865
2433,0.3451082418762568,-0.1443685903468008,-0.612424147652857
2434,0.3490261004093087,-0.1229984441846704,-0.5207668363311126
2435,0.3490261004093087,-0.1150776605228555,-0.4867943155773855
2436,0.2999916522065803,-0.2216702997698411,-0.9439739083581103
2437,0.2647003171393232,-0.1695522935555098,-0.7204379397777556
2438,0.8568479044863799,0.3594693478499505,1.5485545563131846
2439,1.503906727835743,0.9991494588572162,4.29216513511308
2440,1.503906727835743,1.0810008437924157,4.643228614707625
2441,1.1313734762281225,0.5796624564802176,2.492970572727323
2442,0.4901914406783372,0.0719793506180725,0.3154998088980754
2443,0.4294034168764529,-0.086101544515118,-0.3625147310735325
2444,0.4098141242111931,-0.0680264096031209,-0.2849898393277154
2445,0.374522789143936,-0.0931595883330627,-0.3927869301795109
2446,0.3588207467419387,-0.1324961675224856,-0.5615029070260611
2447,0.3451082418762568,-0.138022107302883,-0.5852038578269798
2448,0.3392008458068894,-0.1335994437803853,-0.5662348978452628
2449,0.3646975345415166,-0.1220797980724568,-0.5168267307247746
2450,0.374522789143936,-0.1102756931195207,-0.4661985078601562
2451,0.3646975345415166,-0.1075745138141906,-0.4546130544595972
2452,0.3901942232761438,-0.1007677520613351,-0.4254186130018219
2453,0.3843174354765659,-0.0923056582064588,-0.3891243937201276
2454,0.3941120818091958,-0.088747863166476,-0.373864885192454
2455,0.4039067281418257,-0.0778524131647056,-0.3271339154917201
2456,0.4254855583434009,-0.0577126416251307,-0.2407537243621523
2457,0.4392286714788723,-0.0392365763100601,-0.1615092279634676
2458,0.4607768934106581,-0.0249911887307022,-0.1004102577292859
2459,0.4706021480130775,-0.0084146175809633,-0.0293127588637377
2460,0.4999860870109672,0.0180608152243749,0.0842413071031602
2461,0.5392258888810657,0.055041243768645,0.2428516706532325
2462,0.5745172239483228,0.0968498184540774,0.4221701234512671
2463,0.6254799931477878,0.1401522756973258,0.6078958912784569
2464,0.6647197950178864,0.1849537478646774,0.8000509870349963
2465,0.7058879178847215,0.2251918742565509,0.9726337316602666
2466,0.7313846066193487,0.2477030072069652,1.0691847755973292
2467,0.7313846066193487,0.2518224094441355,1.0868530372202136
2468,0.7313846066193487,0.2504676056348714,1.0810422358535083
2469,0.7254772105499813,0.2425921543400415,1.047264147222153
2470,0.6960932715520916,0.2166890013465401,0.9361646095714734
2471,0.654894540415467,0.1741932930279388,0.7538990163628314
2472,0.605890700482528,0.1235332631771691,0.536616359876875
2473,0.5509794644802216,0.0723915922294988,0.3172679277228888
2474,0.5098113416133866,0.0284953864203806,0.1289955513355195
2475,0.4706021480130775,-0.0100145642892811,-0.0361749867787884
2476,0.4294034168764529,-0.0491888338651621,-0.2041948119628252
2477,0.3999888696087737,-0.0818238909723477,-0.3441677240141679
2478,0.3803995769435139,-0.0971546144360069,-0.4099217381718371
2479,0.3803995769435139,-0.100669768707875,-0.4249983589397156
2480,0.374522789143936,-0.1039469885217687,-0.4390544704175184
2481,0.374522789143936,-0.1043896514517338,-0.4409530673515115
2482,0.3843174354765659,-0.0951170535499992,-0.4011825675995382
2483,0.3941120818091958,-0.0830932399638289,-0.3496120066505828
2484,0.4039067281418257,-0.0766796152720052,-0.3221037439265291
2485,0.4039067281418257,-0.0710041729547134,-0.2977615714669674
2486,0.419608770543823,-0.0611869440675256,-0.2556551301912241
2487,0.4254855583434009,-0.0500635017161935,-0.2079462932543838
2488,0.4392286714788723,-0.0386461814886559,-0.1589770037316987
2489,0.4490233178115022,-0.0277569380358594,-0.1122726541386243
2490,0.4549001056110801,-0.0226517011542426,-0.0903761129226912
2491,0.4490233178115022,-0.0246018703422461,-0.0987404574170524
2492,0.4549001056110801,-0.0259337838596157,-0.1044530815137242
2493,0.4490233178115022,-0.0206398921164904,-0.0817473929366801
2494,0.46469475194371,-0.0162314401984046,-0.0628393870279994
2495,0.4490233178115022,-0.0227892901788941,-0.0909662371067403
2496,0.4392286714788723,-0.0360397803206178,-0.147798057107947
2497,0.4294034168764529,-0.046093504919104,-0.1909188368384805
2498,0.4254855583434009,-0.0475149129226446,-0.1970153059457723
2499,0.4352802046760309,-0.0386057906033964,-0.1588037657988973
2500,0.4451054592784502,-0.0283934039954564,-0.115002479108556
2501,0.4451054592784502,-0.0284004248712574,-0.1150325918927252
2502,0.4352802046760309,-0.0360148151514487,-0.1476909806160329
2503,0.4254855583434009,-0.047887941868385,-0.1986152402631304
2504,0.4039067281418257,-0.0679956284858544,-0.2848578180290905
2505,0.3803995769435139,-0.0901341468853717,-0.3798107050029078
2506,0.3705743223410945,-0.1010686356486573,-0.4267091133299696
2507,0.374522789143936,-0.0971462298913405,-0.4098857765637625
2508,0.3803995769435139,-0.0880319438840121,-0.3707942821157977
2509,0.3803995769435139,-0.0900214567211825,-0.3793273729103884
2510,0.374522789143936,-0.097540085188953,-0.4115750358395347
2511,0.3705743223410945,-0.0955903756181398,-0.4032126626595286
2512,0.3549028882088867,-0.1102294435636878,-0.4660001418824362
2513,0.3490261004093087,-0.1327350634070741,-0.562527539908826
2514,0.3549028882088867,-0.0997601080979592,-0.4210967924699489
2515,0.3646975345415166,-0.0951334926238991,-0.401253075367845
2516,0.3039095107396323,-0.20208541735621,-0.8599736562790209
2517,0.2941148644070023,-0.1181101125970792,-0.4998006095786841
2518,0.9372558292233136,0.4318988507430832,1.8592072512076792
2519,1.503906727835743,1.0417569385706713,4.474910119780126
2520,1.503906727835743,1.0709333072052696,4.600048594870123
2521,1.047047692958137,0.527096918729614,2.267515125588646
2522,0.4156909120107711,0.0067393484985321,0.0356831366331695
2523,0.374522789143936,-0.1237522819646512,-0.5240000731822594
2524,0.3843174354765659,-0.0730141509991344,-0.3063824382579412
2525,0.3549028882088867,-0.0991541666058203,-0.4184978880185532
2526,0.3235294116746816,-0.1476572331498407,-0.6265292527343747
2527,0.3196115531416296,-0.140941262735366,-0.5977242185321301
2528,0.3294061994742595,-0.131769381534629,-0.558385696266347
2529,0.3235294116746816,-0.1366993292428924,-0.5795304160295165
2530,0.3352829872738374,-0.1294638013807609,-0.5484969815922843
2531,0.3392008458068894,-0.1180315382691888,-0.499463601512445
2532,0.3490261004093087,-0.1124138229918933,-0.4753690223653709
2533,0.3549028882088867,-0.1062122270499466,-0.4487701584348114
2534,0.3588207467419387,-0.0978640523783049,-0.4129645425517105
2535,0.374522789143936,-0.0874101038050167,-0.368127188064105
2536,0.3843174354765659,-0.0721901575787173,-0.3028483013882517
2537,0.4039067281418257,-0.0549054748671766,-0.2287136870356036
2538,0.419608770543823,-0.0387774344899257,-0.1595399524877824
2539,0.4392286714788723,-0.0174381023267316,-0.0680148034953055
2540,0.4706021480130775,0.014234788745095,0.0678313444629404
2541,0.5098113416133866,0.0508909461713033,0.2250508977398706
2542,0.5451026766806437,0.0921293142435101,0.4019237142437205
2543,0.6000139126829501,0.1413598862222492,0.6130753754522463
2544,0.6411820355497851,0.1880107303706838,0.8131624929242113
2545,0.6803912291500942,0.2233036991703444,0.9645352820570964
2546,0.7058879178847215,0.2529468213275497,1.0916756794834004
2547,0.7254772105499813,0.2712355289725676,1.170116592220923
2548,0.7215593520169293,0.2645535633262412,1.14145740566974
2549,0.6901858754827241,0.2423218224731457,1.0461046843014845
2550,0.6764733706170423,0.2170016465981651,0.937505556093039
2551,0.6254799931477878,0.1776567718346567,0.7687539992363767
2552,0.5745172239483228,0.1187514433377239,0.5161069657724394
2553,0.5058934830803345,0.0553572695976905,0.2442071165906995
2554,0.4490233178115022,-0.0027670945234986,-0.0050903330952109
2555,0.3999888696087737,-0.0533671036365577,-0.2221155585182087
2556,0.3588207467419387,-0.0895314113323405,-0.3772255509375246
2557,0.3392008458068894,-0.1139905335949851,-0.4821315898048008
2558,0.3137347653420516,-0.1360490439645013,-0.576741319513412
2559,0.3039095107396323,-0.1465690887005061,-0.6218621627763083
2560,0.3098169068089997,-0.1388869177870862,-0.5889130605242168
2561,0.3196115531416296,-0.1329911164720002,-0.5636257605437606
2562,0.3098169068089997,-0.1367179358871466,-0.5796102205835949
2563,0.3196115531416296,-0.1307012477651072,-0.5538044328204367
2564,0.3352829872738374,-0.1147947639675501,-0.4855809622645559
2565,0.3352829872738374,-0.1108018174472798,-0.4684550736757337
2566,0.3352829872738374,-0.1159422075401969,-0.490502388255951
2567,0.3392008458068894,-0.107734968835789,-0.4553012517117921
2568,0.3549028882088867,-0.0910564816499513,-0.3837666313694644
2569,0.3646975345415166,-0.0888247306432041,-0.3741945725138009
2570,0.3451082418762568,-0.0952810595268251,-0.4018859950240635
2571,0.3588207467419387,-0.0934821652946441,-0.3941704741556996
2572,0.3549028882088867,-0.0918365842972406,-0.3871125191637286
2573,0.3451082418762568,-0.098737793498926,-0.4167120490638229
2574,0.3451082418762568,-0.105703287107709,-0.4465872970553976
2575,0.3352829872738374,-0.1090936616018972,-0.4611287329516942
2576,0.3352829872738374,-0.1113662787656198,-0.4708760681973273
2577,0.3352829872738374,-0.1118306253940262,-0.4728676672794369
2578,0.3392008458068894,-0.1076935352982073,-0.455123541806372
2579,0.3451082418762568,-0.097627823024856,-0.4119513465151401
2580,0.3646975345415166,-0.087277160692556,-0.3675569903614574
2581,0.3549028882088867,-0.084448171611308,-0.3554233563199055
2582,0.3588207467419387,-0.0919879663760512,-0.3877618022440036
2583,0.3352829872738374,-0.1084385755422187,-0.4583190457151657
2584,0.3196115531416296,-0.1257581120574185,-0.5326031492621549
2585,0.3137347653420516,-0.1326813115121351,-0.5622969961338242
2586,0.3235294116746816,-0.1228080215935535,-0.5199501071153048
2587,0.3392008458068894,-0.1038141771663502,-0.4384848378254761
2588,0.3490261004093087,-0.0990196902002813,-0.4179211139677627
2589,0.3352829872738374,-0.1094292392452707,-0.4625680373110537
2590,0.3352829872738374,-0.1111897271542219,-0.4701188321032228
2591,0.3196115531416296,-0.1197390714831018,-0.5067872717481305
2592,0.3196115531416296,-0.1379641928981362,-0.5849554609004628
2593,0.3294061994742595,-0.1093113169155327,-0.4620622642757838
2594,0.3352829872738374,-0.0947622312403373,-0.3996607221870714
2595,0.3039095107396323,-0.1824189248467623,-0.7756233756178847
2596,0.2843202180743724,-0.1195067434577662,-0.505790808645567
2597,0.8313818240215421,0.3787638638973913,1.6313094167968516
2598,1.503906727835743,1.009125351275296,4.334952089874133
2599,1.503906727835743,1.1556203496418729,4.963274309595684
2600,1.227452835097264,0.6659530197789115,2.863073845039645
2601,0.3941120818091958,0.0407533472609798,0.181570378124844
2602,0.2901970058739504,-0.1986155481409177,-0.8450912647174987
2603,0.3137347653420516,-0.1356359840698665,-0.5749696910430293
2604,0.3098169068089997,-0.1166846901358108,-0.493686922320475
2605,0.2941148644070023,-0.1642933271873092,-0.6978820473667375
2606,0.2784434302747945,-0.1701732340438539,-0.7231011754533865
2607,0.274494963471953,-0.1652740124562872,-0.7020882411066124
2608,0.2843202180743724,-0.1675315538209114,-0.7117709157176899
2609,0.2999916522065803,-0.146532998185516,-0.6217073692834088
2610,0.3294061994742595,-0.1175136992291051,-0.4972425715882036
2611,0.3451082418762568,-0.1024362713445771,-0.4325749511115468
2612,0.3549028882088867,-0.0945784576853056,-0.3988725109217646
2613,0.3588207467419387,-0.0869537527658316,-0.3661698823464346
2614,0.374522789143936,-0.0764092052300123,-0.3209439457101092
2615,0.3901942232761438,-0.0566959921375416,-0.236393278819006
2616,0.419608770543823,-0.029629238956975,-0.1203030188873122
2617,0.4451054592784502,-0.0051087924750225,-0.0151339582784895
2618,0.46469475194371,0.0166327348125391,0.0781162198011335
2619,0.4941092992113892,0.0437977757944246,0.194628039582548
2620,0.5294006342786464,0.0790508138935701,0.3458295645312466
2621,0.5745172239483228,0.1243089673219516,0.5399433823386066
2622,0.6293978516808398,0.1801830417974766,0.7795892602920677
2623,0.6901858754827241,0.236352183379602,1.020500691482521
2624,0.7313846066193487,0.282880085497068,1.2200605062434269
2625,0.7666759416866058,0.3144035926653941,1.3552659413658443
2626,0.7764705880192357,0.3226429441815086,1.3906048108930946
2627,0.7607991538870279,0.3117723770139599,1.3439805645467788
2628,0.7509738992846084,0.2952605927484756,1.2731609389149765
2629,0.7156825642173513,0.2651967387512052,1.1442160077734955
2630,0.6647197950178864,0.2091816726996956,0.9039654119731974
2631,0.5960654458801087,0.1437146319405824,0.6231749629679965
2632,0.5392258888810657,0.0856526692534978,0.3741451552359241
2633,0.4843146528787593,0.02712885220228,0.1231344378311944
2634,0.419608770543823,-0.0321318224536784,-0.1310366878536239
2635,0.3803995769435139,-0.076280864174203,-0.3203934863909062
2636,0.3549028882088867,-0.1021599605443362,-0.4313898443346863
2637,0.3352829872738374,-0.1179745420241233,-0.4992191426052151
2638,0.3294061994742595,-0.129211417160285,-0.5474144967607183
2639,0.3196115531416296,-0.1378447356410896,-0.5844431045077787
2640,0.3137347653420516,-0.1407350195652888,-0.5968396342946461
2641,0.3235294116746816,-0.1380942697641707,-0.5855133651710012
2642,0.3196115531416296,-0.1357091186174067,-0.5752833676993054
2643,0.3294061994742595,-0.1312419341766293,-0.5561234559273605
2644,0.3352829872738374,-0.1220447124077525,-0.5166762470702252
2645,0.3490261004093087,-0.1132153373427566,-0.4788067457121634
2646,0.3549028882088867,-0.1024978411524404,-0.4328390261910775
2647,0.374522789143936,-0.0872654565986003,-0.3675067910892906
2648,0.3843174354765659,-0.0780684322506422,-0.3280604289774452
2649,0.3803995769435139,-0.0773847797268989,-0.325128219168058
2650,0.3941120818091958,-0.0731435844216554,-0.3069375827765346
2651,0.3901942232761438,-0.066202401286658,-0.2771666032652614
2652,0.3999888696087737,-0.068950261815377,-0.2889522740809271
2653,0.3803995769435139,-0.0784850518906907,-0.3298473253215773
2654,0.3803995769435139,-0.0853795052854805,-0.3594178793273954
2655,0.3705743223410945,-0.0945934537557648,-0.3989368295973719
2656,0.3549028882088867,-0.1080442266899115,-0.4566276695658839
2657,0.3549028882088867,-0.1119984604846708,-0.4735875179083103
2658,0.3646975345415166,-0.1008214385569156,-0.4256488762766662
2659,0.3803995769435139,-0.0854406330939489,-0.3596800586559175
2660,0.3941120818091958,-0.0735185965293525,-0.3085460229455367
2661,0.4039067281418257,-0.0631784734666829,-0.2641968700913676
2662,0.4098141242111931,-0.0576929693298388,-0.2406693491931524
2663,0.3999888696087737,-0.0686384495521305,-0.2876149002759239
2664,0.374522789143936,-0.0955801987114056,-0.4031690135472693
2665,0.3451082418762568,-0.1208276118499042,-0.5114560598101935
2666,0.3451082418762568,-0.1292458470569377,-0.5475621678029438
2667,0.3490261004093087,-0.1185958917302122,-0.5018841334302001
2668,0.3646975345415166,-0.1047165407064406,-0.4423551069051524
2669,0.3705743223410945,-0.1059117126127158,-0.4474812414044378
2670,0.3588207467419387,-0.1079628056575838,-0.4562784518838157
2671,0.3705743223410945,-0.1040564698088688,-0.4395240395229193
2672,0.3490261004093087,-0.1207506078997876,-0.5111257871496653
2673,0.3588207467419387,-0.1264169896783991,-0.535429098638962
2674,0.3549028882088867,-0.0972806574582028,-0.4104623411437444
2675,0.3490261004093087,-0.1408590951739588,-0.5973717989604852
2676,0.2784434302747945,-0.2104538603780172,-0.8958662038315172
2677,0.4549001056110801,0.0336513988032521,0.1511098704688665
2678,1.2078329341622147,0.6500354197209126,2.7948026964502906
2679,1.503906727835743,1.1142938715033732,4.786023585906946
2680,1.503906727835743,0.959840198784096,4.123566330920801
2681,0.845094328887224,0.3985673933310287,1.7162474536636654
2682,0.4706021480130775,0.0006290243785903,0.0094757407693671
2683,0.4451054592784502,-0.0604469362319206,-0.2524812104597451
2684,0.4098141242111931,-0.0455322089614395,-0.1885114186605711
2685,0.3901942232761438,-0.0962965473899891,-0.4062414583190416
2686,0.3490261004093087,-0.1342199822832459,-0.5688964093909635
2687,0.3451082418762568,-0.1295245876820407,-0.5487576961844182
2688,0.3588207467419387,-0.1215773854268745,-0.5146718651511493
2689,0.3646975345415166,-0.1214579800132792,-0.514159731116858
2690,0.3588207467419387,-0.1154065551055588,-0.4882049560535978
2691,0.3843174354765659,-0.1005287818688631,-0.4243936614099213
2692,0.3941120818091958,-0.0906323344125111,-0.3819474488943719
2693,0.3901942232761438,-0.0850645282262413,-0.3580669316006525
2694,0.419608770543823,-0.0703808819264789,-0.2950882542427653
2695,0.4254855583434009,-0.0539294297048378,-0.2245273948769144
2696,0.4352802046760309,-0.0473162593755585,-0.1961632738692344
2697,0.4490233178115022,-0.0393989413385855,-0.1622056173028015
2698,0.4607768934106581,-0.0181796512926264,-0.0711953331890042
2699,0.4941092992113892,0.0066877738152431,0.0354619309957969
2700,0.5156881294129645,0.0288161991612844,0.1303715285069396
2701,0.5451026766806437,0.0652158738596582,0.2864910183095527
2702,0.60980855901558,0.118876594626636,0.5166437440688116
2703,0.6509766818824151,0.1666035880489283,0.7213465037677558
2704,0.6862680169496722,0.2020802121354132,0.873506996909431
2705,0.7215593520169293,0.2317876198654469,1.000923117427076
2706,0.7353024651524006,0.2495283630868308,1.0770137914067903
2707,0.7411792529519786,0.2554139025325462,1.1022570778672405
2708,0.7450971114850305,0.2548582454900043,1.099873845195363
2709,0.7254772105499813,0.2399502106555542,1.03593275749059
2710,0.6960932715520916,0.2066569608752746,0.8931368338281065
2711,0.6509766818824151,0.1636747857208852,0.7087847671869829
2712,0.605890700482528,0.1158976343574691,0.5038668783078281
2713,0.5509794644802216,0.0641878067440685,0.2820816021568342
2714,0.5058934830803345,0.0146294252122563,0.0695239542024852
2715,0.4607768934106581,-0.0271638932185158,-0.1097290639807182
2716,0.4254855583434009,-0.0629402979901302,-0.2631753270641009
2717,0.4039067281418257,-0.0901061452169954,-0.3796906048586962
2718,0.3843174354765659,-0.0987357927514633,-0.4167034677873228
2719,0.3999888696087737,-0.0968883364761662,-0.4087796626016433
2720,0.3803995769435139,-0.1051236225590581,-0.4441010953422795
2721,0.374522789143936,-0.1181884520426618,-0.5001366102264131
2722,0.3705743223410945,-0.1185523502211823,-0.5016973823608206
2723,0.3803995769435139,-0.1116809562702882,-0.4722257311239409
2724,0.3803995769435139,-0.1093123531699654,-0.4620667088076287
2725,0.3803995769435139,-0.1100108148744274,-0.4650624357159283
2726,0.3843174354765659,-0.1092205431529375,-0.461672932403418
2727,0.3843174354765659,-0.1028282241236061,-0.4342560504179496
2728,0.4039067281418257,-0.0912720505099229,-0.3846912138201313
2729,0.4039067281418257,-0.0840281840360836,-0.3536220147829055
2730,0.4098141242111931,-0.0841129427161103,-0.353985547753784
2731,0.4039067281418257,-0.0853365682886565,-0.3592337210322083
2732,0.4039067281418257,-0.0882787153007998,-0.3718526934341956
2733,0.3999888696087737,-0.0931628141242084,-0.3928007657116152
2734,0.3941120818091958,-0.0925799047476627,-0.3903006468171037
2735,0.4098141242111931,-0.0877918057706303,-0.3697643212698837
2736,0.3999888696087737,-0.0865263995452599,-0.3643369492965099
2737,0.4039067281418257,-0.0889047796259976,-0.3745379054269793
2738,0.4039067281418257,-0.0892900248347809,-0.3761902357278003
2739,0.4098141242111931,-0.0790890651391839,-0.3324379594679036
2740,0.4294034168764529,-0.0615123436096192,-0.2570507803148755
2741,0.4392286714788723,-0.0561225570828968,-0.2339337956256005
2742,0.419608770543823,-0.0657465057431695,-0.2752112511847141
2743,0.4156909120107711,-0.0791709181358314,-0.332789029860189
2744,0.3901942232761438,-0.1002835097213883,-0.4233416805105352
2745,0.3646975345415166,-0.1248995114634299,-0.5289205810032768
2746,0.3588207467419387,-0.1317187381335959,-0.558168484931447
2747,0.374522789143936,-0.1188940826298777,-0.503163084725928
2748,0.3803995769435139,-0.1061167341674649,-0.4483605860906527
2749,0.3843174354765659,-0.1070288377710244,-0.4522726306464025
2750,0.3803995769435139,-0.114457052041152,-0.4841325038899571
2751,0.3588207467419387,-0.1220152118033946,-0.5165497179366715
2752,0.3549028882088867,-0.1402411783938703,-0.5947215320763088
2753,0.3549028882088867,-0.1422401694684312,-0.6032952753656786
2754,0.3588207467419387,-0.1098170800579615,-0.4642315002486668
2755,0.3705743223410945,-0.1367685717110959,-0.579827399420115
2756,0.2941148644070023,-0.1998779558112883,-0.8505057757826202
2757,0.4607768934106581,0.0098147049427563,0.0488734489920575
2758,1.1509933771631715,0.5998238061857194,2.579443313372327
2759,1.503906727835743,1.088344768185053,4.6747269656909305
2760,1.503906727835743,0.9528369422224496,4.093529116291247
2761,0.8215565694191228,0.3688575755790968,1.588820996477018
2762,0.4451054592784502,-0.0425472539786713,-0.1757088413613196
2763,0.4254855583434009,-0.0799957983962288,-0.3363269704178623
2764,0.4392286714788723,-0.0328733975384699,-0.1342173295721926
2765,0.4254855583434009,-0.0614194235583075,-0.256652242934434
2766,0.3999888696087737,-0.0929143549691795,-0.3917351156243183
2767,0.3843174354765659,-0.097070433878122,-0.4095606847872343
2768,0.3999888696087737,-0.0835192429437999,-0.3514391484709034
2769,0.4352802046760309,-0.0534157463072317,-0.2223241886499664
2770,0.4490233178115022,-0.0346522636585323,-0.1418469491606254
2771,0.4490233178115022,-0.0323178840193387,-0.1318347124772906
2772,0.46469475194371,-0.0227801008830703,-0.0909268238925414
2773,0.4706021480130775,-0.0109446565968931,-0.0401641855212763
2774,0.4745200065461294,-0.0081586683311082,-0.0282149834953077
2775,0.4803967943457073,-0.003271484487026,-0.0072536794553083
2776,0.4901914406783372,0.0085860373143782,0.04360365015817
2777,0.4999860870109672,0.0186858235666071,0.0869219899477249
2778,0.5098113416133866,0.0274989393837007,0.1247217548175319
2779,0.5254827757455944,0.0450878738647828,0.2001613157507731
2780,0.5509794644802216,0.0719480642420521,0.3153656205268179
2781,0.5843118702809528,0.1006769948615243,0.4385850181739911
2782,0.60980855901558,0.1351466872542394,0.5864267457332794
2783,0.6647197950178864,0.1817571856641097,0.7863408189082124
2784,0.7058879178847215,0.2286376881745649,0.9874129492025354
2785,0.7353024651524006,0.2590407446163201,1.1178127316033084
2786,0.7548917578176605,0.273019409807247,1.1777677200973828
2787,0.7509738992846084,0.2788598305882459,1.2028174910120353
2788,0.7548917578176605,0.2748231271067095,1.1855039272715864
2789,0.7313846066193487,0.255523358097125,1.1027265366478394
2790,0.6960932715520916,0.2231088727122837,0.9636996645004964
2791,0.654894540415467,0.1765496044923189,0.7640053194186526
2792,0.5901886580805307,0.1169958283218578,0.5085770709907406
2793,0.5353080303480138,0.0620895192318383,0.273081972940829
2794,0.4941092992113892,0.019250609688085,0.0893443775614435
2795,0.4490233178115022,-0.0242837785675024,-0.0973761505655516
2796,0.4039067281418257,-0.0666079758557151,-0.2789061269099861
2797,0.3803995769435139,-0.0936895658920855,-0.3950600226400094
2798,0.3646975345415166,-0.1061089081594721,-0.4483270200660894
2799,0.3588207467419387,-0.1111724457076606,-0.4700447113688328
2800,0.3588207467419387,-0.1126915339133665,-0.4765601343116254
2801,0.3588207467419387,-0.1111942947234803,-0.4701384225690214
2802,0.3646975345415166,-0.1027487807735016,-0.433915315084755
2803,0.3803995769435139,-0.0908903153053205,-0.3830539380511562
2804,0.3803995769435139,-0.0858993255394646,-0.3616474067479987
2805,0.3843174354765659,-0.0841775778952059,-0.3542627703187471
2806,0.3901942232761438,-0.0769637301325515,-0.3233223225935469
2807,0.3941120818091958,-0.0718253034929916,-0.3012834293340946
2808,0.3901942232761438,-0.0770238574208842,-0.3235802106558854
2809,0.3803995769435139,-0.0839666922923488,-0.3533582745231778
2810,0.3803995769435139,-0.0845621627742621,-0.3559122684420568
2811,0.3843174354765659,-0.0818391161211571,-0.3442330252149063
2812,0.3803995769435139,-0.0809959656230908,-0.3406167229628752
2813,0.374522789143936,-0.089584956670355,-0.3774552087825851
2814,0.3588207467419387,-0.10687253167288,-0.4516022282733716
2815,0.3392008458068894,-0.1174054704960624,-0.4967783747313739
2816,0.3451082418762568,-0.1211746836168966,-0.5129446628715324
2817,0.3352829872738374,-0.1261424481744737,-0.5342515804364604
2818,0.3392008458068894,-0.1167664719548664,-0.494037687429556
2819,0.3705743223410945,-0.0943661634722641,-0.3979619735473862
2820,0.3705743223410945,-0.0885200205589623,-0.3728876602052778
2821,0.3588207467419387,-0.0963041107532005,-0.4062738978508655
2822,0.3646975345415166,-0.0988924984490736,-0.41737558405657
2823,0.3490261004093087,-0.1063368629860819,-0.4493047263649304
2824,0.3352829872738374,-0.1226922880188259,-0.5194537217275443
2825,0.3235294116746816,-0.1329141479187969,-0.5632956397018432
2826,0.3294061994742595,-0.1299821202103446,-0.5507200693506293
2827,0.3352829872738374,-0.1169929789704489,-0.4950091840157888
2828,0.3451082418762568,-0.1116546156673938,-0.4721127553482219
2829,0.3352829872738374,-0.1232979578316326,-0.5220514609366931
2830,0.3196115531416296,-0.1305241325835124,-0.553044779553862
2831,0.3137347653420516,-0.1387959921316837,-0.588523077178238
2832,0.3098169068089997,-0.1531959679515345,-0.6502850818333377
2833,0.3235294116746816,-0.1246141241204907,-0.5276965446143531
2834,0.3235294116746816,-0.1120980053702904,-0.4740144694369756
2835,0.2901970058739504,-0.2046083413439429,-0.8707945663294404
2836,0.2647003171393232,-0.1431664000346172,-0.6072679109628589
2837,0.8352996825545941,0.3721033447271528,1.6027422149387367
2838,1.503906727835743,1.0146412921619752,4.358610155066902
2839,1.503906727835743,1.133772411434452,4.869567731324151
2840,1.1666648112953797,0.6193461015352861,2.663175127324127
2841,0.3941120818091958,0.0242363507845561,0.1107283971363152
2842,0.3098169068089997,-0.1776986180513413,-0.7553778131308699
2843,0.3294061994742595,-0.1219967540778037,-0.5164705520999973
2844,0.3137347653420516,-0.1165614691469339,-0.4931584231490993
2845,0.3098169068089997,-0.1496619980591639,-0.6351277602048742
2846,0.3098169068089997,-0.139580989488729,-0.591889958555444
2847,0.3098169068089997,-0.131982241435537,-0.5592986598959554
2848,0.3196115531416296,-0.1304799010710147,-0.55285506903525
2849,0.3352829872738374,-0.111726517513138,-0.4724211449029767
2850,0.3451082418762568,-0.1026259550119444,-0.4333885110573063
2851,0.3392008458068894,-0.1035121431951768,-0.4371894034603785
2852,0.3549028882088867,-0.0948221227960977,-0.3999175991840852
2853,0.3549028882088867,-0.0897302408467706,-0.3780783377442132
2854,0.3549028882088867,-0.0893928711820215,-0.3766313473419099
2855,0.3705743223410945,-0.0756468992147675,-0.3176743882989602
2856,0.3901942232761438,-0.055530459251448,-0.2313942671236287
2857,0.4039067281418257,-0.03844824632871,-0.1581280528429663
2858,0.4352802046760309,-0.012150183372699,-0.0453347324215379
2859,0.46469475194371,0.0239586303004219,0.1095372441754701
2860,0.5058934830803345,0.0577010500389784,0.2542596736460943
2861,0.5353080303480138,0.0957820988198386,0.4175906362462058
2862,0.5960654458801087,0.1495047586283748,0.6480090207413488
2863,0.6509766818824151,0.2082331083598745,0.8998969860324447
2864,0.6960932715520916,0.254141968145111,1.096801706376306
2865,0.7254772105499813,0.2804212633993033,1.209514531462076
2866,0.7313846066193487,0.2898459346514344,1.2499372791825605
2867,0.7313846066193487,0.2881503902370163,1.2426650293311503
2868,0.7156825642173513,0.2730504685605732,1.1779009321868692
2869,0.6803912291500942,0.2376761754293775,1.0261793401250292
2870,0.6293978516808398,0.187031424569871,0.8089622157719963
2871,0.5705993654152709,0.1289580433496314,0.5598834335481125
2872,0.5058934830803345,0.062150044752104,0.2733415690339869
2873,0.4352802046760309,-0.005608997944994,-0.0172793571980001
2874,0.3843174354765659,-0.0580896480574168,-0.2423707182597225
2875,0.3451082418762568,-0.0973067607090196,-0.4105742989080234
2876,0.3098169068089997,-0.1324399353714901,-0.5612617253452722
2877,0.2843202180743724,-0.156482297136573,-0.6643802637255695
2878,0.2784434302747945,-0.1648046418482814,-0.7000750939986389
2879,0.274494963471953,-0.1676811730876868,-0.7124126380349132
2880,0.2686181756723751,-0.17100507868805,-0.7266689864990367
2881,0.274494963471953,-0.1717328435232329,-0.7297903955694894
2882,0.2686181756723751,-0.1684781279081968,-0.7158308053950548
2883,0.2843202180743724,-0.16221839316582,-0.6889825820969709
2884,0.2843202180743724,-0.1549472783148729,-0.6577965138083777
2885,0.2941148644070023,-0.1486789617281613,-0.630911482676976
2886,0.3039095107396323,-0.1400814497773434,-0.59403645040111
2887,0.3137347653420516,-0.1257864100515775,-0.5327245203581098
2888,0.3294061994742595,-0.114792122538111,-0.4855696330804409
2889,0.3294061994742595,-0.1144678587859467,-0.4841788543998931
2890,0.3235294116746816,-0.1149010257663161,-0.4860367228708339
2891,0.3352829872738374,-0.1124201259083583,-0.4753960557966018
2892,0.3235294116746816,-0.116530580861188,-0.493025942201083
2893,0.3196115531416296,-0.123520880553894,-0.5230075843623351
2894,0.3196115531416296,-0.1253442804378039,-0.5308282108360897
2895,0.3137347653420516,-0.1279304706147103,-0.5419204718053667
2896,0.3137347653420516,-0.1308179586610065,-0.5543050099732051
2897,0.3235294116746816,-0.1201429886570317,-0.5085196867666435
2898,0.3490261004093087,-0.0948563557669417,-0.400064425604565
2899,0.3705743223410945,-0.0730175820272687,-0.3063971540587352
2900,0.3803995769435139,-0.0662612112905321,-0.2774188414480527
2901,0.3705743223410945,-0.0704233513267428,-0.2952704069997985
2902,0.3646975345415166,-0.0835471549389403,-0.3515588640034405
2903,0.3392008458068894,-0.1051946738643947,-0.4444058368991993
2904,0.3196115531416296,-0.1227429563012952,-0.5196710397798026
2905,0.3294061994742595,-0.122032458830324,-0.5166236910440452
2906,0.3352829872738374,-0.1050994945978243,-0.4439976096647559
2907,0.3549028882088867,-0.0935057676666442,-0.3942717055624449
2908,0.3490261004093087,-0.0992415193768876,-0.4188725471374843
2909,0.3451082418762568,-0.0988860747897705,-0.4173480327550439
2910,0.3549028882088867,-0.0931566324869881,-0.3927742524513464
2911,0.3294061994742595,-0.1159469017920921,-0.4905225220680512
2912,0.3352829872738374,-0.1237761347851603,-0.5241023787715013
2913,0.3352829872738374,-0.090725684988895,-0.382347832812047
2914,0.3235294116746816,-0.1414811254724873,-0.6000397088704706
2915,0.2392036284046959,-0.2240512715843457,-0.9541859805262024
2916,0.4156909120107711,0.024060546182887,0.1099743649933093
2917,1.1960793585630587,0.6594741272566167,2.835285646286544
2918,1.503906727835743,1.1430715228740749,4.909451948576136
2919,1.503906727835743,0.9902735849748256,4.2540961986856605
2920,0.8215565694191228,0.3930131616246621,1.692425157793472
2921,0.3901942232761438,-0.0467608957617996,-0.1937812997237663
2922,0.374522789143936,-0.1018686830866035,-0.4301405450354741
2923,0.3843174354765659,-0.0551239370478192,-0.2296506790407716
2924,0.3549028882088867,-0.0921579327223467,-0.3884907939036036
2925,0.3392008458068894,-0.1244753496500648,-0.5271013360115278
2926,0.3352829872738374,-0.1113123709270482,-0.4706448555745799
2927,0.3588207467419387,-0.094290203847794,-0.3976361800364238
2928,0.374522789143936,-0.0810936710374739,-0.3410357849344682
2929,0.3803995769435139,-0.074902932560255,-0.3144834890534283
2930,0.3705743223410945,-0.0792267161252694,-0.3330283494067305
2931,0.3803995769435139,-0.0803940003841153,-0.3380348728016714
2932,0.3803995769435139,-0.0711877780415402,-0.2985490601661959
2933,0.4039067281418257,-0.0529306546128829,-0.2202436132476647
2934,0.4254855583434009,-0.0315489496418835,-0.1285367257866195
2935,0.4392286714788723,-0.0170377955920242,-0.0662978737780775
2936,0.4490233178115022,-0.0071706880886608,-0.0239775013566874
2937,0.4706021480130775,0.0104414369413394,0.0515615246595616
2938,0.4941092992113892,0.0394281172669548,0.1758864198957462
2939,0.5353080303480138,0.0734218010023802,0.3216865295193386
2940,0.5646919693459035,0.1084415136483873,0.4718873133624152
2941,0.60980855901558,0.1483976747161542,0.6432606987583426
2942,0.654894540415467,0.1966496986721711,0.850215332951636
2943,0.7098057764177734,0.2479771192304787,1.0703604517431822
2944,0.7509738992846084,0.2913344877835098,1.2563217361165693
2945,0.7764705880192357,0.3152198738794927,1.3587670003103691
2946,0.7803884465522877,0.3171406663272619,1.3670053469287755
2947,0.7666759416866058,0.3072855099293654,1.324736233220644
2948,0.7548917578176605,0.289626893433944,1.2489978036679106
2949,0.7156825642173513,0.2543199350776632,1.0975650128328067
2950,0.6647197950178864,0.2006093813939392,0.867198551934367
2951,0.605890700482528,0.1420728437669157,0.616133275530931
2952,0.5509794644802216,0.0866502470077126,0.3784238014413367
2953,0.4999860870109672,0.0350024095493248,0.1569044032536373
2954,0.4549001056110801,-0.0103411385882286,-0.0375756754760588
2955,0.4156909120107711,-0.0494325686487047,-0.2052401990540324
2956,0.3843174354765659,-0.0833594566216076,-0.3507538192940684
2957,0.3588207467419387,-0.1058789921136069,-0.4473409020286248
2958,0.3549028882088867,-0.113307671175356,-0.4792027687798526
2959,0.3549028882088867,-0.1129082864505074,-0.4774897935954588
2960,0.3549028882088867,-0.1115224943667265,-0.4715460824253686
2961,0.3588207467419387,-0.1108961189301485,-0.468859536064892
2962,0.3588207467419387,-0.109856863828796,-0.4644021342462663
2963,0.3646975345415166,-0.1031087114311936,-0.4354590703822633
2964,0.3803995769435139,-0.0912946768651358,-0.3847882590564198
2965,0.3843174354765659,-0.083776275340109,-0.352541569492713
2966,0.3901942232761438,-0.0817948757605181,-0.3440432767463038
2967,0.3901942232761438,-0.07940530513413,-0.333794323970479
2968,0.3941120818091958,-0.0777382792529066,-0.3266443911147336
2969,0.3941120818091958,-0.0784220046972606,-0.3295769136831943
2970,0.3901942232761438,-0.0790440309869075,-0.332244806398945
2971,0.3941120818091958,-0.0822827495335139,-0.3461357845821385
2972,0.3803995769435139,-0.0889809840367702,-0.3748647488350348
2973,0.3803995769435139,-0.0945307543408972,-0.3986679095935211
2974,0.3705743223410945,-0.1026714213103477,-0.4335835176162592
2975,0.3588207467419387,-0.1153396113074006,-0.4879178317399738
2976,0.3549028882088867,-0.1185849359161675,-0.5018371435569882
2977,0.3705743223410945,-0.104842732408242,-0.4428963475691367
2978,0.3901942232761438,-0.0855805842621764,-0.360280314157155
2979,0.3999888696087737,-0.0721061129482558,-0.3024878310011665
2980,0.4156909120107711,-0.0655272252267034,-0.2742707493083094
2981,0.4039067281418257,-0.0661170072862266,-0.2768003453827383
2982,0.3999888696087737,-0.0801989323911277,-0.337198219293243
2983,0.3705743223410945,-0.1064789464172049,-0.4499141272170022
2984,0.3451082418762568,-0.1278039648851932,-0.5413778842654237
2985,0.3490261004093087,-0.132750759367212,-0.5625948604359735
2986,0.3549028882088867,-0.1217397828999702,-0.5153683936463905
2987,0.3705743223410945,-0.1038020089273554,-0.4384326478188509
2988,0.3803995769435139,-0.101849453176465,-0.4300580672720147
2989,0.3646975345415166,-0.1150893330330234,-0.4868443793855715
2990,0.3490261004093087,-0.1214968947107683,-0.5143266376281981
2991,0.3549028882088867,-0.1317943694265597,-0.5584928702169878
2992,0.3490261004093087,-0.1340577888470606,-0.5682007560172341
2993,0.3549028882088867,-0.1070699616334598,-0.4524490123441877
2994,0.3588207467419387,-0.1378709770959306,-0.5845556550339964
2995,0.274494963471953,-0.2094233721334306,-0.8914464033710576
2996,0.4352802046760309,-0.0110622936642508,-0.0406687350561264
2997,1.1176609713624406,0.5807246705306425,2.497526446289042
2998,1.503906727835743,1.0877442457276842,4.672151303670972
2999,1.503906727835743,0.9695019535327356,4.165005938127593
3000,0.845094328887224,0.3878710833482932,1.6703706025348315
3001,0.4352802046760309,-0.0342385981813009,-0.140072723325107
3002,0.419608770543823,-0.0913815828946918,-0.3851610020852375
3003,0.3941120818091958,-0.0651958282031854,-0.272849375775099
3004,0.3803995769435139,-0.104342629161055,-0.4407513870867576
3005,0.3549028882088867,-0.1353692361105172,-0.5738255996283509
3006,0.3392008458068894,-0.1364640851153949,-0.5785214456618332
3007,0.3490261004093087,-0.1294339004721055,-0.5483687355394666
3008,0.374522789143936,-0.1183601569631231,-0.5008730586919873
3009,0.3646975345415166,-0.1076788209350684,-0.4550604313834067
3010,0.3901942232761438,-0.0947816775731169,-0.3997441281948789
3011,0.3999888696087737,-0.0872002874364509,-0.3672272782521585
3012,0.3843174354765659,-0.0907282611549599,-0.3823588820792459
3013,0.4039067281418257,-0.0838215505911882,-0.3527357566429484
3014,0.419608770543823,-0.0618280445352147,-0.2584048327299754
3015,0.4352802046760309,-0.0458957674075668,-0.1900707336707506
3016,0.4490233178115022,-0.0357841152279211,-0.146701500499601
3017,0.46469475194371,-0.0168182522229912,-0.0653562445177339
3018,0.4901914406783372,0.0077850539022693,0.0401682040264389
3019,0.5156881294129645,0.0313038623007624,0.1410412035343767
3020,0.5451026766806437,0.0636561096446587,0.2798011345269107
3021,0.5901886580805307,0.1082201204640578,0.4709377501789606
3022,0.6353052477502072,0.1495141001479651,0.6480490868486561
3023,0.6647197950178864,0.1850874641512617,0.8006245009087556
3024,0.7058879178847215,0.2228567157291653,0.962618154297979
3025,0.7353024651524006,0.2496036348718103,1.0773366347498945
3026,0.7313846066193487,0.2534470581196085,1.093821212744449
3027,0.7313846066193487,0.2451496645485968,1.0582333987946806
3028,0.7098057764177734,0.2292445911371847,0.9900159774347668
3029,0.6803912291500942,0.1970752041270533,0.8520403408692865
3030,0.6293978516808398,0.149053457589329,0.6460733746525564
3031,0.5843118702809528,0.0980779563979978,0.4274376504498159
3032,0.5294006342786464,0.0531931086938223,0.2349249540724241
3033,0.4941092992113892,0.0068119797918821,0.0359946548144574
3034,0.4352802046760309,-0.043770596247573,-0.1809557995404112
3035,0.4039067281418257,-0.0775760215582656,-0.3259484621342189
3036,0.3941120818091958,-0.0885540599029377,-0.3730336561532826
3037,0.3803995769435139,-0.1003373319088163,-0.4235725257725038
3038,0.3646975345415166,-0.1167391062729563,-0.4939203150537503
3039,0.3588207467419387,-0.1209382161811558,-0.5119304456916071
3040,0.3646975345415166,-0.1183468980951034,-0.5008161909389717
3041,0.3588207467419387,-0.1197927447953377,-0.5070174784791446
3042,0.3646975345415166,-0.116322149948111,-0.4921319746566387
3043,0.374522789143936,-0.1059195070981307,-0.4475146722275518
3044,0.3803995769435139,-0.0996999694845293,-0.4208388558338687
3045,0.3803995769435139,-0.0980880867434098,-0.4139254338527526
3046,0.3843174354765659,-0.0969386735407673,-0.4089955600487718
3047,0.3803995769435139,-0.097498225529616,-0.4113954982828626
3048,0.3843174354765659,-0.0950648102315632,-0.4009584941624151
3049,0.3941120818091958,-0.0850803493283007,-0.3581347888659192
3050,0.3999888696087737,-0.0771987771201838,-0.3243304474213887
3051,0.3999888696087737,-0.0800123469396133,-0.3363979477046533
3052,0.3901942232761438,-0.0859835764218791,-0.3620087617569916
3053,0.3901942232761438,-0.0876984958026057,-0.3693641115228953
3054,0.3901942232761438,-0.0889773328570098,-0.3748490887961445
3055,0.3803995769435139,-0.0928327078110561,-0.3913849280807294
3056,0.3843174354765659,-0.0963970156309699,-0.4066723701514484
3057,0.3803995769435139,-0.0929060929590958,-0.3916996795713947
3058,0.3999888696087737,-0.0780840801762102,-0.3281275434826266
3059,0.4098141242111931,-0.0626089606538776,-0.2617542095316789
3060,0.4254855583434009,-0.0563858141421584,-0.2350629144465633
3061,0.4098141242111931,-0.0555513156412403,-0.2314837209157431
3062,0.4156909120107711,-0.0676516480499734,-0.2833824737960218
3063,0.374522789143936,-0.0962805194169206,-0.4061727137767137
3064,0.3588207467419387,-0.1120049288171867,-0.4736152608148231
3065,0.3803995769435139,-0.0987771790476009,-0.4168809750725215
3066,0.3941120818091958,-0.075954087540233,-0.3189919298715813
3067,0.4098141242111931,-0.0608437474266275,-0.2541831476825075
3068,0.4156909120107711,-0.0606391133008647,-0.2533054646928922
3069,0.4039067281418257,-0.0676914734406298,-0.2835532863025068
3070,0.3901942232761438,-0.075744797615784,-0.3180942779970368
3071,0.3803995769435139,-0.0951405743549409,-0.4012834491622904
3072,0.3901942232761438,-0.0892557785948362,-0.3760433523956791
3073,0.3941120818091958,-0.0505282646887361,-0.2099396780511919
3074,0.3999888696087737,-0.0948998910763744,-0.4002511500836533
3075,0.3196115531416296,-0.1552225859925757,-0.658977318157259
3076,0.5254827757455944,0.111412183029752,0.4846286192129211
3077,1.2921587174322002,0.7263426747150892,3.1220872070028256
3078,1.503906727835743,1.1496531334454976,4.937680708668212
3079,1.503906727835743,0.9387068056892576,4.032924461862789
3080,0.7509738992846084,0.3382841536592403,1.4576905105262392
3081,0.4156909120107711,-0.0564639306458531,-0.2353979588886645
3082,0.3999888696087737,-0.0884912934996845,-0.3727644488338811
3083,0.3941120818091958,-0.0516476884864077,-0.2147409262385336
3084,0.3843174354765659,-0.0843281382817805,-0.3549085291320137
3085,0.3588207467419387,-0.1130341752749241,-0.4780297352076476
3086,0.3352829872738374,-0.1242209973609358,-0.5260104100640296
3087,0.3392008458068894,-0.1222403942232919,-0.517515533285248
3088,0.3705743223410945,-0.0982367831900874,-0.414563198161998
3089,0.374522789143936,-0.0860236577491995,-0.3621806719848639
3090,0.3705743223410945,-0.0899902450390099,-0.3791935049036811
3091,0.3843174354765659,-0.0803436116459701,-0.337818753724888
3092,0.3941120818091958,-0.0669669461462045,-0.2804457631586586
3093,0.3941120818091958,-0.0649244210053545,-0.2716853007220874
3094,0.4039067281418257,-0.0588140779568552,-0.2454778236730336
3095,0.4156909120107711,-0.0434368782301479,-0.179524471182395
3096,0.4294034168764529,-0.0294645919033178,-0.1195968418616254
3097,0.4451054592784502,-0.0153510270124352,-0.0590632637920636
3098,0.46469475194371,0.0071839916198547,0.0375902266778019
3099,0.4941092992113892,0.0365118288582479,0.1633783559567865
3100,0.5294006342786464,0.0694053192643285,0.3044596975505859
3101,0.5646919693459035,0.1111759388601486,0.483615359629341
3102,0.6196032053482099,0.1599536220797539,0.6928245649615655
3103,0.654894540415467,0.2000328334057845,0.8647257172592414
3104,0.6803912291500942,0.2252517613416584,0.9728905894824922
3105,0.7000111300851435,0.2435839207433635,1.0515178683384276
3106,0.7098057764177734,0.2562152712889126,1.1056941767540955
3107,0.7098057764177734,0.2551882121954,1.101289084043652
3108,0.6901858754827241,0.236295636969604,1.020258161933776
3109,0.654894540415467,0.2019894596556679,0.8731177563199597
3110,0.60980855901558,0.1571779705632172,0.6809196976180417
3111,0.5607741108128516,0.1074017121174658,0.4674275678880774
3112,0.5058934830803345,0.05593663812319,0.2466920486500708
3113,0.4549001056110801,0.0017201257310681,0.0141555129894025
3114,0.3999888696087737,-0.0500802751623717,-0.2080182351571967
3115,0.3646975345415166,-0.085625916836745,-0.3604747471698601
3116,0.3451082418762568,-0.1048567373660054,-0.4429564153274022
3117,0.3294061994742595,-0.1213749310306929,-0.5138035310986588
3118,0.3137347653420516,-0.1329240328793952,-0.5633380366468189
3119,0.3235294116746816,-0.127988044128443,-0.5421674066382898
3120,0.3294061994742595,-0.116030769454177,-0.4908822334315216
3121,0.3352829872738374,-0.1152096957076085,-0.4873606191460423
3122,0.3235294116746816,-0.1208613993570527,-0.511600975621157
3123,0.3352829872738374,-0.1154426815775958,-0.4883599037675408
3124,0.3392008458068894,-0.1019970200339614,-0.4306909867333839
3125,0.3549028882088867,-0.0978452394182503,-0.4128838531018805
3126,0.3392008458068894,-0.1001209422069145,-0.4226444227018202
3127,0.3549028882088867,-0.0942888147341129,-0.3976302220788056
3128,0.3588207467419387,-0.0857092250249435,-0.3608320589300806
3129,0.3549028882088867,-0.0869666150863471,-0.3662250492932054
3130,0.3549028882088867,-0.0932619482452428,-0.3932259554564733
3131,0.3451082418762568,-0.0948589740110431,-0.4000756553459481
3132,0.3490261004093087,-0.096689585407418,-0.4079272122512538
3133,0.3352829872738374,-0.1065278448497233,-0.4501238543203398
3134,0.3294061994742595,-0.1150645744106256,-0.4867381887800512
3135,0.3235294116746816,-0.1144090672475151,-0.4839266954160365
3136,0.3352829872738374,-0.1131956389658199,-0.4787222586780681
3137,0.3294061994742595,-0.1064452065059036,-0.4497694155463075
3138,0.3588207467419387,-0.0845490389101174,-0.3558559797254272
3139,0.3705743223410945,-0.0716477061715192,-0.3005217081525638
3140,0.3549028882088867,-0.0844374522977413,-0.355377380805593
3141,0.3392008458068894,-0.0996387692416433,-0.4205763658315725
3142,0.3352829872738374,-0.1087955336277209,-0.459850051545611
3143,0.3098169068089997,-0.1257848653801641,-0.5327178952078859
3144,0.3039095107396323,-0.1378400553193365,-0.5844230304425498
3145,0.3137347653420516,-0.1253920024787003,-0.5310328923542302
3146,0.3294061994742595,-0.1082906072725162,-0.4576844045826734
3147,0.3235294116746816,-0.1160283598749147,-0.490871898661
3148,0.3098169068089997,-0.1292170661133429,-0.5474387253198092
3149,0.3196115531416296,-0.1184189563008807,-0.5011252511274285
3150,0.3137347653420516,-0.1188987458493804,-0.5031830854390011
3151,0.3098169068089997,-0.13990131708228,-0.5932638549127409
3152,0.3137347653420516,-0.1163094586046345,-0.4920775410364242
3153,0.3098169068089997,-0.1115715644977264,-0.4717565459495548
3154,0.274494963471953,-0.2080659662002899,-0.8856244414031822
3155,0.2588235293397452,-0.1240013379225172,-0.5250682829779936
3156,0.886262451754059,0.4204279283518649,1.810008060112645
3157,1.503906727835743,1.0512785243017475,4.515748537122187
3158,1.503906727835743,1.124813844326066,4.831144120731109
3159,1.1019589289604432,0.5880879715294067,2.5291079042200795
3160,0.3803995769435139,0.0124387351633131,0.060128007244422
3161,0.3039095107396323,-0.1671511217627808,-0.7101392291899374
3162,0.3294061994742595,-0.1065407876946719,-0.4501793666392469
3163,0.3196115531416296,-0.100406912119584,-0.4238709577528835
3164,0.3098169068089997,-0.1370698716856637,-0.5811196856478588
3165,0.2999916522065803,-0.135031678204086,-0.5723778018508275
3166,0.3039095107396323,-0.1280302438715499,-0.542348402826257
3167,0.3098169068089997,-0.1265866635554776,-0.5361568358877652
3168,0.3235294116746816,-0.1145250478136324,-0.484424140158587
3169,0.3294061994742595,-0.1036509418201451,-0.4377847156628889
3170,0.3392008458068894,-0.0950669072047871,-0.4009674881546021
3171,0.3549028882088867,-0.0845073618929718,-0.3556772255275618
3172,0.3549028882088867,-0.0764096874756755,-0.3209460140787835
3173,0.3705743223410945,-0.0661292517394643,-0.276852862274942
3174,0.3843174354765659,-0.0523647422803641,-0.217816395275033
3175,0.3941120818091958,-0.0388151901772739,-0.1597018879637116
3176,0.419608770543823,-0.017727853501635,-0.0692575565135803
3177,0.4490233178115022,0.0151229458864073,0.0716406817967276
3178,0.4901914406783372,0.0528466946939734,0.2334391721975847
3179,0.5254827757455944,0.0926984303091007,0.4043646731405989
3180,0.5745172239483228,0.1362507762636486,0.591162222472398
3181,0.6196032053482099,0.1850661036037224,0.8005328847662659
3182,0.6705965828174644,0.2362548094002637,1.0200830510475356
3183,0.7156825642173513,0.2768773439331425,1.194314535760376
3184,0.7353024651524006,0.3017036620612746,1.3007954906578794
3185,0.7548917578176605,0.3188576329404039,1.3743694773467825
3186,0.7607991538870279,0.3224368354261404,1.3897208031650428
3187,0.7313846066193487,0.2979921980572464,1.284876890518425
3188,0.6901858754827241,0.2511559689546599,1.083994650433439
3189,0.6293978516808398,0.194961907639901,0.8429763376299771
3190,0.5705993654152709,0.1317516898039133,0.5718654818149025
3191,0.4999860870109672,0.0647516432542182,0.2844999168540419
3192,0.4392286714788723,0.0014641695194327,0.013057707761651
3193,0.3843174354765659,-0.0540399825635651,-0.2250015599908542
3194,0.3352829872738374,-0.0998239238690559,-0.4213705005650771
3195,0.3039095107396323,-0.1367587761032202,-0.5797853857121208
3196,0.2686181756723751,-0.1668316043720978,-0.7087688078213442
3197,0.2549056708066933,-0.1852208796584318,-0.7876410587228208
3198,0.2490288830071153,-0.1878001624997786,-0.7987036938860326
3199,0.2588235293397452,-0.1813257995569696,-0.7709349226592543
3200,0.2647003171393232,-0.173305983825069,-0.736537649860791
3201,0.274494963471953,-0.1647781159524033,-0.6999613234947714
3202,0.2843202180743724,-0.1558665367131329,-0.6617392455311844
3203,0.2941148644070023,-0.1450715725511104,-0.6154392631445905
3204,0.3098169068089997,-0.129823776243218,-0.5500409264855907
3205,0.3294061994742595,-0.1128169132118713,-0.4770978905491901
3206,0.3392008458068894,-0.0986739255256081,-0.4164381170715251
3207,0.3549028882088867,-0.0889844214298255,-0.3748794919351996
3208,0.3549028882088867,-0.0843445503838841,-0.354978921217334
3209,0.3588207467419387,-0.0836091535468194,-0.3518247782213768
3210,0.3588207467419387,-0.0839621916398958,-0.35333897106592
3211,0.3549028882088867,-0.0852350671294867,-0.3587983789772236
3212,0.3588207467419387,-0.0869520489857717,-0.366162574773609
3213,0.3549028882088867,-0.0855365918302422,-0.3600916290635201
3214,0.3588207467419387,-0.0855529887575071,-0.3601619560634216
3215,0.3490261004093087,-0.0957430476974441,-0.4038674785974621
3216,0.3392008458068894,-0.1035115164460388,-0.4371867153111994
3217,0.3549028882088867,-0.0904619351888294,-0.3812166006083806
3218,0.374522789143936,-0.0701057545902563,-0.2939082233848592
3219,0.3843174354765659,-0.0625564717985541,-0.2615290829781773
3220,0.3803995769435139,-0.0624972536240986,-0.2612750941373526
3221,0.3803995769435139,-0.0683973283320532,-0.2865807228506863
3222,0.3588207467419387,-0.0879201907342284,-0.3703149689111429
3223,0.3352829872738374,-0.1088570090659633,-0.4601137218705061
3224,0.3352829872738374,-0.1156459426161255,-0.4892316975375391
3225,0.3392008458068894,-0.107617268213983,-0.4547964295896696
3226,0.3549028882088867,-0.0922822277870831,-0.3890238998242589
3227,0.3588207467419387,-0.0903988787261179,-0.3809461492137224
3228,0.3490261004093087,-0.1037489190590619,-0.4382049434995032
3229,0.3392008458068894,-0.1054473405855075,-0.4454895333859702
3230,0.3392008458068894,-0.1104714780965578,-0.4670382365384845
3231,0.3352829872738374,-0.125254786445053,-0.5304443679417659
3232,0.3451082418762568,-0.0967363171980136,-0.4081276465508953
3233,0.3451082418762568,-0.0965378736428387,-0.4072765151370779
3234,0.2784434302747945,-0.2097478670544589,-0.892838173543024
3235,0.2647003171393232,-0.1448663774204875,-0.6145591739853251
3236,0.8666731590887993,0.3943571685413605,1.6981896509067995
3237,1.503906727835743,1.0292173911230496,4.421127558092403
3238,1.503906727835743,1.106363324561786,4.752009190101602
3239,1.1215788298954923,0.5931691996929801,2.550901471196742
3240,0.4490233178115022,0.0609592841683295,0.2682343548526403
3241,0.3901942232761438,-0.1041597443873084,-0.4399669878357594
3242,0.3803995769435139,-0.0697215596299044,-0.2922603976366375
3243,0.3549028882088867,-0.0886406828771367,-0.3734051851476814
3244,0.3392008458068894,-0.1319907038356273,-0.5593349554286916
3245,0.3235294116746816,-0.1267269108591965,-0.5367583615245799
3246,0.3490261004093087,-0.1112452181087672,-0.4703568347662702
3247,0.3549028882088867,-0.1026964187690236,-0.4336907325990079
3248,0.374522789143936,-0.0857754113369535,-0.3611159343588734
3249,0.3843174354765659,-0.0741166093992052,-0.3111109212560419
3250,0.3843174354765659,-0.076555775277034,-0.321572589816162
3251,0.3843174354765659,-0.0758289160085411,-0.3184550647532119
3252,0.3999888696087737,-0.0613645059798803,-0.2564166995017991
3253,0.419608770543823,-0.041879098763553,-0.1728431000557281
3254,0.4352802046760309,-0.0271787015973821,-0.1097925776404574
3255,0.4451054592784502,-0.0167453631267939,-0.0650436206109327
3256,0.4607768934106581,-0.0035010837838084,-0.0082384389447746
3257,0.4803967943457073,0.0174265446328761,0.0815208981445049
3258,0.5058934830803345,0.042674401496703,0.189809847561027
3259,0.5392258888810657,0.0714438379224777,0.313202976041412
3260,0.5745172239483228,0.1135977840930393,0.4940027393318492
3261,0.6353052477502072,0.1664862351120413,0.7208431728785252
3262,0.6764733706170423,0.2109524327696079,0.9115602644263678
3263,0.7098057764177734,0.2442672876350784,1.0544488530619611
3264,0.7411792529519786,0.2731871580744771,1.1784871983375662
3265,0.7548917578176605,0.2866482761107157,1.236222408814165
3266,0.7450971114850305,0.2783876406971852,1.2007922518995098
3267,0.7313846066193487,0.2619621767477483,1.1303428571506091
3268,0.7098057764177734,0.2399410116163533,1.0358933024867027
3269,0.6647197950178864,0.1976708759053369,0.8545951981554042
3270,0.60980855901558,0.1360675516027171,0.5903763654332647
3271,0.5451026766806437,0.077961354105874,0.3411568330405122
3272,0.5058934830803345,0.0336490157798359,0.1510996495973063
3273,0.46469475194371,-0.0082624827049545,-0.0286602470097035
3274,0.419608770543823,-0.0493910414208546,-0.2050620873077435
3275,0.3941120818091958,-0.0802751814527709,-0.3375252542104588
3276,0.3705743223410945,-0.1023081883983363,-0.4320255988333952
3277,0.3549028882088867,-0.1168823766371226,-0.4945348067035472
3278,0.3549028882088867,-0.1201315521853026,-0.5084706353356545
3279,0.3549028882088867,-0.1188168000069193,-0.5028316168277434
3280,0.3549028882088867,-0.1195516290382366,-0.5059833244848047
3281,0.3588207467419387,-0.1160585565850904,-0.491001413416981
3282,0.3705743223410945,-0.1052483987764616,-0.4446362649437101
3283,0.3803995769435139,-0.095386644427682,-0.4023388523913128
3284,0.3803995769435139,-0.0944909272701942,-0.398497089881257
3285,0.3803995769435139,-0.0993230236687846,-0.4192221219227846
3286,0.374522789143936,-0.0984984282239546,-0.4156854029491348
3287,0.3901942232761438,-0.0901044175277621,-0.3796831947385818
3288,0.3941120818091958,-0.0837753139595032,-0.352537446097355
3289,0.3901942232761438,-0.0845411393180663,-0.3558220980962399
3290,0.3941120818091958,-0.0894344848356458,-0.3768098297713954
3291,0.3843174354765659,-0.0907613530584103,-0.3825008144213914
3292,0.3941120818091958,-0.085882032345031,-0.3615732356265697
3293,0.3941120818091958,-0.0870927776767268,-0.3667661650972742
3294,0.3803995769435139,-0.0982059976174766,-0.4144311577542443
3295,0.374522789143936,-0.1046470719635808,-0.4420571530145649
3296,0.3803995769435139,-0.1031463188013482,-0.4356203697205131
3297,0.3803995769435139,-0.0982579671957016,-0.4146540571099384
3298,0.3941120818091958,-0.086609296732595,-0.3646924982595177
3299,0.4098141242111931,-0.0740718047044958,-0.3109187523386888
3300,0.4098141242111931,-0.0709264534949284,-0.2974282299602118
3301,0.3999888696087737,-0.078834163156869,-0.3313446758669253
3302,0.3901942232761438,-0.0997857722347854,-0.42120686685882
3303,0.3490261004093087,-0.1246997459129719,-0.5280637795050196
3304,0.3549028882088867,-0.1342202922890666,-0.5688977390168728
3305,0.3549028882088867,-0.1263170648611991,-0.5350005175703355
3306,0.3705743223410945,-0.1117982829109874,-0.4727289492278936
3307,0.3803995769435139,-0.1043481677591407,-0.4407751423294768
3308,0.3705743223410945,-0.1127066790227297,-0.4766250922203534
3309,0.3646975345415166,-0.121541708242265,-0.5145188444468439
3310,0.3490261004093087,-0.129478153506288,-0.5485585383653445
3311,0.3392008458068894,-0.149789207812149,-0.6356733673263257
3312,0.3549028882088867,-0.1374932375234219,-0.5829355166721295
3313,0.3549028882088867,-0.1042646730472709,-0.4404170305626452
3314,0.3451082418762568,-0.1677204654669264,-0.7125811644366146
3315,0.2901970058739504,-0.1986755860220272,-0.8453487693091006
3316,0.5745172239483228,0.1525815514316639,0.6612054936949741
3317,1.4176526235690208,0.8088499604312532,3.4759638682022573
3318,1.503906727835743,1.175021313442584,5.046485728251064
3319,1.503906727835743,0.8708062210617619,3.741696457294458
3320,0.6254799931477878,0.2370098453867141,1.0233214270485311
3321,0.4039067281418257,-0.1123190036850894,-0.4749623390110737
3322,0.4039067281418257,-0.098561788566502,-0.4159571576951369
3323,0.3941120818091958,-0.0669951863882249,-0.2805668865536521
3324,0.374522789143936,-0.1190091575442432,-0.5036566450961426
3325,0.3490261004093087,-0.1470925480256877,-0.624107298301748
3326,0.3294061994742595,-0.143591528312127,-0.6090913011534437
3327,0.3588207467419387,-0.1322874219616551,-0.560607589946294
3328,0.374522789143936,-0.1156828268203794,-0.4893898951917108
3329,0.374522789143936,-0.105894426251282,-0.4474070995899861
3330,0.3901942232761438,-0.0969599837540747,-0.4090869603059638
3331,0.4039067281418257,-0.0874001929429765,-0.3680846800269305
3332,0.3941120818091958,-0.0853550689886608,-0.3593130711876588
3333,0.4098141242111931,-0.0796762733758579,-0.3349565163252684
3334,0.4254855583434009,-0.0629004118939872,-0.2630042541896407
3335,0.4392286714788723,-0.041123468444398,-0.169602174940781
3336,0.4706021480130775,-0.0210870428678427,-0.083665238295037
3337,0.4745200065461294,-0.0083996693870843,-0.0292486455324732
3338,0.4941092992113892,0.0073287459428371,0.0382110830793495
3339,0.5254827757455944,0.039958719212313,0.1781621903712801
3340,0.5646919693459035,0.0784120778374065,0.3430900030369992
3341,0.6000139126829501,0.1144480832082569,0.4976497022552105
3342,0.6450998940828371,0.1604902506711763,0.6951261839348281
3343,0.6960932715520916,0.2096335463723871,0.905903514107912
3344,0.7215593520169293,0.2362571181153253,1.0200929532079397
3345,0.7254772105499813,0.2417100921191983,1.0434809512174277
3346,0.7313846066193487,0.24458622354098,1.055816780421799
3347,0.7254772105499813,0.2423569337535345,1.046255277822609
3348,0.7098057764177734,0.2237865940019512,0.9666064350375416
3349,0.6764733706170423,0.1930951842326145,0.8349698950350055
3350,0.6411820355497851,0.1565446551978706,0.6782033856580758
3351,0.5960654458801087,0.1117117463010664,0.4859134566591001
3352,0.5451026766806437,0.0618012038750635,0.2718453781971965
3353,0.4999860870109672,0.0162990669777487,0.0766851066782091
3354,0.4607768934106581,-0.0229981251601657,-0.091861937713936
3355,0.4254855583434009,-0.0572703947170748,-0.2388569117608146
3356,0.3999888696087737,-0.0827764602419804,-0.348253327240269
3357,0.3843174354765659,-0.0987705674353978,-0.416852617634372
3358,0.374522789143936,-0.1074867792761136,-0.454236757928484
3359,0.374522789143936,-0.1075673444871043,-0.4545823049626246
3360,0.3803995769435139,-0.1014475607403243,-0.428334336425359
3361,0.3843174354765659,-0.0974167482530541,-0.4110460393672884
3362,0.3843174354765659,-0.0962673565210352,-0.4061162576515702
3363,0.3901942232761438,-0.0917003941027259,-0.3865283946115192
3364,0.3941120818091958,-0.0849158605735297,-0.3574292907897438
3365,0.3999888696087737,-0.0824485126641698,-0.3468467485014738
3366,0.3941120818091958,-0.083327665744183,-0.3506174670984778
3367,0.3999888696087737,-0.0815970932875441,-0.3431949807373843
3368,0.4039067281418257,-0.0744193707536468,-0.3124094753936558
3369,0.4156909120107711,-0.0629797775139331,-0.263344656135441
3370,0.4254855583434009,-0.0537106795200572,-0.2235891676118312
3371,0.4254855583434009,-0.0521609993898306,-0.2169425348247796
3372,0.4254855583434009,-0.0524189066028467,-0.2180487079663293
3373,0.4294034168764529,-0.0480404695246955,-0.1992694367657449
3374,0.4294034168764529,-0.0473418733833034,-0.1962731332527061
3375,0.419608770543823,-0.0575432062954143,-0.2400270102514066
3376,0.4098141242111931,-0.0657135076711675,-0.2750697212889634
3377,0.419608770543823,-0.0565745618730941,-0.2358724601279262
3378,0.4392286714788723,-0.0361949186834959,-0.148463451023196
3379,0.4549001056110801,-0.0196130591272365,-0.0773432699953844
3380,0.46469475194371,-0.0108553144402972,-0.0397809938575816
3381,0.4607768934106581,-0.0114663128519342,-0.0424015876152296
3382,0.4490233178115022,-0.0270054056536037,-0.1090493052197081
3383,0.419608770543823,-0.0519337371966676,-0.2159677992552439
3384,0.3999888696087737,-0.0727985426222637,-0.3054576863178991
3385,0.3901942232761438,-0.0833129451004352,-0.3505543297377592
3386,0.3941120818091958,-0.0773995943466515,-0.3251917595951789
3387,0.4098141242111931,-0.0597755220837039,-0.2496014914750441
3388,0.4156909120107711,-0.0580399584017658,-0.2421575975724365
3389,0.3941120818091958,-0.0755628154635094,-0.3173137501213973
3390,0.3803995769435139,-0.0882997296228282,-0.3719428246032461
3391,0.3646975345415166,-0.1033270328130082,-0.4363954584962873
3392,0.3646975345415166,-0.1145084092905549,-0.4843527769457162
3393,0.3588207467419387,-0.0935770425782963,-0.3945774061747459
3394,0.3705743223410945,-0.1067876093707254,-0.4512379935214102
3395,0.3098169068089997,-0.1680465086645445,-0.7139795752215337
3396,0.4254855583434009,-0.0124743226690152,-0.0467249773065595
3397,1.037253046625507,0.5336583392163992,2.295657289694939
3398,1.503906727835743,1.0705415519184465,4.598368342614764
3399,1.503906727835743,1.0202654773939557,4.38273248407803
3400,0.9117591404886864,0.4408228993749049,1.8974828108361268
3401,0.3941120818091958,-0.0443485997903611,-0.1834348771407452
3402,0.3646975345415166,-0.1276986720988938,-0.540926279787824
3403,0.3803995769435139,-0.0708159451885061,-0.296954255932681
3404,0.3646975345415166,-0.0940676509919491,-0.3966816429808997
3405,0.3392008458068894,-0.133626590496913,-0.5663513310708134
3406,0.3196115531416296,-0.136614353005559,-0.579165949947669
3407,0.3294061994742595,-0.1326243213373789,-0.5620525632623651
3408,0.3352829872738374,-0.1274178204694682,-0.539721697234285
3409,0.3451082418762568,-0.116101228926354,-0.4911844365951264
3410,0.3549028882088867,-0.1021949428509937,-0.4315398846829241
3411,0.374522789143936,-0.0890434736133802,-0.3751327688351907
3412,0.374522789143936,-0.082478617935168,-0.3469758710715944
3413,0.3803995769435139,-0.0781349995037246,-0.3283459382759459
3414,0.3941120818091958,-0.0661013900654585,-0.2767333625715277
3415,0.4039067281418257,-0.0515352231431549,-0.2142585584109473
3416,0.4156909120107711,-0.0429153542994395,-0.1772876366321762
3417,0.4254855583434009,-0.032015917119194,-0.1305395657822029
3418,0.4451054592784502,-0.0084563410341616,-0.0294917122274724
3419,0.4803967943457073,0.0212882359814898,0.0980838286683777
3420,0.5058934830803345,0.0520048946654524,0.2298286621571091
3421,0.5451026766806437,0.0917520648205566,0.4003056781505996
3422,0.5960654458801087,0.138237425297851,0.5996830303149578
3423,0.6293978516808398,0.1780463543137931,0.7704249322428612
3424,0.6607713282150449,0.207801040283285,0.8980438307986107
3425,0.6862680169496722,0.2291415757555724,0.9895741408262694
3426,0.6862680169496722,0.2399437936356825,1.0359052346658195
3427,0.6960932715520916,0.2380151659490212,1.027633282431197
3428,0.6705965828174644,0.2223517453193844,0.9604523183834088
3429,0.6450998940828371,0.1941194392673055,0.8393629610381713
3430,0.60980855901558,0.1553120349714662,0.6729166339917144
3431,0.5509794644802216,0.1064215707657329,0.4632237070284686
3432,0.5058934830803345,0.0499321079525658,0.2209384067697458
3433,0.4392286714788723,-0.0056902658475093,-0.0176279181008969
3434,0.3999888696087737,-0.0516374493401065,-0.2146970101785741
3435,0.3588207467419387,-0.0887884997885333,-0.3740391770990564
3436,0.3294061994742595,-0.119651725676314,-0.5064126424992401
3437,0.3098169068089997,-0.1370857872141125,-0.5811879479112432
3438,0.3098169068089997,-0.1383723398545284,-0.5867060176052811
3439,0.3137347653420516,-0.1337882424239159,-0.5670446618925427
3440,0.3137347653420516,-0.1312246067280873,-0.5560491378888512
3441,0.3196115531416296,-0.129249174501237,-0.5475764393290125
3442,0.3196115531416296,-0.1243016579528867,-0.5263563661904759
3443,0.3294061994742595,-0.1168495157779191,-0.4943938653183333
3444,0.3352829872738374,-0.1111129927045997,-0.4697897153398294
3445,0.3352829872738374,-0.1074456442203028,-0.4540603282219165
3446,0.3451082418762568,-0.1016953424062643,-0.4293970807380362
3447,0.3490261004093087,-0.0939655271877986,-0.3962436303796116
3448,0.3549028882088867,-0.0890924493689233,-0.375342827579711
3449,0.3549028882088867,-0.0895941960364724,-0.3774948367500409
3450,0.3490261004093087,-0.0933349298577127,-0.3935389761688337
3451,0.3451082418762568,-0.0982654274380608,-0.4146860543527866
3452,0.3392008458068894,-0.1039490062647661,-0.4390631245884667
3453,0.3352829872738374,-0.1067332898438709,-0.4510050151530836
3454,0.3352829872738374,-0.1065370553131627,-0.4501633583231893
3455,0.3294061994742595,-0.1139346953984419,-0.4818920978085657
3456,0.3098169068089997,-0.1298406774954714,-0.5501134165531721
3457,0.3098169068089997,-0.1338282013256716,-0.5672160470328459
3458,0.3235294116746816,-0.1154593896995395,-0.4884315654924058
3459,0.3490261004093087,-0.0935341846543931,-0.3943935870261076
3460,0.3549028882088867,-0.0856752935362709,-0.3606865255772771
3461,0.3490261004093087,-0.09021905367551,-0.3801748732232837
3462,0.3352829872738374,-0.1063266442238048,-0.44926089773277
3463,0.3098169068089997,-0.130808754261414,-0.554265531978409
3464,0.2941148644070023,-0.143209045864657,-0.6074508204334296
3465,0.3098169068089997,-0.1333103712282471,-0.5649950554639854
3466,0.3196115531416296,-0.117484417716786,-0.4971169821481389
3467,0.3294061994742595,-0.1116818555296184,-0.4722295880789547
3468,0.3196115531416296,-0.1173526974567462,-0.4965520293026949
3469,0.3196115531416296,-0.1238198215889984,-0.5242897530154425
3470,0.3098169068089997,-0.1250127927989547,-0.5294064486505248
3471,0.3039095107396323,-0.133149269407496,-0.5643040840673905
3472,0.3196115531416296,-0.132621183057951,-0.5620391030711078
3473,0.3098169068089997,-0.1075632488436768,-0.4545647386033752
3474,0.3235294116746816,-0.1283367791054935,-0.5436631432662844
3475,0.2843202180743724,-0.1666502851372663,-0.7079911232220212
3476,0.4451054592784502,0.0477359452732162,0.2115189875066687
3477,1.1058767874934952,0.6124551628555309,2.633619648055173
3478,1.503906727835743,1.1127095560449738,4.779228400974627
3479,1.503906727835743,1.0446566889708353,4.487347251616603
3480,0.9156769990217384,0.4652005357186125,2.002039353720377
3481,0.3549028882088867,-0.0499299350031136,-0.2073734209066654
3482,0.3098169068089997,-0.1583696012446803,-0.6724749776729239
3483,0.3392008458068894,-0.089159386288567,-0.3756299223911434
3484,0.3352829872738374,-0.096292866637158,-0.406225671440207
3485,0.3196115531416296,-0.1281016560222879,-0.5426546920618424
3486,0.3137347653420516,-0.1209240111202459,-0.5118695196838818
3487,0.3196115531416296,-0.1168554601340072,-0.4944193608714494
3488,0.3196115531416296,-0.1222395174765738,-0.5175117728876222
3489,0.3196115531416296,-0.1159887139484986,-0.4907018558829774
3490,0.3352829872738374,-0.1050865177360107,-0.443941951446314
3491,0.3392008458068894,-0.0978591736537679,-0.4129436175299372
3492,0.3490261004093087,-0.091011269869777,-0.383572716448181
3493,0.3549028882088867,-0.082193795937005,-0.3457542594663743
3494,0.3705743223410945,-0.0703217264318,-0.2948345342377153
3495,0.3803995769435139,-0.0558107910962246,-0.2325966203024582
3496,0.3999888696087737,-0.0420198103425473,-0.1734466169855894
3497,0.4098141242111931,-0.026733288900315,-0.1078821868582884
3498,0.4392286714788723,-0.0018565864769322,-0.0011851319397327
3499,0.4706021480130775,0.0323434516256374,0.1455000388494895
3500,0.5098113416133866,0.069331179371095,0.3041417089311395
3501,0.5509794644802216,0.1119840570641805,0.4870814071355101
3502,0.605890700482528,0.1655232713513708,0.7167129873134052
3503,0.6607713282150449,0.2210297492395101,0.9547822305262706
3504,0.7058879178847215,0.2651114217970202,1.143850080345043
3505,0.7353024651524006,0.2956761279341213,1.2749431839958902
3506,0.7548917578176605,0.3132245004099317,1.3502087730565566
3507,0.7509738992846084,0.3113940907904233,1.3423580815793548
3508,0.7313846066193487,0.2884993140445689,1.244161575859835
3509,0.6901858754827241,0.2512067558619099,1.084212477271569
3510,0.6450998940828371,0.2014837228702327,0.8709486333931528
3511,0.5803940117479008,0.1395900259070529,0.6054843820788169
3512,0.5156881294129645,0.0739862854866838,0.3241076234005679
3513,0.4549001056110801,0.0119907183830503,0.0582064474574945
3514,0.3999888696087737,-0.0426918792328786,-0.1763291441823343
3515,0.3588207467419387,-0.0827629280836259,-0.3481952873353593
3516,0.3352829872738374,-0.1092374482780478,-0.4617454390818193
3517,0.3098169068089997,-0.1326270442667563,-0.5620642420025926
3518,0.2941148644070023,-0.1499176232445648,-0.6362241456494198
3519,0.2941148644070023,-0.1493573284524588,-0.633821021505935
3520,0.3098169068089997,-0.1350027997286868,-0.5722539410503408
3521,0.3235294116746816,-0.1209512679243888,-0.5119864250791004
3522,0.3294061994742595,-0.1141943993061711,-0.4830059770371688
3523,0.3352829872738374,-0.1124002245521914,-0.4753106981774224
3524,0.3352829872738374,-0.1075576009128354,-0.454540514428607
3525,0.3490261004093087,-0.0981187199133986,-0.4140568206002804
3526,0.3549028882088867,-0.0917232991369721,-0.3866266351120198
3527,0.3588207467419387,-0.0865937591578241,-0.3646258570528007
3528,0.3705743223410945,-0.0762383512159688,-0.3202111468122006
3529,0.3803995769435139,-0.0687218251734523,-0.2879725012591908
3530,0.374522789143936,-0.0699146832420624,-0.2930887116270451
3531,0.3803995769435139,-0.0707928218697,-0.2968550792019968
3532,0.374522789143936,-0.0709321269525449,-0.2974525636202196
3533,0.3705743223410945,-0.080280101118888,-0.3375463548321145
3534,0.3549028882088867,-0.0928664337884793,-0.391529579988529
3535,0.3549028882088867,-0.0949982011770978,-0.4006728055763071
3536,0.3549028882088867,-0.0943876110731893,-0.3980539630649211
3537,0.3490261004093087,-0.1024809959631243,-0.4327667765794133
3538,0.3451082418762568,-0.1039199730605164,-0.4389386001504777
3539,0.3646975345415166,-0.0868821384512371,-0.3658627260229317
3540,0.3803995769435139,-0.0715226399880654,-0.2999852948765067
3541,0.3803995769435139,-0.0712975626596481,-0.2990199302689978
3542,0.374522789143936,-0.0758706409361616,-0.3186340244407954
3543,0.3705743223410945,-0.0854099220689911,-0.3595483379856791
3544,0.3451082418762568,-0.1048982627438016,-0.4431345191387446
3545,0.3352829872738374,-0.1193606676004851,-0.5051642841367581
3546,0.3392008458068894,-0.1152435752162819,-0.4875059295547941
3547,0.3549028882088867,-0.0979893129764081,-0.4135017896790623
3548,0.374522789143936,-0.0822813194042352,-0.3461296507071742
3549,0.3705743223410945,-0.0802225911073364,-0.3372996923622881
3550,0.3803995769435139,-0.0835926144077448,-0.3517538412700031
3551,0.3588207467419387,-0.0865637244239405,-0.3644970370188549
3552,0.3549028882088867,-0.106240380602724,-0.4488909100165813
3553,0.3549028882088867,-0.1127057983297576,-0.4766213148971049
3554,0.3490261004093087,-0.0835072194915163,-0.3513875794595938
3555,0.3549028882088867,-0.1220472245581517,-0.5166870217719741
3556,0.2784434302747945,-0.1921823953149943,-0.8174992451368878
3557,0.4451054592784502,0.0407755038072246,0.1816654083338826
3558,1.1960793585630587,0.6541938734940761,2.8126384514896907
3559,1.503906727835743,1.1306327817632955,4.856101748825905
3560,1.503906727835743,0.9792638632968846,4.206875113731686
3561,0.8313818240215421,0.3967585154856369,1.708489112725788
3562,0.4254855583434009,-0.0227829779300871,-0.0909391636487652
3563,0.4098141242111931,-0.08076481651208,-0.3396253162654701
3564,0.3941120818091958,-0.0474108885817151,-0.1965691418751442
3565,0.3803995769435139,-0.0827433927204403,-0.3481114994729975
3566,0.3588207467419387,-0.1140966618077011,-0.4825867774557945
3567,0.3451082418762568,-0.1097774534511845,-0.4640615403332583
3568,0.3588207467419387,-0.1029107300518595,-0.4346099212569433
3569,0.3705743223410945,-0.103643380409778,-0.4377522845068832
3570,0.3549028882088867,-0.0978374917447015,-0.4128506230565128
3571,0.3941120818091958,-0.0766532955683505,-0.3219908577883869
3572,0.4039067281418257,-0.0625693106439721,-0.2615841492394261
3573,0.3941120818091958,-0.0670966523921747,-0.2810020778266571
3574,0.4039067281418257,-0.0646555746399545,-0.2705322091697772
3575,0.419608770543823,-0.0484114871970811,-0.2008607446606801
3576,0.4294034168764529,-0.0339036863701506,-0.1386362747436589
3577,0.4490233178115022,-0.0213495854668515,-0.0847912927707529
3578,0.4607768934106581,-0.0058727683709457,-0.0184106778668202
3579,0.4843146528787593,0.0157865120354657,0.0744867404359799
3580,0.5156881294129645,0.0478729507909057,0.2121066090087582
3581,0.5548973230132735,0.0843112532436827,0.3683917746136861
3582,0.5901886580805307,0.121532768488557,0.5280361675337574
3583,0.6353052477502072,0.1664264615465898,0.7205868019461116
3584,0.6862680169496722,0.2134332553113034,0.9222005998884214
3585,0.7156825642173513,0.2471207225790242,1.0666873362716387
3586,0.7353024651524006,0.2642437819947273,1.140128742602636
3587,0.7450971114850305,0.2705143509043784,1.1670234340266394
3588,0.7353024651524006,0.2685748247312373,1.1587047377987545
3589,0.7313846066193487,0.2534598868317062,1.0938762355435296
3590,0.6862680169496722,0.2178370113183991,0.9410884648690854
3591,0.6411820355497851,0.1658163400179554,0.7179699691706184
3592,0.5843118702809528,0.1112878205383799,0.4840952240970449
3593,0.5353080303480138,0.061905895916436,0.2722944060585965
3594,0.4901914406783372,0.0153735852683495,0.0727156829542244
3595,0.4451054592784502,-0.0292874946295199,-0.1188372654022238
3596,0.4098141242111931,-0.0654745600390469,-0.2740448664592064
3597,0.3843174354765659,-0.0899056321195691,-0.3788305971051013
3598,0.3705743223410945,-0.1074707383770004,-0.454167957945894
3599,0.3549028882088867,-0.1183570003187379,-0.5008595197327799
3600,0.3588207467419387,-0.1198075203095409,-0.5070808511811834
3601,0.3588207467419387,-0.1169702916050033,-0.4949118771044583
3602,0.3646975345415166,-0.1124910570104534,-0.4757002817975753
3603,0.374522789143936,-0.1033484174033276,-0.4364871777591095
3604,0.3803995769435139,-0.0965726310768192,-0.4074255909984653
3605,0.3803995769435139,-0.0988046950420704,-0.416998992144201
3606,0.3803995769435139,-0.0976806545255911,-0.4121779426869086
3607,0.3901942232761438,-0.0870531956984588,-0.3665963965951163
3608,0.3999888696087737,-0.0821400993161313,-0.3455239527637899
3609,0.3941120818091958,-0.0829069572406832,-0.3488130334746536
3610,0.4039067281418257,-0.075454910812869,-0.3168509432654321
3611,0.4098141242111931,-0.0726869781623726,-0.3049791824108551
3612,0.3901942232761438,-0.0877980982013413,-0.3697913097273455
3613,0.3803995769435139,-0.1005849238747651,-0.4246344564552217
3614,0.3803995769435139,-0.1011955139668375,-0.4272532989158422
3615,0.374522789143936,-0.1061644897859714,-0.4485654116243485
3616,0.3646975345415166,-0.1164886207873216,-0.4928459739629494
3617,0.3588207467419387,-0.1226762690531214,-0.5193850158181187
3618,0.3549028882088867,-0.1279229305977898,-0.5418881324066088
3619,0.3549028882088867,-0.1265236352796241,-0.5358865053875361
3620,0.374522789143936,-0.1071580637244972,-0.4528268853229238
3621,0.3999888696087737,-0.0845596716502997,-0.3559015839234378
3622,0.4039067281418257,-0.0773031141871484,-0.3247779527850216
3623,0.4039067281418257,-0.0796469621620297,-0.3348307994943825
3624,0.3941120818091958,-0.089329918336839,-0.3763613403664917
3625,0.3705743223410945,-0.1131435732085807,-0.4784989468071867
3626,0.3490261004093087,-0.1342804837924035,-0.5691559024996313
3627,0.3549028882088867,-0.1287767174616161,-0.5455500544068812
3628,0.3803995769435139,-0.1047355789040038,-0.4424367624066083
3629,0.3941120818091958,-0.0898004470588186,-0.3783794546661838
3630,0.3843174354765659,-0.0977741839734469,-0.4125790937906414
3631,0.374522789143936,-0.1161735885212728,-0.491494789452251
3632,0.3490261004093087,-0.1288504354239653,-0.5458662333498694
3633,0.3451082418762568,-0.1410505700856153,-0.5981930416162375
3634,0.3549028882088867,-0.1407381936022469,-0.5968532478512127
3635,0.3490261004093087,-0.1168173027423839,-0.4942557024717029
3636,0.3588207467419387,-0.1410109387411462,-0.5980230613807003
3637,0.2941148644070023,-0.1974884561781417,-0.8402571274993144
3638,0.4451054592784502,-0.0095170193674405,-0.0340409990441369
3639,1.0960821411608652,0.5608673407648458,2.4123576578982786
3640,1.503906727835743,1.0748302260557083,4.616762617392964
3641,1.503906727835743,0.9695104466913328,4.165042365584651
3642,0.8411764703541721,0.3761706013527413,1.6201868221926456
3643,0.4156909120107711,-0.0587159149777188,-0.2450567991900603
3644,0.3999888696087737,-0.1125001077283323,-0.4757391006460763
3645,0.3901942232761438,-0.0818076519167005,-0.3440980741312081
3646,0.3646975345415166,-0.1144326567596719,-0.48402787166646
3647,0.3705743223410945,-0.1339993253133566,-0.5679500038572337
3648,0.3352829872738374,-0.1379772808839966,-0.5850115957338646
3649,0.3451082418762568,-0.1438080889917477,-0.6100201375536
3650,0.3588207467419387,-0.1315039810861238,-0.5572473843732502
3651,0.3705743223410945,-0.1138771019832146,-0.4816450776174298
3652,0.3843174354765659,-0.1002088751318508,-0.4230215701211766
3653,0.4039067281418257,-0.0862261614547782,-0.3630492175270991
3654,0.4039067281418257,-0.0821725127524685,-0.3456629751365349
3655,0.4039067281418257,-0.0797109840804734,-0.3351053917627596
3656,0.4254855583434009,-0.0650824999673339,-0.2723633069706941
3657,0.4352802046760309,-0.04983757990591,-0.2069773066343381
3658,0.4490233178115022,-0.0362804393271959,-0.148830252083169
3659,0.4745200065461294,-0.014522152236676,-0.0555081906169848
3660,0.4941092992113892,0.0092556854804246,0.0464757947829979
3661,0.5196059879460164,0.0322282416044016,0.1450058990011385
3662,0.5509794644802216,0.0653047057521261,0.2868720214323886
3663,0.5960654458801087,0.1081856676922431,0.4707899810243578
3664,0.6353052477502072,0.1509441221528496,0.654182501711813
3665,0.6803912291500942,0.1919805263593942,0.8301890880658874
3666,0.7156825642173513,0.231044179238946,0.997734474334256
3667,0.7450971114850305,0.2586246336557073,1.1160280170032342
3668,0.7548917578176605,0.2675171465655653,1.154168318806871
3669,0.7450971114850305,0.261544661708721,1.1285521204086466
3670,0.7313846066193487,0.243794817641398,1.0524224125794115
3671,0.7000111300851435,0.2135249833694519,0.9225940247681048
3672,0.654894540415467,0.1731056127403127,0.7492339172107192
3673,0.615685346815158,0.1247646980399075,0.5418980274766257
3674,0.5548973230132735,0.0739390045858556,0.3239048339477535
3675,0.5156881294129645,0.0291258071420109,0.1316994480663965
3676,0.4745200065461294,-0.0121465615605573,-0.0453191983414009
3677,0.4294034168764529,-0.0527661155397818,-0.2195378993543951
3678,0.4039067281418257,-0.0829083396330798,-0.3488189626044453
3679,0.3843174354765659,-0.0994569231660012,-0.4197964215934137
3680,0.374522789143936,-0.1099071430904511,-0.4646177837745188
3681,0.3705743223410945,-0.1139226443257904,-0.4818404103325232
3682,0.374522789143936,-0.1091949822059516,-0.4615633005994148
3683,0.3803995769435139,-0.1037735401317338,-0.4383105441493931
3684,0.3803995769435139,-0.1030494554656414,-0.4352049194540908
3685,0.3843174354765659,-0.0994272708413924,-0.4196692417263476
3686,0.3941120818091958,-0.0885556185797172,-0.3730403413730159
3687,0.4039067281418257,-0.079838670905559,-0.3356530450632923
3688,0.4039067281418257,-0.0787338124886268,-0.330914268308145
3689,0.4039067281418257,-0.0779195889204931,-0.327422034679805
3690,0.4098141242111931,-0.0739841167851276,-0.3105426557568634
3691,0.4098141242111931,-0.0708548841183097,-0.2971212663772735
3692,0.4156909120107711,-0.0673321183871101,-0.2820119997916141
3693,0.419608770543823,-0.06115952528773,-0.2555375300767129
3694,0.4254855583434009,-0.0565406316967783,-0.2357269324038674
3695,0.4254855583434009,-0.0554395060290605,-0.2310041655418782
3696,0.4254855583434009,-0.0550696835392944,-0.2294179838273918
3697,0.4254855583434009,-0.0554759911802507,-0.2311606516433718
3698,0.4254855583434009,-0.055292299500698,-0.2303727915448849
3699,0.4294034168764529,-0.0488862696982155,-0.2028971035693388
3700,0.4451054592784502,-0.037407172190222,-0.1536628491098488
3701,0.4490233178115022,-0.0277181575033749,-0.1121063230657253
3702,0.4607768934106581,-0.0201339576770249,-0.0795774222647594
3703,0.46469475194371,-0.0144471925159663,-0.0551866857285505
3704,0.4549001056110801,-0.0209023903934816,-0.0828732573136978
3705,0.4392286714788723,-0.0441703801943518,-0.1826704870017574
3706,0.4039067281418257,-0.068554819949955,-0.2872562099598091
3707,0.3999888696087737,-0.0811623522487827,-0.3413303610744311
3708,0.3941120818091958,-0.0828844536083036,-0.3487165146009295
3709,0.4039067281418257,-0.072657293309665,-0.3048518630296249
3710,0.4098141242111931,-0.0647139615993275,-0.2707826328997685
3711,0.4039067281418257,-0.078140668840122,-0.3283702542598994
3712,0.3803995769435139,-0.0915017999519385,-0.3856766172878032
3713,0.374522789143936,-0.0982804021439463,-0.4147502813949831
3714,0.3646975345415166,-0.1184121422879549,-0.5010960255854339
3715,0.3705743223410945,-0.1058936412623234,-0.4474037327446302
3716,0.374522789143936,-0.0781879820242348,-0.3285731821768612
3717,0.3549028882088867,-0.1518912529027614,-0.6446891129286664
3718,0.3098169068089997,-0.1563614569970048,-0.6638619761009301
3719,0.6803912291500942,0.2567595383088991,1.1080285572171296
3720,1.503906727835743,0.9161794466317996,3.936303823579785
3721,1.503906727835743,1.1844961394183957,5.087123591352031
3722,1.4019505811670236,0.7787714100378753,3.346955903699043
3723,0.5058934830803345,0.1379269444703469,0.5983513670848577
3724,0.3549028882088867,-0.1553756046392278,-0.6596336205347821
3725,0.374522789143936,-0.1091892218467955,-0.4615385942156358
3726,0.3646975345415166,-0.0811316713300844,-0.3411987695310026
3727,0.3549028882088867,-0.1287400211298012,-0.5453926625442329
3728,0.3352829872738374,-0.1375710731882312,-0.5832693565863366
3729,0.3352829872738374,-0.1296497598009507,-0.5492945638213867
3730,0.3392008458068894,-0.1306658110058647,-0.5536524433090182
3731,0.3549028882088867,-0.1196599490029322,-0.5064479126374144
3732,0.3549028882088867,-0.1096578443035259,-0.463548532476377
3733,0.3646975345415166,-0.1054098048676735,-0.445328541367053
3734,0.374522789143936,-0.0954586858744245,-0.4026478406996777
3735,0.3803995769435139,-0.0862110991155105,-0.3629846146222327
3736,0.3901942232761438,-0.0781259310279929,-0.3283070432633873
3737,0.4039067281418257,-0.0636284947274214,-0.2661270271658197
3738,0.419608770543823,-0.0481289521711343,-0.1996489419600325
3739,0.4294034168764529,-0.0358019390694293,-0.1467779475850665
3740,0.4490233178115022,-0.0195162078093191,-0.076927871273685
3741,0.4706021480130775,0.0061258787241075,0.0330519431132788
3742,0.5058934830803345,0.0397156474464659,0.1771196469863755
3743,0.5451026766806437,0.0785010126707748,0.343471447676991
3744,0.5843118702809528,0.1216931363286607,0.5287239908614437
3745,0.6353052477502072,0.1675388100462614,0.7253577039305513
3746,0.6705965828174644,0.2086467725142949,0.90167120619438
3747,0.7000111300851435,0.23502262448918,1.014798166463953
3748,0.7098057764177734,0.2447849846295237,1.056669273747445
3749,0.7058879178847215,0.2454417243182637,1.0594860534573969
3750,0.7058879178847215,0.2394208431274565,1.033662281474265
3751,0.6803912291500942,0.2197455826192073,0.9492743945567316
3752,0.6450998940828371,0.1824817668447823,0.7894485731720777
3753,0.5960654458801087,0.1324413657866492,0.5748235264525556
3754,0.5392258888810657,0.0791139384763732,0.3461003080953824
3755,0.4901914406783372,0.0279681314362808,0.126734136094981
3756,0.4392286714788723,-0.0227435174517284,-0.0907699162640075
3757,0.3901942232761438,-0.0694571224420361,-0.2911262172024184
3758,0.3588207467419387,-0.1024221872135943,-0.4325145437765482
3759,0.3392008458068894,-0.1219097907136667,-0.5160975631611374
3760,0.3235294116746816,-0.1345362845432291,-0.5702530409504813
3761,0.3235294116746816,-0.1389602442394245,-0.5892275602669466
3762,0.3235294116746816,-0.1332665990984128,-0.5648073152538343
3763,0.3352829872738374,-0.125815028857116,-0.5328472674253969
3764,0.3352829872738374,-0.1231588224473736,-0.5214547043616962
3765,0.3392008458068894,-0.1189974748331274,-0.503606537535731
3766,0.3490261004093087,-0.1098444293096705,-0.46434880215476
3767,0.3549028882088867,-0.1037325896398723,-0.4381349060441199
3768,0.3549028882088867,-0.1016484932958314,-0.4291961432494707
3769,0.3646975345415166,-0.0947774645844897,-0.3997260585379253
3770,0.3705743223410945,-0.085098657613426,-0.3582133137471608
3771,0.374522789143936,-0.0840658663763869,-0.3537836356707697
3772,0.3646975345415166,-0.0916090612075802,-0.3861366645999051
3773,0.3588207467419387,-0.0979991618601537,-0.4135440318891433
3774,0.3549028882088867,-0.1012500763513708,-0.4274873189093268
3775,0.3549028882088867,-0.103358171409436,-0.4365290130356551
3776,0.3490261004093087,-0.1032495635711831,-0.4360631901831953
3777,0.3549028882088867,-0.1055598156153482,-0.445971942759674
3778,0.3392008458068894,-0.113293056000751,-0.4791400837800108
3779,0.3392008458068894,-0.1169892828186026,-0.4949933310900344
3780,0.3451082418762568,-0.111845875954112,-0.4729330774700369
3781,0.3490261004093087,-0.1036106733932181,-0.4376120029581988
3782,0.3646975345415166,-0.0926265088457241,-0.3905005334389581
3783,0.374522789143936,-0.0787287346102227,-0.3308924891084049
3784,0.3803995769435139,-0.0753219620800424,-0.3162807214568367
3785,0.3588207467419387,-0.0945369025300165,-0.3986942793937039
3786,0.3352829872738374,-0.1212231064325964,-0.5131523500375443
3787,0.3235294116746816,-0.1280256156056412,-0.5423285520303824
3788,0.3392008458068894,-0.1162225448099391,-0.4917047647026494
3789,0.3490261004093087,-0.1073315858123488,-0.4535711276835867
3790,0.3392008458068894,-0.1087371778683329,-0.4595997616334568
3791,0.3451082418762568,-0.1146330615774286,-0.4848874150047294
3792,0.3352829872738374,-0.1178208754171991,-0.4985600611032099
3793,0.3196115531416296,-0.1267479763664997,-0.536848712229081
3794,0.3196115531416296,-0.1427579055298007,-0.6055158636105793
3795,0.3352829872738374,-0.1216692994740592,-0.515066087744375
3796,0.3294061994742595,-0.0986162059005153,-0.4161905555618205
3797,0.3137347653420516,-0.1732372421602155,-0.7362428144334405
3798,0.2843202180743724,-0.1642587419711947,-0.6977337101538571
3799,0.6411820355497851,0.2499462118209304,1.0788059593786985
3800,1.503906727835743,0.9135729003532048,3.925124254571733
3801,1.503906727835743,1.235124009107814,5.304268311770598
3802,1.503906727835743,0.8733868651122453,3.7527649307317112
3803,0.5196059879460164,0.1839175670700894,0.7956067710266161
3804,0.3098169068089997,-0.1798429786516486,-0.7645750514481607
3805,0.3352829872738374,-0.1356506068728398,-0.5750324087612122
3806,0.3392008458068894,-0.0874957428520014,-0.3684944969599461
3807,0.3235294116746816,-0.1360452188218477,-0.5767249133415313
3808,0.3235294116746816,-0.1395717071982147,-0.5918501464837347
3809,0.3196115531416296,-0.1223049237651581,-0.5177923027684049
3810,0.3294061994742595,-0.1265140722857987,-0.5358454893694157
3811,0.3392008458068894,-0.1168558433979685,-0.4944210047041098
3812,0.3451082418762568,-0.1045286508287482,-0.4415492405866349
3813,0.3490261004093087,-0.1054223576130457,-0.4453823805351052
3814,0.3549028882088867,-0.0976484035162764,-0.4120396169693973
3815,0.374522789143936,-0.0800344486859576,-0.3364927428749841
3816,0.3843174354765659,-0.0666686349516272,-0.2791662959138071
3817,0.3999888696087737,-0.0554474613870352,-0.2310382863530805
3818,0.4098141242111931,-0.0423160087389716,-0.1747170223645743
3819,0.4254855583434009,-0.0281991698575015,-0.1141694020338006
3820,0.4451054592784502,-0.0088729626926474,-0.0312786172287533
3821,0.4745200065461294,0.0215029448448261,0.0990047225631151
3822,0.5156881294129645,0.0616536331449701,0.2712124421261219
3823,0.5607741108128516,0.1068120487398943,0.4648984808447292
3824,0.60980855901558,0.1560611046582897,0.6761294203229811
3825,0.6607713282150449,0.207095125585606,0.8950161377392896
3826,0.7058879178847215,0.2504374275754994,1.0809128010914828
3827,0.7313846066193487,0.2790170678992101,1.203491887389725
3828,0.7509738992846084,0.2944669080090751,1.2697567970481574
3829,0.7509738992846084,0.2980492482136045,1.2851215806530918
3830,0.7411792529519786,0.285653373268749,1.231955235401817
3831,0.7098057764177734,0.2546747063080851,1.0990866391646097
3832,0.6607713282150449,0.2067276038782687,0.893439824161865
3833,0.6000139126829501,0.1440449648455603,0.6245917724592217
3834,0.5294006342786464,0.0735244159013899,0.322126648443815
3835,0.4607768934106581,0.0073703574111335,0.0383895561358865
3836,0.4098141242111931,-0.0487934845913158,-0.2024991449702442
3837,0.3588207467419387,-0.0948418035556465,-0.4000020106565818
3838,0.3294061994742595,-0.1273411560193171,-0.5393928807010943
3839,0.3098169068089997,-0.1472134510799646,-0.6246258557697942
3840,0.2941148644070023,-0.1609804435578775,-0.683672972525049
3841,0.2901970058739504,-0.1678169804846716,-0.7129951207550029
3842,0.2941148644070023,-0.1616767040186928,-0.6866592582216372
3843,0.3137347653420516,-0.1444401394675913,-0.612731024357833
3844,0.3294061994742595,-0.1263634170605392,-0.5351993237896815
3845,0.3451082418762568,-0.114865334837205,-0.485883643215876
3846,0.3451082418762568,-0.1093872423865472,-0.4623879113013694
3847,0.3549028882088867,-0.1064306400324757,-0.4497069394275336
3848,0.3549028882088867,-0.1008755088250198,-0.4258807855654132
3849,0.3705743223410945,-0.0890293726832657,-0.3750722894481231
3850,0.3803995769435139,-0.0779011312535146,-0.3273428690945214
3851,0.3843174354765659,-0.0751420113150248,-0.3155089062728567
3852,0.3843174354765659,-0.0740825962434172,-0.3109650376300975
3853,0.3901942232761438,-0.0697253312921026,-0.292276574428957
3854,0.3901942232761438,-0.069720120397331,-0.2922542247173209
3855,0.3843174354765659,-0.0753116205983901,-0.3162363664769436
3856,0.3803995769435139,-0.0792477694006251,-0.333118647647977
3857,0.3803995769435139,-0.081915999230255,-0.3445627795840391
3858,0.3705743223410945,-0.0878704340194066,-0.370101560604706
3859,0.3646975345415166,-0.0977856300841922,-0.4126281865637111
3860,0.3549028882088867,-0.1064753813800083,-0.4498988366466092
3861,0.3588207467419387,-0.1016722641678096,-0.4292980973585706
3862,0.3803995769435139,-0.0824844990497809,-0.3470010953797907
3863,0.3941120818091958,-0.0669713274868889,-0.2804645548835288
3864,0.4039067281418257,-0.0610275768087889,-0.2549715983923444
3865,0.3999888696087737,-0.0575990632470939,-0.2402665826890839
3866,0.4039067281418257,-0.0654347722601032,-0.273874215270685
3867,0.3705743223410945,-0.0884431404805199,-0.3725579188347334
3868,0.3549028882088867,-0.1082720908965927,-0.4576049871926521
3869,0.3549028882088867,-0.1130239947661523,-0.4779860706461218
3870,0.3588207467419387,-0.1014708232005548,-0.4284341099385246
3871,0.3803995769435139,-0.0844509198372606,-0.3554351435580371
3872,0.3803995769435139,-0.085862971074282,-0.3614914811634053
3873,0.3705743223410945,-0.09662185003615,-0.4076366928526169
3874,0.3549028882088867,-0.1014448499177939,-0.4283227096118258
3875,0.3549028882088867,-0.119719763987768,-0.5067044612190295
3876,0.3549028882088867,-0.1158929694465604,-0.4902912043340868
3877,0.3646975345415166,-0.0778334849521804,-0.327052731719975
3878,0.3588207467419387,-0.1312706846191368,-0.5562467675902548
3879,0.2843202180743724,-0.193505303217887,-0.8231732438351421
3880,0.5058934830803345,0.1058406082855098,0.4607319384410163
3881,1.3333268402990353,0.7525106441978012,3.234322551924572
3882,1.503906727835743,1.1635612279686882,4.997333017077002
3883,1.503906727835743,0.9313360690778818,4.001311112326761
3884,0.7509738992846084,0.3381548109060052,1.4571357548914137
3885,0.4294034168764529,-0.0431168846925062,-0.1781520076026865
3886,0.4156909120107711,-0.0773607740023313,-0.3250252577679111
3887,0.3941120818091958,-0.0535172896225606,-0.2227597115142057
3888,0.374522789143936,-0.0991818005058354,-0.4186164107912803
3889,0.3549028882088867,-0.12317919158326,-0.5215420683046066
3890,0.3490261004093087,-0.1118426066926163,-0.4729190554920668
3891,0.3705743223410945,-0.1035424015402327,-0.4373191825705365
3892,0.374522789143936,-0.097047309880722,-0.4094615051460368
3893,0.3803995769435139,-0.0887650726511568,-0.373938697279798
3894,0.3941120818091958,-0.0776846583423782,-0.3264144091364929
3895,0.4039067281418257,-0.0676974423035566,-0.2835788869663192
3896,0.4039067281418257,-0.0686643370067403,-0.2877259324826527
3897,0.4039067281418257,-0.066595917355535,-0.2788544075770112
3898,0.4294034168764529,-0.0441523569522406,-0.1825931846800662
3899,0.4549001056110801,-0.0179118249125676,-0.070046616389831
3900,0.46469475194371,-0.0071252121783276,-0.0237824535718278
3901,0.4745200065461294,0.0001015116124091,0.007213219892381
3902,0.4941092992113892,0.0211499332198881,0.097490643241352
3903,0.5254827757455944,0.0523294722569222,0.2312207869055177
3904,0.5607741108128516,0.0850548780315235,0.3715812075809942
3905,0.5960654458801087,0.1235959941262307,0.536885415131997
3906,0.6450998940828371,0.169980714005401,0.7358311162180762
3907,0.6901858754827241,0.2141656891684804,0.925342034559038
3908,0.7215593520169293,0.2481412603111368,1.0710644586328135
3909,0.7411792529519786,0.2661288415735695,1.1482138296847335
3910,0.7450971114850305,0.2660537281549504,1.1478916655805398
3911,0.7313846066193487,0.2606417670388071,1.1246795732944068
3912,0.7313846066193487,0.2521686966357395,1.088338275210014
3913,0.7000111300851435,0.2224111207948962,0.9607069818940172
3914,0.6450998940828371,0.1735083358187244,0.7509612107113993
3915,0.605890700482528,0.1235759811789021,0.5367995788943856
3916,0.5451026766806437,0.0716102393390021,0.3139166775913707
3917,0.4941092992113892,0.0157057236490791,0.0741402361946875
3918,0.4451054592784502,-0.0322768798669408,-0.1316588442200824
3919,0.4098141242111931,-0.0682264098506734,-0.2858476474500964
3920,0.3803995769435139,-0.096343774249417,-0.4064440159863823
3921,0.3646975345415166,-0.1150732405611318,-0.4867753582055143
3922,0.3549028882088867,-0.1220978188070898,-0.5169040222918033
3923,0.3549028882088867,-0.1237308207418779,-0.523908025240137
3924,0.3549028882088867,-0.1250396588352473,-0.5295216780286381
3925,0.3588207467419387,-0.1186781734264774,-0.5022370425302803
3926,0.374522789143936,-0.1047524981186022,-0.4425093295153215
3927,0.3803995769435139,-0.1001276826541473,-0.4226733327179603
3928,0.374522789143936,-0.1039486607597915,-0.4390616427054333
3929,0.3803995769435139,-0.0985515139314316,-0.4159130894225936
3930,0.3901942232761438,-0.0916989125505843,-0.3865220401820805
3931,0.3803995769435139,-0.0979097904708515,-0.4131607148453392
3932,0.3803995769435139,-0.1001831317647361,-0.4229111559108011
3933,0.3941120818091958,-0.0866463637850724,-0.3648514801561751
3934,0.3999888696087737,-0.0798898953844897,-0.3358727486618089
3935,0.3901942232761438,-0.0911474066022101,-0.3841566116996349
3936,0.3803995769435139,-0.1000153525261968,-0.422191544833579
3937,0.3803995769435139,-0.0994188944179784,-0.4196333149506112
3938,0.3803995769435139,-0.1040437328140329,-0.4394694101024127
3939,0.3646975345415166,-0.1117792573457575,-0.4726473479069612
3940,0.374522789143936,-0.1109721332186353,-0.4691855640317519
3941,0.3705743223410945,-0.1084519673094601,-0.458376483477635
3942,0.374522789143936,-0.108022928817524,-0.456536322239333
3943,0.3843174354765659,-0.0971452930856801,-0.4098817585712129
3944,0.4039067281418257,-0.0776452589659928,-0.3262454238202559
3945,0.4156909120107711,-0.0666180784994642,-0.2789494575056807
3946,0.4156909120107711,-0.066850535587799,-0.279946474164004
3947,0.4039067281418257,-0.0754257347329596,-0.3167258060286947
3948,0.3901942232761438,-0.096660962037387,-0.4078044456066972
3949,0.3588207467419387,-0.1193125677341676,-0.504957982112048
3950,0.3588207467419387,-0.1243973173932369,-0.5267666529072125
3951,0.3705743223410945,-0.1143488591552889,-0.4836684607829462
3952,0.3803995769435139,-0.0994775379304021,-0.4198848390456941
3953,0.3901942232761438,-0.0910085954329532,-0.3835612456942278
3954,0.3901942232761438,-0.0979896955773864,-0.4135034306681652
3955,0.3705743223410945,-0.1079841913520142,-0.456370175882209
3956,0.3549028882088867,-0.1227722571173104,-0.5197967120141013
3957,0.3549028882088867,-0.1420094631464047,-0.602305767805859
3958,0.3549028882088867,-0.118079640681266,-0.4996699144560083
3959,0.3646975345415166,-0.1056065329744987,-0.446172315162338
3960,0.3196115531416296,-0.199633299746141,-0.8494564372820863
3961,0.2941148644070023,-0.151690250102498,-0.6438270048223151
3962,0.845094328887224,0.3538618823672393,1.524503938896932
3963,1.503906727835743,0.9893329855466664,4.250061934532211
3964,1.503906727835743,1.0839966616227477,4.656077783143569
3965,1.1313734762281225,0.5725819986094789,2.462602238957625
3966,0.4607768934106581,0.0434934175568812,0.1933226363569356
3967,0.4098141242111931,-0.1073037699237898,-0.4534518243555701
3968,0.419608770543823,-0.0643810269697124,-0.2693546645197255
3969,0.3843174354765659,-0.078934391133514,-0.3317745571971138
3970,0.3803995769435139,-0.1182273125327101,-0.5003032842401259
3971,0.3588207467419387,-0.1220082948541776,-0.51652005089729
3972,0.3549028882088867,-0.1203167086374289,-0.5092647778954206
3973,0.374522789143936,-0.1155182078914784,-0.4886838387940962
3974,0.3803995769435139,-0.100664170247782,-0.4249743469467337
3975,0.3941120818091958,-0.0852352161244022,-0.3587990180216762
3976,0.4156909120107711,-0.070777856968368,-0.2967908942118765
3977,0.4156909120107711,-0.0649653537873483,-0.2718608628691128
3978,0.4156909120107711,-0.066640255848284,-0.2790445769376978
3979,0.4254855583434009,-0.0571636796883609,-0.2383992072352895
3980,0.4451054592784502,-0.0373086913105476,-0.1532404611402451
3981,0.4607768934106581,-0.0212806990134058,-0.084495836340019
3982,0.4745200065461294,-0.0070721386709273,-0.0235548194249286
3983,0.4941092992113892,0.0114078329578435,0.0557064312911211
3984,0.5156881294129645,0.033977778831311,0.1525097259314373
3985,0.5451026766806437,0.0638584717164515,0.2806690725968381
3986,0.5843118702809528,0.102135272504272,0.4448396224654547
3987,0.6254799931477878,0.1434712590507101,0.6221311280515172
3988,0.6647197950178864,0.1848159515984639,0.7994599739845716
3989,0.7058879178847215,0.2228532757379939,0.9626034000544026
3990,0.7313846066193487,0.2507918007186219,1.082432720012805
3991,0.7450971114850305,0.2653130228658391,1.1447147544463498
3992,0.7509738992846084,0.2672728341835951,1.1531204543756168
3993,0.7353024651524006,0.2574277489225905,1.1108945361291571
3994,0.7156825642173513,0.2336962435306769,1.009109271707576
3995,0.6764733706170423,0.1948877478466837,0.8426582636587976
3996,0.6254799931477878,0.1481847006577212,0.6423472455030794
3997,0.5843118702809528,0.1007577906526796,0.4389315541745979
3998,0.5294006342786464,0.0516740158948912,0.2284095114291264
3999,0.4843146528787593,0.0038532242932119,0.0233044480274252
4000,0.4451054592784502,-0.03537923845312,-0.1449649697190746
4001,0.4098141242111931,-0.067804010536749,-0.2840359618806702
4002,0.3843174354765659,-0.0974182065663004,-0.4110522941242848
4003,0.3588207467419387,-0.1181269501906376,-0.4998728266118754
4004,0.3549028882088867,-0.1250367368954654,-0.52950914572576
4005,0.3549028882088867,-0.1243233790763278,-0.5264495288557377
4006,0.3549028882088867,-0.1223225680138284,-0.5178679795738484
4007,0.3588207467419387,-0.1205971621203404,-0.5104676527845049
4008,0.3588207467419387,-0.1189880765089806,-0.5035662277916755
4009,0.3646975345415166,-0.1135076387881958,-0.4800604369307987
4010,0.3705743223410945,-0.1057777315075461,-0.4469065917144169
4011,0.374522789143936,-0.105756555412231,-0.4468157666940286
4012,0.3646975345415166,-0.1095794638145609,-0.4632123557921321
4013,0.374522789143936,-0.1043716405862238,-0.4408758181134997
4014,0.3803995769435139,-0.0960502680132071,-0.4051851573775986
4015,0.3803995769435139,-0.0963326815796861,-0.4063964391343008
4016,0.374522789143936,-0.1008235118611415,-0.4256577687516852
4017,0.374522789143936,-0.1039159602176836,-0.4389213889259021
4018,0.3646975345415166,-0.1082727331760479,-0.4576077419519098
4019,0.3646975345415166,-0.1138866339437568,-0.481685960532703
4020,0.3549028882088867,-0.1181731744301532,-0.5000710840070166
4021,0.3549028882088867,-0.1219569281783257,-0.5162997374111584
4022,0.3490261004093087,-0.1249082906593762,-0.5289582352846233
4023,0.3549028882088867,-0.1203789540310467,-0.5095317505861026
4024,0.3705743223410945,-0.1036439470717247,-0.4377547149399776
4025,0.3901942232761438,-0.083845674028295,-0.3528392229163314
4026,0.3999888696087737,-0.0742165984756174,-0.3115397779346981
4027,0.3999888696087737,-0.0743191979491251,-0.3119798306986519
4028,0.3901942232761438,-0.0806911271595881,-0.3393092600311699
4029,0.3803995769435139,-0.0968948915241077,-0.4088077774336779
4030,0.3549028882088867,-0.1143379475581545,-0.4836216605576236
4031,0.3588207467419387,-0.1145864997431565,-0.4846877096537594
4032,0.3803995769435139,-0.0946104321191751,-0.3990096503974275
4033,0.3999888696087737,-0.0683328983843024,-0.2863043805302063
4034,0.4156909120107711,-0.057302705405672,-0.2389954934448754
4035,0.4098141242111931,-0.0647077706988034,-0.2707560799088627
4036,0.3999888696087737,-0.0678639052225431,-0.2842928523025091
4037,0.3941120818091958,-0.0739706465355386,-0.3104848813808346
4038,0.3941120818091958,-0.0872251982712788,-0.3673341217021649
4039,0.4039067281418257,-0.0594325675441807,-0.2481305473476713
4040,0.4098141242111931,-0.0469512607859178,-0.1945977820326844
4041,0.3705743223410945,-0.1363851630048508,-0.5781829459435145
4042,0.3490261004093087,-0.0808383292827518,-0.33994061513411
4043,0.8902109185569005,0.4077027120686596,1.755429158234418
4044,1.503906727835743,1.0077081510587798,4.328873668113936
4045,1.503906727835743,1.0957486312057871,4.706482395566161
4046,1.1470449103603302,0.603440818271901,2.5949568059016923
4047,0.4745200065461294,0.0714783563416152,0.3133510267596999
4048,0.4039067281418257,-0.0989239516994382,-0.4175104881577809
4049,0.4098141242111931,-0.0555847874158873,-0.2316272825388614
4050,0.3941120818091958,-0.0590716587448474,-0.246582596766132
4051,0.3803995769435139,-0.0987920719905356,-0.4169448514305354
4052,0.3549028882088867,-0.1083329100579932,-0.4578658427230036
4053,0.3549028882088867,-0.1110781536908244,-0.469640289579822
4054,0.3588207467419387,-0.1064555343785107,-0.4498137121565253
4055,0.3803995769435139,-0.0887170351456081,-0.3737326627226269
4056,0.3803995769435139,-0.0825256671145853,-0.3471776666630969
4057,0.3843174354765659,-0.0820004345081241,-0.3449249254716466
4058,0.3941120818091958,-0.070765586130377,-0.2967382641545346
4059,0.4039067281418257,-0.0620818932709012,-0.2594935989189816
4060,0.4039067281418257,-0.0587587865016999,-0.2452406766699129
4061,0.419608770543823,-0.0460800365675812,-0.1908610706033246
4062,0.4352802046760309,-0.0284844541677613,-0.1153929965119249
4063,0.4490233178115022,-0.0143479711162695,-0.0547611216424282
4064,0.4706021480130775,0.0065400448582002,0.0348283162837501
4065,0.4999860870109672,0.0379275201225188,0.169450305767532
4066,0.5353080303480138,0.0700895460629531,0.3073943704452127
4067,0.5646919693459035,0.1051286018749992,0.4576781178103042
4068,0.615685346815158,0.1501967996021858,0.6509772089092145
4069,0.654894540415467,0.1950848795419644,0.8435037684592162
4070,0.6901858754827241,0.2268194696798104,0.9796145458897876
4071,0.7098057764177734,0.2486123275291922,1.0730848825611852
4072,0.7254772105499813,0.2649257325945692,1.143053652800327
4073,0.7313846066193487,0.2680785539473682,1.1565762148868437
4074,0.7098057764177734,0.2519476348581268,1.0873901334416676
4075,0.6862680169496722,0.2224933368472524,0.9610596094450542
4076,0.6450998940828371,0.1871688843467135,0.8095517856076297
4077,0.605890700482528,0.1444283835368758,0.6262362687621414
4078,0.5509794644802216,0.0913384237840579,0.3985315571422465
4079,0.4941092992113892,0.0341724038321133,0.1533444794307439
4080,0.4392286714788723,-0.0187134439496321,-0.0734847887394362
4081,0.3999888696087737,-0.0623104977057745,-0.260474091410598
4082,0.3646975345415166,-0.0912426035220332,-0.3845649146495024
4083,0.3490261004093087,-0.1101028786982327,-0.4654573007063674
4084,0.3352829872738374,-0.1270259385827106,-0.538040901987337
4085,0.3196115531416296,-0.1327331043509054,-0.5625191374477577
4086,0.3352829872738374,-0.1270362206338731,-0.5380850020677612
4087,0.3294061994742595,-0.1287203752549015,-0.5453084006932278
4088,0.3235294116746816,-0.1311080900998583,-0.5555493939569791
4089,0.3392008458068894,-0.1203023714412355,-0.5092032851547996
4090,0.3451082418762568,-0.1136080029877461,-0.4804909025258372
4091,0.3392008458068894,-0.1146433233650136,-0.4849314281739543
4092,0.3549028882088867,-0.1041870195449666,-0.4400839719498529
4093,0.3646975345415166,-0.0922770474863478,-0.3890016813315245
4094,0.3588207467419387,-0.0964781186577508,-0.4070202238964998
4095,0.3549028882088867,-0.1020834762788082,-0.4310618006197052
4096,0.3588207467419387,-0.0981996427585266,-0.4144039015398615
4097,0.3549028882088867,-0.0992019143798596,-0.4187026799070522
4098,0.3490261004093087,-0.1097018077894814,-0.4637370934196874
4099,0.3352829872738374,-0.1174480030200693,-0.4969607982283693
4100,0.3352829872738374,-0.1224049696944869,-0.5182214032912273
4101,0.3235294116746816,-0.1314131398489807,-0.5568577631001663
4102,0.3196115531416296,-0.13566231770918,-0.575082636951704
4103,0.3235294116746816,-0.1299453820064841,-0.5505624978972992
4104,0.3352829872738374,-0.1245691749735194,-0.5275037561361491
4105,0.3294061994742595,-0.1186563314990755,-0.5021433617325659
4106,0.3549028882088867,-0.1059928347977171,-0.4478291773197728
4107,0.3549028882088867,-0.0964959629550797,-0.4070967587177024
4108,0.3588207467419387,-0.0961511154506768,-0.4056176955971331
4109,0.3549028882088867,-0.1005563617394046,-0.4245119524483287
4110,0.3392008458068894,-0.1140401804792666,-0.482344527044173
4111,0.3196115531416296,-0.135069390261034,-0.57253955019443
4112,0.3137347653420516,-0.1412964267571141,-0.599247529559798
4113,0.3294061994742595,-0.1218263916924183,-0.5157398618147592
4114,0.3588207467419387,-0.1000485224334429,-0.4223338117367581
4115,0.3490261004093087,-0.0984275690006532,-0.415381485238845
4116,0.3549028882088867,-0.1060594372630055,-0.4481148376446682
4117,0.3352829872738374,-0.1128398621330626,-0.4771963192823477
4118,0.3235294116746816,-0.1300077132757898,-0.5508298389118382
4119,0.3294061994742595,-0.1338449100628436,-0.5672877113964467
4120,0.3352829872738374,-0.1032471264784706,-0.4360527374065144
4121,0.3451082418762568,-0.1149028374022629,-0.4860444930413661
4122,0.3137347653420516,-0.1561712799155747,-0.6630462998848363
4123,0.4490233178115022,0.0348213233257697,0.1561277180479047
4124,1.076462240225816,0.5765374262607045,2.4795672077925826
4125,1.503906727835743,1.0837565863066343,4.655048091637357
4126,1.503906727835743,1.0455327890200166,4.491104875656587
4127,0.9607935886914148,0.4817168584641225,2.072878445053232
4128,0.3705743223410945,-0.0427960176726038,-0.1767757976267252
4129,0.3196115531416296,-0.1620244185879588,-0.6881506182846207
4130,0.3549028882088867,-0.0953559343265463,-0.4022071356833801
4131,0.3392008458068894,-0.1017443817761464,-0.4296074123267022
4132,0.3352829872738374,-0.1280802866233898,-0.5425630379555624
4133,0.3352829872738374,-0.1187533708759345,-0.5025595670457047
4134,0.3294061994742595,-0.1178605667782539,-0.498730298752002
4135,0.3392008458068894,-0.1180517846724315,-0.4995504390507138
4136,0.3490261004093087,-0.1054386508006751,-0.4454522625920477
4137,0.3549028882088867,-0.096716216289247,-0.408041433043571
4138,0.3646975345415166,-0.0877253025962431,-0.3694790868071689
4139,0.3803995769435139,-0.0778005893484596,-0.3269116413142998
4140,0.374522789143936,-0.0745907508680904,-0.3131445307547534
4141,0.3901942232761438,-0.0651245416261975,-0.272543625129761
4142,0.4098141242111931,-0.0460121000309873,-0.1905696883995032
4143,0.419608770543823,-0.030504829146231,-0.1240584561200776
4144,0.4451054592784502,-0.0127872833315269,-0.0480672766365531
4145,0.4706021480130775,0.0196682770055044,0.0911357674308056
4146,0.5156881294129645,0.0594293869061331,0.2616725714849668
4147,0.5509794644802216,0.0976457993127817,0.4255841134548401
4148,0.5960654458801087,0.1416234159113815,0.6142056635923492
4149,0.6509766818824151,0.1964834828571881,0.8495024274532407
4150,0.7058879178847215,0.2509077553016099,1.0829300533127966
4151,0.7450971114850305,0.291276165277775,1.2560715888305076
4152,0.7705938002196577,0.3149389232960543,1.3575619933395755
4153,0.7803884465522877,0.3258408413982778,1.404320704951497
4154,0.7803884465522877,0.3256642438775916,1.4035632719508342
4155,0.7666759416866058,0.3107910456507726,1.339771599686031
4156,0.7313846066193487,0.2765403112337855,1.192868990614535
4157,0.6764733706170423,0.2213215056785276,0.9560335841931228
4158,0.605890700482528,0.1493869320225431,0.6475036582692925
4159,0.5294006342786464,0.0743686618054379,0.3257476489307729
4160,0.46469475194371,0.0090570261688873,0.0456237379825252
4161,0.4098141242111931,-0.0472924752407532,-0.1960612628754008
4162,0.3588207467419387,-0.0965764606752586,-0.4074420162813686
4163,0.3235294116746816,-0.1325291661722361,-0.5616444393997955
4164,0.3039095107396323,-0.1539560179428716,-0.6535449630783018
4165,0.2901970058739504,-0.1651752556130703,-0.7016646695196326
4166,0.2901970058739504,-0.167257726523888,-0.7105964607738047
4167,0.2941148644070023,-0.1631918009531177,-0.6931575624610014
4168,0.2999916522065803,-0.1568839559442372,-0.6661029925314416
4169,0.3098169068089997,-0.1477988683774926,-0.627136731225936
4170,0.3196115531416296,-0.1378317959044838,-0.5843876055206637
4171,0.3294061994742595,-0.1292038917956315,-0.5473822202060507
4172,0.3392008458068894,-0.117574733153139,-0.4975043482430716
4173,0.3549028882088867,-0.1044218946617832,-0.4410913596176986
4174,0.3588207467419387,-0.0993046456938558,-0.4191432981395155
4175,0.3588207467419387,-0.0996856021731196,-0.4207772339280219
4176,0.3646975345415166,-0.0941596408444416,-0.3970761907057669
4177,0.374522789143936,-0.0851573594216345,-0.3584650878749227
4178,0.374522789143936,-0.083714883481435,-0.3522782576435375
4179,0.3705743223410945,-0.0904365226884541,-0.3811076054971309
4180,0.3588207467419387,-0.0991847681516417,-0.4186291391289106
4181,0.3549028882088867,-0.1067699590892578,-0.451162290841086
4182,0.3490261004093087,-0.110327804413145,-0.4664220150382009
4183,0.3490261004093087,-0.1110766690002223,-0.4696339216894154
4184,0.3451082418762568,-0.1166630714117738,-0.4935941988498724
4185,0.3392008458068894,-0.1210534287127652,-0.5124245963070391
4186,0.3549028882088867,-0.1063151613173926,-0.4492116471417858
4187,0.3803995769435139,-0.0804790154043745,-0.3383995052248567
4188,0.3941120818091958,-0.0698098850694122,-0.2926392285648481
4189,0.3843174354765659,-0.07409849791154,-0.3110332404460543
4190,0.3843174354765659,-0.080892390347457,-0.3401724849491537
4191,0.3646975345415166,-0.0962347855951845,-0.405976559800742
4192,0.3451082418762568,-0.1179491172520294,-0.4991100948601311
4193,0.3392008458068894,-0.1235995276521968,-0.523344904543442
4194,0.3549028882088867,-0.1081109166841755,-0.4569137053056456
4195,0.3705743223410945,-0.0944817745474826,-0.3984578335304275
4196,0.3588207467419387,-0.1007350054655074,-0.4252781616962606
4197,0.3588207467419387,-0.1111917817819688,-0.470127644474164
4198,0.3549028882088867,-0.105599834432436,-0.4461435848789518
4199,0.3490261004093087,-0.1108847554366209,-0.4688107976399856
4200,0.3490261004093087,-0.1290097574215249,-0.5465495710219627
4201,0.3549028882088867,-0.1008082562421835,-0.4255923368634037
4202,0.3588207467419387,-0.092452004033126,-0.3897520761371644
4203,0.3196115531416296,-0.1885107066319802,-0.8017512427534544
4204,0.2999916522065803,-0.1170711538749683,-0.4953444789410888
4205,0.886262451754059,0.3996997379804705,1.7211041198403956
4206,1.503906727835743,1.0105137594446416,4.340907021527566
4207,1.503906727835743,1.1052431232252786,4.747204607022744
4208,1.1764594576280094,0.6246525085968649,2.685934494543848
4209,0.4803967943457073,0.0848079156330758,0.3705219771355142
4210,0.3999888696087737,-0.104069299491707,-0.4395790664855399
4211,0.4039067281418257,-0.0618865558539364,-0.2586557898416036
4212,0.3941120818091958,-0.0605435932909981,-0.2528957759984221
4213,0.374522789143936,-0.1033118149588648,-0.4363301885826289
4214,0.3549028882088867,-0.112968232709421,-0.4777469052162278
4215,0.3549028882088867,-0.1117471961177548,-0.472509836168197
4216,0.3588207467419387,-0.1090264801949115,-0.4608405895254208
4217,0.3803995769435139,-0.0940117777724952,-0.3964420007701642
4218,0.3843174354765659,-0.0804558543492254,-0.3383001666416652
4219,0.3999888696087737,-0.0711542536619276,-0.298405272918523
4220,0.4098141242111931,-0.0627421980271934,-0.2623256693295225
4221,0.4098141242111931,-0.0572295212035451,-0.238681603818324
4222,0.4254855583434009,-0.0472465025386627,-0.1958640843331558
4223,0.4392286714788723,-0.0314272600919694,-0.1280147950110198
4224,0.4549001056110801,-0.0161102016203836,-0.0623193904867699
4225,0.4745200065461294,0.0031116785981735,0.020123932362545
4226,0.4999860870109672,0.0281708565641574,0.1276036313252689
4227,0.5254827757455944,0.0525988682408224,0.2323762357909785
4228,0.5509794644802216,0.0807601308061215,0.3531608851133622
4229,0.5960654458801087,0.1207176037988513,0.5245398974017705
4230,0.6353052477502072,0.1654747464842319,0.7165048624451684
4231,0.6803912291500942,0.2046380394429673,0.884477608530759
4232,0.7098057764177734,0.2385215986571875,1.0298053901951656
4233,0.7411792529519786,0.2666475465659333,1.1504385737088754
4234,0.7548917578176605,0.2812561994807313,1.2130956017911512
4235,0.7548917578176605,0.2805022631661188,1.2098619423214907
4236,0.7411792529519786,0.2684212420653361,1.15804601632276
4237,0.7215593520169293,0.2442397313452667,1.0543306631621363
4238,0.6803912291500942,0.2085412098096871,0.9012184440276269
4239,0.6411820355497851,0.1643443379256187,0.7116565002303521
4240,0.5843118702809528,0.109594281108544,0.47683157369529
4241,0.5254827757455944,0.0497450951576627,0.2201363022902753
4242,0.4745200065461294,-0.0002365209147224,0.0057633864499185
4243,0.4392286714788723,-0.0382624500455564,-0.1573311660253361
4244,0.4039067281418257,-0.0711964666119279,-0.2985863257513222
4245,0.3803995769435139,-0.0956749159934358,-0.4035752593137103
4246,0.3705743223410945,-0.1079120352492652,-0.4560606958101845
4247,0.3588207467419387,-0.1150682650709828,-0.486754018152615
4248,0.3588207467419387,-0.1214503300573373,-0.514126920185756
4249,0.3549028882088867,-0.1198787655541449,-0.5073864245504679
4250,0.3705743223410945,-0.1078872007177988,-0.4559541796279892
4251,0.3803995769435139,-0.097704281472541,-0.4122792794964811
4252,0.3803995769435139,-0.096544616635982,-0.4073054360727181
4253,0.3843174354765659,-0.0943054314632247,-0.3977014918165881
4254,0.3941120818091958,-0.0844735350151435,-0.3555321408543627
4255,0.3999888696087737,-0.0773428953028806,-0.3249485753947936
4256,0.3999888696087737,-0.0803111730409419,-0.3376796234027388
4257,0.3941120818091958,-0.0834030717777356,-0.3509408862384515
4258,0.3999888696087737,-0.0794392864565298,-0.3339400710618976
4259,0.3999888696087737,-0.0795910764416793,-0.3345911036668606
4260,0.3901942232761438,-0.0890298635001536,-0.3750743945790827
4261,0.3843174354765659,-0.0948273071430112,-0.3999398350310207
4262,0.3843174354765659,-0.0958463399250979,-0.4043105026084049
4263,0.374522789143936,-0.1057153308791835,-0.4466389532164342
4264,0.3588207467419387,-0.1204290564825722,-0.5097466417694673
4265,0.3549028882088867,-0.1258326057045068,-0.5329226551443732
4266,0.3549028882088867,-0.1256086318161737,-0.5319620232303404
4267,0.3549028882088867,-0.1253282065932255,-0.5307592695492364
4268,0.3646975345415166,-0.1163460745186179,-0.4922345879841543
4269,0.3803995769435139,-0.0995417850175021,-0.4201603970703873
4270,0.3941120818091958,-0.0885721537774192,-0.3731112614197036
4271,0.3941120818091958,-0.0855014346170422,-0.3599408385349467
4272,0.3901942232761438,-0.090785407427054,-0.382603984457698
4273,0.3705743223410945,-0.1130544198348936,-0.4781165648400524
4274,0.3392008458068894,-0.1400972368372361,-0.5941041616583218
4275,0.3352829872738374,-0.1459491161670944,-0.6192030786935544
4276,0.3549028882088867,-0.1303222383164542,-0.5521788479149563
4277,0.3646975345415166,-0.1130931641682051,-0.4782827406534204
4278,0.3705743223410945,-0.1124788156948441,-0.4756477783627706
4279,0.3588207467419387,-0.1260255060069142,-0.5337500113513768
4280,0.3490261004093087,-0.1307856972844703,-0.5541666397903147
4281,0.3392008458068894,-0.1385531881122562,-0.5874816821671794
4282,0.3352829872738374,-0.1582686320832882,-0.6720419173751889
4283,0.3451082418762568,-0.1321059984461293,-0.5598294580833917
4284,0.3588207467419387,-0.1072697776651212,-0.4533060303581084
4285,0.3235294116746816,-0.1947690925684295,-0.8285936809752984
4286,0.2901970058739504,-0.1661427282495258,-0.7058141938121717
4287,0.7705938002196577,0.3049010343953267,1.314509133475778
4288,1.503906727835743,0.9489186137065406,4.0767232669573765
4289,1.503906727835743,1.1315721439151731,4.860130706257703
4290,1.2921587174322002,0.6935923206766528,2.9816197823430093
4291,0.5156881294129645,0.1183553072030395,0.5144079239059451
4292,0.4039067281418257,-0.1151709880142941,-0.4871946004829153
4293,0.4098141242111931,-0.0785328635039349,-0.3300523910186797
4294,0.3901942232761438,-0.0737837560620045,-0.3096833015420341
4295,0.3705743223410945,-0.1230158902911678,-0.5208416632977816
4296,0.3549028882088867,-0.1306751726377287,-0.5536925956785776
4297,0.3549028882088867,-0.1211849263650293,-0.5129885943798743
4298,0.3705743223410945,-0.1169168736177989,-0.4946827654715182
4299,0.3803995769435139,-0.1025982917486416,-0.4332698623444017
4300,0.3941120818091958,-0.0882650270567665,-0.3717939840722994
4301,0.4039067281418257,-0.0789756182299025,-0.3319513816689682
4302,0.4156909120107711,-0.0691339517972507,-0.2897401268980088
4303,0.419608770543823,-0.0622556442558491,-0.2602388230273713
4304,0.4294034168764529,-0.0542864627527184,-0.226058722223647
4305,0.4451054592784502,-0.0384329784604057,-0.1580625684168061
4306,0.4607768934106581,-0.0218847404557463,-0.0870865914107518
4307,0.4745200065461294,-0.0094010227497285,-0.0335434854557302
4308,0.4901914406783372,0.0080111682755917,0.0411380165561566
4309,0.5196059879460164,0.0349479944770324,0.1566710150875545
4310,0.5451026766806437,0.0645037963914491,0.2834368929098632
4311,0.5843118702809528,0.0971753093055928,0.4235661652042521
4312,0.6196032053482099,0.141941064694069,0.6155680704352819
4313,0.6803912291500942,0.192090429178193,0.8306604651356255
4314,0.7098057764177734,0.2306599968063769,0.9960867023181372
4315,0.7411792529519786,0.2563120198153898,1.106109134599679
4316,0.7548917578176605,0.2733294622117943,1.1790975458062969
4317,0.7607991538870279,0.2764592703073882,1.1925214032202214
4318,0.7450971114850305,0.2643804685039557,1.140714995866174
4319,0.7254772105499813,0.2414673466746631,1.0424398074361496
4320,0.6901858754827241,0.2077369040882223,0.8977687483937803
4321,0.6450998940828371,0.1637642825612518,0.709168622294831
4322,0.5960654458801087,0.1124352402321979,0.4890165476713004
4323,0.5392258888810657,0.0574850252780582,0.2533331358201642
4324,0.4901914406783372,0.0084081443352214,0.0428406608903931
4325,0.4549001056110801,-0.0278167907587477,-0.1125293645800787
4326,0.4254855583434009,-0.05621355666744,-0.2343240960562735
4327,0.3999888696087737,-0.081405977510695,-0.3423752784234995
4328,0.3843174354765659,-0.0985748077418824,-0.4160129973979607
4329,0.374522789143936,-0.105463976293946,-0.4455608845267549
4330,0.374522789143936,-0.108491937074238,-0.4585479152098239
4331,0.3705743223410945,-0.1100947141089462,-0.4654222824946823
4332,0.374522789143936,-0.1064218993524581,-0.4496694503423651
4333,0.3803995769435139,-0.1013435448254105,-0.4278882084942097
4334,0.3803995769435139,-0.1003826683813366,-0.4237669755036614
4335,0.3843174354765659,-0.0963415436801343,-0.4064344489959828
4336,0.3941120818091958,-0.0861753268254255,-0.3628311860071855
4337,0.3999888696087737,-0.0822218297970504,-0.3458744976817911
4338,0.3901942232761438,-0.0874285995414105,-0.3682065169304548
4339,0.3941120818091958,-0.0893784382474619,-0.3765694439760565
4340,0.3901942232761438,-0.0864752603717786,-0.3641176115760774
4341,0.3941120818091958,-0.0890801554666537,-0.3752900985988638
4342,0.3803995769435139,-0.0967678689768464,-0.4082629732441848
4343,0.3803995769435139,-0.1003019266258698,-0.4234206712640301
4344,0.3803995769435139,-0.0996676524909281,-0.4207002471074231
4345,0.374522789143936,-0.1025288770763397,-0.4329721403643459
4346,0.3705743223410945,-0.1114108278023952,-0.4710671405887759
4347,0.3549028882088867,-0.1211691405583246,-0.5129208884976301
4348,0.3549028882088867,-0.1256699820940884,-0.5322251567381713
4349,0.3549028882088867,-0.1228928101615781,-0.5203137682768615
4350,0.3646975345415166,-0.1133238440630645,-0.4792721348661874
4351,0.3803995769435139,-0.0983944598060838,-0.4152394787344797
4352,0.3941120818091958,-0.0833197193708703,-0.350583384822808
4353,0.3999888696087737,-0.0775482824500207,-0.3258294881196801
4354,0.3901942232761438,-0.0881770998317455,-0.3714168611000809
4355,0.3646975345415166,-0.1114218667101537,-0.4711144868538598
4356,0.3451082418762568,-0.1328932759840322,-0.5632061192367933
4357,0.3392008458068894,-0.1375353938638618,-0.5831163267045255
4358,0.3549028882088867,-0.1209467814489003,-0.5119671824273437
4359,0.3803995769435139,-0.0978668375714729,-0.412976488343534
4360,0.3803995769435139,-0.0930994121839946,-0.3925288325517533
4361,0.3705743223410945,-0.1083469579137793,-0.457926094472403
4362,0.3549028882088867,-0.1201982058624929,-0.508756515310205
4363,0.3451082418762568,-0.1261250640426356,-0.534177019281293
4364,0.3549028882088867,-0.1290028485592479,-0.5465199386677524
4365,0.3646975345415166,-0.1048066236974114,-0.4427414760336348
4366,0.374522789143936,-0.0951281353515574,-0.4012300978376432
4367,0.3352829872738374,-0.1521955974474197,-0.6459944574250112
4368,0.3941120818091958,-0.0777507936617226,-0.3266980658559428
4369,0.8255050362219641,0.3777370820031825,1.6269055130040082
4370,1.503906727835743,0.9697792877040552,4.166195434179138
4371,1.503906727835743,1.1146976439972358,4.787755380387543
4372,1.227452835097264,0.6630541513416593,2.850640495973233
4373,0.5098113416133866,0.1101715883770213,0.4793076649505243
4374,0.419608770543823,-0.0901806941901213,-0.3800103480362429
4375,0.4254855583434009,-0.0472049993775484,-0.1956860758099464
4376,0.4156909120107711,-0.0397646653507003,-0.1637742205019526
4377,0.4098141242111931,-0.0759372037638876,-0.3189195147587863
4378,0.3803995769435139,-0.0886971054999705,-0.373647183768909
4379,0.3705743223410945,-0.0985531025682384,-0.4159199031419417
4380,0.374522789143936,-0.0989070030929478,-0.4174377949862053
4381,0.3941120818091958,-0.0776259726748515,-0.326162704236685
4382,0.4039067281418257,-0.0660117609944703,-0.2763489403218754
4383,0.4039067281418257,-0.0677067940178082,-0.2836189967988888
4384,0.4098141242111931,-0.0596768354057268,-0.2491782208292548
4385,0.4254855583434009,-0.0464800995558926,-0.1925769548836552
4386,0.4294034168764529,-0.0392448400126784,-0.1615446712757318
4387,0.4392286714788723,-0.0306513113242187,-0.1246867233527415
4388,0.4549001056110801,-0.0159019181876741,-0.0614260554908284
4389,0.4706021480130775,0.0026899906581252,0.0183152979007871
4390,0.4941092992113892,0.0245468013834552,0.1120599307148614
4391,0.5156881294129645,0.0465336044553815,0.2063621052926198
4392,0.5392258888810657,0.0707952265687951,0.3104210590474771
4393,0.5745172239483228,0.1069075368786974,0.4653080328430828
4394,0.6196032053482099,0.1504078939227414,0.6518825999023611
4395,0.654894540415467,0.1875663029781455,0.8112563281479506
4396,0.6862680169496722,0.2190138725765883,0.9461360643523072
4397,0.7156825642173513,0.2477663967906578,1.0694566557596352
4398,0.7313846066193487,0.2644051023032104,1.1408206511008268
4399,0.7313846066193487,0.2647294882230131,1.1422119537626887
4400,0.7215593520169293,0.2547097619527395,1.0992369940621052
4401,0.7000111300851435,0.2338077862505504,1.0095876823709171
4402,0.6647197950178864,0.1979699752972811,0.855878046006588
4403,0.615685346815158,0.1508976276387143,0.6539830850992863
4404,0.5646919693459035,0.0976482853730819,0.4255947762552333
4405,0.5058934830803345,0.0413242377184297,0.1840189474510484
4406,0.4549001056110801,-0.0104154131860835,-0.0378942418483819
4407,0.4156909120107711,-0.050108814124117,-0.2081406397716361
4408,0.3843174354765659,-0.0790329493693605,-0.3321972769500705
4409,0.3646975345415166,-0.1016396645188801,-0.4291582763134434
4410,0.3451082418762568,-0.1177152304787055,-0.4981069462324172
4411,0.3392008458068894,-0.1255928857612551,-0.53189448784491
4412,0.3392008458068894,-0.1251884278624417,-0.5301597536382824
4413,0.3451082418762568,-0.1174804965788715,-0.4971001642491953
4414,0.3549028882088867,-0.1094048617465296,-0.4624634813583518
4415,0.3549028882088867,-0.108439594183635,-0.4583234147041614
4416,0.3549028882088867,-0.1076940392660619,-0.455125703342292
4417,0.3646975345415166,-0.0982625222262637,-0.4146735937968259
4418,0.374522789143936,-0.0887004829730263,-0.3736616698700806
4419,0.374522789143936,-0.0874096838435586,-0.3681253868345853
4420,0.374522789143936,-0.0878865765651567,-0.3701707965533101
4421,0.374522789143936,-0.0876373916040252,-0.369102033458016
4422,0.3705743223410945,-0.0915707070806593,-0.3859721623955219
4423,0.3646975345415166,-0.0969217101761109,-0.4089228035789012
4424,0.3588207467419387,-0.1015816851430746,-0.428909600723762
4425,0.3549028882088867,-0.1096914960337147,-0.4636928659351672
4426,0.3392008458068894,-0.1174377503392386,-0.4969168241183351
4427,0.3451082418762568,-0.119994855588495,-0.5078843388061334
4428,0.3352829872738374,-0.1237868170508195,-0.5241481953860307
4429,0.3294061994742595,-0.1302499213527583,-0.5518686779046518
4430,0.3352829872738374,-0.1286396940861461,-0.5449623563121407
4431,0.3392008458068894,-0.1170148303384466,-0.4951029053045519
4432,0.3549028882088867,-0.1082781744880673,-0.4576310799312562
4433,0.3549028882088867,-0.1052481876624148,-0.4446353594681104
4434,0.3588207467419387,-0.0983943894100701,-0.4152391768034917
4435,0.3646975345415166,-0.0980941276192205,-0.4139513433823663
4436,0.3392008458068894,-0.1198940193885346,-0.5074518487846729
4437,0.3137347653420516,-0.1440625275248151,-0.6111114334043944
4438,0.3137347653420516,-0.1474351853750238,-0.6255768819892106
4439,0.3235294116746816,-0.1359471888942454,-0.576304459521285
4440,0.3392008458068894,-0.1191487873621949,-0.5042555223147026
4441,0.3451082418762568,-0.1126222619059451,-0.4762630242262785
4442,0.3352829872738374,-0.1274455555567128,-0.5398406540026116
4443,0.3235294116746816,-0.1344209069010924,-0.5697581821701687
4444,0.3196115531416296,-0.1314182798116982,-0.5568798085817183
4445,0.3235294116746816,-0.148041576525112,-0.6281777150394251
4446,0.3196115531416296,-0.1374839511665144,-0.582895687159516
4447,0.3235294116746816,-0.1094364301517368,-0.4625988793627481
4448,0.3352829872738374,-0.1677807819448977,-0.7128398639399921
4449,0.2941148644070023,-0.1371436085064431,-0.58143594547532
4450,0.7254772105499813,0.2981222385661308,1.2854346388518627
4451,1.503906727835743,0.9433203307406408,4.052712033679899
4452,1.503906727835743,1.1966534645976656,5.139266788237164
4453,1.4019505811670236,0.7920209203301862,3.4037835210915266
4454,0.4941092992113892,0.1395660232325918,0.6053814337606844
4455,0.3196115531416296,-0.1715410804528833,-0.7289679169909296
4456,0.3490261004093087,-0.1264326083073018,-0.5354960874897117
4457,0.3392008458068894,-0.0917998890549133,-0.386955131973931
4458,0.3392008458068894,-0.1278428357981249,-0.5415446029832515
4459,0.3451082418762568,-0.1200199310590017,-0.5079918883843784
4460,0.3392008458068894,-0.1101654030851586,-0.4657254700091972
4461,0.3352829872738374,-0.1226970752056549,-0.5194742541408565
4462,0.3490261004093087,-0.1144626651939622,-0.4841565789005218
4463,0.3549028882088867,-0.0985572469195429,-0.4159376784109952
4464,0.3646975345415166,-0.0920167268348569,-0.3878851568671546
4465,0.3803995769435139,-0.0821917882624959,-0.3457456484795276
4466,0.3843174354765659,-0.0689498749327999,-0.2889506147278958
4467,0.4039067281418257,-0.0551133844910962,-0.2296054187524487
4468,0.419608770543823,-0.0403288193268752,-0.16619389682215
4469,0.4254855583434009,-0.0285017393631722,-0.1154671333252632
4470,0.4451054592784502,-0.0161653764890228,-0.0625560374462073
4471,0.4607768934106581,0.0048197987973783,0.0274501201988694
4472,0.4941092992113892,0.0361511460018888,0.16183137445264
4473,0.5353080303480138,0.0761846678487651,0.3335365629612428
4474,0.5803940117479008,0.1241043474054078,0.5390657602928333
4475,0.6353052477502072,0.1759392264342749,0.7613873863794653
4476,0.6803912291500942,0.2233479349416466,0.9647250108418712
4477,0.7215593520169293,0.2623919551343106,1.132186191823083
4478,0.7509738992846084,0.2944309117490161,1.2696024078179848
4479,0.7764705880192357,0.3163215626644492,1.363492182402075
4480,0.7803884465522877,0.3237758809338575,1.3954640166200964
4481,0.7764705880192357,0.3171652522260859,1.36711079671679
4482,0.7509738992846084,0.2930457200172774,1.263661271578998
4483,0.7058879178847215,0.2470271645713002,1.066286062673623
4484,0.6450998940828371,0.1867966618773989,0.8079553102961331
4485,0.5803940117479008,0.1217882093900024,0.5291317625779118
4486,0.5098113416133866,0.0509514201165535,0.2253102726259664
4487,0.4392286714788723,-0.0200681742092445,-0.0792952746490891
4488,0.3843174354765659,-0.0733853090205741,-0.3079743481149241
4489,0.3549028882088867,-0.1053988403721475,-0.4452815142586613
4490,0.3294061994742595,-0.1292812731791534,-0.5477141116917786
4491,0.3098169068089997,-0.149087751344346,-0.632664795772332
4492,0.2999916522065803,-0.1595812105201249,-0.6776716126288668
4493,0.2999916522065803,-0.1601519516358494,-0.6801195414231388
4494,0.3039095107396323,-0.1544475299525451,-0.6556530754396882
4495,0.3098169068089997,-0.1503437501369661,-0.6380518189345283
4496,0.3098169068089997,-0.1514815595701839,-0.6429319237617975
4497,0.3098169068089997,-0.1471546663148946,-0.6243737258371246
4498,0.3294061994742595,-0.1335044961528323,-0.5658276641187426
4499,0.3352829872738374,-0.1237560975629326,-0.5240164384179907
4500,0.3392008458068894,-0.1208448310145998,-0.5115299134154627
4501,0.3451082418762568,-0.1160807688584026,-0.4910966826413791
4502,0.3490261004093087,-0.1114668673295455,-0.4713074960990925
4503,0.3490261004093087,-0.1115043398227853,-0.4714682169454932
4504,0.3490261004093087,-0.1121892144028798,-0.4744056681977129
4505,0.3490261004093087,-0.1118833191579027,-0.4730936726929563
4506,0.3490261004093087,-0.1128090472176391,-0.4770641530222343
4507,0.3451082418762568,-0.1150062837336708,-0.4864881780087506
4508,0.3451082418762568,-0.1182395657469695,-0.500355838708661
4509,0.3392008458068894,-0.1211408998316837,-0.512799763024082
4510,0.3392008458068894,-0.1231161958226005,-0.5212718772631925
4511,0.3352829872738374,-0.127054363509437,-0.5381628175015545
4512,0.3352829872738374,-0.1270564828400616,-0.5381719073854223
4513,0.3490261004093087,-0.1124980828658984,-0.4757304159396134
4514,0.3705743223410945,-0.0927413823543777,-0.3909932299729642
4515,0.3803995769435139,-0.0831765472758561,-0.3499693146528737
4516,0.3803995769435139,-0.0802938132575076,-0.337605166678735
4517,0.3803995769435139,-0.0845403130397921,-0.3558185541595517
4518,0.3588207467419387,-0.1047559587128281,-0.4425241721261261
4519,0.3352829872738374,-0.1263611065648512,-0.5351894139921081
4520,0.3352829872738374,-0.1295754552812936,-0.5489758691133977
4521,0.3451082418762568,-0.1195119028378396,-0.505812937408844
4522,0.3549028882088867,-0.1077998325684269,-0.4555794545509669
4523,0.3588207467419387,-0.1044026082420181,-0.4410086394824557
4524,0.3588207467419387,-0.1095447408397899,-0.4630634277275107
4525,0.3549028882088867,-0.1074248256699838,-0.453971036724639
4526,0.3451082418762568,-0.1131004124779218,-0.4783138289096831
4527,0.3490261004093087,-0.1318401686122552,-0.558689304541289
4528,0.3451082418762568,-0.1085123533381211,-0.4586354812863759
4529,0.3549028882088867,-0.0977699663124527,-0.4125610040937408
4530,0.3196115531416296,-0.1870484315738042,-0.7954794934060977
4531,0.2999916522065803,-0.1199841142793329,-0.5078382689519356
4532,0.8705910176218512,0.3890039358025007,1.675229446704129
4533,1.503906727835743,1.0052776634470888,4.318449220943651
4534,1.503906727835743,1.1102650229013056,4.76874371202184
4535,1.1823668536973768,0.6280580109617305,2.7005408144115406
4536,0.4745200065461294,0.0801430790789995,0.3505143284718983
4537,0.3941120818091958,-0.1085858245451851,-0.4589506018872347
4538,0.4039067281418257,-0.0619362367342447,-0.2588688728911349
4539,0.3941120818091958,-0.0608163879659839,-0.2540658019899334
4540,0.374522789143936,-0.0999369100660027,-0.4218551023525447
4541,0.3705743223410945,-0.0990113240989128,-0.417885231463644
4542,0.3705743223410945,-0.0937656732161557,-0.3953864496397708
4543,0.374522789143936,-0.0930535521580179,-0.3923321372813382
4544,0.3941120818091958,-0.0774114129485649,-0.3252424499960188
4545,0.3999888696087737,-0.0667970142342316,-0.2797169191890838
4546,0.4039067281418257,-0.0630557304772685,-0.2636704210765614
4547,0.419608770543823,-0.0519749443059496,-0.2161445380016931
4548,0.4254855583434009,-0.0428112342775848,-0.176841062182682
4549,0.4294034168764529,-0.037720642948535,-0.1550073362587422
4550,0.4451054592784502,-0.0272575217098117,-0.1101306398852621
4551,0.4549001056110801,-0.0130280142500461,-0.0490997800446292
4552,0.4745200065461294,0.0050073885499541,0.0282546992701665
4553,0.4999860870109672,0.0292187753135712,0.1320981918362831
4554,0.5254827757455944,0.0552995452151537,0.2439595346761497
4555,0.5548973230132735,0.0859389029507378,0.3753728216683228
4556,0.6000139126829501,0.1278114502484446,0.5549656552588336
4557,0.6450998940828371,0.1756050707238394,0.7599541807406757
4558,0.6901858754827241,0.219096925174646,0.9464922798773908
4559,0.7254772105499813,0.2545234047237286,1.09843770132789
4560,0.7548917578176605,0.2829118388566937,1.2201966975238534
4561,0.7705938002196577,0.3014867790891271,1.299865271933698
4562,0.7764705880192357,0.3019558910783191,1.3018773098164491
4563,0.7548917578176605,0.2855552248498247,1.2315342733681074
4564,0.7353024651524006,0.2630665427070197,1.135079521737464
4565,0.7058879178847215,0.2326270311128196,1.004523381900875
4566,0.654894540415467,0.1844325012508689,0.7978153419067514
4567,0.5960654458801087,0.1230126096145817,0.5343832583662538
4568,0.5353080303480138,0.0622221818780965,0.2736509677140328
4569,0.4803967943457073,0.0093768678809691,0.0469955503770474
4570,0.4392286714788723,-0.0349258151347284,-0.1430202210992451
4571,0.4039067281418257,-0.0689490705419922,-0.288947164667324
4572,0.3803995769435139,-0.0908828009534983,-0.3830217087309108
4573,0.3705743223410945,-0.1054192099255288,-0.4453688799922221
4574,0.3549028882088867,-0.116024407578138,-0.4908549471205964
4575,0.3549028882088867,-0.1196759475067762,-0.5065165307851981
4576,0.3549028882088867,-0.1184258719590209,-0.5011549126293359
4577,0.3588207467419387,-0.1156293542254619,-0.4891605493443614
4578,0.3646975345415166,-0.1072997670138765,-0.4534346557336368
4579,0.3803995769435139,-0.0961683378638032,-0.4056915631350368
4580,0.3803995769435139,-0.0914390618111159,-0.3854075311869643
4581,0.3843174354765659,-0.0916829163143602,-0.3864534317601986
4582,0.3803995769435139,-0.0921018387574395,-0.3882502049078259
4583,0.3843174354765659,-0.0928707971571006,-0.3915482946305862
4584,0.3803995769435139,-0.0909952765666663,-0.383504120606526
4585,0.3901942232761438,-0.0871793586489752,-0.3671375139438242
4586,0.3843174354765659,-0.0891724894666933,-0.3756861223847099
4587,0.3803995769435139,-0.0951512590531534,-0.4013292762101267
4588,0.374522789143936,-0.099515721350514,-0.4200486090825471
4589,0.3705743223410945,-0.1063590584903387,-0.4493999236662579
4590,0.3588207467419387,-0.1150703857386303,-0.4867631137710212
4591,0.3549028882088867,-0.1200653378262471,-0.5081866396120934
4592,0.3549028882088867,-0.1224513982864305,-0.5184205371611466
4593,0.3588207467419387,-0.1157725816371241,-0.4897748567693519
4594,0.3803995769435139,-0.0927755454420069,-0.3911397566618687
4595,0.4156909120107711,-0.0657864990610318,-0.2753827839369135
4596,0.4254855583434009,-0.044998364276835,-0.1862217399619311
4597,0.4451054592784502,-0.0313128907395278,-0.1275242608208053
4598,0.4549001056110801,-0.0265398359329268,-0.1070524602516714
4599,0.4490233178115022,-0.0198138531714763,-0.0782044827397807
4600,0.4607768934106581,-0.0181404932976009,-0.0710273831659413
4601,0.4254855583434009,-0.0547533235658819,-0.2280611047329384
4602,0.3588207467419387,-0.1111573683916028,-0.4699800442279849
4603,0.3352829872738374,-0.1431940840046486,-0.6073866484876534
4604,0.3196115531416296,-0.1598440661475512,-0.6787990096945162
4605,0.3098169068089997,-0.1649230155412617,-0.7005828029467895
4606,0.3137347653420516,-0.1579761466590555,-0.6707874370650132
4607,0.3098169068089997,-0.1720481287541552,-0.7311426650554607
4608,0.3235294116746816,-0.1640405448116319,-0.6967978548334566
4609,0.3196115531416296,-0.1225478257316316,-0.5188341178778018
4610,0.3235294116746816,-0.1902928959798475,-0.8093951157832627
4611,0.2490288830071153,-0.2304160758744421,-0.9814848508237362
4612,0.5901886580805307,0.1830010046375176,0.7916756023958221
4613,1.503906727835743,0.9006299760023496,3.869611595105586
4614,1.503906727835743,1.1743180877596031,5.043469568470713
4615,1.3431520949014546,0.7345223290911269,3.1571700333887924
4616,0.5156881294129645,0.1269222513625268,0.5511518498456566
4617,0.3941120818091958,-0.1166856087226115,-0.4936908621716921
4618,0.3999888696087737,-0.0851416551012139,-0.3583977314902276
4619,0.3705743223410945,-0.0862403601348996,-0.3631101161673972
4620,0.3451082418762568,-0.1412214395672914,-0.5989259068553684
4621,0.3235294116746816,-0.1595718356393043,-0.677631403434065
4622,0.3137347653420516,-0.1528529474452373,-0.6488138547721424
4623,0.3451082418762568,-0.1373110252991686,-0.5821540020096511
4624,0.3588207467419387,-0.1205193500945256,-0.5101339142587796
4625,0.3549028882088867,-0.1182758721561069,-0.5005115581791799
4626,0.3646975345415166,-0.1136618517430959,-0.4807218617385603
4627,0.3803995769435139,-0.0992544470675356,-0.4189279944590611
4628,0.3843174354765659,-0.0907859699991917,-0.3826063973494572
4629,0.3941120818091958,-0.0823322569302299,-0.3463481235544179
4630,0.4156909120107711,-0.0655033676387312,-0.2741684232712499
4631,0.4254855583434009,-0.047763351642688,-0.198080868386695
4632,0.4490233178115022,-0.0300431795959624,-0.1220784249013162
4633,0.4706021480130775,-0.0081278225745647,-0.0280826849565419
4634,0.4941092992113892,0.0198027757775057,0.0917126374121425
4635,0.5353080303480138,0.0555519461275872,0.2450420911001111
4636,0.5745172239483228,0.0973008265280071,0.4241045130023338
4637,0.615685346815158,0.1405291366661768,0.6095122612782187
4638,0.6607713282150449,0.1804522532763199,0.7807439178288258
4639,0.6901858754827241,0.2148227016103282,0.928159984116698
4640,0.7215593520169293,0.2441443197717974,1.0539214395552026
4641,0.7411792529519786,0.2631839983564251,1.1355832931643122
4642,0.7450971114850305,0.2674479846103071,1.1538716807391374
4643,0.7353024651524006,0.2606264517877876,1.1246138856421084
4644,0.7215593520169293,0.2405049177426656,1.0383119157700893
4645,0.6764733706170423,0.2021195312117724,0.8736756378160209
4646,0.6293978516808398,0.1522102800161402,0.6596130974867617
4647,0.5803940117479008,0.1004046239108689,0.4374168095510917
4648,0.5254827757455944,0.0524063939712845,0.2315507068539924
4649,0.4901914406783372,0.0099803619963933,0.0495839579433138
4650,0.4451054592784502,-0.0307668525981491,-0.125182283955594
4651,0.4098141242111931,-0.0668287371436717,-0.2798529798675894
4652,0.3901942232761438,-0.0876604637143207,-0.3692009905535903
4653,0.3803995769435139,-0.0958463520585297,-0.4043105546491223
4654,0.374522789143936,-0.1025721357949015,-0.4331576785354242
4655,0.3705743223410945,-0.1068787914286846,-0.4516290765870064
4656,0.3705743223410945,-0.1046789495029714,-0.442193876906387
4657,0.374522789143936,-0.1042670084016329,-0.4404270469799491
4658,0.3646975345415166,-0.1105260056107332,-0.467272106971773
4659,0.3646975345415166,-0.1122386698170477,-0.4746177842150085
4660,0.374522789143936,-0.1029821378139354,-0.4349161916694021
4661,0.3803995769435139,-0.0947179555554803,-0.3994708222116509
4662,0.3803995769435139,-0.0972717045918215,-0.4104239419837711
4663,0.374522789143936,-0.1020195629443274,-0.4307876740717783
4664,0.374522789143936,-0.1000374635242995,-0.4222863796850283
4665,0.3803995769435139,-0.0988989361576328,-0.4174031956158515
4666,0.3705743223410945,-0.1030357542445506,-0.4351461544331368
4667,0.374522789143936,-0.1032876371109704,-0.4362264889394568
4668,0.374522789143936,-0.1004595697296436,-0.4240968081014059
4669,0.374522789143936,-0.1034741876467484,-0.4370266107732206
4670,0.3646975345415166,-0.1086539621461599,-0.4592428464632839
4671,0.3646975345415166,-0.1132463419716362,-0.4789397256599875
4672,0.3549028882088867,-0.1210389871774299,-0.5123626560521551
4673,0.3490261004093087,-0.1250727541779221,-0.5296636251217384
4674,0.3549028882088867,-0.1222391035328585,-0.5175099974684138
4675,0.3549028882088867,-0.1211387791506691,-0.5127906673483439
4676,0.3588207467419387,-0.115181751530625,-0.487240765584444
4677,0.3803995769435139,-0.0961969746401786,-0.4058143872798778
4678,0.3941120818091958,-0.0812805894154153,-0.3418374844562566
4679,0.3941120818091958,-0.0816030195063546,-0.3432203984990764
4680,0.3843174354765659,-0.0887499409825186,-0.373873797018814
4681,0.374522789143936,-0.1042644243780866,-0.440415964011735
4682,0.3451082418762568,-0.1271789758763453,-0.5386972843424268
4683,0.3392008458068894,-0.1361666961321337,-0.5772459338138735
4684,0.3549028882088867,-0.1215116840154789,-0.5143900694782101
4685,0.374522789143936,-0.0994014776264205,-0.4195586137167527
4686,0.3803995769435139,-0.0928297022220345,-0.3913720370033092
4687,0.3705743223410945,-0.106798541079187,-0.4512848800049252
4688,0.3588207467419387,-0.1161893971253113,-0.4915625931130649
4689,0.3490261004093087,-0.1189595520505791,-0.5034438853825897
4690,0.3451082418762568,-0.1363357185374137,-0.5779708768771339
4691,0.3549028882088867,-0.1252086393385003,-0.5302464413726254
4692,0.3549028882088867,-0.0929237521343208,-0.3917754203973584
4693,0.3549028882088867,-0.1500017614599987,-0.6365850174257554
4694,0.3235294116746816,-0.1529885765348509,-0.6493955727256221
4695,0.6411820355497851,0.236250127845699,1.0200629716947345
4696,1.503906727835743,0.8922372880116092,3.8336150600254126
4697,1.503906727835743,1.207076535429857,5.183971707003124
4698,1.4882352937035352,0.8476237982452678,3.642266227423167
4699,0.5607741108128516,0.1980399908385506,0.8561783451348584
4700,0.3803995769435139,-0.1287033882768248,-0.5452355429445639
4701,0.3999888696087737,-0.0903816602522897,-0.3808722985716078
4702,0.3901942232761438,-0.0551660300499322,-0.2298312174128476
4703,0.3803995769435139,-0.1030399159564085,-0.4351640041622167
4704,0.3646975345415166,-0.1149138155653499,-0.4860915787704094
4705,0.3549028882088867,-0.1085097286198311,-0.4586242237769694
4706,0.3646975345415166,-0.1097781677824565,-0.464064604125302
4707,0.3803995769435139,-0.0971223828811292,-0.4097834958950929
4708,0.3803995769435139,-0.0861993794082736,-0.3629343483841517
4709,0.3941120818091958,-0.0810048343044849,-0.3406547610504664
4710,0.4039067281418257,-0.0677792730765606,-0.2839298620406132
4711,0.4156909120107711,-0.0568134025362902,-0.2368968561641896
4712,0.419608770543823,-0.0510061561164453,-0.2119893712556846
4713,0.4352802046760309,-0.0376693150584349,-0.1547871891260693
4714,0.4549001056110801,-0.0170172829871348,-0.0662098944915483
4715,0.4745200065461294,0.0047075139602152,0.0269685265682743
4716,0.4999860870109672,0.0263541838036034,0.119811857721076
4717,0.5196059879460164,0.049988099242594,0.2211785553893427
4718,0.5548973230132735,0.0826587850472426,0.3613042801819076
4719,0.5960654458801087,0.1263699311240521,0.548782928844223
4720,0.6450998940828371,0.1718030719656273,0.7436472738443687
4721,0.6803912291500942,0.2129609062230542,0.9201746779735344
4722,0.7254772105499813,0.2515668317639318,1.0857568555271362
4723,0.7548917578176605,0.2863194712449234,1.2348121531369511
4724,0.7803884465522877,0.3101774338546549,1.337139797030085
4725,0.7901830928849176,0.3179951723991729,1.3706703536379137
4726,0.7803884465522877,0.3126226814861021,1.347627550446179
4727,0.7666759416866058,0.2955564680407805,1.2744299584889869
4728,0.7313846066193487,0.2610062492931438,1.12624285055061
4729,0.6803912291500942,0.2119224223506275,0.9157205839829984
4730,0.6293978516808398,0.1593391261779552,0.6901889703451418
4731,0.5745172239483228,0.1044441630175267,0.4547425353877924
4732,0.5156881294129645,0.0472017138453252,0.2092276500524197
4733,0.46469475194371,-0.0041629828340107,-0.0110773473381793
4734,0.4254855583434009,-0.0452214419197806,-0.1871785278478567
4735,0.3901942232761438,-0.0766852890219754,-0.3221280788404521
4736,0.3705743223410945,-0.0988989194433935,-0.4174031239278891
4737,0.3588207467419387,-0.1111277738295924,-0.4698531121067426
4738,0.3549028882088867,-0.1110994905780089,-0.4697318042422145
4739,0.3646975345415166,-0.1051026341401556,-0.4440110752726504
4740,0.3646975345415166,-0.1046666242268386,-0.442141013361933
4741,0.3588207467419387,-0.1058682853465523,-0.4472949803267455
4742,0.3705743223410945,-0.1008687922275773,-0.4258519778418656
4743,0.3705743223410945,-0.0954972729827855,-0.4028133421696825
4744,0.374522789143936,-0.0927332138052679,-0.3909581947774572
4745,0.3803995769435139,-0.0885993966743061,-0.3732281071662101
4746,0.3803995769435139,-0.0856810535424366,-0.3607112304470679
4747,0.3803995769435139,-0.0875369969187905,-0.3686714371088009
4748,0.374522789143936,-0.0922146551640984,-0.3887340784587546
4749,0.3705743223410945,-0.0971122990145927,-0.4097402458355261
4750,0.3646975345415166,-0.1008760605782092,-0.4258831520543211
4751,0.3646975345415166,-0.103618846105857,-0.4376470560112291
4752,0.3588207467419387,-0.1065593612979984,-0.45025902947962
4753,0.3549028882088867,-0.1119017253269394,-0.4731726174017495
4754,0.3451082418762568,-0.1216163715673228,-0.5148390780838635
4755,0.3352829872738374,-0.1306082524013187,-0.5534055724221234
4756,0.3352829872738374,-0.1303927057228619,-0.5524810851087567
4757,0.3451082418762568,-0.1217690008261987,-0.5154937103634679
4758,0.3549028882088867,-0.1105626916651917,-0.4674294547544769
4759,0.3646975345415166,-0.0998161217823976,-0.4213370371399618
4760,0.374522789143936,-0.0938743744102925,-0.3958526728989125
4761,0.3646975345415166,-0.097476743948577,-0.41130336302342
4762,0.3549028882088867,-0.1125899407122875,-0.4761243974856428
4763,0.3294061994742595,-0.1358087942705388,-0.5757108800944484
4764,0.3098169068089997,-0.1535241570516675,-0.6516926964699
4765,0.3137347653420516,-0.1534962073549193,-0.6515728192338363
4766,0.3235294116746816,-0.1396937081724075,-0.59237341296906
4767,0.3392008458068894,-0.1268904828678613,-0.537459927644342
4768,0.3352829872738374,-0.1267406161623328,-0.5368171440535712
4769,0.3352829872738374,-0.1347429248880557,-0.5711393286844869
4770,0.3137347653420516,-0.1434747738820558,-0.6085905372810753
4771,0.3098169068089997,-0.1582769282663782,-0.6720774999973429
4772,0.3098169068089997,-0.1601552694973452,-0.6801337718482252
4773,0.3137347653420516,-0.1356104697691998,-0.574860259306736
4774,0.3294061994742595,-0.147169385248636,-0.6244368558635653
4775,0.2999916522065803,-0.1687826480555634,-0.7171369030576149
4776,0.4803967943457073,0.0465511686003477,0.2064374385304486
4777,1.1215788298954923,0.6061309028586729,2.6064946736626773
4778,1.503906727835743,1.1020451922624233,4.7334885682261865
4779,1.503906727835743,0.9885901702288966,4.246875973410615
4780,0.800008347487337,0.3571783204629823,1.5387282589701134
4781,0.3196115531416296,-0.1297130446482582,-0.5495659947656397
4782,0.3098169068089997,-0.1807409676578336,-0.7684265579974822
4783,0.3392008458068894,-0.108850866076786,-0.4600873743730581
4784,0.3352829872738374,-0.1241207808608027,-0.5255805779570059
4785,0.3352829872738374,-0.1390682098769126,-0.5896906286976545
4786,0.3294061994742595,-0.1263961767756332,-0.5353398313642391
4787,0.3352829872738374,-0.1280729902344987,-0.5425317434860233
4788,0.3352829872738374,-0.1289988859241865,-0.5465029427860808
4789,0.3451082418762568,-0.1181873269563782,-0.5001317846916237
4790,0.3549028882088867,-0.1049016714722833,-0.4431491392955413
4791,0.374522789143936,-0.09047396011732,-0.3812681759511939
4792,0.3803995769435139,-0.0817542963699865,-0.3438692303077356
4793,0.3843174354765659,-0.0769534865223492,-0.323278387387758
4794,0.3999888696087737,-0.0630260670830081,-0.2635431937313689
4795,0.419608770543823,-0.0434491435292109,-0.1795770774830793
4796,0.4352802046760309,-0.0253128597051255,-0.1017899158945694
4797,0.4607768934106581,-0.0029321258706338,-0.0057981583691917
4798,0.4843146528787593,0.0237263585411188,0.1085410223999064
4799,0.5156881294129645,0.0513471666792664,0.2270076436045217
4800,0.5451026766806437,0.0863658362602498,0.3772039537048882
4801,0.5960654458801087,0.1310712478417524,0.568947042217485
4802,0.6411820355497851,0.1803188999447088,0.78017196068176
4803,0.6901858754827241,0.229994443909507,0.9932321224473828
4804,0.7353024651524006,0.2704667414060517,1.1668192352075533
4805,0.7548917578176605,0.2949887805846882,1.2719951269486809
4806,0.7705938002196577,0.3098311252396739,1.3356544671546642
4807,0.7803884465522877,0.3153310567043674,1.359243867371355
4808,0.7607991538870279,0.3028820644820603,1.3058497002418856
4809,0.7353024651524006,0.2714970403114811,1.1712382235856833
4810,0.6862680169496722,0.2246958122880433,0.9705061043648132
4811,0.6254799931477878,0.1651825685341474,0.715251700902469
4812,0.5607741108128516,0.0981689402721875,0.4278278834982283
4813,0.4941092992113892,0.032493804084188,0.1461449058521206
4814,0.4392286714788723,-0.0212855250978823,-0.0845165355867145
4815,0.3999888696087737,-0.0621632482039622,-0.2598425330989614
4816,0.3646975345415166,-0.097154381949206,-0.4099207410277405
4817,0.3392008458068894,-0.1211899052960382,-0.5130099491907432
4818,0.3352829872738374,-0.1269091737818811,-0.53754009363442
4819,0.3352829872738374,-0.1256135209073244,-0.5319829927148857
4820,0.3352829872738374,-0.1275860141276532,-0.5404430857719976
4821,0.3294061994742595,-0.1285375481940827,-0.5445242489750144
4822,0.3392008458068894,-0.1270183308031228,-0.5380082719521068
4823,0.3352829872738374,-0.1218345001079705,-0.5157746390953147
4824,0.3549028882088867,-0.1086642899732453,-0.4592871428782575
4825,0.3646975345415166,-0.0960775724832612,-0.405302267213593
4826,0.3705743223410945,-0.0917827506618234,-0.3868816248009301
4827,0.3705743223410945,-0.0881684699988084,-0.3713798474419538
4828,0.3803995769435139,-0.0843779969659637,-0.3551223747886414
4829,0.374522789143936,-0.0850264677715899,-0.3579036889670007
4830,0.374522789143936,-0.0857838977749574,-0.3611523329910696
4831,0.374522789143936,-0.0900462641627014,-0.3794337729028425
4832,0.3549028882088867,-0.1034625637123475,-0.4369767553082142
4833,0.3490261004093087,-0.1141119002295591,-0.4826521355851069
4834,0.3451082418762568,-0.1154339173207072,-0.4883223135603401
4835,0.3451082418762568,-0.1177794914773423,-0.4983825639241828
4836,0.3352829872738374,-0.1238742562723782,-0.5245232252941715
4837,0.3352829872738374,-0.128708500490234,-0.545257469408353
4838,0.3294061994742595,-0.1303929183006173,-0.5524819968622542
4839,0.3392008458068894,-0.1233389785553312,-0.5222274002687951
4840,0.3549028882088867,-0.105725446252631,-0.4466823384102545
4841,0.374522789143936,-0.0883332253442191,-0.3720864889347944
4842,0.3803995769435139,-0.0804652526460787,-0.338340476268658
4843,0.374522789143936,-0.0862118846542947,-0.3629879838258101
4844,0.3588207467419387,-0.1056820555625546,-0.446496234208691
4845,0.3352829872738374,-0.1233470296081239,-0.52226193151845
4846,0.3392008458068894,-0.1238051296980033,-0.5242267389762952
4847,0.3490261004093087,-0.1138693307266022,-0.4816117464234698
4848,0.3549028882088867,-0.1055925317459292,-0.4461122633987166
4849,0.3549028882088867,-0.1055125858567224,-0.4457693726575711
4850,0.3549028882088867,-0.1117427268794051,-0.4724906674471371
4851,0.3451082418762568,-0.1131381018636034,-0.4784754800154236
4852,0.3352829872738374,-0.1228881871057134,-0.5202939398270495
4853,0.3352829872738374,-0.1384347151401881,-0.5869735474075164
4854,0.3451082418762568,-0.1097437146257012,-0.4639168333196753
4855,0.3490261004093087,-0.0978432661946603,-0.4128753898762421
4856,0.3196115531416296,-0.1834816989844808,-0.780181651413779
4857,0.3039095107396323,-0.1150203246328098,-0.486548399920845
4858,0.8568479044863799,0.3837128042293679,1.6525355965936257
4859,1.503906727835743,1.0007370893531855,4.298974538358567
4860,1.503906727835743,1.1270531381061384,4.840748530807847
4861,1.2019561463626367,0.6374047837701204,2.7406294529567625
4862,0.4156909120107711,0.0358634833847445,0.1605975793323265
4863,0.3137347653420516,-0.1870602317253393,-0.7955301046726136
4864,0.3451082418762568,-0.1200618815687931,-0.5081718156018566
4865,0.3549028882088867,-0.0894492911890891,-0.3768733347440239
4866,0.3490261004093087,-0.1244579314586075,-0.5270266287734512
4867,0.3352829872738374,-0.1294407985812198,-0.5483983217729824
4868,0.3294061994742595,-0.1259361990000813,-0.5333669704462565
4869,0.3352829872738374,-0.1322812930749001,-0.5605813029346332
4870,0.3352829872738374,-0.1275446853550745,-0.5402658252073739
4871,0.3490261004093087,-0.1117156885083871,-0.4723746989193026
4872,0.374522789143936,-0.090154276474346,-0.3798970415206554
4873,0.3901942232761438,-0.0718289656595872,-0.3012991364959089
4874,0.3999888696087737,-0.0648229276990594,-0.2712499923483595
4875,0.4039067281418257,-0.056101528630964,-0.2338436038528912
4876,0.4294034168764529,-0.0371641444855106,-0.1526204947047107
4877,0.4451054592784502,-0.0162402985076481,-0.0628773806290706
4878,0.4706021480130775,0.0072616057551763,0.0379231164442157
4879,0.4999860870109672,0.0358686935274282,0.1606199258182311
4880,0.5254827757455944,0.0624861780225002,0.2747832564972621
4881,0.5548973230132735,0.0912001747395344,0.3979386021096656
4882,0.5960654458801087,0.1334264925329799,0.5790487698455943
4883,0.6509766818824151,0.1855000431112703,0.8023940666335481
4884,0.7000111300851435,0.2382984189196031,1.0288481644217298
4885,0.7509738992846084,0.2865836160123243,1.2359450793694622
4886,0.7862652343518657,0.321333955712201,1.384990513136886
4887,0.800008347487337,0.3386656240916885,1.4593266506780975
4888,0.8117619230864929,0.3449380014035044,1.4862290984028277
4889,0.800008347487337,0.3387735208476595,1.459789423673547
4890,0.7764705880192357,0.3105270725029128,1.3386394095357903
4891,0.7254772105499813,0.2618683006855449,1.129940219405703
4892,0.6647197950178864,0.2019518547013158,0.8729564673431722
4893,0.6000139126829501,0.1333644310332835,0.5787825858824331
4894,0.5254827757455944,0.0632624340745564,0.2781126461087747
4895,0.4706021480130775,0.0057503613560153,0.0314413358646048
4896,0.4254855583434009,-0.0394256658180024,-0.1623202395384776
4897,0.3843174354765659,-0.0796564689734194,-0.3348715745440528
4898,0.3549028882088867,-0.1094977566341611,-0.4628619108108807
4899,0.3392008458068894,-0.1250939052832771,-0.5297543429593056
4900,0.3352829872738374,-0.1310615033427333,-0.5553495817110131
4901,0.3352829872738374,-0.1261193811471508,-0.5341526451419348
4902,0.3549028882088867,-0.1134399636879476,-0.4797701760366935
4903,0.3549028882088867,-0.1070519168165394,-0.4523716174873782
4904,0.3588207467419387,-0.1079666782307829,-0.4562950614869805
4905,0.3588207467419387,-0.1044632774234383,-0.441268851743377
4906,0.3705743223410945,-0.0959746708766276,-0.404860918589996
4907,0.374522789143936,-0.0892518298019366,-0.3760264158835281
4908,0.3803995769435139,-0.0853517813916068,-0.3592989705678319
4909,0.3803995769435139,-0.0844041558295143,-0.3552345710778989
4910,0.3803995769435139,-0.0854090158740801,-0.3595444512837144
4911,0.3803995769435139,-0.0838791909569179,-0.3529829782064465
4912,0.3843174354765659,-0.0818401767114281,-0.3442375741240208
4913,0.3803995769435139,-0.0849684817902591,-0.3576549850459881
4914,0.374522789143936,-0.0903492696769282,-0.3807333742503947
4915,0.3705743223410945,-0.095105505510216,-0.4011330376492264
4916,0.3646975345415166,-0.102008754959559,-0.4307413182435513
4917,0.3549028882088867,-0.1085719532703914,-0.4588911074999455
4918,0.3549028882088867,-0.1128021732133725,-0.4770346701752612
4919,0.3451082418762568,-0.1198878525460194,-0.5074253989794166
4920,0.3392008458068894,-0.1259913657301431,-0.533603582499048
4921,0.3490261004093087,-0.1183936803830947,-0.5010168418237261
4922,0.3646975345415166,-0.0995557209696554,-0.4202201688611551
4923,0.3803995769435139,-0.0866336110560973,-0.3647967832513901
4924,0.3803995769435139,-0.0861235148757177,-0.3626089627257664
4925,0.3705743223410945,-0.0938387783720952,-0.3957000002344338
4926,0.3549028882088867,-0.1126378670153525,-0.4763299550914356
4927,0.3294061994742595,-0.1380760704228781,-0.5854353075537041
4928,0.3137347653420516,-0.1484218509257623,-0.6298087253686788
4929,0.3352829872738374,-0.1359519858872593,-0.5763250339936703
4930,0.3490261004093087,-0.115414989997381,-0.488241133602401
4931,0.3588207467419387,-0.1056428155934787,-0.446327932596032
4932,0.3549028882088867,-0.1145085964555577,-0.4843535797030207
4933,0.3490261004093087,-0.1205013633808491,-0.5100567686088344
4934,0.3352829872738374,-0.1203153425238729,-0.5092589185861509
4935,0.3352829872738374,-0.142254640549973,-0.6033573423452854
4936,0.3352829872738374,-0.1382027628862384,-0.585978696001693
4937,0.3392008458068894,-0.0968013805960554,-0.4084067057620362
4938,0.3451082418762568,-0.1554552587030797,-0.659975259626678
4939,0.274494963471953,-0.1994274639410231,-0.848573600247294
4940,0.5509794644802216,0.1618985973247072,0.7011666324508222
4941,1.452943958636278,0.8434826353552791,3.624504633592126
4942,1.503906727835743,1.2045156153964365,5.172987830571373
4943,1.503906727835743,0.8906778387751971,3.826926527197052
4944,0.6450998940828371,0.2654685413016965,1.1453817785080251
4945,0.3999888696087737,-0.0896386689590501,-0.3776855826850086
4946,0.3941120818091958,-0.0921893324024344,-0.3886254682400057
4947,0.3843174354765659,-0.0600729991125821,-0.2508773809537634
4948,0.374522789143936,-0.1003881277732064,-0.4237903910281244
4949,0.3549028882088867,-0.119163545358957,-0.5043188198838182
4950,0.3392008458068894,-0.1207055098144666,-0.5109323598696214
4951,0.3451082418762568,-0.1256687285459206,-0.5322197802258255
4952,0.3588207467419387,-0.1102634367276679,-0.4661459397628109
4953,0.374522789143936,-0.0918762262441769,-0.3872825448736219
4954,0.3803995769435139,-0.0890292772676478,-0.3750718802071695
4955,0.3803995769435139,-0.0858184567248356,-0.3613005575471352
4956,0.3941120818091958,-0.0771988602092214,-0.3243308037932043
4957,0.3999888696087737,-0.0659403970111041,-0.2760428576778481
4958,0.419608770543823,-0.0487748116148787,-0.2024190559150915
4959,0.4392286714788723,-0.0318523689446606,-0.1298381018878719
4960,0.4490233178115022,-0.0167471562617186,-0.065051311429928
4961,0.4745200065461294,0.0051563888670492,0.0288937668903602
4962,0.4999860870109672,0.0294218728158374,0.1329692841934739
4963,0.5196059879460164,0.053297846250661,0.2353741771512655
4964,0.5607741108128516,0.0904967210322877,0.3949214643251893
4965,0.60980855901558,0.1407365231129587,0.6104017490698502
4966,0.654894540415467,0.1861766214313459,0.805295934933663
4967,0.6901858754827241,0.2216952779718042,0.957636706754306
4968,0.7254772105499813,0.2540091070143419,1.096231860296028
4969,0.7450971114850305,0.2790252116641391,1.2035268162850057
4970,0.7548917578176605,0.2827182878124121,1.2193665502619782
4971,0.7353024651524006,0.2666370448475444,1.150393531467962
4972,0.7156825642173513,0.2470469320448137,1.0663708460653756
4973,0.6901858754827241,0.2201262991394135,0.9509073011523688
4974,0.6450998940828371,0.1728401070457206,0.7480951539134401
4975,0.5843118702809528,0.1198859232458724,0.5209727901491439
4976,0.5509794644802216,0.0754000500474847,0.330171309512112
4977,0.4941092992113892,0.0274080222312571,0.1243318079410441
4978,0.4451054592784502,-0.0254123398540913,-0.1022165897654412
4979,0.4039067281418257,-0.0671998542972294,-0.2814447144407836
4980,0.374522789143936,-0.0951257641922362,-0.4012199278516053
4981,0.3549028882088867,-0.1149702249892598,-0.4863335207809864
4982,0.3451082418762568,-0.126650127288128,-0.5364290340775691
4983,0.3392008458068894,-0.1297268099810035,-0.5496250347637432
4984,0.3451082418762568,-0.1267880904093888,-0.5370207627751823
4985,0.3490261004093087,-0.1210263976034844,-0.5123086589250518
4986,0.3549028882088867,-0.1157492443112005,-0.4896747621545856
4987,0.3588207467419387,-0.1128500647621098,-0.4772400787185155
4988,0.3588207467419387,-0.1109095015606435,-0.4689169346395334
4989,0.3646975345415166,-0.1078401234330034,-0.4557522634915277
4990,0.3646975345415166,-0.1046125204769531,-0.4419089604686442
4991,0.3705743223410945,-0.1030986286036496,-0.4354158247789721
4992,0.3646975345415166,-0.1034290689974655,-0.4368330952936181
4993,0.3705743223410945,-0.1044073729765005,-0.4410290755968606
4994,0.3646975345415166,-0.1037193712345585,-0.4380782118370784
4995,0.3705743223410945,-0.1027541524336034,-0.4339383543245679
4996,0.3646975345415166,-0.1066227949702446,-0.4505310987392891
4997,0.3588207467419387,-0.1128262261150154,-0.4771378339195495
4998,0.3549028882088867,-0.1166392145209863,-0.4934918758030626
4999,0.3490261004093087,-0.1233767070888448,-0.522389219280969
5000,0.3392008458068894,-0.1336701119277603,-0.5665379960241588
5001,0.3294061994742595,-0.1396337564122463,-0.5921162777532456
5002,0.3352829872738374,-0.1411417876226322,-0.5985842768527645
5003,0.3352829872738374,-0.1343642371359174,-0.569515123546715
5004,0.3588207467419387,-0.1130893670920898,-0.4782664548599134
5005,0.3803995769435139,-0.09383853456939,-0.3956989545560242
5006,0.3843174354765659,-0.0894857207642616,-0.3770295824780156
5007,0.374522789143936,-0.0911114526622734,-0.3840024039819609
5008,0.3803995769435139,-0.1032454951126481,-0.4360457404209095
5009,0.3352829872738374,-0.1281704058477987,-0.54294956249054
5010,0.3352829872738374,-0.1409052659912953,-0.5975698272260143
5011,0.3451082418762568,-0.1306471670315321,-0.5535724786449157
5012,0.3549028882088867,-0.1137420504064036,-0.4810658366367484
5013,0.3646975345415166,-0.1095836098559761,-0.46323013831013
5014,0.3549028882088867,-0.1213128369464706,-0.513537207379316
5015,0.3451082418762568,-0.1261752119695615,-0.5343921055102554
5016,0.3392008458068894,-0.1290797872007622,-0.5468499312173797
5017,0.3352829872738374,-0.1484987376281074,-0.6301384951493757
5018,0.3392008458068894,-0.1325356024348127,-0.5616720447572064
5019,0.3490261004093087,-0.1046113952669071,-0.4419041344030335
5020,0.3294061994742595,-0.1786528877854507,-0.7594707097091432
5021,0.2941148644070023,-0.1623123753892756,-0.6893856751712356
5022,0.7313846066193487,0.2883699212148116,1.243606605445038
5023,1.503906727835743,0.9453621948124552,4.061469660768039
5024,1.503906727835743,1.147821339113991,4.929824078112365
5025,1.2921587174322002,0.6996078655348063,3.007420666607
5026,0.4941092992113892,0.1066269844966402,0.4641047337720712
5027,0.3843174354765659,-0.1268515691434364,-0.5372930253065085
5028,0.3941120818091958,-0.0838072436224437,-0.3526743935489229
5029,0.3803995769435139,-0.0770665586446904,-0.3237633577122757
5030,0.3588207467419387,-0.1235830206113853,-0.5232741052626518
5031,0.3490261004093087,-0.1290376056942591,-0.5466690132468499
5032,0.3451082418762568,-0.1230918933413925,-0.5211676430633384
5033,0.3549028882088867,-0.1215104854882254,-0.5143849289525081
5034,0.3705743223410945,-0.105874094077452,-0.4473198941786406
5035,0.3803995769435139,-0.0927925206312337,-0.3912125638477391
5036,0.3901942232761438,-0.083885834433364,-0.3530114723114592
5037,0.4039067281418257,-0.0711255447452852,-0.2982821393615301
5038,0.4098141242111931,-0.0676706754250518,-0.2834640828794584
5039,0.4039067281418257,-0.0654311306886572,-0.2738585964421944
5040,0.4352802046760309,-0.0447563766164398,-0.185183846343582
5041,0.4549001056110801,-0.0177047772035307,-0.0691585814563462
5042,0.4745200065461294,0.0004427450387221,0.0086767821044346
5043,0.4941092992113892,0.0170922647027362,0.0800871597230176
5044,0.5156881294129645,0.0420358772603661,0.1870711945694942
5045,0.5509794644802216,0.076166947827812,0.3334605611658033
5046,0.5901886580805307,0.1144142246118454,0.4975044815398882
5047,0.6293978516808398,0.1541356525675881,0.6678710883315379
5048,0.6705965828174644,0.1975667221114082,0.8541484788562923
5049,0.7156825642173513,0.2375981674747824,1.0258447612538484
5050,0.7353024651524006,0.262690090305071,1.1334649040955702
5051,0.7509738992846084,0.2750050388436825,1.1862841531335115
5052,0.7548917578176605,0.2792987643154211,1.20470009326361
5053,0.7450971114850305,0.2711888239762833,1.1699162728430283
5054,0.7254772105499813,0.2491660297785725,1.075459731056182
5055,0.6901858754827241,0.2159693890329748,0.9330781669540478
5056,0.6450998940828371,0.1700794052190109,0.7362544063173547
5057,0.5901886580805307,0.1136683455358785,0.4943053798512239
5058,0.5294006342786464,0.0570281743347262,0.2513736859959596
5059,0.4843146528787593,0.0066413374297126,0.0352627636989083
5060,0.4392286714788723,-0.0347327013653327,-0.1421919493247926
5061,0.4098141242111931,-0.0640410073630201,-0.2678963084228766
5062,0.3901942232761438,-0.0870068037913727,-0.366397420067846
5063,0.3646975345415166,-0.1086839606460788,-0.4593715110884761
5064,0.3549028882088867,-0.119946837805467,-0.5076783888395497
5065,0.3588207467419387,-0.1169546223414162,-0.4948446710797596
5066,0.3646975345415166,-0.1097551015811235,-0.4639656723734764
5067,0.3705743223410945,-0.1032790206149955,-0.4361895324840315
5068,0.3803995769435139,-0.0960903248382217,-0.4053569625142162
5069,0.3843174354765659,-0.0888216130628919,-0.3741812011017816
5070,0.3941120818091958,-0.0810767250656024,-0.340963103062866
5071,0.4039067281418257,-0.0709864983006552,-0.2976857642517417
5072,0.4156909120107711,-0.0584049544903022,-0.2437230786816619
5073,0.4254855583434009,-0.0487465328198176,-0.2022977671647454
5074,0.4254855583434009,-0.0494500254900734,-0.2053150720629433
5075,0.419608770543823,-0.0551313500622035,-0.2296824737211682
5076,0.4156909120107711,-0.0560476100156737,-0.233612345008417
5077,0.419608770543823,-0.0584983227694691,-0.2441235385271982
5078,0.4039067281418257,-0.0668903284015311,-0.2801171469469106
5079,0.4039067281418257,-0.0709143642367352,-0.2973763787050329
5080,0.4039067281418257,-0.0716264510782678,-0.3004305443072379
5081,0.3901942232761438,-0.0809806063650859,-0.3405508465630628
5082,0.3803995769435139,-0.0955663288171915,-0.4031095250813348
5083,0.3705743223410945,-0.1017084977648052,-0.429453504535243
5084,0.3803995769435139,-0.0938532979393919,-0.3957622751711551
5085,0.3941120818091958,-0.078932508737844,-0.3317664835356307
5086,0.4039067281418257,-0.0690105947172793,-0.2892110440271244
5087,0.4098141242111931,-0.0655367347223608,-0.2743115358708986
5088,0.4039067281418257,-0.0650516020763205,-0.2722307848253464
5089,0.3999888696087737,-0.0776426372668407,-0.3262341792600385
5090,0.3646975345415166,-0.105367429877825,-0.4451467935396244
5091,0.3490261004093087,-0.1234992964647594,-0.5229150094420515
5092,0.3588207467419387,-0.1157951344570327,-0.4898715866101243
5093,0.374522789143936,-0.0966009343803478,-0.4075469848664938
5094,0.3803995769435139,-0.0914175587733318,-0.3853153038987845
5095,0.3646975345415166,-0.1080267637059719,-0.4565527702112696
5096,0.3549028882088867,-0.1210299068674733,-0.5123237102821881
5097,0.3392008458068894,-0.1226264928135679,-0.5191715237694182
5098,0.3451082418762568,-0.136676060569404,-0.5794306158674685
5099,0.3451082418762568,-0.1296081734405936,-0.5491161984536878
5100,0.3549028882088867,-0.0945012067316004,-0.398541178854125
5101,0.3588207467419387,-0.1383938953872288,-0.5867984700460102
5102,0.2999916522065803,-0.1736097808915912,-0.7378406462040824
5103,0.5451026766806437,0.1302047595586449,0.5652306433815162
5104,1.3431520949014546,0.7622343283522967,3.2760277765393786
5105,1.503906727835743,1.1718995406511217,5.033096334540231
5106,1.503906727835743,0.9067701339861248,3.895946949464598
5107,0.6353052477502072,0.2404653910101348,1.0381423842188486
5108,0.3294061994742595,-0.1535606782523499,-0.6518493371889384
5109,0.3646975345415166,-0.1298614634618822,-0.550202568296917
5110,0.374522789143936,-0.0724749411053475,-0.3040697479877094
5111,0.3549028882088867,-0.1167349759298022,-0.4939025998661484
5112,0.3490261004093087,-0.1323769637852221,-0.5609916379886766
5113,0.3352829872738374,-0.123397357441928,-0.5224777893743643
5114,0.3451082418762568,-0.1273457743239323,-0.5394126887726294
5115,0.3549028882088867,-0.114318796178551,-0.4835395196144011
5116,0.3705743223410945,-0.0994564621121871,-0.4197944441173283
5117,0.3646975345415166,-0.1005421253929379,-0.4244508922557459
5118,0.3803995769435139,-0.0910596106550017,-0.3837800517825892
5119,0.3941120818091958,-0.0728239643237041,-0.3055667208928418
5120,0.3999888696087737,-0.0679904667484859,-0.2848356791552917
5121,0.4039067281418257,-0.0645960503438562,-0.2702769073624195
5122,0.419608770543823,-0.0466315249244398,-0.1932264236351387
5123,0.4451054592784502,-0.0244580257273836,-0.0981235027857466
5124,0.4607768934106581,-0.004452522269691,-0.0123191921994513
5125,0.4901914406783372,0.0223239702086097,0.102526129333122
5126,0.5254827757455944,0.0582069190144225,0.2564293635405161
5127,0.5646919693459035,0.0985461968123313,0.4294459501172297
5128,0.605890700482528,0.1404112304338919,0.6090065572854934
5129,0.6509766818824151,0.1818227237735324,0.7866219141732247
5130,0.6862680169496722,0.2239741838723907,0.9674110146143604
5131,0.7313846066193487,0.2629168815384759,1.134437619702077
5132,0.7509738992846084,0.2857752161359672,1.2324778237607463
5133,0.7548917578176605,0.2905703808430965,1.2530444544737942
5134,0.7509738992846084,0.2847568516123455,1.2281100223675103
5135,0.7313846066193487,0.2661687758005566,1.148385108994083
5136,0.6960932715520916,0.2325297901252939,1.0041063118724691
5137,0.654894540415467,0.1886142863825296,0.8157511659664151
5138,0.5960654458801087,0.1335392629699461,0.5795324462308881
5139,0.5353080303480138,0.0688811686664774,0.3022115971322625
5140,0.4706021480130775,0.0087946591893083,0.0444984367447437
5141,0.4254855583434009,-0.0393674857896853,-0.1620707033430903
5142,0.3843174354765659,-0.0802167904402545,-0.3372748130963923
5143,0.3490261004093087,-0.1118777246238913,-0.4730696775390771
5144,0.3352829872738374,-0.1304157142711487,-0.5525797695846317
5145,0.3235294116746816,-0.1381191158683274,-0.5856199309888738
5146,0.3294061994742595,-0.1338664964895919,-0.5673802963428379
5147,0.3392008458068894,-0.1224943443621169,-0.5186047343958952
5148,0.3451082418762568,-0.1191726695014761,-0.5043579536531931
5149,0.3392008458068894,-0.1211080848002685,-0.51265901819587
5150,0.3490261004093087,-0.113552265579062,-0.4802518428122879
5151,0.3588207467419387,-0.103742991033129,-0.4381795179869993
5152,0.3588207467419387,-0.1019284342678868,-0.4303968199613999
5153,0.3646975345415166,-0.09706081879576,-0.4095194453595415
5154,0.374522789143936,-0.0861573668421175,-0.3627541550047344
5155,0.3803995769435139,-0.0825935803809567,-0.3474689490601126
5156,0.3705743223410945,-0.0871284423097615,-0.3669191319674321
5157,0.3705743223410945,-0.0930103636136936,-0.3921469000900418
5158,0.3588207467419387,-0.1004973442672181,-0.4242588244266211
5159,0.3549028882088867,-0.1048717515933796,-0.4430208118786589
5160,0.3588207467419387,-0.1025660437539485,-0.4331315495567088
5161,0.3549028882088867,-0.104075961767894,-0.439607641223305
5162,0.3451082418762568,-0.1155220368963423,-0.4887002615311332
5163,0.3294061994742595,-0.1291346459971795,-0.5470852225318988
5164,0.3235294116746816,-0.137327006201688,-0.5822225446647321
5165,0.3235294116746816,-0.134768194086089,-0.5712477091669328
5166,0.3392008458068894,-0.1201898591839515,-0.5087207161112773
5167,0.3549028882088867,-0.1040017392622866,-0.4392892982764704
5168,0.3646975345415166,-0.0954836765726616,-0.4027550266866657
5169,0.3588207467419387,-0.0967075249810136,-0.4080041557157279
5170,0.3490261004093087,-0.1131003845961655,-0.4783137093238461
5171,0.3196115531416296,-0.1373719896591511,-0.5824154803018468
5172,0.3098169068089997,-0.1464857086960932,-0.621504542993809
5173,0.3235294116746816,-0.1381905147015565,-0.5859261631051934
5174,0.3294061994742595,-0.1265669996433064,-0.5360724966742659
5175,0.3392008458068894,-0.1179171007597831,-0.4989727749946053
5176,0.3392008458068894,-0.1190159681344052,-0.5036858559577824
5177,0.3392008458068894,-0.1231541770378771,-0.5214347800363683
5178,0.3235294116746816,-0.1232315971181523,-0.5217668374938373
5179,0.3294061994742595,-0.1365283018433777,-0.5787968734752008
5180,0.3294061994742595,-0.1339837214661962,-0.5678830784058986
5181,0.3352829872738374,-0.0988642293634404,-0.4172543369503029
5182,0.3451082418762568,-0.1324855236857548,-0.5614572552345622
5183,0.2999916522065803,-0.1701150882946324,-0.7228517862822503
5184,0.5058934830803345,0.113057956700179,0.4916874005862919
5185,1.2882408588991483,0.7283580533631763,3.130731237173581
5186,1.503906727835743,1.157292197077776,4.970444922269667
5187,1.503906727835743,0.9648898268398358,4.145224363919384
5188,0.7705938002196577,0.3480989436880499,1.499786491452299
5189,0.3490261004093087,-0.0989710206985732,-0.4177123687567525
5190,0.3352829872738374,-0.1434178660699417,-0.6083464576658958
5191,0.3705743223410945,-0.0763910990143767,-0.3208662875120426
5192,0.3549028882088867,-0.0932545077163422,-0.3931940427653449
5193,0.3588207467419387,-0.1100335362986405,-0.465159888706515
5194,0.3490261004093087,-0.1018175360879572,-0.4299211737526325
5195,0.3451082418762568,-0.108162083646653,-0.4571331622140639
5196,0.3549028882088867,-0.1061632169317796,-0.4485599523077841
5197,0.3646975345415166,-0.0891271236977299,-0.3754915470000737
5198,0.374522789143936,-0.080596941314223,-0.3389052936153469
5199,0.3803995769435139,-0.0774975971100625,-0.3256120969072499
5200,0.3843174354765659,-0.0705454851510732,-0.295794243284054
5201,0.3941120818091958,-0.0619833200177946,-0.2590708147564662
5202,0.4039067281418257,-0.0522410734344834,-0.2172859752291573
5203,0.4156909120107711,-0.0405354480336113,-0.1670801346399746
5204,0.4294034168764529,-0.0255767800071039,-0.1029218793869591
5205,0.4549001056110801,-0.0026837682734045,-0.0047329438668826
5206,0.4843146528787593,0.0300749041622309,0.1357701586921853
5207,0.5254827757455944,0.0682211623790819,0.2993808068653565
5208,0.5646919693459035,0.1087649096287732,0.4732743701391703
5209,0.60980855901558,0.1548645141555402,0.6709972014133365
5210,0.6647197950178864,0.2066576239252401,0.8931396776728162
5211,0.7098057764177734,0.2557288407882413,1.103607859164213
5212,0.7509738992846084,0.2930729028365154,1.2637778596503473
5213,0.7705938002196577,0.3153708745153731,1.3594146473684503
5214,0.7803884465522877,0.3237533765621137,1.3953674945752137
5215,0.7764705880192357,0.3196429803691086,1.3777378601936945
5216,0.7548917578176605,0.2994936874654746,1.2913168315975434
5217,0.7156825642173513,0.2578944995061122,1.112896445859623
5218,0.654894540415467,0.1989574435344265,0.8601133321363926
5219,0.5901886580805307,0.1337846196083172,0.5805847895147113
5220,0.5254827757455944,0.0676962678991101,0.2971295159103561
5221,0.4607768934106581,0.0046240702493035,0.0266106335463525
5222,0.4098141242111931,-0.0472690842361181,-0.1959609380307459
5223,0.3705743223410945,-0.0868732824028623,-0.3658247421188061
5224,0.3392008458068894,-0.1179678764463238,-0.4991905537067175
5225,0.3196115531416296,-0.137790149802689,-0.5842089839198293
5226,0.3098169068089997,-0.1468021790413758,-0.6228618954771096
5227,0.3098169068089997,-0.1502778039440871,-0.6377689733851655
5228,0.3098169068089997,-0.1447241534306606,-0.6139491702720101
5229,0.3294061994742595,-0.1309586499778089,-0.5549084399978099
5230,0.3352829872738374,-0.1221524959508234,-0.5171385344915493
5231,0.3392008458068894,-0.1189276772090197,-0.5033071730618607
5232,0.3451082418762568,-0.1124901028299422,-0.4756961892836773
5233,0.3549028882088867,-0.1062270155657334,-0.4488335869011014
5234,0.3549028882088867,-0.1007898321814852,-0.4255133154166423
5235,0.3705743223410945,-0.0905482990818768,-0.3815870183945738
5236,0.374522789143936,-0.0836706934034322,-0.3520887248389368
5237,0.374522789143936,-0.0858410762203005,-0.3613975733617225
5238,0.3705743223410945,-0.0870818919859035,-0.3667194759850345
5239,0.374522789143936,-0.0874662310295535,-0.3683679197116083
5240,0.3646975345415166,-0.0942095042174122,-0.3972900564727694
5241,0.3588207467419387,-0.1010977159514831,-0.4268338397754143
5242,0.3549028882088867,-0.1057427634182101,-0.4467566123447729
5243,0.3490261004093087,-0.1133326357930025,-0.4793098429062667
5244,0.3392008458068894,-0.1182346896278949,-0.5003349248618079
5245,0.3451082418762568,-0.1191751676298595,-0.5043686682140213
5246,0.3392008458068894,-0.121660709864329,-0.5150292466050024
5247,0.3451082418762568,-0.1145741520298885,-0.4846347498756404
5248,0.3705743223410945,-0.0938782276396865,-0.3958691995358143
5249,0.3803995769435139,-0.0802965887386996,-0.3376170708155506
5250,0.3843174354765659,-0.079202522456978,-0.3329245819093173
5251,0.3803995769435139,-0.0802713738858977,-0.3375089234217208
5252,0.374522789143936,-0.0917000913306668,-0.3865270960114689
5253,0.3451082418762568,-0.1156365399800324,-0.4891913692993936
5254,0.3352829872738374,-0.1287302881312679,-0.5453509173699187
5255,0.3451082418762568,-0.1201732259967852,-0.508649375784318
5256,0.3588207467419387,-0.1042335124682302,-0.4402833817390748
5257,0.3646975345415166,-0.0994993143508844,-0.4199782388819179
5258,0.3549028882088867,-0.1102486705760899,-0.4660826072174019
5259,0.3549028882088867,-0.1136158552694357,-0.4805245812392137
5260,0.3490261004093087,-0.1084518734189098,-0.4583760807777501
5261,0.3451082418762568,-0.1262478429795964,-0.5347036224763948
5262,0.3490261004093087,-0.1262230010456371,-0.5345970745446461
5263,0.3549028882088867,-0.0852564024047984,-0.3588898867262369
5264,0.3646975345415166,-0.1256555637804733,-0.532163316082065
5265,0.2999916522065803,-0.1796348922760526,-0.7636825616371357
5266,0.5098113416133866,0.1093345742933123,0.4757176819963061
5267,1.3176554061668275,0.740431318343424,3.182513896897522
5268,1.503906727835743,1.1543435327508096,4.957797996874322
5269,1.503906727835743,0.9421763724172938,4.047805556045791
5270,0.7803884465522877,0.3567152301262103,1.5367420481671747
5271,0.4254855583434009,-0.0424138738668125,-0.1751367693528261
5272,0.4039067281418257,-0.0896899647119053,-0.3779055919799036
5273,0.3999888696087737,-0.0516645106447667,-0.2148130770696096
5274,0.3941120818091958,-0.0782182884231374,-0.3287031673916643
5275,0.374522789143936,-0.1039119808873377,-0.4389043214375658
5276,0.3549028882088867,-0.1105424846623827,-0.4673427862060593
5277,0.3588207467419387,-0.1122686312623787,-0.4747462899117649
5278,0.3803995769435139,-0.0956967620773718,-0.4036689579389462
5279,0.3901942232761438,-0.0787651459436024,-0.3310486586027034
5280,0.3941120818091958,-0.0797038969262957,-0.335074994708293
5281,0.3941120818091958,-0.0798664908244609,-0.3357723656775919
5282,0.4039067281418257,-0.0682649033367554,-0.2860127473708414
5283,0.419608770543823,-0.0555239227597813,-0.2313662318801118
5284,0.4294034168764529,-0.0447158746371617,-0.1850101319246129
5285,0.4451054592784502,-0.0291812334457338,-0.1183815074336162
5286,0.46469475194371,-0.0110804316176959,-0.0407465293787784
5287,0.4803967943457073,0.0045020454178302,0.0260872647363089
5288,0.4999860870109672,0.0250307749509837,0.1141357104317575
5289,0.5353080303480138,0.0577504284799727,0.2544714595227308
5290,0.5745172239483228,0.0980897544882399,0.4274882528753735
5291,0.6196032053482099,0.1422341187507378,0.6168249896300506
5292,0.6647197950178864,0.1875460552541079,0.8111694849447459
5293,0.7058879178847215,0.2265238677478325,0.9783466987678704
5294,0.7353024651524006,0.2578234322967451,1.112591636089755
5295,0.7607991538870279,0.2820915678656722,1.2166785262852549
5296,0.7705938002196577,0.2895393419829351,1.2486222924036958
5297,0.7548917578176605,0.2769023079536502,1.1944216073256404
5298,0.7353024651524006,0.2546084241664872,1.0988023527193314
5299,0.7058879178847215,0.2238812915649815,0.967012596228496
5300,0.654894540415467,0.1763737361794867,0.763251014016219
5301,0.6000139126829501,0.1160150373653902,0.5043704239534916
5302,0.5392258888810657,0.0586692334180908,0.2584122463389802
5303,0.4941092992113892,0.0122405121503761,0.0592778217440487
5304,0.4549001056110801,-0.0297108431719439,-0.1206530222461955
5305,0.4098141242111931,-0.0711363006580274,-0.2983282718509984
5306,0.3803995769435139,-0.1045828021499462,-0.4417814975149625
5307,0.3588207467419387,-0.124870703991309,-0.5287970247383572
5308,0.3490261004093087,-0.1347084312251228,-0.5709913841464346
5309,0.3490261004093087,-0.1369390519416406,-0.5805585951474015
5310,0.3490261004093087,-0.1347512252082251,-0.5711749290507205
5311,0.3549028882088867,-0.1319637078369121,-0.5592191686371598
5312,0.3588207467419387,-0.1264976799742914,-0.5357751821666615
5313,0.3705743223410945,-0.1156949761270066,-0.489442003996743
5314,0.3803995769435139,-0.1069150339554039,-0.4517845220635789
5315,0.3803995769435139,-0.1063886428967232,-0.4495268122296622
5316,0.3803995769435139,-0.1074694106370002,-0.4541622632221598
5317,0.3803995769435139,-0.1066007363010787,-0.4504364883284972
5318,0.3803995769435139,-0.1099762177505574,-0.4649140474302642
5319,0.3705743223410945,-0.1155409443403963,-0.4887813562261721
5320,0.374522789143936,-0.1165699544236481,-0.4931948168004831
5321,0.3705743223410945,-0.118050040960565,-0.4995429602089599
5322,0.3646975345415166,-0.1250155642480889,-0.5294183354937021
5323,0.3588207467419387,-0.1318231433867191,-0.5586162827479214
5324,0.3549028882088867,-0.1349311996962237,-0.5719468459834035
5325,0.3549028882088867,-0.1370639992654816,-0.5810944986303832
5326,0.3490261004093087,-0.1407412173561043,-0.5968662168382549
5327,0.3451082418762568,-0.147666130848496,-0.6265674152780236
5328,0.3392008458068894,-0.1524356615162732,-0.6470241006913292
5329,0.3490261004093087,-0.1423847551878622,-0.603915408620642
5330,0.374522789143936,-0.119299969784012,-0.504903949059084
5331,0.3901942232761438,-0.1012175796314172,-0.4273479393302108
5332,0.3999888696087737,-0.0953592531683349,-0.4022213703129769
5333,0.3901942232761438,-0.0996269103535137,-0.4205255026417291
5334,0.3803995769435139,-0.1178642551645183,-0.4987461183709014
5335,0.3490261004093087,-0.1416174701157038,-0.6006244958586144
5336,0.3451082418762568,-0.1499080143892267,-0.6361829329296522
5337,0.3549028882088867,-0.1412399430276855,-0.5990052688502281
5338,0.3646975345415166,-0.128512713339126,-0.5444177314053578
5339,0.374522789143936,-0.1210293647270657,-0.5123213850228407
5340,0.3705743223410945,-0.123887776659237,-0.5245812147107204
5341,0.374522789143936,-0.1263040384642812,-0.5349446468940826
5342,0.3549028882088867,-0.1304865582892198,-0.552883622079152
5343,0.3490261004093087,-0.1553576212154034,-0.6595564889951286
5344,0.3490261004093087,-0.1540268267930298,-0.6538486647364021
5345,0.3549028882088867,-0.1158234908761204,-0.4899932082926609
5346,0.3588207467419387,-0.1633829153926963,-0.6939772590392859
5347,0.2999916522065803,-0.2067568391997877,-0.8800095494817894
5348,0.5392258888810657,0.1112446838145509,0.4839102091656823
5349,1.3784434299687118,0.7592943916068032,3.263418284049082
5350,1.503906727835743,1.1505685691822842,4.941607044861008
5351,1.503906727835743,0.8796542380654755,3.779645914585798
5352,0.6764733706170423,0.2556508449918539,1.103273332440014
5353,0.3999888696087737,-0.1163960037829554,-0.4924487363615555
5354,0.3941120818091958,-0.1214113709910802,-0.5139598233752035
5355,0.3941120818091958,-0.0833290161405284,-0.3506232589960764
5356,0.3803995769435139,-0.1234054920114402,-0.5225126788301776
5357,0.3588207467419387,-0.1447856565307804,-0.6142129592396739
5358,0.3490261004093087,-0.1439838789862384,-0.610774107045902
5359,0.3549028882088867,-0.1437457007010231,-0.6097525519721821
5360,0.3705743223410945,-0.1291753310148092,-0.5472597220088199
5361,0.3803995769435139,-0.1193460198297277,-0.5051014593308679
5362,0.374522789143936,-0.1198273837631885,-0.5071660462351194
5363,0.3941120818091958,-0.1080082473671648,-0.4564733529804418
5364,0.4039067281418257,-0.0935564834792232,-0.3944892274730215
5365,0.4098141242111931,-0.0877547760876622,-0.369605499652371
5366,0.4254855583434009,-0.0739379924016628,-0.3103448266478492
5367,0.4451054592784502,-0.0527066833986408,-0.2192829928029026
5368,0.4607768934106581,-0.0385437416861765,-0.1585376358024221
5369,0.4745200065461294,-0.0223104529415113,-0.0889124872911675
5370,0.5058934830803345,0.0066626343991192,0.0353541071525422
5371,0.5392258888810657,0.0406610407166949,0.181174472097699
5372,0.5745172239483228,0.0777635582434872,0.3403084796039284
5373,0.6196032053482099,0.1208108840081004,0.5249399795123203
5374,0.6607713282150449,0.1626576957505717,0.7044224323978813
5375,0.7000111300851435,0.2027818592392022,0.8765163861078986
5376,0.7411792529519786,0.2441783293632371,1.0540673078935314
5377,0.7705938002196577,0.2716529313700254,1.171906845839217
5378,0.7705938002196577,0.274403993129204,1.1837062468453374
5379,0.7607991538870279,0.2643599246954836,1.140626882746377
5380,0.7450971114850305,0.2462639574524218,1.0630126403971778
5381,0.7058879178847215,0.2113409428696272,0.9132265979609608
5382,0.6607713282150449,0.1628901805017523,0.7054195677031269
5383,0.605890700482528,0.1105963638150825,0.4811295418002578
5384,0.5509794644802216,0.0541830581199159,0.2391708821092213
5385,0.4901914406783372,-0.0043443529561545,-0.0118552501949813
5386,0.4451054592784502,-0.0519092094333078,-0.2158625988122877
5387,0.4098141242111931,-0.0837226248034979,-0.3523114604471579
5388,0.3843174354765659,-0.1108568028606511,-0.4686909080548386
5389,0.3646975345415166,-0.1318908164489133,-0.558906534900741
5390,0.3549028882088867,-0.1360921221768648,-0.5769260834870334
5391,0.3549028882088867,-0.1392446695493165,-0.5904474704621681
5392,0.3549028882088867,-0.1441545270606411,-0.6115060226614208
5393,0.3588207467419387,-0.1274308201864882,-0.539777453479514
5394,0.3646975345415166,-0.125435899743496,-0.5312211692726484
5395,0.3705743223410945,-0.1391856625316123,-0.5901943872801042
5396,0.4294034168764529,-0.044934236165157,-0.1859466922270232
5397,0.6254799931477878,0.1431309342512324,0.6206714629720376
5398,0.8509711166868019,0.3148994617529578,1.3573927413881202
5399,0.9666703764909929,0.5194563338278767,2.234744387208776
5400,0.996084923758672,0.526278569339126,2.2640051961625742
5401,0.5294006342786464,-0.0703651681032645,-0.2950208571002521
5402,-0.5019756245472826,-0.8441036797771014,-3.6136126490359457
5403,-0.5019756245472826,-1.0864387934512665,-4.652996506764739
5404,-0.5019756245472826,-0.9915559166921786,-4.246040498685502
5405,-0.4921503699448633,-0.9144578926289946,-3.915364351679396
5406,-0.1627441704706037,-0.7147863763436969,-3.0589661693086203
5407,0.0235377594681012,-0.4382017968439518,-1.8726851435416612
5408,0.1882408592052309,-0.2906368413616822,-1.2397738399781029
5409,0.3098169068089997,-0.1907090002863925,-0.8111798018438054
5410,0.419608770543823,-0.0595393633546924,-0.2485885983491789
5411,0.5156881294129645,0.032120917744495,0.1445455831771343
5412,0.5646919693459035,0.0785055929718455,0.3434910927499821
5413,0.5960654458801087,0.1125049447948676,0.4893155130013777
5414,0.615685346815158,0.1316891184834321,0.5715971112123972
5415,0.615685346815158,0.1377902140349089,0.5977649254202562
5416,0.6254799931477878,0.1360323523593047,0.5902253946356265
5417,0.6196032053482099,0.1446087525598158,0.6270098778691165
5418,0.6764733706170423,0.1938526856990791,0.8382188455668209
5419,0.7509738992846084,0.2691233162670042,1.161057237359109
5420,0.8117619230864929,0.3342353985039695,1.440325256731682
5421,0.8764678054214292,0.3976185575069318,1.7121778633172695
5422,0.9568757301583628,0.4774474055711851,2.054566610870509
5423,1.041170905158559,0.5640367587968897,2.425951403727991
5424,1.1274556176950703,0.6513471501577303,2.80042875460195
5425,1.217658188764634,0.7403905747897265,3.18233914635734
5426,1.2980355052317782,0.8221644922414568,3.533070365180444
5427,1.3627413875667145,0.8890244002027476,3.819834870788312
5428,1.407857977236391,0.932541449114072,4.00648102985563
5429,1.411775835769443,0.9376871028768624,4.0285509205017584
5430,1.3725360338993444,0.900927266392062,3.8708866840823344
5431,1.3019533637648302,0.8286537141984659,3.560902867243695
5432,1.1960793585630587,0.7239198864154542,3.111695782453758
5433,1.0666675938931862,0.5971981230026725,2.568181665505488
5434,0.9372558292233136,0.4656079295208254,2.0037866801203315
5435,0.8058851352869149,0.3363993590937106,1.4496065600955947
5436,0.6803912291500942,0.2123579257097045,0.9175884732646972
5437,0.5705993654152709,0.1009703087139764,0.4398430516420459
5438,0.4745200065461294,0.0077482923922926,0.0400105326123536
5439,0.3999888696087737,-0.0667811323180943,-0.27964880109009
5440,0.3451082418762568,-0.1225041788195423,-0.5186469147309795
5441,0.3039095107396323,-0.1596175904688919,-0.6778276475134535
5442,0.2843202180743724,-0.182652532615609,-0.7766253275855461
5443,0.2647003171393232,-0.198288106360927,-0.8436868553634094
5444,0.2549056708066933,-0.2089390112093277,-0.8893689622681391
5445,0.2490288830071153,-0.214418970064039,-0.9128726992555212
5446,0.2451110244740633,-0.2163267271762619,-0.9210551368595816
5447,0.2451110244740633,-0.217367208704403,-0.9255177988660002
5448,0.2392036284046959,-0.2208286092924763,-0.9403638681864112
5449,0.233326840605118,-0.2280718461026281,-0.9714303665738524
5450,0.2235321942724881,-0.2349276887457708,-1.000835317702777
5451,0.2235321942724881,-0.2365165001208222,-1.0076497857803364
5452,0.2235321942724881,-0.2343113426932581,-0.9981917877246248
5453,0.2235321942724881,-0.2341116577367433,-0.9973353318966351
5454,0.2196143357394361,-0.2381441819861898,-1.0146309707631105
5455,0.2137375479398582,-0.2420828706858353,-1.0315241456438038
5456,0.2137375479398582,-0.2424620248933809,-1.033150351425285
5457,0.2137375479398582,-0.2416615515720973,-1.0297170930911117
5458,0.2137375479398582,-0.2411092670668987,-1.0273483253509603
5459,0.2137375479398582,-0.2391632216557913,-1.0190016678812888
5460,0.2196143357394361,-0.2365894438330463,-1.0079626439372045
5461,0.2137375479398582,-0.2355631020432421,-1.0035606277676894
5462,0.2196143357394361,-0.2363667654084729,-1.007007568312971
5463,0.2137375479398582,-0.2357080964206658,-1.0041825137712104
5464,0.2235321942724881,-0.2286385460052518,-0.9738609624624676
5465,0.233326840605118,-0.2175736723190998,-0.92640332859824
5466,0.2392036284046959,-0.2108515236595245,-0.8975717956846478
5467,0.2392036284046959,-0.2102117882673496,-0.8948279480029684
5468,0.2392036284046959,-0.2107892609330504,-0.8973047486527332
5469,0.2392036284046959,-0.2087407407097727,-0.8885185730959847
5470,0.2451110244740633,-0.2036941380008027,-0.8668735159165017
5471,0.2490288830071153,-0.1981964158116814,-0.8432935913607346
5472,0.2549056708066933,-0.1936757393837662,-0.8239042505675227
5473,0.2549056708066933,-0.1893714112779563,-0.8054428353655865
5474,0.2647003171393232,-0.1856652314678546,-0.7895468993204308
5475,0.2588235293397452,-0.182812562354087,-0.7773117007834238
5476,0.2686181756723751,-0.1804295022620665,-0.7670906719193437
5477,0.2647003171393232,-0.1791670017323632,-0.7616757625772661
5478,0.2647003171393232,-0.1790816844807195,-0.761309833873003
5479,0.2686181756723751,-0.1782877616815167,-0.7579046709592877
5480,0.2686181756723751,-0.1733619324230821,-0.7367776153728279
5481,0.2784434302747945,-0.1654861564446493,-0.7029981341620375
5482,0.2843202180743724,-0.1608327576662883,-0.6830395425222534
5483,0.2843202180743724,-0.1567838741026102,-0.6656737379795042
5484,0.2941148644070023,-0.1486907750179994,-0.6309621502941374
5485,0.2999916522065803,-0.1450778715884209,-0.6154662799379909
5486,0.2901970058739504,-0.1480561943679789,-0.6282404114835365
5487,0.2999916522065803,-0.1452574036031734,-0.6162362990873007
5488,0.3039095107396323,-0.1361354680137366,-0.5771119953116189
5489,0.3098169068089997,-0.1316821779787653,-0.558011677136692
5490,0.3098169068089997,-0.1321222712106871,-0.559899252545059
5491,0.3098169068089997,-0.1305203661545529,-0.5530286252070881
5492,0.3137347653420516,-0.1268877541095918,-0.5374482239037904
5493,0.3196115531416296,-0.1222132423865052,-0.5173990780987259
5494,0.3294061994742595,-0.109407577961031,-0.4624751312982392
5495,0.3549028882088867,-0.086353872476099,-0.3635969746061388
5496,0.374522789143936,-0.0657672315601981,-0.2753001449456353
5497,0.3803995769435139,-0.0589881887418033,-0.2462245909763261
5498,0.374522789143936,-0.0651260248613194,-0.2725499867775615
5499,0.3646975345415166,-0.0771789831302202,-0.3242455502996457
5500,0.3490261004093087,-0.0869772054965086,-0.3662704719362623
5501,0.3549028882088867,-0.0884991222150779,-0.3727980264705813
5502,0.3588207467419387,-0.078828934769467,-0.3313222511287798
5503,0.374522789143936,-0.064476160061642,-0.2697626937095044
5504,0.3803995769435139,-0.0599716249121054,-0.2504425834290955
5505,0.3803995769435139,-0.0613235895080206,-0.2562412073095146
5506,0.3705743223410945,-0.0627693763592182,-0.2624422381550562
5507,0.3646975345415166,-0.079054400433409,-0.3322892813210635
5508,0.3646975345415166,-0.0809900129706332,-0.3405911918263374
5509,0.374522789143936,-0.0476897201865274,-0.1977650604718037
5510,0.3803995769435139,-0.0725044021569003,-0.3041961074778858
5511,0.3294061994742595,-0.1219776479028946,-0.5163886050413049
5512,0.4901914406783372,0.0944163792354928,0.4117330167348141
5513,1.1470449103603302,0.6468157696481388,2.780993503624541
5514,1.503906727835743,1.114039824550612,4.784933969557909
5515,1.503906727835743,1.0466532222801757,4.495910453464175
5516,0.9666703764909929,0.5062939186655294,2.178290323903435
5517,0.4156909120107711,0.0160202436007566,0.075489223370961
5518,0.3803995769435139,-0.0925515860473786,-0.3901791869118474
5519,0.3999888696087737,-0.031374449584124,-0.1277882888784963
5520,0.3803995769435139,-0.0524557696366619,-0.218206814819742
5521,0.3549028882088867,-0.0952901954752222,-0.401925179429266
5522,0.3490261004093087,-0.0886017910281861,-0.3732383766345296
5523,0.3588207467419387,-0.0819793504301394,-0.344834495116837
5524,0.3588207467419387,-0.0824107580061974,-0.3466848174405738
5525,0.374522789143936,-0.0688357131633166,-0.2884609708683177
5526,0.3803995769435139,-0.0595010898523374,-0.2484244419464051
5527,0.3803995769435139,-0.0626664932127795,-0.2620009687078868
5528,0.3803995769435139,-0.0616916015694891,-0.2578196240331189
5529,0.3901942232761438,-0.0523256517471713,-0.2176487345981521
5530,0.3999888696087737,-0.042750675469607,-0.1765813233173517
5531,0.4098141242111931,-0.0333755785192812,-0.1363712015274367
5532,0.4254855583434009,-0.018103978113855,-0.070870768253756
5533,0.4451054592784502,0.0026165241591096,0.0180001974929142
5534,0.4706021480130775,0.0245788381291558,0.1121973374481677
5535,0.4941092992113892,0.0521535197844603,0.2304661205394612
5536,0.5353080303480138,0.0894645543352185,0.3904944649227773
5537,0.5745172239483228,0.1297323057009544,0.5632042721067967
5538,0.615685346815158,0.1709721498327713,0.7400834194824236
5539,0.6647197950178864,0.2192490524696103,0.9471447592160576
5540,0.7156825642173513,0.2693477316200545,1.162019762730899
5541,0.7548917578176605,0.308917999585005,1.3317380389856248
5542,0.7803884465522877,0.3349063138669568,1.4432028364089255
5543,0.800008347487337,0.3509173891513056,1.5118749035440595
5544,0.8058851352869149,0.361373761250947,1.5567226526217517
5545,0.8156797816195448,0.3658650190017942,1.5759858156704485
5546,0.800008347487337,0.3536769696337761,1.523710841655116
5547,0.7666759416866058,0.3170187910750924,1.366482619669647
5548,0.7098057764177734,0.2626568759570729,1.1333224465844367
5549,0.6509766818824151,0.2003396041559957,0.866041467836855
5550,0.5843118702809528,0.1362291188958017,0.5910693332571305
5551,0.5294006342786464,0.0785469973697887,0.3436686776744639
5552,0.4803967943457073,0.0310609675972846,0.1399994195762248
5553,0.4392286714788723,-0.0119925058531527,-0.0446584479736989
5554,0.3999888696087737,-0.0509491144878331,-0.2117447176968206
5555,0.374522789143936,-0.076286189983399,-0.3204163289745655
5556,0.3646975345415166,-0.087881730283331,-0.3701500106794709
5557,0.3549028882088867,-0.0967065072739814,-0.4079997907343386
5558,0.3490261004093087,-0.1040187415800195,-0.4393622218174613
5559,0.3490261004093087,-0.1034835085994101,-0.4370665886682451
5560,0.3549028882088867,-0.0987144907288571,-0.4166121026603374
5561,0.3588207467419387,-0.0958188071107209,-0.4041924133955483
5562,0.3588207467419387,-0.0933447649305857,-0.3935811591435946
5563,0.3646975345415166,-0.0924850986327545,-0.3898940200433129
5564,0.3588207467419387,-0.0943811116691723,-0.3980260868916431
5565,0.3646975345415166,-0.0915866011690095,-0.3860403327015665
5566,0.3705743223410945,-0.0848470145222983,-0.3571340076455334
5567,0.3705743223410945,-0.0866314071748272,-0.3647873307268187
5568,0.3588207467419387,-0.0965472385915711,-0.4073166817328029
5569,0.3549028882088867,-0.1034612630269152,-0.4369711766224769
5570,0.3490261004093087,-0.107604702704754,-0.4547425356769851
5571,0.3451082418762568,-0.1136810298892808,-0.4808041174845954
5572,0.3392008458068894,-0.1182272953546253,-0.5003032105627138
5573,0.3392008458068894,-0.1203015074390956,-0.5091995794191196
5574,0.3352829872738374,-0.1237794221712566,-0.5241164784865233
5575,0.3352829872738374,-0.1237519456076784,-0.5239986305353286
5576,0.3490261004093087,-0.1120408114201364,-0.4737691625656415
5577,0.3646975345415166,-0.0941871318193052,-0.3971941004674735
5578,0.3803995769435139,-0.0822096546586972,-0.3458222780835742
5579,0.3803995769435139,-0.0793687887705188,-0.3336377039978098
5580,0.374522789143936,-0.0872540770992566,-0.3674579840148739
5581,0.3549028882088867,-0.1083531061492547,-0.4579524644714088
5582,0.3294061994742595,-0.131416526890669,-0.5568722902415404
5583,0.3235294116746816,-0.1396279741187022,-0.5920914772921022
5584,0.3352829872738374,-0.1289198621823028,-0.5461640071673587
5585,0.3549028882088867,-0.1082270762712574,-0.4574119178754332
5586,0.3588207467419387,-0.1023636160514875,-0.4322633299945286
5587,0.3490261004093087,-0.1206692987118691,-0.5107770491722167
5588,0.3352829872738374,-0.1271891974206525,-0.5387411249068125
5589,0.3352829872738374,-0.122890952492003,-0.5203058006664724
5590,0.3352829872738374,-0.1421102093129898,-0.6027378716709942
5591,0.3352829872738374,-0.1309524414501094,-0.5548818114033265
5592,0.3392008458068894,-0.0984311648186728,-0.4153969078292746
5593,0.3451082418762568,-0.1682405111992169,-0.7148116589416341
5594,0.2784434302747945,-0.1625597539607219,-0.6904466905973987
5595,0.7000111300851435,0.268529617157196,1.1585108409177236
5596,1.503906727835743,0.9287805675495376,3.990350476054572
5597,1.503906727835743,1.188997562409766,5.1064303534761954
5598,1.4176526235690208,0.7979425349478614,3.4291815352380777
5599,0.5392258888810657,0.1752899805509059,0.7586027478653046
5600,0.3803995769435139,-0.1269536658886897,-0.5377309218512313
5601,0.3803995769435139,-0.0991849653706903,-0.4186299850083724
5602,0.3705743223410945,-0.0764275428832537,-0.3210225965522375
5603,0.3588207467419387,-0.1210021850796657,-0.5122048105556164
5604,0.3451082418762568,-0.1285410279939706,-0.5445391739595813
5605,0.3392008458068894,-0.1257062387425009,-0.5323806627831845
5606,0.3392008458068894,-0.1321530081447871,-0.560031084340523
5607,0.3588207467419387,-0.1152082040874697,-0.4873542215346081
5608,0.374522789143936,-0.0949685361791545,-0.4005455713528619
5609,0.3803995769435139,-0.0902459919797536,-0.3802904125611901
5610,0.3941120818091958,-0.0802530383212397,-0.3374302815376004
5611,0.4098141242111931,-0.0608772679243151,-0.254326918280467
5612,0.4254855583434009,-0.0463268559413031,-0.1919196876107064
5613,0.4392286714788723,-0.0363275883451953,-0.1490324758858749
5614,0.4490233178115022,-0.0201340686018191,-0.0795778980251177
5615,0.4803967943457073,0.0038321318094045,0.0232139816197452
5616,0.4999860870109672,0.0280277036522273,0.1269896434322593
5617,0.5254827757455944,0.0522037426339097,0.2306815281137718
5618,0.5607741108128516,0.0848742856308712,0.3708066403991252
5619,0.6000139126829501,0.1282337483448307,0.5567769067026647
5620,0.6509766818824151,0.1744202419060154,0.7548724081129006
5621,0.6901858754827241,0.2168839023345381,0.9370005467896056
5622,0.7313846066193487,0.2556366966513807,1.1032126497082442
5623,0.7607991538870279,0.2867366091193677,1.236601272206702
5624,0.7764705880192357,0.2996579533942061,1.2920213739649689
5625,0.7666759416866058,0.2927957764801663,1.2625892549245472
5626,0.7509738992846084,0.2742411475236406,1.1830077962941217
5627,0.7215593520169293,0.2458981722863553,1.0614437749065688
5628,0.6803912291500942,0.2046688925312681,0.8846099385156908
5629,0.6293978516808398,0.1527104474411245,0.661758333229979
5630,0.5705993654152709,0.0944319248057127,0.4117996922342941
5631,0.5098113416133866,0.0334388035766743,0.1501980420368042
5632,0.4549001056110801,-0.022633710421961,-0.0902989500368068
5633,0.4098141242111931,-0.0658800927394178,-0.2757842105276579
5634,0.3803995769435139,-0.0975377740410747,-0.4115651232446941
5635,0.3549028882088867,-0.1225259219659441,-0.5187401718534972
5636,0.3352829872738374,-0.1404514340983877,-0.5956233262156617
5637,0.3294061994742595,-0.1502540866820648,-0.637667249211059
5638,0.3235294116746816,-0.1525157482545195,-0.6473675955389776
5639,0.3294061994742595,-0.1484108603521508,-0.6297615864104578
5640,0.3352829872738374,-0.1435758221596193,-0.6090239369108624
5641,0.3352829872738374,-0.1416608418604459,-0.6008105188029702
5642,0.3392008458068894,-0.1389084796741096,-0.5890055402188615
5643,0.3451082418762568,-0.1338730901288807,-0.5674085766945236
5644,0.3490261004093087,-0.1284696078019217,-0.5442328502345295
5645,0.3549028882088867,-0.1233226767796003,-0.522157481377182
5646,0.3588207467419387,-0.1205452441444676,-0.510244974753121
5647,0.3588207467419387,-0.1189012902266409,-0.5031939983628958
5648,0.3646975345415166,-0.113841885514357,-0.4814940329392491
5649,0.3705743223410945,-0.108661639777624,-0.4592757760956776
5650,0.3705743223410945,-0.1084491159695466,-0.4583642539800848
5651,0.3646975345415166,-0.1118565322278953,-0.4729787826044929
5652,0.3646975345415166,-0.1182690576006676,-0.5004823303103259
5653,0.3490261004093087,-0.1253314223156043,-0.5307730618960439
5654,0.3549028882088867,-0.1275467772991879,-0.5402747976295285
5655,0.3490261004093087,-0.1282692545642319,-0.543373528124988
5656,0.3451082418762568,-0.1342742443562463,-0.5691291413376816
5657,0.3392008458068894,-0.1401405273790688,-0.5942898363205326
5658,0.3451082418762568,-0.1338804629844154,-0.5674401991321965
5659,0.3646975345415166,-0.1143381927926366,-0.4836227123769748
5660,0.3843174354765659,-0.0946254554697636,-0.3990740860784724
5661,0.3941120818091958,-0.0865748267864734,-0.3645446554437063
5662,0.3843174354765659,-0.0918219604701329,-0.3870497970529972
5663,0.374522789143936,-0.1083717974671608,-0.4580326321937695
5664,0.3490261004093087,-0.1275870397713862,-0.5404474847941769
5665,0.3451082418762568,-0.1346035965925281,-0.5705417447062486
5666,0.3549028882088867,-0.1252786663983957,-0.530546789904689
5667,0.3705743223410945,-0.1080376526597332,-0.4565994733183656
5668,0.3803995769435139,-0.0980062814430364,-0.4135745680314705
5669,0.374522789143936,-0.1049637979406488,-0.4434156019116178
5670,0.3705743223410945,-0.1128899057289347,-0.4774109580317371
5671,0.3490261004093087,-0.1198283572986046,-0.507170221762888
5672,0.3451082418762568,-0.1427325201744893,-0.6054069849254672
5673,0.3549028882088867,-0.1312931671587403,-0.5563431959963174
5674,0.3646975345415166,-0.0858139054809623,-0.3612810371014896
5675,0.3705743223410945,-0.1384829612546707,-0.5871804766957694
5676,0.3137347653420516,-0.17308018290746,-0.735569181753694
5677,0.5803940117479008,0.1760936525149685,0.7620497252912793
5678,1.443149312303648,0.8288388734019274,3.561697021604035
5679,1.503906727835743,1.1848843982415682,5.088788847151357
5680,1.503906727835743,0.8879075659593655,3.815044729290737
5681,0.6647197950178864,0.2649121996610538,1.142995609570725
5682,0.3941120818091958,-0.0989334335779065,-0.4175511562692712
5683,0.4039067281418257,-0.097836199061044,-0.4128450786906701
5684,0.3941120818091958,-0.0601589281611685,-0.2512459336767121
5685,0.3803995769435139,-0.1050410507108796,-0.4437469417703998
5686,0.3588207467419387,-0.1241436667751963,-0.5256787364517836
5687,0.3588207467419387,-0.1161794432791928,-0.491519900715661
5688,0.3588207467419387,-0.1155059484430188,-0.4886312575868564
5689,0.3803995769435139,-0.1049354693333021,-0.4432940995146202
5690,0.3803995769435139,-0.0927222820388951,-0.390911308045559
5691,0.3901942232761438,-0.0879985776456339,-0.3706511731414619
5692,0.3999888696087737,-0.0799729342897793,-0.3362289054581266
5693,0.4039067281418257,-0.0717783106656664,-0.3010818754387044
5694,0.4156909120107711,-0.063030147934417,-0.2635606966471283
5695,0.4294034168764529,-0.0466023834219292,-0.1931014347020855
5696,0.4490233178115022,-0.0309232306934119,-0.1258529951268074
5697,0.4549001056110801,-0.0191912337458885,-0.0755340460430399
5698,0.4803967943457073,0.0007752452119821,0.010102887085833
5699,0.5058934830803345,0.0302513106652204,0.1365267724112033
5700,0.5392258888810657,0.0617470023099355,0.2716129057708794
5701,0.5745172239483228,0.0981020565003115,0.4275410166394477
5702,0.6196032053482099,0.142712928030348,0.6188786195337497
5703,0.6647197950178864,0.1884459125010978,0.8150290044448343
5704,0.7058879178847215,0.2292458462378789,0.9900213606059528
5705,0.7411792529519786,0.2652220419579984,1.1443245341207136
5706,0.7666759416866058,0.2905362220676326,1.252897946279919
5707,0.7705938002196577,0.2943796961677835,1.2693827423820094
5708,0.7548917578176605,0.279389552812049,1.2050894883307626
5709,0.7353024651524006,0.2594851039357934,1.1197186044117902
5710,0.7098057764177734,0.2342572667939441,1.0115155202895882
5711,0.6647197950178864,0.1897686455216038,0.8207022530663581
5712,0.605890700482528,0.1293012654782483,0.5613555253745549
5713,0.5451026766806437,0.0723515091335261,0.3170960099092045
5714,0.4999860870109672,0.0230160236006105,0.1054943707630422
5715,0.4490233178115022,-0.025630299080796,-0.1031514245834136
5716,0.4039067281418257,-0.0682647649495474,-0.2860121538232208
5717,0.3803995769435139,-0.097819946255521,-0.4127753698340076
5718,0.3549028882088867,-0.1162942021116636,-0.4920121053994706
5719,0.3490261004093087,-0.1260005125540659,-0.5336428135497642
5720,0.3451082418762568,-0.1301054899727988,-0.5512492066171302
5721,0.3392008458068894,-0.1322531502263142,-0.5604605972635185
5722,0.3451082418762568,-0.1304711478993301,-0.5528175263728806
5723,0.3490261004093087,-0.1237112900311578,-0.5238242573323639
5724,0.3549028882088867,-0.1176148367525204,-0.4976763539965997
5725,0.3588207467419387,-0.1157561932910563,-0.4897045665745077
5726,0.3588207467419387,-0.1132336909119749,-0.4788854648184785
5727,0.3646975345415166,-0.106913471535032,-0.4517778207874456
5728,0.374522789143936,-0.1013457191206715,-0.4278975341233435
5729,0.3705743223410945,-0.0976233791347047,-0.4119322865133981
5730,0.3803995769435139,-0.0948121166613474,-0.3998746825188936
5731,0.374522789143936,-0.0967576297208813,-0.408219056713873
5732,0.3705743223410945,-0.1001635693527736,-0.4228272520352801
5733,0.374522789143936,-0.0987087078058796,-0.4165872994995319
5734,0.3705743223410945,-0.0995299173347379,-0.4201094961600456
5735,0.3646975345415166,-0.1078460046784049,-0.455777488360681
5736,0.3549028882088867,-0.1146369027594761,-0.4849038899701368
5737,0.3549028882088867,-0.1176325800975926,-0.4977524558300095
5738,0.3451082418762568,-0.1241097906834338,-0.5255334406982833
5739,0.3451082418762568,-0.1266655271320825,-0.5364950845519523
5740,0.3588207467419387,-0.1105507333442213,-0.4673781650936691
5741,0.3843174354765659,-0.0860001681570591,-0.3620799242949183
5742,0.3941120818091958,-0.0762363112144838,-0.3202023971738131
5743,0.3901942232761438,-0.0798613497410904,-0.3357503153895196
5744,0.3803995769435139,-0.0865298905245143,-0.3643519222297744
5745,0.3705743223410945,-0.1032843958003111,-0.4362125868436108
5746,0.3392008458068894,-0.1261266668326767,-0.5341838937043628
5747,0.3352829872738374,-0.1342958554153675,-0.5692218319331899
5748,0.3451082418762568,-0.12577814939725,-0.5326890901200724
5749,0.3549028882088867,-0.1122090177795038,-0.4744906055791739
5750,0.3588207467419387,-0.1069893160176134,-0.4521031204507824
5751,0.3549028882088867,-0.1187406859433555,-0.502505160922056
5752,0.3392008458068894,-0.1263899371526554,-0.5353130694010093
5753,0.3352829872738374,-0.1266006749908345,-0.536216931428658
5754,0.3352829872738374,-0.1415191151352229,-0.6002026478750963
5755,0.3451082418762568,-0.1256330460619342,-0.5320667367923057
5756,0.3490261004093087,-0.0900791854199583,-0.3795749733374397
5757,0.3549028882088867,-0.152510769805214,-0.6473462427941516
5758,0.3039095107396323,-0.1464981332080794,-0.6215578321643415
5759,0.7058879178847215,0.2799193767305543,1.2073619218216574
5760,1.503906727835743,0.9369844149625914,4.025537067230389
5761,1.503906727835743,1.1723357448828278,5.034967229889379
5762,1.3470699534345063,0.7506220391492536,3.2262222581977418
5763,0.5156881294129645,0.1411755121394495,0.6122845885021421
5764,0.374522789143936,-0.1268715801461444,-0.5373788532035736
5765,0.3843174354765659,-0.0879319217234835,-0.3703652835381983
5766,0.3843174354765659,-0.0614645372777817,-0.2568457372699129
5767,0.374522789143936,-0.0998253722483062,-0.4213767127148139
5768,0.3588207467419387,-0.1092903282880735,-0.4619722433116477
5769,0.3549028882088867,-0.1029894114986021,-0.4349473887597211
5770,0.3705743223410945,-0.0961619925764501,-0.405664347973571
5771,0.3941120818091958,-0.0727047923833011,-0.3050555882333147
5772,0.4098141242111931,-0.0502524096902797,-0.2087565262242763
5773,0.4254855583434009,-0.0407056549422738,-0.1678101580800593
5774,0.4294034168764529,-0.0336213359903139,-0.1374252639966961
5775,0.4392286714788723,-0.024493463697662,-0.0982754974913408
5776,0.4490233178115022,-0.0130907117511279,-0.0493686918401851
5777,0.46469475194371,-0.0001758566233409,0.0060235777372912
5778,0.4745200065461294,0.0129307074659155,0.0622380938184301
5779,0.4901914406783372,0.0278213308038855,0.1261045030001205
5780,0.5098113416133866,0.0454973737761315,0.2019176753271632
5781,0.5294006342786464,0.0691153316806375,0.3032159305666751
5782,0.5646919693459035,0.1016673838874376,0.4428328316699342
5783,0.6000139126829501,0.1376095214257574,0.5969899284405964
5784,0.6353052477502072,0.1742380302550236,0.7540908959091609
5785,0.6764733706170423,0.2151371229557392,0.9295085483672132
5786,0.7156825642173513,0.2528128116027517,1.0911009070427833
5787,0.7353024651524006,0.2760088774288847,1.1905896522640558
5788,0.7509738992846084,0.2881305864904971,1.242580090363196
5789,0.7548917578176605,0.2954437111387454,1.27394634015549
5790,0.7548917578176605,0.2928927412704301,1.263005140333146
5791,0.7313846066193487,0.2719003153993525,1.1729678846744238
5792,0.6901858754827241,0.2291161180967796,0.9894649520289728
5793,0.6293978516808398,0.1692813428812094,0.7328314887764511
5794,0.5646919693459035,0.1049287403257752,0.4568209045699506
5795,0.5058934830803345,0.0454894361291457,0.2018836304790176
5796,0.4490233178115022,-0.0100050375136838,-0.0361341261019269
5797,0.3999888696087737,-0.0608715407835961,-0.2543023543717374
5798,0.3588207467419387,-0.0987743030010205,-0.4168686396072047
5799,0.3392008458068894,-0.1220915677470788,-0.5168772112747343
5800,0.3196115531416296,-0.1378803999074351,-0.5845960698051937
5801,0.3137347653420516,-0.146505551523066,-0.6215896495792085
5802,0.3137347653420516,-0.1441175127948284,-0.6113472671686319
5803,0.3235294116746816,-0.1358964846955901,-0.576086987423237
5804,0.3294061994742595,-0.1290753904135423,-0.5468310732417733
5805,0.3352829872738374,-0.1224931632156255,-0.5185996684168954
5806,0.3451082418762568,-0.1143741151493343,-0.4837767846330217
5807,0.3490261004093087,-0.1078704144750233,-0.4558821828401188
5808,0.3549028882088867,-0.1043299371696375,-0.4406969506875013
5809,0.3549028882088867,-0.1019511232707138,-0.4304941338955171
5810,0.3588207467419387,-0.099906931947388,-0.4217265251434858
5811,0.3588207467419387,-0.09831907586276,-0.4149161543402771
5812,0.3588207467419387,-0.0986482288422541,-0.4163279030894473
5813,0.3549028882088867,-0.1033074706475586,-0.4363115556780689
5814,0.3451082418762568,-0.1112723165530889,-0.4704730609506251
5815,0.3392008458068894,-0.1185866181447802,-0.501844358694896
5816,0.3352829872738374,-0.1220600168265466,-0.5167418882627265
5817,0.3352829872738374,-0.1211764316223009,-0.5129521601284216
5818,0.3352829872738374,-0.1217426212164338,-0.5153805672859043
5819,0.3294061994742595,-0.1283975284812584,-0.5439236994835813
5820,0.3235294116746816,-0.1316395341539454,-0.5578287762665802
5821,0.3352829872738374,-0.1227207068121322,-0.5195756109353065
5822,0.3451082418762568,-0.1107298910352815,-0.4681465787554478
5823,0.3549028882088867,-0.1021699175196515,-0.4314325501533257
5824,0.3646975345415166,-0.091181838382306,-0.3843042908200147
5825,0.3705743223410945,-0.0857398139947327,-0.3609632561013919
5826,0.3549028882088867,-0.1024689841144214,-0.4327152573362711
5827,0.3235294116746816,-0.1312357353314912,-0.5560968688617247
5828,0.3098169068089997,-0.1469301531388917,-0.6234107808992375
5829,0.3137347653420516,-0.1429525374250406,-0.6063506466803722
5830,0.3294061994742595,-0.1259205976653285,-0.5333000557707264
5831,0.3451082418762568,-0.1108365700449964,-0.4686041287942146
5832,0.3392008458068894,-0.1163140861682547,-0.4920973888201586
5833,0.3294061994742595,-0.1302387091437375,-0.5518205883443358
5834,0.3137347653420516,-0.1346976264442377,-0.570945042059776
5835,0.3137347653420516,-0.1474107791557219,-0.6254722028530096
5836,0.3098169068089997,-0.1511826119279975,-0.6416497267706822
5837,0.3196115531416296,-0.1201277059574438,-0.5084541387285844
5838,0.3352829872738374,-0.1325325859787582,-0.5616591070706985
5839,0.3039095107396323,-0.1641624974301722,-0.6973209139196811
5840,0.4745200065461294,0.064069879465231,0.2815758078947019
5841,1.1627469527623275,0.6391218705295185,2.7479940986863034
5842,1.503906727835743,1.1181542391321162,4.802580838949562
5843,1.503906727835743,0.998899480645428,4.291092969737715
5844,0.8352996825545941,0.3933934117765271,1.6940560641188296
5845,0.3490261004093087,-0.0893426504830165,-0.3764159489909312
5846,0.3196115531416296,-0.160549816740348,-0.6818259989022042
5847,0.3549028882088867,-0.090920795358505,-0.3831846680753048
5848,0.3490261004093087,-0.0996757366292934,-0.420734920262267
5849,0.3451082418762568,-0.1215050975229225,-0.5143618197791121
5850,0.3352829872738374,-0.1164760903663495,-0.4927922305450373
5851,0.3352829872738374,-0.1167574045006686,-0.4939987967983924
5852,0.3451082418762568,-0.115675016104737,-0.489356394756578
5853,0.3490261004093087,-0.1057855457655357,-0.4469401073428018
5854,0.3588207467419387,-0.093273822976716,-0.3932768865989767
5855,0.3803995769435139,-0.0804029334943523,-0.3380731872268444
5856,0.3803995769435139,-0.072732452337499,-0.3051742227533515
5857,0.3901942232761438,-0.065577136089955,-0.2744848187628036
5858,0.4039067281418257,-0.0528729774645388,-0.2199962339222348
5859,0.4156909120107711,-0.0411949940099258,-0.1699089506164038
5860,0.4254855583434009,-0.02777552986688,-0.1123523951582208
5861,0.4549001056110801,-0.0038609856697974,-0.009782070839433
5862,0.4843146528787593,0.0284110422728144,0.1286337963089984
5863,0.5196059879460164,0.0658423112228933,0.2891778302756478
5864,0.5646919693459035,0.1051041581443425,0.4575732777865782
5865,0.6000139126829501,0.1453104619217835,0.6300195340951105
5866,0.6509766818824151,0.1953312200283815,0.8445603315020414
5867,0.7098057764177734,0.2514557500252701,1.0852804220284866
5868,0.7509738992846084,0.2953222111908415,1.2734252225896057
5869,0.7803884465522877,0.3242000266635619,1.397283192628457
5870,0.800008347487337,0.342461841720179,1.4756087621049367
5871,0.800008347487337,0.3431525822154043,1.4785713724742375
5872,0.7803884465522877,0.3240767698852615,1.3967545399549806
5873,0.7450971114850305,0.2880603311581213,1.2422787627624052
5874,0.6901858754827241,0.231698231398342,1.0005397271359733
5875,0.615685346815158,0.1607821493322953,0.6963781475972944
5876,0.5509794644802216,0.0914153447026471,0.3988614736776223
5877,0.4843146528787593,0.0285385197067308,0.1291805515234142
5878,0.4294034168764529,-0.029332130434749,-0.1190287099466336
5879,0.3803995769435139,-0.076254912470891,-0.3202821786192256
5880,0.3490261004093087,-0.109432722616241,-0.4625829776121191
5881,0.3235294116746816,-0.133951917599993,-0.5677466705009782
5882,0.3098169068089997,-0.1485053180360309,-0.6301667187512684
5883,0.3098169068089997,-0.1477046940523089,-0.6267328142205777
5884,0.3196115531416296,-0.1394504797877863,-0.5913301978407041
5885,0.3196115531416296,-0.1376838479544117,-0.5837530515397834
5886,0.3196115531416296,-0.1404570359283279,-0.5956473526620372
5887,0.3196115531416296,-0.1364941799767532,-0.5786505235846408
5888,0.3352829872738374,-0.1267589010595532,-0.536895568623263
5889,0.3352829872738374,-0.120173189753008,-0.5086492203334781
5890,0.3451082418762568,-0.1165165477099677,-0.4929657535200853
5891,0.3490261004093087,-0.1091967367330975,-0.4615708258282838
5892,0.3588207467419387,-0.0990579369919488,-0.4180851558074548
5893,0.3705743223410945,-0.0925129542363991,-0.3900134937107337
5894,0.3646975345415166,-0.0900516013463378,-0.3794566642718782
5895,0.374522789143936,-0.0894567809532673,-0.3769054586069961
5896,0.3646975345415166,-0.0928241098485081,-0.3913480511158263
5897,0.3588207467419387,-0.1013500362020187,-0.427916050237648
5898,0.3490261004093087,-0.1122424404227663,-0.4746339564760495
5899,0.3392008458068894,-0.1200153198517223,-0.5079721107535671
5900,0.3392008458068894,-0.1217325529099764,-0.5153373839640661
5901,0.3352829872738374,-0.1249282058976077,-0.5290436524444678
5902,0.3294061994742595,-0.1325434364349356,-0.5617056450602982
5903,0.3294061994742595,-0.1297434863134884,-0.5496965601424971
5904,0.3490261004093087,-0.1131810234280882,-0.4786595721207631
5905,0.3588207467419387,-0.102705663214126,-0.4337303823504096
5906,0.3549028882088867,-0.1055927777361394,-0.4461133184594124
5907,0.3490261004093087,-0.112536109202471,-0.4758935122396208
5908,0.3392008458068894,-0.1238818601197567,-0.5245558384640172
5909,0.3196115531416296,-0.1406674881145069,-0.5965499895181732
5910,0.3098169068089997,-0.1524085747157774,-0.6469079244477548
5911,0.3137347653420516,-0.1502373455268206,-0.637595445805202
5912,0.3235294116746816,-0.1363131287443069,-0.5778739884570092
5913,0.3352829872738374,-0.1287208441327297,-0.5453104117267858
5914,0.3235294116746816,-0.1386150917102028,-0.5877471888841612
5915,0.3235294116746816,-0.14187759085382,-0.6017401628874628
5916,0.3196115531416296,-0.1368026502437072,-0.5799735634495625
5917,0.3137347653420516,-0.1552117190864242,-0.6589307096131397
5918,0.3137347653420516,-0.1556039858223524,-0.6606131554917668
5919,0.3235294116746816,-0.1181765169566323,-0.500085420221087
5920,0.3294061994742595,-0.1555022671319266,-0.6601768804375456
5921,0.2843202180743724,-0.1895044605824261,-0.80601348852951
5922,0.5156881294129645,0.1129361242011893,0.4911648566970604
5923,1.3078301515644082,0.7392708648171243,3.177536670755618
5924,1.503906727835743,1.1565432433790075,4.967232633415263
5925,1.503906727835743,0.9465329537121546,4.066491087020267
5926,0.7509738992846084,0.3299176893494343,1.4218064497393703
5927,0.3588207467419387,-0.1017161763640502,-0.4294864383184831
5928,0.3490261004093087,-0.1403770755459252,-0.5953043997590628
5929,0.374522789143936,-0.0760890198744994,-0.3195706594167793
5930,0.374522789143936,-0.085987278644121,-0.3620246407188871
5931,0.3803995769435139,-0.0980767205228158,-0.4138766837313621
5932,0.3588207467419387,-0.0991871398399208,-0.4186393113836675
5933,0.3490261004093087,-0.1147201933494253,-0.4852611262508448
5934,0.3549028882088867,-0.1175003594386896,-0.4971853567561756
5935,0.3588207467419387,-0.1026802770476351,-0.4336215001861199
5936,0.3803995769435139,-0.0856604171635159,-0.3606227202893489
5937,0.3999888696087737,-0.0695215986909479,-0.2914027581102125
5938,0.4039067281418257,-0.0592920303248783,-0.247527778252684
5939,0.4156909120107711,-0.0523791953854147,-0.2178783851528344
5940,0.4294034168764529,-0.0378672160671452,-0.1556359935389465
5941,0.4490233178115022,-0.0162136715375411,-0.0627631766142671
5942,0.4745200065461294,0.0057758617338414,0.0315507078853433
5943,0.4941092992113892,0.0277154351870933,0.1256503129612554
5944,0.5196059879460164,0.0531130639476417,0.234581639330228
5945,0.5548973230132735,0.0851119485950797,0.3718259852428544
5946,0.5901886580805307,0.1255607771550561,0.5453124389055571
5947,0.6411820355497851,0.1714744874698321,0.7422379633418523
5948,0.6862680169496722,0.2183938166019615,0.943476622387236
5949,0.7313846066193487,0.2653353356434168,1.144810454737091
5950,0.7764705880192357,0.306255515635746,1.3203185513333209
5951,0.800008347487337,0.3324888322936803,1.4328341725965534
5952,0.8117619230864929,0.3446068693248747,1.4848088612275967
5953,0.8117619230864929,0.3417037057022595,1.4723570899595295
5954,0.7862652343518657,0.3181456568006544,1.3713157865484331
5955,0.7450971114850305,0.2777342756614469,1.1979899461954184
5956,0.6960932715520916,0.2254361383074786,0.9736813887979732
5957,0.6293978516808398,0.1616869689244145,0.7002589507708287
5958,0.5646919693459035,0.095630563849238,0.4169406974076459
5959,0.5058934830803345,0.0368046042869759,0.1646340801064805
5960,0.4549001056110801,-0.0150336776243503,-0.0577021410631508
5961,0.4098141242111931,-0.0580046360639129,-0.2420060988183975
5962,0.3803995769435139,-0.0900030045026535,-0.379248230693697
5963,0.3549028882088867,-0.1145390974523657,-0.4844843995551099
5964,0.3392008458068894,-0.1298454952806505,-0.550134080203888
5965,0.3352829872738374,-0.1338590505678865,-0.5673483605217794
5966,0.3392008458068894,-0.132667329854796,-0.562237028311901
5967,0.3392008458068894,-0.1274526541887402,-0.5398711002859808
5968,0.3549028882088867,-0.1172887858236557,-0.4962779100520911
5969,0.3588207467419387,-0.1106190679004995,-0.4676712544179678
5970,0.3588207467419387,-0.1100700314976599,-0.4653164179035027
5971,0.3646975345415166,-0.1068910526846081,-0.4516816655465226
5972,0.3705743223410945,-0.0984873731677448,-0.4156379874227732
5973,0.3803995769435139,-0.0901904676462733,-0.3800522667347121
5974,0.3843174354765659,-0.0858153561759116,-0.3612872591833412
5975,0.3843174354765659,-0.086247724527753,-0.3631417023083313
5976,0.3803995769435139,-0.0892144272179886,-0.375865994880548
5977,0.3803995769435139,-0.0914014446512653,-0.3852461898603629
5978,0.374522789143936,-0.0937964295870499,-0.3955183648003312
5979,0.374522789143936,-0.0986019719928103,-0.4161295058291727
5980,0.3646975345415166,-0.103463877733577,-0.4369823911916566
5981,0.3646975345415166,-0.1070333472354929,-0.452291971898706
5982,0.3588207467419387,-0.1123408278311612,-0.4750559435440356
5983,0.3490261004093087,-0.1199854590431546,-0.5078440366914412
5984,0.3451082418762568,-0.1268492318793423,-0.5372830006982963
5985,0.3451082418762568,-0.1258721687508776,-0.5330923424469556
5986,0.3588207467419387,-0.1104736969457815,-0.4670477532611372
5987,0.3803995769435139,-0.0909021734794246,-0.3831047981785189
5988,0.3901942232761438,-0.0830024518947378,-0.3492226134171509
5989,0.3803995769435139,-0.0851224125558449,-0.3583151995338186
5990,0.3803995769435139,-0.0959821215420756,-0.404892874757134
5991,0.3490261004093087,-0.1187585157202635,-0.5025816334646608
5992,0.3352829872738374,-0.1354018389083778,-0.5739654341793546
5993,0.3451082418762568,-0.1273455539381496,-0.5394117435302271
5994,0.3646975345415166,-0.1051206384489778,-0.4440882963887967
5995,0.3803995769435139,-0.0905699929296895,-0.3816800640737025
5996,0.374522789143936,-0.095317281118524,-0.4020413507095945
5997,0.3646975345415166,-0.1099566578682613,-0.4648301544045717
5998,0.3451082418762568,-0.1201461673935279,-0.508533320479695
5999,0.3392008458068894,-0.1337542548081223,-0.5668988878085358
6000,0.3392008458068894,-0.1380986913835801,-0.585532329652745
6001,0.3451082418762568,-0.1131573463631254,-0.4785580203532639
6002,0.3490261004093087,-0.1281231613212985,-0.5427469290485025
6003,0.2999916522065803,-0.1820723823113313,-0.774137042449396
6004,0.4294034168764529,-0.0138852830323537,-0.0527766361161904
6005,1.027458400292877,0.5260777952384782,2.263144068956948
6006,1.503906727835743,1.0535427941670434,4.525460070510183
6007,1.503906727835743,1.032730066941426,4.436193548685758
6008,0.99216706522562,0.4987647739766036,2.145997556530498
6009,0.4490233178115022,0.0152695825108945,0.0722696114558803
6010,0.3999888696087737,-0.1013594272821291,-0.4279563289117757
6011,0.3941120818091958,-0.0658530973436545,-0.275668426322208
6012,0.374522789143936,-0.0900293306141395,-0.3793611443152538
6013,0.3549028882088867,-0.1242863510724799,-0.5262907144400308
6014,0.3392008458068894,-0.1284732424468008,-0.5442484393547302
6015,0.3352829872738374,-0.132500376331344,-0.5615209587558387
6016,0.3490261004093087,-0.1247723242598365,-0.5283750705969624
6017,0.3646975345415166,-0.1030534930173857,-0.4352222366560602
6018,0.3803995769435139,-0.0923946894852175,-0.3895062520178037
6019,0.3803995769435139,-0.0863078727572494,-0.3633996801880602
6020,0.3999888696087737,-0.0733104297613865,-0.3076531883287987
6021,0.4039067281418257,-0.0647819640382756,-0.2710742977611137
6022,0.4098141242111931,-0.0596447795968904,-0.2490407323334861
6023,0.4254855583434009,-0.0453723174702632,-0.187825638410251
6024,0.4451054592784502,-0.0248818534195716,-0.0999413147199715
6025,0.46469475194371,-0.003609168030822,-0.0087020160959247
6026,0.4941092992113892,0.0219966260026759,0.1011221384776073
6027,0.5196059879460164,0.0526716841356299,0.2326885457344345
6028,0.5607741108128516,0.0883226044290115,0.3855966014606859
6029,0.6000139126829501,0.1331141761457651,0.5777092338350939
6030,0.654894540415467,0.1835189604884974,0.7938971333261208
6031,0.6960932715520916,0.2275736123759181,0.982849090536967
6032,0.7313846066193487,0.2620600591639863,1.1307626782894065
6033,0.7607991538870279,0.2909818052159605,1.254809068133563
6034,0.7764705880192357,0.3084215362247438,1.3296086901067696
6035,0.7764705880192357,0.3057717325913995,1.3182435887770785
6036,0.7548917578176605,0.2872984504136439,1.2390110293525909
6037,0.7254772105499813,0.2562016978955431,1.1056359599907508
6038,0.6764733706170423,0.2068917337579545,0.8941437830101306
6039,0.615685346815158,0.1472754272999881,0.6384473399715955
6040,0.5607741108128516,0.0936354107549941,0.4083834153513483
6041,0.5156881294129645,0.0434863093287547,0.1932921489155586
6042,0.4549001056110801,-0.0095488875235535,-0.0341776826907502
6043,0.4156909120107711,-0.055576381068666,-0.2315912274188591
6044,0.3803995769435139,-0.0871879461361319,-0.3671743459794042
6045,0.3588207467419387,-0.1084436322546284,-0.4583407341332086
6046,0.3490261004093087,-0.1213810053890087,-0.5138295842359191
6047,0.3392008458068894,-0.1261050462677647,-0.5340911623381822
6048,0.3451082418762568,-0.1256316741932999,-0.5320608527993019
6049,0.3451082418762568,-0.1209836962710198,-0.5121255114026219
6050,0.3549028882088867,-0.1134988952114495,-0.4800229354214585
6051,0.3588207467419387,-0.1092216367987863,-0.4616776230890725
6052,0.3588207467419387,-0.1089658786144943,-0.4605806672075879
6053,0.3588207467419387,-0.1072898407045752,-0.4533920814426141
6054,0.3646975345415166,-0.1054585006232931,-0.4455373991820165
6055,0.3588207467419387,-0.1060165927307909,-0.4479310759334551
6056,0.3646975345415166,-0.1037999913280563,-0.4384239942642295
6057,0.3705743223410945,-0.0974156395249096,-0.4110412839931351
6058,0.3705743223410945,-0.0942657444081918,-0.397531272636476
6059,0.3705743223410945,-0.0995057448807261,-0.4200058196514265
6060,0.3549028882088867,-0.1090853346598085,-0.461093018403109
6061,0.3549028882088867,-0.1147143542863839,-0.4852360823033231
6062,0.3490261004093087,-0.1149340022985098,-0.4861781603815864
6063,0.3549028882088867,-0.1150953330519199,-0.4868701136784378
6064,0.3451082418762568,-0.1180409929969068,-0.4995041531734087
6065,0.3451082418762568,-0.1241118159404333,-0.5255421270970521
6066,0.3352829872738374,-0.1301894893565462,-0.5516094829394613
6067,0.3392008458068894,-0.1262681019790343,-0.5347905140401893
6068,0.3588207467419387,-0.1095286442134633,-0.4629943887289351
6069,0.3705743223410945,-0.0931261898544449,-0.3926436829256493
6070,0.3803995769435139,-0.0880977190900935,-0.3710763942967493
6071,0.3705743223410945,-0.0935503620683239,-0.3944629725255696
6072,0.3588207467419387,-0.1078216904105083,-0.4556732036073035
6073,0.3392008458068894,-0.1276205935074468,-0.5405913979526917
6074,0.3235294116746816,-0.1397130133536062,-0.5924562135727538
6075,0.3352829872738374,-0.1335475669648998,-0.5660123963522332
6076,0.3451082418762568,-0.1176783279925227,-0.4979486701664071
6077,0.3549028882088867,-0.1127084919043741,-0.4766328677337266
6078,0.3392008458068894,-0.1237602756116759,-0.5240343582165488
6079,0.3392008458068894,-0.1310250804626601,-0.5551933626925386
6080,0.3235294116746816,-0.1341479562172212,-0.5685874870510403
6081,0.3196115531416296,-0.1505032841216916,-0.6387360658270599
6082,0.3294061994742595,-0.1428347391063469,-0.6058454055328493
6083,0.3352829872738374,-0.1074665505651893,-0.4541499962731935
6084,0.3392008458068894,-0.1490715529584103,-0.6325953203232006
6085,0.274494963471953,-0.1920873741351919,-0.8170916959421732
6086,0.5058934830803345,0.0867471721429352,0.378839516768064
6087,1.262744170164521,0.7099318640839138,3.0517006608532564
6088,1.503906727835743,1.1503872944790443,4.940829551259253
6089,1.503906727835743,0.9361715271601933,4.022050562748446
6090,0.7058879178847215,0.3054784246327724,1.3169855805878472
6091,0.3803995769435139,-0.0977548209014882,-0.4124960448914341
6092,0.3705743223410945,-0.1111723740681324,-0.4700444041043672
6093,0.374522789143936,-0.0720132940121821,-0.3020897273075504
6094,0.3490261004093087,-0.1176585623474179,-0.497863894616764
6095,0.3294061994742595,-0.1416595994660495,-0.6008051901295437
6096,0.3235294116746816,-0.1359636889014232,-0.5763752286345719
6097,0.3294061994742595,-0.1324340265736348,-0.5612363823026719
6098,0.3490261004093087,-0.1191013979769605,-0.5040522675684401
6099,0.3549028882088867,-0.1082531221786697,-0.4575236296918258
6100,0.3549028882088867,-0.1049885668717346,-0.4435218367314648
6101,0.374522789143936,-0.0938553146402389,-0.3957709248722836
6102,0.3803995769435139,-0.0813732526128639,-0.3422349201814116
6103,0.3901942232761438,-0.071798936660593,-0.3011703410591062
6104,0.4098141242111931,-0.0561454161783952,-0.23403183909319
6105,0.4254855583434009,-0.0369567744298386,-0.1517310772151281
6106,0.4451054592784502,-0.0171835022119108,-0.0669228146146662
6107,0.4706021480130775,0.005799175608286,0.0316507019158882
6108,0.4941092992113892,0.0312863032422234,0.1409658921124137
6109,0.5254827757455944,0.0634365273083337,0.278859338134476
6110,0.5705993654152709,0.1061287167399488,0.4619676457732262
6111,0.615685346815158,0.1530622387474098,0.6632671785619596
6112,0.6607713282150449,0.1988682035742567,0.8597305787967773
6113,0.7058879178847215,0.2412624420564007,1.0415609642946544
6114,0.7353024651524006,0.2738635057667127,1.1813880774667338
6115,0.7548917578176605,0.2918679777523739,1.258609893426876
6116,0.7607991538870279,0.297274542796638,1.281798841770221
6117,0.7548917578176605,0.2935449532157145,1.2658025003915732
6118,0.7411792529519786,0.277752389346784,1.1980676364312983
6119,0.7058879178847215,0.2434373616418039,1.0508892711778484
6120,0.654894540415467,0.1927208037127094,0.8333641637683403
6121,0.5960654458801087,0.1339034436139825,0.5810944298698651
6122,0.5353080303480138,0.0719382224819221,0.3153234088701757
6123,0.4745200065461294,0.013504075764793,0.0646972906939931
6124,0.4294034168764529,-0.0333384757112314,-0.1362120662738671
6125,0.3941120818091958,-0.0687084685534582,-0.2879152142445061
6126,0.3646975345415166,-0.0958877217723907,-0.4044879908123512
6127,0.3490261004093087,-0.1146978127467069,-0.4851651350556809
6128,0.3352829872738374,-0.1253169242984983,-0.5307108793888514
6129,0.3352829872738374,-0.1277070343864025,-0.5409621459341635
6130,0.3392008458068894,-0.1219569476752749,-0.5162998210342619
6131,0.3490261004093087,-0.11283930210926,-0.4771939173204877
6132,0.3588207467419387,-0.104139318244448,-0.4398793793879249
6133,0.3646975345415166,-0.0944953204175723,-0.3985159322454534
6134,0.3803995769435139,-0.0843011795566555,-0.354792902208226
6135,0.3843174354765659,-0.0752011197264247,-0.3157624243360609
6136,0.3941120818091958,-0.0674295587153191,-0.282429924799248
6137,0.3999888696087737,-0.0636765645073611,-0.2663332001489933
6138,0.3941120818091958,-0.0641185512537573,-0.2682288969077881
6139,0.3999888696087737,-0.0643313305352082,-0.2691415147576989
6140,0.3941120818091958,-0.0654192286064856,-0.2738075479915799
6141,0.3901942232761438,-0.0718090084776112,-0.3012135394378635
6142,0.3803995769435139,-0.0808145696160152,-0.3398387090846869
6143,0.374522789143936,-0.0866386150746753,-0.3648182456637284
6144,0.3705743223410945,-0.0901622271141835,-0.3799311420956007
6145,0.3646975345415166,-0.097475489703853,-0.4112979835235201
6146,0.3490261004093087,-0.1105355602531797,-0.4673130871705345
6147,0.3392008458068894,-0.1231452926560855,-0.5213966746092179
6148,0.3352829872738374,-0.1249383781961839,-0.5290872817921748
6149,0.3490261004093087,-0.1120825182091241,-0.4739480444559886
6150,0.3646975345415166,-0.0958519417395719,-0.4043345289884453
6151,0.374522789143936,-0.0869800510851863,-0.3662826767665591
6152,0.3803995769435139,-0.080286922510855,-0.3375756120230772
6153,0.3803995769435139,-0.0780695402257242,-0.3280651811216868
6154,0.3705743223410945,-0.0949705147288275,-0.4005540574222583
6155,0.3352829872738374,-0.119986376715518,-0.5078479726206045
6156,0.3352829872738374,-0.1282245585966914,-0.5431818255423007
6157,0.3392008458068894,-0.1214711892824246,-0.5142163861385507
6158,0.3490261004093087,-0.1105306987644371,-0.4672922360736918
6159,0.3549028882088867,-0.104769385586755,-0.4425817604624089
6160,0.3451082418762568,-0.1166006105530286,-0.4933263020216524
6161,0.3352829872738374,-0.1279766812966619,-0.5421186710516375
6162,0.3235294116746816,-0.1271388249705994,-0.5385250756902312
6163,0.3294061994742595,-0.1402263711986974,-0.5946580234934724
6164,0.3294061994742595,-0.1360592774332787,-0.5767852112222714
6165,0.3294061994742595,-0.1047771091363456,-0.4426148870392681
6166,0.3352829872738374,-0.1532756437160445,-0.6506268140001223
6167,0.2901970058739504,-0.1760301616967566,-0.7482217449243778
6168,0.5607741108128516,0.1694727701779492,0.7336525272101446
6169,1.411775835769443,0.823456600216144,3.538612261899292
6170,1.503906727835743,1.2002148923361822,5.154541877537094
6171,1.503906727835743,0.904393360069212,3.885752882227476
6172,0.6254799931477878,0.2505676620557853,1.0814713813751096
6173,0.3490261004093087,-0.1313625222359312,-0.5566406623708384
6174,0.3588207467419387,-0.1195674821276754,-0.5060513189450708
6175,0.3705743223410945,-0.0686814791193676,-0.2877994556088809
6176,0.3549028882088867,-0.107939522929306,-0.4561785914402798
6177,0.3451082418762568,-0.1234938469585684,-0.5228916363176138
6178,0.3352829872738374,-0.1165648404284344,-0.4931728826944716
6179,0.3392008458068894,-0.1211272412823206,-0.5127411810236746
6180,0.3490261004093087,-0.1136051966992703,-0.4804788662554938
6181,0.3549028882088867,-0.1023134248052442,-0.4320480579674846
6182,0.3646975345415166,-0.0954375039413662,-0.4025569906410028
6183,0.3803995769435139,-0.0777820290133556,-0.3268320353818014
6184,0.3999888696087737,-0.0620326108461174,-0.2592822248592616
6185,0.3999888696087737,-0.0570925035369657,-0.2380939302092168
6186,0.4156909120107711,-0.0433587233735223,-0.1791892622432193
6187,0.4392286714788723,-0.0223524913369772,-0.0890927914534064
6188,0.4490233178115022,-0.0081902043671879,-0.0283502426673733
6189,0.4706021480130775,0.0114305259258297,0.055803762231946
6190,0.5058934830803345,0.0453667810971068,0.2013575587165001
6191,0.5392258888810657,0.0810740315001572,0.3545072162717483
6192,0.5745172239483228,0.1160373034362963,0.5044659239176692
6193,0.6196032053482099,0.1587392065084219,0.6876158937034905
6194,0.6647197950178864,0.2078462625647656,0.8982377907603676
6195,0.7156825642173513,0.255067166485186,1.1007699147192558
6196,0.7509738992846084,0.2931382192451503,1.2640580040328542
6197,0.7764705880192357,0.3165815953169686,1.364607471628689
6198,0.7803884465522877,0.3232485458961681,1.393202258026886
6199,0.7764705880192357,0.314499207195847,1.3556760354624462
6200,0.7450971114850305,0.2910550465571016,1.2551232028313637
6201,0.7156825642173513,0.2513272196448489,1.0847291506893395
6202,0.6509766818824151,0.1972368617391963,0.8527336960747824
6203,0.5960654458801087,0.1343358478295543,0.5829490268156611
6204,0.5254827757455944,0.0676904078765907,0.2971043820668935
6205,0.46469475194371,0.0061825686166281,0.0332950880636285
6206,0.4156909120107711,-0.0423470336907528,-0.1748500894780407
6207,0.3803995769435139,-0.0802588389981269,-0.3374551608455514
6208,0.3451082418762568,-0.1105732679865596,-0.4674748169702007
6209,0.3294061994742595,-0.131020698538404,-0.5551745684647087
6210,0.3196115531416296,-0.1394246185115844,-0.5912192779140909
6211,0.3196115531416296,-0.1357482986803354,-0.5754514123723842
6212,0.3352829872738374,-0.1275474038092245,-0.5402774847531931
6213,0.3294061994742595,-0.1250554145685883,-0.5295892549251637
6214,0.3352829872738374,-0.1257398133600461,-0.532524665503124
6215,0.3352829872738374,-0.1216479099669107,-0.5149743473930992
6216,0.3451082418762568,-0.1141817086702893,-0.482951546451853
6217,0.3490261004093087,-0.1083159335999749,-0.4577930300952416
6218,0.3549028882088867,-0.1047775604569332,-0.4426168227692014
6219,0.3549028882088867,-0.1014902035103094,-0.4285172327712471
6220,0.3646975345415166,-0.0961334073949102,-0.405541745120801
6221,0.3646975345415166,-0.0904198956099182,-0.381036291370303
6222,0.3705743223410945,-0.0910343953500802,-0.3836719024496025
6223,0.3549028882088867,-0.1003327325185231,-0.4235527988251636
6224,0.3490261004093087,-0.1114048417534812,-0.4710414662136578
6225,0.3392008458068894,-0.1176045698703753,-0.4976323189766267
6226,0.3392008458068894,-0.1197823193871979,-0.5069727635355837
6227,0.3352829872738374,-0.1225429378594801,-0.5188131536215869
6228,0.3294061994742595,-0.1287073673520296,-0.545252609338591
6229,0.3235294116746816,-0.135099587995616,-0.5726690693441258
6230,0.3235294116746816,-0.1339895816532195,-0.5679082129549243
6231,0.3352829872738374,-0.1231539399542324,-0.5214337631762465
6232,0.3490261004093087,-0.1097015491515633,-0.463735984112526
6233,0.3549028882088867,-0.1014643007823753,-0.4284061350566912
6234,0.3588207467419387,-0.1023657975517777,-0.432272686526287
6235,0.3392008458068894,-0.1146996104242415,-0.4851728453580904
6236,0.3294061994742595,-0.133543424067926,-0.5659946273208555
6237,0.3098169068089997,-0.1441194231120038,-0.6113554605864373
6238,0.3196115531416296,-0.1409620718202938,-0.5978134694320106
6239,0.3235294116746816,-0.1335510867645231,-0.5660274928970773
6240,0.3352829872738374,-0.1246063016594475,-0.5276629938027818
6241,0.3352829872738374,-0.1187316883794414,-0.5024665700527865
6242,0.3352829872738374,-0.1273606989733808,-0.5394767011210003
6243,0.3235294116746816,-0.1354465990174332,-0.5741574118672639
6244,0.3098169068089997,-0.1387295799555444,-0.5882382330102212
6245,0.3137347653420516,-0.1557247755035399,-0.6611312266986299
6246,0.3196115531416296,-0.1430622417837018,-0.6068211725475738
6247,0.3137347653420516,-0.1123373400869237,-0.4750409844858728
6248,0.3294061994742595,-0.173494576013394,-0.7373465284144054
6249,0.2784434302747945,-0.1647588343994978,-0.6998786242336611
6250,0.6509766818824151,0.2482930156635008,1.071715342696537
6251,1.503906727835743,0.9116354265624148,3.916814361084207
6252,1.503906727835743,1.226580197495338,5.267623602141669
6253,1.503906727835743,0.873110964859594,3.751581584807957
6254,0.5548973230132735,0.2091145003165781,0.9036773072506132
6255,0.3490261004093087,-0.1438521841731666,-0.610209263343402
6256,0.3705743223410945,-0.1051783494096582,-0.4443358207365306
6257,0.374522789143936,-0.0585236772862985,-0.2442322849449726
6258,0.3549028882088867,-0.1106634073255998,-0.4678614277775421
6259,0.3392008458068894,-0.127391969763139,-0.539610822642229
6260,0.3294061994742595,-0.1199079349261904,-0.5075115330169402
6261,0.3352829872738374,-0.1253742481551844,-0.5309567434338878
6262,0.3451082418762568,-0.1153479933140669,-0.4879537824624763
6263,0.3588207467419387,-0.0992064128707792,-0.418721974093417
6264,0.3646975345415166,-0.0909182783585663,-0.3831738725737098
6265,0.3803995769435139,-0.0817980243068165,-0.3440567809725311
6266,0.3803995769435139,-0.0768323645773724,-0.3227588910897727
6267,0.3843174354765659,-0.0731612937396163,-0.3070135386664627
6268,0.3999888696087737,-0.0598690371261283,-0.250002580793373
6269,0.4156909120107711,-0.0437430888376132,-0.1808378192879968
6270,0.4294034168764529,-0.0267698872897474,-0.1080391586426005
6271,0.4607768934106581,-0.0003729513292479,0.0051782315856023
6272,0.4901914406783372,0.0322249689454106,0.144991862451191
6273,0.5254827757455944,0.0674106203245443,0.295904363378799
6274,0.5705993654152709,0.1105332442249248,0.4808588196497543
6275,0.6196032053482099,0.1616236639455465,0.6999874334816019
6276,0.6764733706170423,0.2169992859163486,0.9374954310453888
6277,0.7313846066193487,0.2729281093261196,1.1773761291106375
6278,0.7764705880192357,0.3169462385260655,1.3661714392255406
6279,0.796090488954285,0.3375628958764863,1.454597010433373
6280,0.800008347487337,0.3401921902788077,1.4658741469471677
6281,0.7901830928849176,0.3322631845066548,1.4318663612719351
6282,0.7666759416866058,0.3062454180183585,1.3202752422958686
6283,0.7156825642173513,0.256794485477669,1.108178446857727
6284,0.6509766818824151,0.1929421181421435,0.8343133891692682
6285,0.5843118702809528,0.122780888307664,0.5333893975004037
6286,0.5098113416133866,0.0525291282924566,0.2320771186904013
6287,0.4549001056110801,-0.0057159552634839,-0.017738100912928
6288,0.4098141242111931,-0.0489756514322843,-0.2032804649822119
6289,0.374522789143936,-0.0855107661381897,-0.35998086175858
6290,0.3451082418762568,-0.1140962033113403,-0.4825848109487166
6291,0.3294061994742595,-0.1298987065486644,-0.5503623052109222
6292,0.3196115531416296,-0.14072399789392,-0.5967923619570462
6293,0.3098169068089997,-0.149543511634247,-0.6346195677454678
6294,0.3137347653420516,-0.1455144619294316,-0.6173388313235774
6295,0.3294061994742595,-0.131268265118738,-0.5562363902676285
6296,0.3352829872738374,-0.1237277065835236,-0.523894668505016
6297,0.3392008458068894,-0.1217588644698344,-0.5154502351731767
6298,0.3451082418762568,-0.1129851599616686,-0.4778195067987023
6299,0.3588207467419387,-0.1035713198833874,-0.4374432143652341
6300,0.3549028882088867,-0.1031319583665662,-0.4355587773087653
6301,0.3588207467419387,-0.1024292760069532,-0.4325449478615208
6302,0.3646975345415166,-0.0948046146930383,-0.3998425063119732
6303,0.3705743223410945,-0.0903612339132541,-0.3807846892823711
6304,0.3646975345415166,-0.0949153639873234,-0.4003175139449552
6305,0.3588207467419387,-0.1013835626330945,-0.428059846284119
6306,0.3588207467419387,-0.1031142983856722,-0.4354830330272589
6307,0.3549028882088867,-0.1027045344482225,-0.4337255410336006
6308,0.3549028882088867,-0.1085725628996061,-0.4588937222211691
6309,0.3392008458068894,-0.1197037056798788,-0.5066355865695846
6310,0.3352829872738374,-0.125143535845784,-0.5299672101940103
6311,0.3352829872738374,-0.126479388692485,-0.535696730213255
6312,0.3294061994742595,-0.1305973696588184,-0.5533588959553452
6313,0.3352829872738374,-0.1257494200963291,-0.5325658691341894
6314,0.3549028882088867,-0.1053737045451388,-0.4451737058092485
6315,0.374522789143936,-0.0872904301463958,-0.3676139035174291
6316,0.3803995769435139,-0.080914363615267,-0.3402667290705152
6317,0.374522789143936,-0.083336625979867,-0.3506558978656506
6318,0.3646975345415166,-0.1015402063243125,-0.4287316966057606
6319,0.3294061994742595,-0.1278700289593672,-0.5416612354118225
6320,0.3235294116746816,-0.1374093271115055,-0.5825756219531225
6321,0.3352829872738374,-0.129880619697191,-0.550284730066431
6322,0.3392008458068894,-0.1180431482498542,-0.4995133971293872
6323,0.3549028882088867,-0.1079162729665811,-0.456078871529357
6324,0.3490261004093087,-0.1125282986044333,-0.4758600123088987
6325,0.3392008458068894,-0.1245397804775954,-0.5273776821054144
6326,0.3294061994742595,-0.1264090435857032,-0.5353950175668677
6327,0.3294061994742595,-0.1354857792782492,-0.5743254573890884
6328,0.3352829872738374,-0.1344653134017163,-0.5699486432190317
6329,0.3451082418762568,-0.0976657224551991,-0.412113898509849
6330,0.3549028882088867,-0.1202277331256231,-0.5088831587841743
6331,0.2901970058739504,-0.1849066036423085,-0.786293117794751
6332,0.4392286714788723,0.022222211063974,0.1020896807693664
6333,1.1274556176950703,0.6044646451059241,2.599348035337077
6334,1.503906727835743,1.0963643648949932,4.709123299096473
6335,1.503906727835743,1.0114485945608251,4.344916562343453
6336,0.9372558292233136,0.4739570447635221,2.0395963301458924
6337,0.4607768934106581,0.0236052410045938,0.1080215450099264
6338,0.4039067281418257,-0.08701291186767,-0.3664236178227191
6339,0.3843174354765659,-0.0629242661589069,-0.2631065659740108
6340,0.3803995769435139,-0.0818544853883073,-0.3442989445442962
6341,0.3646975345415166,-0.1035876471499239,-0.4375132425878122
6342,0.3549028882088867,-0.1038986191143453,-0.4388470123214894
6343,0.3549028882088867,-0.1083080318536741,-0.4577591392264013
6344,0.3588207467419387,-0.1032869320220918,-0.4362234647883647
6345,0.3803995769435139,-0.0840445716013581,-0.3536923016288996
6346,0.3901942232761438,-0.0703349363526931,-0.2948911920547769
6347,0.3999888696087737,-0.0639258687238126,-0.267402474734565
6348,0.4039067281418257,-0.058870733835208,-0.2457208227354168
6349,0.4098141242111931,-0.0527879230156788,-0.2196314323883888
6350,0.4254855583434009,-0.0374918440594252,-0.1540260097460406
6351,0.4490233178115022,-0.0136241762729202,-0.0516567400071026
6352,0.4706021480130775,0.0064868464296469,0.0346001463456156
6353,0.4843146528787593,0.0228496714558236,0.1047808805413051
6354,0.5098113416133866,0.0455620397533243,0.2021950299862525
6355,0.5392258888810657,0.0760763943933677,0.333072174288655
6356,0.5745172239483228,0.1122461504870712,0.4882055350789981
6357,0.6196032053482099,0.1551679623809932,0.672298701564967
6358,0.6647197950178864,0.202194350696756,0.8739965412284751
6359,0.7098057764177734,0.2463000087854356,1.0631672658371976
6360,0.7450971114850305,0.2813618998379633,1.2135489543548694
6361,0.7666759416866058,0.3037753750352872,1.3096811407413058
6362,0.7764705880192357,0.312483645196041,1.3470312188896951
6363,0.7705938002196577,0.3073597997944284,1.3250548650745615
6364,0.7509738992846084,0.2873867070269182,1.2393895650826563
6365,0.7156825642173513,0.2517530551378127,1.0865555741519737
6366,0.6647197950178864,0.2015971471395402,0.8714351140884408
6367,0.605890700482528,0.1417271434769097,0.6146505547828041
6368,0.5451026766806437,0.0812657193840326,0.3553293723728661
6369,0.4901914406783372,0.0273591214077792,0.1241220705827969
6370,0.4451054592784502,-0.0203192699572877,-0.0803722331769042
6371,0.3999888696087737,-0.0622897797082147,-0.2603852311876545
6372,0.3705743223410945,-0.0943292282021579,-0.3978035568699712
6373,0.3490261004093087,-0.1145306027726935,-0.4844479655741073
6374,0.3392008458068894,-0.1249564069177695,-0.5291646076155252
6375,0.3352829872738374,-0.1284032430251026,-0.5439482093638701
6376,0.3352829872738374,-0.1291407196571686,-0.5471112726740112
6377,0.3352829872738374,-0.1288104303669301,-0.545694650247943
6378,0.3392008458068894,-0.1243176759371421,-0.5264250678904318
6379,0.3490261004093087,-0.1159276732148624,-0.4904400500214846
6380,0.3549028882088867,-0.1091142658635496,-0.4612171053573157
6381,0.3549028882088867,-0.1081687144006247,-0.4571616017519347
6382,0.3549028882088867,-0.1117638363338241,-0.4725812066423693
6383,0.3490261004093087,-0.1124848476833441,-0.4756736497743951
6384,0.3588207467419387,-0.1074243405196196,-0.4539689558975997
6385,0.3588207467419387,-0.1050000152271253,-0.4435709391318979
6386,0.3549028882088867,-0.1088685053042403,-0.460163029642329
6387,0.3549028882088867,-0.1106171163474916,-0.4676628841382211
6388,0.3549028882088867,-0.1082734342409618,-0.4576107488440753
6389,0.3549028882088867,-0.1106082640346171,-0.4676249162557883
6390,0.3451082418762568,-0.1189236014978745,-0.5032896921928737
6391,0.3392008458068894,-0.1249035776516389,-0.5289380210280542
6392,0.3392008458068894,-0.1262316248476497,-0.534634062335925
6393,0.3352829872738374,-0.1286650362865118,-0.5450710499041674
6394,0.3294061994742595,-0.134719417253423,-0.571038503609655
6395,0.3294061994742595,-0.1367508102752938,-0.579751219994926
6396,0.3392008458068894,-0.1237086668516944,-0.5238130064230391
6397,0.3646975345415166,-0.1003270041135673,-0.4235282294940777
6398,0.3803995769435139,-0.0858163030368142,-0.3612913203031796
6399,0.374522789143936,-0.0877580867100084,-0.369619699028489
6400,0.3646975345415166,-0.10109238402496,-0.4268109709543231
6401,0.3451082418762568,-0.1211821875338703,-0.5129768474363442
6402,0.3235294116746816,-0.1375079624832657,-0.5829986725447361
6403,0.3294061994742595,-0.1391585673297304,-0.5900781750026881
6404,0.3352829872738374,-0.1271134690980423,-0.538416323457693
6405,0.3549028882088867,-0.1110629872458181,-0.4695752401617675
6406,0.3549028882088867,-0.1080827613882375,-0.4567929462473984
6407,0.3490261004093087,-0.1186405692262175,-0.5020757567878208
6408,0.3451082418762568,-0.1192145209949464,-0.5045374561861746
6409,0.3352829872738374,-0.1224279186368395,-0.5183198321151464
6410,0.3392008458068894,-0.1390841542917501,-0.58975901485578
6411,0.3451082418762568,-0.1132433466315802,-0.4789268785407425
6412,0.3549028882088867,-0.09307109122634,-0.3924073629645551
6413,0.3196115531416296,-0.1839362045208308,-0.7821310417046377
6414,0.2843202180743724,-0.1473962085616857,-0.6254097090608013
6415,0.800008347487337,0.3405065501478624,1.4672224475234206
6416,1.503906727835743,0.983544943809785,4.225236819186922
6417,1.503906727835743,1.1307913258375637,4.8567817499575385
6418,1.227452835097264,0.6620840510326046,2.8464797015001517
6419,0.4843146528787593,0.0989175578245581,0.4310387306088647
6420,0.3901942232761438,-0.1133909004257622,-0.4795597419730952
6421,0.3843174354765659,-0.079724662240854,-0.3351640578755135
6422,0.3705743223410945,-0.0786192747955559,-0.3304230120990285
6423,0.3549028882088867,-0.1212703394301267,-0.513354934031423
6424,0.3352829872738374,-0.1290338051354504,-0.5466527125159479
6425,0.3352829872738374,-0.1242473618708656,-0.5261234883778675
6426,0.3490261004093087,-0.1203992897919597,-0.5096189713825738
6427,0.3588207467419387,-0.1044048633201786,-0.4410183115922974
6428,0.374522789143936,-0.0899179544778696,-0.3788834481348695
6429,0.3803995769435139,-0.0850553904009472,-0.3580277391453726
6430,0.3843174354765659,-0.0800726499401349,-0.3366565894027731
6431,0.3941120818091958,-0.070985795320731,-0.2976827491460295
6432,0.4039067281418257,-0.0600221068332299,-0.2506591021709667
6433,0.419608770543823,-0.0465586215163736,-0.1929137383442266
6434,0.4352802046760309,-0.0277575382953386,-0.1122752286727216
6435,0.4607768934106581,-0.0048455009139625,-0.0140046914780954
6436,0.4843146528787593,0.0191186322508384,0.0887783216738804
6437,0.5098113416133866,0.0471902254204201,0.2091783757924247
6438,0.5509794644802216,0.083759833988597,0.3660267179618154
6439,0.5901886580805307,0.1277491782776802,0.5546985685778316
6440,0.6411820355497851,0.1755528170074198,0.7597300627062339
6441,0.6862680169496722,0.2219976089305963,0.958933414909785
6442,0.7254772105499813,0.2607702115062983,1.1252304761499643
6443,0.7509738992846084,0.2875083141157271,1.2399111421796647
6444,0.7666759416866058,0.3002225392138654,1.2944429024771162
6445,0.7607991538870279,0.2989777079030064,1.28910377703844
6446,0.7509738992846084,0.2846032653135252,1.227451285309798
6447,0.7215593520169293,0.2576700354286553,1.1119337115071333
6448,0.6803912291500942,0.2175996831355884,0.94007055591459
6449,0.6293978516808398,0.1625881522883802,0.7041241580334422
6450,0.5607741108128516,0.0988745187400492,0.4308541344559929
6451,0.5058934830803345,0.0406183751675206,0.1809914780510644
6452,0.4549001056110801,-0.0089451934420798,-0.0315884174630381
6453,0.4098141242111931,-0.0543483681571932,-0.226324236688892
6454,0.374522789143936,-0.0893484798086652,-0.3764409511744317
6455,0.3549028882088867,-0.1086566457326913,-0.4592543564606561
6456,0.3451082418762568,-0.1199466523858212,-0.507677593568143
6457,0.3352829872738374,-0.127284518843684,-0.5391499618553363
6458,0.3352829872738374,-0.1289385691584665,-0.5462442420485389
6459,0.3352829872738374,-0.128923966545406,-0.546181610925605
6460,0.3352829872738374,-0.1281460527748726,-0.542845111301021
6461,0.3392008458068894,-0.1230597153433376,-0.5210296304936979
6462,0.3490261004093087,-0.1176570487106172,-0.4978574025750898
6463,0.3451082418762568,-0.1147504619700595,-0.4853909494333209
6464,0.3549028882088867,-0.1109380687669454,-0.4690394603958732
6465,0.3549028882088867,-0.1079854668526357,-0.4563756465494037
6466,0.3549028882088867,-0.107479387773363,-0.4542050555122437
6467,0.3588207467419387,-0.1055714735797102,-0.4460219441803848
6468,0.3588207467419387,-0.1034991439672292,-0.4371336493127982
6469,0.3588207467419387,-0.1048541785276755,-0.4429454403794705
6470,0.3549028882088867,-0.10733610448706,-0.4535905084389462
6471,0.3549028882088867,-0.1091095738219014,-0.461196981025043
6472,0.3490261004093087,-0.1125437857071123,-0.4759264370390317
6473,0.3451082418762568,-0.1188662771962381,-0.5030438262394298
6474,0.3352829872738374,-0.1265077309995103,-0.5358182913686577
6475,0.3294061994742595,-0.1336722985730088,-0.5665473746228249
6476,0.3235294116746816,-0.1389306959966175,-0.5891008268104029
6477,0.3235294116746816,-0.1386637555426106,-0.5879559097793422
6478,0.3352829872738374,-0.1275400966288356,-0.540246143998539
6479,0.3549028882088867,-0.1068642087445216,-0.4515665309398173
6480,0.374522789143936,-0.087709527909067,-0.3694114286169753
6481,0.3843174354765659,-0.0787071397128491,-0.3307998678312028
6482,0.3803995769435139,-0.0796861639869435,-0.3349989375053837
6483,0.374522789143936,-0.0893063201306249,-0.3762601268269496
6484,0.3588207467419387,-0.1024027956117212,-0.4324313725115308
6485,0.3549028882088867,-0.1053967274599621,-0.4452724519037059
6486,0.374522789143936,-0.089678706824762,-0.3778573065045077
6487,0.3941120818091958,-0.0657085274693115,-0.2750483610273864
6488,0.3999888696087737,-0.060466216930199,-0.2525639060553295
6489,0.3843174354765659,-0.0794666475113873,-0.3340574235921115
6490,0.374522789143936,-0.0877679427468206,-0.3696619719183253
6491,0.3646975345415166,-0.0873851917641603,-0.3680203394413998
6492,0.3646975345415166,-0.1083055913436257,-0.4577486717926461
6493,0.3646975345415166,-0.0975607294731961,-0.4116635799034606
6494,0.3705743223410945,-0.0623919303708875,-0.260823358986093
6495,0.3803995769435139,-0.1224212444803576,-0.5182912064223771
6496,0.3235294116746816,-0.1206316811500783,-0.5106157061216794
6497,0.6862680169496722,0.2759664346518072,1.190407613694809
6498,1.503906727835743,0.9167409610289804,3.938712178652491
6499,1.503906727835743,1.2184505425709646,5.232755225169026
6500,1.503906727835743,0.8742535378377725,3.7564821206477297
6501,0.5803940117479008,0.2332070403832038,1.007011062137677
6502,0.3843174354765659,-0.1119177880698215,-0.4732415110730354
6503,0.3843174354765659,-0.0920069673120924,-0.3878432979294762
6504,0.3705743223410945,-0.0629581270878565,-0.2632517966936714
6505,0.3588207467419387,-0.1092209466763037,-0.4616746631293812
6506,0.3549028882088867,-0.112550491059985,-0.4759551965342224
6507,0.3451082418762568,-0.1036042305143905,-0.4375843692234537
6508,0.3490261004093087,-0.1145866650690222,-0.4846884187422338
6509,0.3549028882088867,-0.104839374149643,-0.4428819438794486
6510,0.3705743223410945,-0.0869140739775239,-0.3659996986225988
6511,0.374522789143936,-0.0843246429948997,-0.3548935377231874
6512,0.3803995769435139,-0.0792498392023505,-0.3331275251006476
6513,0.3901942232761438,-0.0670113674750105,-0.280636287806118
6514,0.3999888696087737,-0.0600705718839945,-0.2508669704846625
6515,0.4039067281418257,-0.0525863094859257,-0.2187667048416955
6516,0.4254855583434009,-0.0343311876118868,-0.1404698426615837
6517,0.4451054592784502,-0.0114515473205133,-0.0423382577296963
6518,0.4706021480130775,0.0108269085189191,0.0532148258641419
6519,0.4941092992113892,0.0388705785724887,0.1734951167523379
6520,0.5353080303480138,0.0748313945724925,0.3277323261045703
6521,0.5705993654152709,0.1152892335724775,0.5012574258625665
6522,0.6196032053482099,0.1609004335855494,0.6968854729353019
6523,0.6647197950178864,0.2082668313485925,0.9000416251215823
6524,0.7058879178847215,0.2476960566899472,1.069154964584464
6525,0.7313846066193487,0.2756871672736228,1.1892098260507724
6526,0.7509738992846084,0.2930834832908957,1.2638232395927074
6527,0.7548917578176605,0.2980625994016471,1.2851788443699448
6528,0.7450971114850305,0.2897417673124874,1.249490501788387
6529,0.7254772105499813,0.2668768913976007,1.1514222417884796
6530,0.6803912291500942,0.2262920114514294,0.9773522589273518
6531,0.6293978516808398,0.1710414527439356,0.7403806621150149
6532,0.5646919693459035,0.1102163981648663,0.4794998557125158
6533,0.5058934830803345,0.0488995464699761,0.2165097141182992
6534,0.4451054592784502,-0.0105912688121247,-0.038648492836721
6535,0.3941120818091958,-0.0611961204337084,-0.2556944879497363
6536,0.3588207467419387,-0.0976509250951125,-0.4120504321100449
6537,0.3294061994742595,-0.1248976570205871,-0.5289126272324565
6538,0.3098169068089997,-0.1472910170722691,-0.624958539049108
6539,0.2941148644070023,-0.159059349790608,-0.6754333335366683
6540,0.2999916522065803,-0.1571585735098538,-0.667280836965222
6541,0.3039095107396323,-0.1495535022015903,-0.6346624176415012
6542,0.3137347653420516,-0.1423423453121514,-0.6037335111665184
6543,0.3196115531416296,-0.1342674084320499,-0.569099821817474
6544,0.3294061994742595,-0.1257354294546247,-0.5325058627780062
6545,0.3352829872738374,-0.1197277049480278,-0.5067385202779242
6546,0.3352829872738374,-0.1175358388772145,-0.497337529320543
6547,0.3392008458068894,-0.117419767849705,-0.4968396965858879
6548,0.3392008458068894,-0.1132761644911552,-0.4790676354990318
6549,0.3490261004093087,-0.1053303572695547,-0.4449877878139751
6550,0.3490261004093087,-0.1057606811106497,-0.4468334619601964
6551,0.3392008458068894,-0.1146159573073771,-0.4848140541866448
6552,0.3352829872738374,-0.1164930656377963,-0.4928650380835523
6553,0.3451082418762568,-0.1122837702166762,-0.4748112214211989
6554,0.3352829872738374,-0.1145792661672836,-0.4846566845914729
6555,0.3352829872738374,-0.1206008697835989,-0.5104835550831125
6556,0.3294061994742595,-0.1228384307358536,-0.5200805330001669
6557,0.3294061994742595,-0.1248473706815252,-0.5286969473489563
6558,0.3196115531416296,-0.1316017910471947,-0.5576668947492778
6559,0.3196115531416296,-0.1367639215564513,-0.5798074547426795
6560,0.3235294116746816,-0.1257774641911468,-0.5326861512469059
6561,0.3549028882088867,-0.1009786907933318,-0.4263233366701465
6562,0.3646975345415166,-0.085676860491881,-0.3606932463052072
6563,0.3705743223410945,-0.0858836178717952,-0.3615800360068353
6564,0.3549028882088867,-0.0916672755533477,-0.3863863479840487
6565,0.3490261004093087,-0.1100874962943934,-0.4653913250332542
6566,0.3137347653420516,-0.1358616215109359,-0.5759374579934767
6567,0.3098169068089997,-0.139679464237641,-0.5923123202299914
6568,0.3352829872738374,-0.1231849886686488,-0.5215669322084941
6569,0.3392008458068894,-0.1093501581313804,-0.4622288556217698
6570,0.3451082418762568,-0.1054674784361947,-0.4455759053384961
6571,0.3392008458068894,-0.1161696717308786,-0.4914779901999754
6572,0.3294061994742595,-0.1260310555443269,-0.5337738135132557
6573,0.3137347653420516,-0.1247049868264364,-0.5280862579678893
6574,0.3294061994742595,-0.1369041207437143,-0.5804087740063161
6575,0.3294061994742595,-0.1260805294651631,-0.5339860089063049
6576,0.3352829872738374,-0.0870898798521786,-0.3667537362254848
6577,0.3392008458068894,-0.1451793801672403,-0.6159016538161146
6578,0.2941148644070023,-0.1680894950981895,-0.7141639455529913
6579,0.5843118702809528,0.2195941212508718,0.9486247714008852
6580,1.501947798569217,0.8952544869724675,3.8465559328850047
6581,1.503906727835743,1.2303243506685193,5.28368240728165
6582,1.503906727835743,0.9057295612813312,3.891483896398298
6583,0.6411820355497851,0.2680262216523521,1.1563517598260271
6584,0.3490261004093087,-0.1116238189931458,-0.4719806673251542
6585,0.3588207467419387,-0.1200835398657776,-0.5082647088022282
6586,0.3490261004093087,-0.0776068741883401,-0.3260807901538019
6587,0.3451082418762568,-0.1114315592601443,-0.4711560585429465
6588,0.3392008458068894,-0.1191019783443512,-0.5040547567846676
6589,0.3392008458068894,-0.1074569608541404,-0.4541088656639583
6590,0.3352829872738374,-0.1135045585221691,-0.4800472255610673
6591,0.3490261004093087,-0.1079046110999322,-0.4560288533715999
6592,0.3549028882088867,-0.093646450422001,-0.3948750988667073
6593,0.3646975345415166,-0.0854012978710527,-0.3595113484962604
6594,0.3803995769435139,-0.0738094907940373,-0.3097936787162386
6595,0.3843174354765659,-0.0650042564354619,-0.2720277177002561
6596,0.3901942232761438,-0.0618955535781697,-0.2586943813984877
6597,0.4039067281418257,-0.0476461458147655,-0.1975781684530065
6598,0.4254855583434009,-0.0243654357094161,-0.0977263809299695
6599,0.4490233178115022,-0.0059720137425689,-0.0188363447693812
6600,0.4607768934106581,0.0145444867883587,0.0691596503037988
6601,0.4999860870109672,0.0439162234055187,0.1951360655680982
6602,0.5254827757455944,0.0763500851246689,0.3342460434973365
6603,0.5705993654152709,0.1188976157108102,0.5167339042409442
6604,0.6293978516808398,0.1779461013355776,0.7699949436800542
6605,0.6901858754827241,0.2373536646238635,1.024796079894549
6606,0.7353024651524006,0.2859288598966176,1.2331368072742768
6607,0.7803884465522877,0.3270390503258101,1.4094598653421704
6608,0.8058851352869149,0.3547470777941552,1.5283005733331154
6609,0.8117619230864929,0.3604421255017523,1.5527268340038274
6610,0.800008347487337,0.3477243794110571,1.4981799720449975
6611,0.7705938002196577,0.3191160989317674,1.3754780471083907
6612,0.7215593520169293,0.2695654184773859,1.1629534293470138
6613,0.6509766818824151,0.199149453528873,0.8609368697811215
6614,0.5705993654152709,0.1185722312826606,0.5153383189415321
6615,0.4941092992113892,0.0419386009513706,0.1866539730460575
6616,0.4294034168764529,-0.0221768610065088,-0.0883395067657326
6617,0.3803995769435139,-0.0728134460468462,-0.3055216076320705
6618,0.3392008458068894,-0.1117156945046661,-0.472374724637555
6619,0.3137347653420516,-0.1397991114105219,-0.5928254911783934
6620,0.2941148644070023,-0.1578257717226431,-0.6701424736540392
6621,0.2843202180743724,-0.1674944396995586,-0.7116117319409643
6622,0.2843202180743724,-0.1702057377919709,-0.7232405851765432
6623,0.2843202180743724,-0.165623694408845,-0.7035880393459891
6624,0.2999916522065803,-0.1555671194834758,-0.660455034462829
6625,0.3039095107396323,-0.1469464479144831,-0.6234806697670051
6626,0.3098169068089997,-0.1438129247743476,-0.6100408783958889
6627,0.3137347653420516,-0.1404030669277784,-0.5954158777134075
6628,0.3196115531416296,-0.1311374929085055,-0.555675503641277
6629,0.3352829872738374,-0.120633798574756,-0.5106247878308737
6630,0.3392008458068894,-0.1130869829858584,-0.4782562293441206
6631,0.3451082418762568,-0.1072847578902242,-0.4533702810724235
6632,0.3490261004093087,-0.1071080745178696,-0.4526124798509243
6633,0.3392008458068894,-0.11281920355956,-0.4771077139312834
6634,0.3392008458068894,-0.1144049733139918,-0.4839091363906266
6635,0.3451082418762568,-0.1107163439241807,-0.4680884747176815
6636,0.3451082418762568,-0.1076672940426749,-0.4550109921349959
6637,0.3490261004093087,-0.1049822854874178,-0.4434948956523777
6638,0.3490261004093087,-0.1069278964268215,-0.4518396896575741
6639,0.3352829872738374,-0.1182402104610484,-0.5003586039101058
6640,0.3235294116746816,-0.1307194509470183,-0.5538825069102822
6641,0.3196115531416296,-0.1367987982335794,-0.5799570420421366
6642,0.3196115531416296,-0.1343384996578673,-0.5694047345947453
6643,0.3352829872738374,-0.119530042474248,-0.505890738949785
6644,0.3588207467419387,-0.0979903326128485,-0.4135061629357515
6645,0.3705743223410945,-0.0834198879895665,-0.3510130115646586
6646,0.374522789143936,-0.0821577854971482,-0.3455998094185484
6647,0.3588207467419387,-0.0958458120606591,-0.4043082385791917
6648,0.3392008458068894,-0.118978352377499,-0.5035245206484589
6649,0.3196115531416296,-0.1334059927923764,-0.5654051797282734
6650,0.3294061994742595,-0.1297368361011839,-0.5496680371471501
6651,0.3392008458068894,-0.1158234072332899,-0.489992849545608
6652,0.3549028882088867,-0.1027765609279621,-0.4340344651479616
6653,0.3490261004093087,-0.1048404155783645,-0.4428864106040008
6654,0.3451082418762568,-0.1178832024314839,-0.4988273838678141
6655,0.3352829872738374,-0.1167954661580471,-0.4941620445905832
6656,0.3352829872738374,-0.1197033681655123,-0.5066341389585515
6657,0.3294061994742595,-0.1389502159047395,-0.5891845483854514
6658,0.3352829872738374,-0.1160092666617522,-0.4907900071956964
6659,0.3392008458068894,-0.1026392980826605,-0.4334457399586593
6660,0.3039095107396323,-0.1950399179943499,-0.8297552607880475
6661,0.2784434302747945,-0.1401078326490913,-0.5941496074694338
6662,0.8255050362219641,0.3633664383220535,1.5652693149274015
6663,1.503906727835743,0.9962914346878148,4.2799069685534095
6664,1.503906727835743,1.1348410766739825,4.87415127426369
6665,1.2372474814298935,0.6760329734797209,2.906307122316011
6666,0.4941092992113892,0.1162809356110736,0.5055108709162596
6667,0.3941120818091958,-0.1053766050402568,-0.445186146135206
6668,0.3843174354765659,-0.0738614958298895,-0.3100167301509476
6669,0.3803995769435139,-0.0649233029746848,-0.271680505449075
6670,0.3705743223410945,-0.0999054907612161,-0.4217203438451162
6671,0.3549028882088867,-0.1054580157950679,-0.4455353197366427
6672,0.3490261004093087,-0.1062785227700218,-0.4490545031186582
6673,0.3549028882088867,-0.1110087799938801,-0.4693427433445215
6674,0.3588207467419387,-0.0985961594083862,-0.4161045754493755
6675,0.3803995769435139,-0.0840279366617895,-0.353620953785825
6676,0.3803995769435139,-0.0779924088013607,-0.3277343617196135
6677,0.3941120818091958,-0.0695603520333879,-0.2915689725640507
6678,0.4039067281418257,-0.0577643678811657,-0.2409755801003835
6679,0.4156909120107711,-0.0453287183889159,-0.1876386404111698
6680,0.4352802046760309,-0.0282166140176307,-0.1142442206524277
6681,0.4549001056110801,-0.0072983821936014,-0.0245251858807751
6682,0.4745200065461294,0.0122989872008684,0.0595286232999606
6683,0.4941092992113892,0.0303114360664424,0.1367846523796574
6684,0.5156881294129645,0.0529330485879373,0.2338095470973558
6685,0.5509794644802216,0.0875401458726139,0.3822406090890853
6686,0.5960654458801087,0.1326073883844198,0.5755356032355058
6687,0.6450998940828371,0.180314948328898,0.7801550120620433
6688,0.6901858754827241,0.2274854702777408,0.9824710459661954
6689,0.7353024651524006,0.2702764028752707,1.1660028665294937
6690,0.7666759416866058,0.3011516987314078,1.2984281004500653
6691,0.7803884465522877,0.3183634067677277,1.372249723844459
6692,0.7901830928849176,0.3218496039476065,1.3872021466225204
6693,0.7705938002196577,0.3081230427902024,1.3283284412282788
6694,0.7450971114850305,0.2781648622273044,1.199836747177421
6695,0.7000111300851435,0.2350267754222381,1.01481596996238
6696,0.6450998940828371,0.1788656689453278,0.7739390016218584
6697,0.5803940117479008,0.1147659378764056,0.4990129921481548
6698,0.5196059879460164,0.0528374825160444,0.2333996608412288
6699,0.46469475194371,-0.0014416336709138,0.0005946152943997
6700,0.419608770543823,-0.0472392705214223,-0.1958330659558991
6701,0.3843174354765659,-0.082913602761802,-0.3488415363493396
6702,0.3588207467419387,-0.1075790692314924,-0.454632592805225
6703,0.3451082418762568,-0.1233079370674254,-0.5220942622313064
6704,0.3352829872738374,-0.1314102789030326,-0.5568454924019947
6705,0.3352829872738374,-0.1330294830721829,-0.563790316246404
6706,0.3352829872738374,-0.1323650780246694,-0.560940659542062
6707,0.3392008458068894,-0.1298175553124927,-0.5500142446940918
6708,0.3451082418762568,-0.1220500611397191,-0.5166991879704568
6709,0.3549028882088867,-0.1148115931067747,-0.4856531430368109
6710,0.3549028882088867,-0.1139466931488373,-0.4819435565835693
6711,0.3588207467419387,-0.1093189185389183,-0.4620948679068455
6712,0.374522789143936,-0.0957148253657088,-0.4037464320203137
6713,0.3803995769435139,-0.088724499263086,-0.3737646765859961
6714,0.374522789143936,-0.0951085338229105,-0.4011460261892819
6715,0.3705743223410945,-0.0994147130052115,-0.4196153807236372
6716,0.374522789143936,-0.0955145503741151,-0.4028874455110406
6717,0.374522789143936,-0.0955200186601569,-0.4029108991829213
6718,0.3705743223410945,-0.1012236694346312,-0.4273740587111846
6719,0.3646975345415166,-0.1030608630606077,-0.4352538470316247
6720,0.3705743223410945,-0.1043449009770774,-0.4407611309858798
6721,0.3549028882088867,-0.1122448516431614,-0.4746442982854477
6722,0.3549028882088867,-0.1193997959171378,-0.5053321068682324
6723,0.3490261004093087,-0.1200443305947905,-0.5080965388547557
6724,0.3549028882088867,-0.1190537857859337,-0.5038480572002684
6725,0.3549028882088867,-0.1144112957939983,-0.4839362537305776
6726,0.374522789143936,-0.1002865111633431,-0.4233545538010395
6727,0.3843174354765659,-0.084284048223601,-0.3547194253159662
6728,0.3999888696087737,-0.0774214825424452,-0.3252856388396592
6729,0.3843174354765659,-0.0818931798352347,-0.3444649063932017
6730,0.3803995769435139,-0.0982924051398632,-0.4148017626682136
6731,0.3490261004093087,-0.1206361069095219,-0.510634688360176
6732,0.3392008458068894,-0.132944110020511,-0.56342414821385
6733,0.3490261004093087,-0.1285156993503986,-0.5444305385131214
6734,0.3549028882088867,-0.1130517482212483,-0.4781051061948115
6735,0.3803995769435139,-0.0978486442753154,-0.4128984566540347
6736,0.3705743223410945,-0.0991750133053107,-0.4185873002486206
6737,0.3646975345415166,-0.1134423732483633,-0.4797805107263814
6738,0.3490261004093087,-0.1211719178457442,-0.5129328003814195
6739,0.3451082418762568,-0.1287776529316333,-0.54555406667081
6740,0.3490261004093087,-0.1324538685868908,-0.5613214853980114
6741,0.3549028882088867,-0.1099849613853583,-0.4649515491886027
6742,0.3549028882088867,-0.1205206369443601,-0.5101394336031496
6743,0.3098169068089997,-0.1799327754025491,-0.7649601928828764
6744,0.4098141242111931,-0.0408291123053767,-0.168339671068835
6745,0.9764650228236226,0.4822507383625173,2.075168274785062
6746,1.503906727835743,1.0326449429748803,4.435828448988104
6747,1.503906727835743,1.0443035648747006,4.485832689901906
6748,1.027458400292877,0.5170058136754815,2.2242340197642
6749,0.4490233178115022,0.0178107326811048,0.0831686942463861
6750,0.3999888696087737,-0.1105105320058969,-0.4672057401343639
6751,0.3941120818091958,-0.0685840710945333,-0.2873816691515615
6752,0.3901942232761438,-0.0812217877475079,-0.3415852820267208
6753,0.374522789143936,-0.1108661309042463,-0.4687309163631273
6754,0.3549028882088867,-0.1147157896052626,-0.4852422384366651
6755,0.3549028882088867,-0.1246669795940116,-0.5279232436062463
6756,0.3490261004093087,-0.1250352492678957,-0.5295027652385956
6757,0.3803995769435139,-0.0971766663127576,-0.4100163194497204
6758,0.4039067281418257,-0.0733486678568285,-0.3078171928700727
6759,0.4039067281418257,-0.0702979651493113,-0.2947326212582744
6760,0.4098141242111931,-0.0692247360993706,-0.2901295039747683
6761,0.4156909120107711,-0.0600323552582303,-0.2507030580275945
6762,0.4294034168764529,-0.0467202332366432,-0.1936068967178574
6763,0.4490233178115022,-0.0298735358038401,-0.1213508166879522
6764,0.46469475194371,-0.0096927335286035,-0.0347946432846193
6765,0.4901914406783372,0.0109249486481348,0.0536353234394683
6766,0.5098113416133866,0.0337290464052585,0.1514429037750729
6767,0.5392258888810657,0.0626090453317336,0.2753102387241608
6768,0.5745172239483228,0.0959265314223291,0.4182101127772059
6769,0.60980855901558,0.13336354741033,0.578778795992391
6770,0.654894540415467,0.1784004274315744,0.7719435643449032
6771,0.7058879178847215,0.2262720836654573,0.9772667879498048
6772,0.7411792529519786,0.2662037145174546,1.1485349623843035
6773,0.7705938002196577,0.2920018811231007,1.2591842097111272
6774,0.7803884465522877,0.3023575362913947,1.303599980314651
6775,0.7764705880192357,0.3005405447630944,1.2958068395043405
6776,0.7666759416866058,0.2878310907154134,1.2412955424107333
6777,0.7353024651524006,0.2583084410487375,1.114671855749362
6778,0.6901858754827241,0.2123230104876776,0.9174387206448084
6779,0.6353052477502072,0.158747532312752,0.6876516033721889
6780,0.5803940117479008,0.100842667266164,0.4392955929662399
6781,0.5156881294129645,0.0403831093808228,0.1799824147863064
6782,0.46469475194371,-0.0145313944166282,-0.0555478306530774
6783,0.419608770543823,-0.0573872675394171,-0.2393581834218134
6784,0.3901942232761438,-0.0872213517754199,-0.3673176239456329
6785,0.3705743223410945,-0.1072550337038341,-0.4532427929876405
6786,0.3549028882088867,-0.1226231603428056,-0.5191572306846721
6787,0.3451082418762568,-0.132331685955172,-0.5607974397771441
6788,0.3451082418762568,-0.1325009032208958,-0.5615232186037272
6789,0.3490261004093087,-0.127921031603471,-0.5418799875529351
6790,0.3549028882088867,-0.1242130099786833,-0.5259761518995694
6791,0.3549028882088867,-0.1197310260305428,-0.5067527645180756
6792,0.3646975345415166,-0.1154403751636446,-0.4883500114766805
6793,0.3646975345415166,-0.1113483494008555,-0.4707991685188911
6794,0.374522789143936,-0.1024848467240277,-0.4327832926288718
6795,0.3803995769435139,-0.0970475373751188,-0.409462480877536
6796,0.374522789143936,-0.1044052617353445,-0.4410200204090092
6797,0.3646975345415166,-0.1088414278421114,-0.4600468934513398
6798,0.3803995769435139,-0.1000666918244936,-0.4224117408964103
6799,0.3803995769435139,-0.0953073469043518,-0.4019987425143014
6800,0.374522789143936,-0.1016829994930677,-0.4293441415475929
6801,0.3705743223410945,-0.107498420858811,-0.4542866890876571
6802,0.3646975345415166,-0.1118466566193672,-0.4729364257708764
6803,0.3549028882088867,-0.120756579817619,-0.5111514009160714
6804,0.3490261004093087,-0.1292511400670079,-0.5475848697099945
6805,0.3451082418762568,-0.1304905943939631,-0.5529009330748831
6806,0.3451082418762568,-0.1302308420411573,-0.5517868460636363
6807,0.3451082418762568,-0.1348181088953825,-0.5714617955461401
6808,0.3392008458068894,-0.1319801004823396,-0.5592894772721094
6809,0.3705743223410945,-0.1106433071224774,-0.4677752172967506
6810,0.3843174354765659,-0.0872229608646131,-0.3673245253859885
6811,0.3999888696087737,-0.0804340992780032,-0.3382068583731717
6812,0.3843174354765659,-0.0865406380378602,-0.3643980186939355
6813,0.3803995769435139,-0.1002294526092453,-0.4231098276481704
6814,0.3490261004093087,-0.1227046851922242,-0.5195068936419083
6815,0.3352829872738374,-0.1421958488398524,-0.6031051826250486
6816,0.3352829872738374,-0.1400218812037405,-0.5937809586859719
6817,0.3549028882088867,-0.1185133935128811,-0.5015302956636243
6818,0.374522789143936,-0.1037160602398699,-0.4380640108639706
6819,0.3588207467419387,-0.1117372421709095,-0.4724671433387722
6820,0.3549028882088867,-0.1253243897509118,-0.5307428989778066
6821,0.3392008458068894,-0.1303548511486319,-0.5523187255035005
6822,0.3352829872738374,-0.1395851312997572,-0.5919077229291628
6823,0.3451082418762568,-0.1382257306155923,-0.5860772054037238
6824,0.3451082418762568,-0.1125018836562552,-0.4757467176636334
6825,0.3549028882088867,-0.1312969432773083,-0.5563593919021643
6826,0.3098169068089997,-0.1707215451680425,-0.7254529012221128
6827,0.4745200065461294,0.0315362140102314,0.1420377682190244
6828,1.1117535752930732,0.5895585904342872,2.535415440620515
6829,1.503906727835743,1.085416470280981,4.662167392602377
6830,1.503906727835743,0.9860725107194176,4.236077642893279
6831,0.8509711166868019,0.3954440598216114,1.7028513659784252
6832,0.3999888696087737,-0.0603021594585004,-0.2518602577674771
6833,0.3803995769435139,-0.1169745256045198,-0.4949300368778579
6834,0.3941120818091958,-0.0629008721909049,-0.2630062284193707
6835,0.3803995769435139,-0.0920681112762685,-0.3881055465503989
6836,0.3549028882088867,-0.1235449269043031,-0.5231107200081503
6837,0.3451082418762568,-0.1228258260060906,-0.5200264708692274
6838,0.3490261004093087,-0.1227473041855073,-0.5196896880086821
6839,0.3588207467419387,-0.1128417655793363,-0.4772044832306131
6840,0.3803995769435139,-0.0930511335108058,-0.3923217636180597
6841,0.3843174354765659,-0.0825354563439289,-0.3472196530133418
6842,0.3999888696087737,-0.0753647541195999,-0.3164642580251904
6843,0.4039067281418257,-0.0632070454273035,-0.2643194162391481
6844,0.419608770543823,-0.0530025925665242,-0.2205521576704649
6845,0.4254855583434009,-0.0438131421672205,-0.1811382804917821
6846,0.4451054592784502,-0.0251130708070404,-0.1009330142575153
6847,0.4706021480130775,0.0012168493700594,0.0119969429098215
6848,0.4941092992113892,0.0233633675504888,0.1069841412263878
6849,0.5098113416133866,0.0421627397307944,0.1876153121837995
6850,0.5392258888810657,0.0687203659250929,0.3015219084976294
6851,0.5745172239483228,0.106134456398042,0.4619922633694157
6852,0.6196032053482099,0.1512876751391644,0.655656012598602
6853,0.6705965828174644,0.2012646370228406,0.8700089664592788
6854,0.7156825642173513,0.2486565317619052,1.0732744760758377
6855,0.7548917578176605,0.2858135522536859,1.2326422487230255
6856,0.7803884465522877,0.313005200319992,1.3492681872288328
6857,0.796090488954285,0.329686986851875,1.4208169585828256
6858,0.800008347487337,0.3303291373710177,1.4235711648293317
6859,0.7803884465522877,0.3157210590014585,1.360916600991868
6860,0.7548917578176605,0.2874744287505167,1.239765806652019
6861,0.7098057764177734,0.2417975697624233,1.0438561459174514
6862,0.6509766818824151,0.1866257149126027,0.8072221127291648
6863,0.6000139126829501,0.1335720863344464,0.5796732267999963
6864,0.5451026766806437,0.0776207248183611,0.3396958620011002
6865,0.4843146528787593,0.0207811176017615,0.0959087800348731
6866,0.4451054592784502,-0.0208533864191561,-0.0826630775378236
6867,0.4156909120107711,-0.0503515425430444,-0.2091817105294809
6868,0.3843174354765659,-0.0793411818484635,-0.3335192969345047
6869,0.3646975345415166,-0.1005234516795616,-0.424370800039835
6870,0.3549028882088867,-0.108828576847033,-0.4599917750797686
6871,0.3549028882088867,-0.1109852390395469,-0.4692417753603178
6872,0.3549028882088867,-0.1061102986187773,-0.4483329837951368
6873,0.3705743223410945,-0.0957372723013247,-0.4038427077196166
6874,0.3705743223410945,-0.0915591632186394,-0.3859226503637844
6875,0.3705743223410945,-0.0925478263571581,-0.3901630614677629
6876,0.374522789143936,-0.0886188197614208,-0.3733114134725402
6877,0.3803995769435139,-0.082667207603226,-0.3477847388156947
6878,0.3803995769435139,-0.0811195230346101,-0.3411466650628409
6879,0.3803995769435139,-0.0827030464517641,-0.347938452902297
6880,0.374522789143936,-0.0866757774014821,-0.364977636195348
6881,0.3705743223410945,-0.092083924017486,-0.3881733679557195
6882,0.3646975345415166,-0.095423712795663,-0.4024978399302116
6883,0.3646975345415166,-0.0978976744440805,-0.4131087487787851
6884,0.3588207467419387,-0.1017397981178649,-0.4295877528545155
6885,0.3549028882088867,-0.1049292880000427,-0.4432675875580504
6886,0.3549028882088867,-0.1074734875339436,-0.4541797491770772
6887,0.3490261004093087,-0.1098520569340628,-0.4643815173050574
6888,0.3490261004093087,-0.1111900713180811,-0.470120308234165
6889,0.3451082418762568,-0.1157040326796515,-0.4894808478707613
6890,0.3352829872738374,-0.1235686057109974,-0.5232122792459974
6891,0.3352829872738374,-0.1237256970026477,-0.5238860493416948
6892,0.3490261004093087,-0.111886292864484,-0.4731064270254645
6893,0.3588207467419387,-0.0980220944519195,-0.4136423905848184
6894,0.3705743223410945,-0.0894663426781908,-0.3769464691827515
6895,0.374522789143936,-0.0849729037455606,-0.357673950968385
6896,0.3646975345415166,-0.0900576779883699,-0.3794827272040781
6897,0.3490261004093087,-0.1140114870059407,-0.4822214597241097
6898,0.3137347653420516,-0.140979179832467,-0.5978868463001873
6899,0.3137347653420516,-0.1433232944703237,-0.6079408367364637
6900,0.3352829872738374,-0.1260844052647222,-0.5340026323474416
6901,0.3392008458068894,-0.1148725171004262,-0.4859144481963879
6902,0.3352829872738374,-0.1209001163570885,-0.5117670342011406
6903,0.3294061994742595,-0.1328521671078197,-0.5630298018154473
6904,0.3196115531416296,-0.1328273251766745,-0.5629232538957684
6905,0.3137347653420516,-0.139263055235168,-0.5905263273178568
6906,0.3098169068089997,-0.1581114756040167,-0.6713678676874828
6907,0.3196115531416296,-0.1302939286086552,-0.552057426578786
6908,0.3352829872738374,-0.1047782641668254,-0.4426198410057722
6909,0.3098169068089997,-0.1846916047253358,-0.7853709798497273
6910,0.2843202180743724,-0.1363795512301218,-0.5781588768435888
6911,0.8058851352869149,0.3526055639939451,1.5191155450419425
6912,1.503906727835743,0.9940508878900778,4.270297184239673
6913,1.503906727835743,1.1435973038965317,4.911707041943153
6914,1.217658188764634,0.6561913892795583,2.82120586721212
6915,0.4294034168764529,0.0571710360770254,0.2519864250521429
6916,0.3294061994742595,-0.1614083170726951,-0.6855081371353624
6917,0.3549028882088867,-0.1060831299123425,-0.4482164562540985
6918,0.3392008458068894,-0.0932273769891639,-0.3930776781186785
6919,0.3392008458068894,-0.1297885326978642,-0.5498897656753619
6920,0.3235294116746816,-0.1287395766479943,-0.5453907561460715
6921,0.3235294116746816,-0.128390263092833,-0.543892537976134
6922,0.3196115531416296,-0.1340923181208432,-0.568348853291478
6923,0.3392008458068894,-0.117743428289493,-0.4982278876383548
6924,0.3490261004093087,-0.1030045937190876,-0.4350125058393629
6925,0.3549028882088867,-0.0980955954704338,-0.4139576390480398
6926,0.3705743223410945,-0.085119068179582,-0.35830085538596
6927,0.3803995769435139,-0.0717773335330608,-0.3010776844824632
6928,0.3901942232761438,-0.0641229005130813,-0.268247551034571
6929,0.4039067281418257,-0.048573775838894,-0.2015568063747075
6930,0.4294034168764529,-0.0251594724481597,-0.1011320325343977
6931,0.4490233178115022,-0.0038565654078496,-0.0097631121798899
6932,0.4706021480130775,0.0185449041318975,0.0863175815173628
6933,0.5058934830803345,0.0503385332020794,0.22268157901298
6934,0.5451026766806437,0.0938829363049123,0.4094450611733663
6935,0.5960654458801087,0.1433340921840035,0.6215428145177972
6936,0.6450998940828371,0.1890084203039425,0.8174416202695034
6937,0.6803912291500942,0.2317375429324976,1.0007083356937856
6938,0.7313846066193487,0.2750093720548069,1.186302738429
6939,0.7607991538870279,0.3091837297393951,1.3328777649989016
6940,0.7803884465522877,0.3275960541380256,1.411848874356723
6941,0.7862652343518657,0.3332601052832874,1.4361421896773043
6942,0.7764705880192357,0.3230424680590585,1.392318382908337
6943,0.7450971114850305,0.2926909120100188,1.2621394875100438
6944,0.6960932715520916,0.2440160093746671,1.0533711117321565
6945,0.6353052477502072,0.1800966252007758,0.7792186164580444
6946,0.5607741108128516,0.1105464246592945,0.4809153509980761
6947,0.4999860870109672,0.0457757255684422,0.2031115359910645
6948,0.4392286714788723,-0.0143512784980397,-0.0547753071196014
6949,0.3843174354765659,-0.0670813712656013,-0.2809365365353126
6950,0.3490261004093087,-0.1047299811729542,-0.4424127535405194
6951,0.3235294116746816,-0.1301981565814234,-0.5516466569729395
6952,0.3039095107396323,-0.1477295925772805,-0.6268396048731759
6953,0.2999916522065803,-0.1538960746070528,-0.6532878639947896
6954,0.3039095107396323,-0.1498053546765462,-0.6357426217977596
6955,0.3098169068089997,-0.141970623273575,-0.6021391822201245
6956,0.3196115531416296,-0.1347574540417976,-0.5712016447378101
6957,0.3235294116746816,-0.1302510003055478,-0.5518733055712561
6958,0.3235294116746816,-0.1274917664020881,-0.5400388539498122
6959,0.3352829872738374,-0.1219776372927883,-0.5163885595341844
6960,0.3392008458068894,-0.1108119661043345,-0.4684986016241203
6961,0.3549028882088867,-0.1004595443947811,-0.4240966994392862
6962,0.3549028882088867,-0.099684296212097,-0.4207716326150915
6963,0.3490261004093087,-0.1026469941660211,-0.4334787487318886
6964,0.3549028882088867,-0.1006078756818544,-0.4247328975660976
6965,0.3549028882088867,-0.0995072213430408,-0.420012152250418
6966,0.3490261004093087,-0.1034867250616372,-0.4370803841882882
6967,0.3490261004093087,-0.1068137086917269,-0.4513499344305726
6968,0.3451082418762568,-0.1091332988060629,-0.4612987383196771
6969,0.3392008458068894,-0.1141315118844621,-0.4827362506653381
6970,0.3352829872738374,-0.1214072005473013,-0.5139419361946063
6971,0.3235294116746816,-0.129338534559656,-0.5479597077742585
6972,0.3196115531416296,-0.1370552360431051,-0.5810569128602414
6973,0.3098169068089997,-0.1436138037221167,-0.6091868411732806
6974,0.3137347653420516,-0.1436643120106182,-0.6094034730057625
6975,0.3235294116746816,-0.1295213511602149,-0.548743814628048
6976,0.3490261004093087,-0.1086532295201435,-0.4592397042044356
6977,0.3549028882088867,-0.0991525718288826,-0.4184910479639668
6978,0.3588207467419387,-0.0993258942239239,-0.4192344338351165
6979,0.3549028882088867,-0.0978559797728299,-0.4129299188618403
6980,0.3549028882088867,-0.10484789785352,-0.4429185023462902
6981,0.3294061994742595,-0.1254941393966736,-0.5314709612011672
6982,0.3196115531416296,-0.1360354096002019,-0.5766828412435967
6983,0.3352829872738374,-0.1231708387162247,-0.52150624256301
6984,0.3549028882088867,-0.1029138086822168,-0.434623125611231
6985,0.3549028882088867,-0.0983298565419741,-0.4149623930540178
6986,0.3451082418762568,-0.1157806644302175,-0.4898095241542771
6987,0.3352829872738374,-0.125987139720606,-0.5335854569949521
6988,0.3235294116746816,-0.121288063069122,-0.5134309513447731
6989,0.3352829872738374,-0.1355271817578489,-0.5745030340857272
6990,0.3352829872738374,-0.1287440836592308,-0.5454100868763763
6991,0.3352829872738374,-0.0911852668517126,-0.3843189956463353
6992,0.3451082418762568,-0.1491208104647897,-0.6328065875070046
6993,0.2941148644070023,-0.1719522462573499,-0.7307314216417136
6994,0.5901886580805307,0.2151145022062371,0.9294115271740162
6995,1.503906727835743,0.8906733373579302,3.82690722045948
6996,1.503906727835743,1.2241428562221943,5.257169759375457
6997,1.503906727835743,0.8929269412867548,3.836573007269409
6998,0.6293978516808398,0.2531690316692676,1.0926287474837415
6999,0.3588207467419387,-0.114662458987694,-0.4850135015351774
7000,0.374522789143936,-0.1114574834836625,-0.4712672484528215
7001,0.3646975345415166,-0.0724041863661695,-0.3037662784135135
7002,0.3451082418762568,-0.1187687154700065,-0.5026253805513913
7003,0.3352829872738374,-0.1368972604918605,-0.5803793501439269
7004,0.3235294116746816,-0.1283878218606198,-0.5438820674449886
7005,0.3294061994742595,-0.133468878373583,-0.5656748982061245
7006,0.3352829872738374,-0.1308337415445328,-0.5543727033178341
7007,0.3392008458068894,-0.1197026039721738,-0.5066308613063443
7008,0.3549028882088867,-0.1076056093871809,-0.4547464244699227
7009,0.3705743223410945,-0.0935035878862692,-0.3942623564074635
7010,0.374522789143936,-0.0884974538316984,-0.3727908707153675
7011,0.374522789143936,-0.0868165180427978,-0.3655812777745318
7012,0.3941120818091958,-0.0712720627786951,-0.2989105603793657
7013,0.4156909120107711,-0.0478716610809845,-0.1985454113912074
7014,0.4352802046760309,-0.0271999885013857,-0.1098838779232225
7015,0.4607768934106581,-0.0050337487853941,-0.0148120932443986
7016,0.4901914406783372,0.0256757587299451,0.1169020686296486
7017,0.5294006342786464,0.066628259829299,0.2925487915949426
7018,0.5803940117479008,0.112812960858125,0.49063660477061
7019,0.6254799931477878,0.1613736872778196,0.6989152747287704
7020,0.6803912291500942,0.2162561552273511,0.9343081172854628
7021,0.7411792529519786,0.272390379087597,1.175069785134071
7022,0.7803884465522877,0.317007942482156,1.3664360896715535
7023,0.8117619230864929,0.3449013208948377,1.4860717744062206
7024,0.8215565694191228,0.3535852907959929,1.5233176278833167
7025,0.8058851352869149,0.3413243693245031,1.4707301028435833
7026,0.7803884465522877,0.3119590978887813,1.344781416970713
7027,0.7353024651524006,0.2680534066009113,1.1564683570301106
7028,0.6764733706170423,0.2098725879547873,0.9069287718937348
7029,0.60980855901558,0.1413747084026964,0.6131389483074532
7030,0.5392258888810657,0.0707531500199743,0.3102405912441522
7031,0.4745200065461294,0.0081221551000735,0.0416140429645378
7032,0.4294034168764529,-0.0417352896581327,-0.1722262977256735
7033,0.3843174354765659,-0.0816400086242338,-0.3433790461314908
7034,0.3588207467419387,-0.1125526077836443,-0.4759642752367241
7035,0.3352829872738374,-0.1319533687602437,-0.5591748239723275
7036,0.3294061994742595,-0.1415125434814375,-0.600174461820011
7037,0.3235294116746816,-0.1450151215178012,-0.615197142669831
7038,0.3294061994742595,-0.1413393451509277,-0.5994316080660168
7039,0.3392008458068894,-0.1304228154218094,-0.5526102266705081
7040,0.3490261004093087,-0.1208837788497077,-0.5116969620552198
7041,0.3549028882088867,-0.1175720099524319,-0.4974926683391014
7042,0.3549028882088867,-0.1128085051607176,-0.4770618281209617
7043,0.3705743223410945,-0.10332399434611,-0.4363824264044937
7044,0.374522789143936,-0.0953788186671132,-0.4023052874279597
7045,0.3803995769435139,-0.0905401280896052,-0.3815519727202596
7046,0.3843174354765659,-0.0885783943157919,-0.3731380273090944
7047,0.3803995769435139,-0.0907512305974111,-0.3824573988288116
7048,0.3803995769435139,-0.0914029074623965,-0.3852524639089463
7049,0.3843174354765659,-0.0886448831647469,-0.3734232003295248
7050,0.3803995769435139,-0.0913792664789018,-0.3851510668961376
7051,0.374522789143936,-0.0989821024765144,-0.4177598988935634
7052,0.3705743223410945,-0.1009028405861446,-0.4259980124537733
7053,0.374522789143936,-0.1002334821395757,-0.4231271104460123
7054,0.3646975345415166,-0.1069762948088757,-0.4520472720268174
7055,0.3588207467419387,-0.1157472829127491,-0.4896663496473842
7056,0.3549028882088867,-0.1179038856036572,-0.4989160947234454
7057,0.3549028882088867,-0.1189819516618147,-0.5035399581059549
7058,0.3549028882088867,-0.1199653168846471,-0.507757646262522
7059,0.3646975345415166,-0.1078378176627451,-0.4557423739614891
7060,0.3901942232761438,-0.0849866937264418,-0.3577330966832134
7061,0.4039067281418257,-0.0710966328584727,-0.2981581352583121
7062,0.4039067281418257,-0.0695196404591233,-0.2913943591847851
7063,0.3999888696087737,-0.0747643804164328,-0.3138892340172549
7064,0.3843174354765659,-0.0922674459592702,-0.388960500042925
7065,0.3588207467419387,-0.1144192661190425,-0.4839704387360694
7066,0.3549028882088867,-0.1201248626325971,-0.5084419436079387
7067,0.3705743223410945,-0.1071490562352998,-0.452788251883764
7068,0.3843174354765659,-0.0886553860092088,-0.3734682474002048
7069,0.3941120818091958,-0.0817144014270593,-0.3436981194891058
7070,0.3843174354765659,-0.0926880171456988,-0.3907643447089832
7071,0.3803995769435139,-0.0973542861496543,-0.4107781372007009
7072,0.3705743223410945,-0.096739056306508,-0.4081393946839269
7073,0.3705743223410945,-0.1151005300632671,-0.4868924038435765
7074,0.3803995769435139,-0.101171784557677,-0.4271515226422311
7075,0.3803995769435139,-0.0650025797726385,-0.2720205264342151
7076,0.3843174354765659,-0.1328978043972928,-0.563225541761135
7077,0.3196115531416296,-0.1476944150966813,-0.626688727417012
7078,0.6607713282150449,0.244293802008534,1.054562574145752
7079,1.503906727835743,0.8941421197203395,3.841784950470618
7080,1.503906727835743,1.199634020516124,5.152050497794289
7081,1.503906727835743,0.8668923323481936,3.7249096504295673
7082,0.6254799931477878,0.2512982293587085,1.0846048103286363
7083,0.419608770543823,-0.0887208899243932,-0.3737491960049218
7084,0.4098141242111931,-0.0834052656382563,-0.3509502957836748
7085,0.3999888696087737,-0.0533966340362162,-0.2222422154448586
7086,0.3941120818091958,-0.0908698335816304,-0.382966091215181
7087,0.3803995769435139,-0.1027655327540356,-0.4339871649206622
7088,0.3646975345415166,-0.1068650852961952,-0.4515702905008904
7089,0.3588207467419387,-0.116782067433857,-0.4941045769895154
7090,0.3803995769435139,-0.1032647201976662,-0.4361281974892571
7091,0.3843174354765659,-0.0891293286973071,-0.3755010043211036
7092,0.3901942232761438,-0.0865829890346162,-0.3645796636141434
7093,0.4039067281418257,-0.0768104417230416,-0.3226648631936032
7094,0.4098141242111931,-0.0655719403954006,-0.2744625342454357
7095,0.419608770543823,-0.0582914926473038,-0.2432364368314872
7096,0.4352802046760309,-0.0425773462749556,-0.1758379082824343
7097,0.4607768934106581,-0.0179741014651369,-0.070313722722356
7098,0.4803967943457073,0.0056087074232232,0.0308337771460368
7099,0.5058934830803345,0.0245058478732801,0.1118842796639346
7100,0.5196059879460164,0.0447623090126334,0.1987649566064564
7101,0.5548973230132735,0.076097442972383,0.3331624523871316
7102,0.5960654458801087,0.1180651434413127,0.5131634012882192
7103,0.6411820355497851,0.1639755974768779,0.7100749594280225
7104,0.6901858754827241,0.2123433716752226,0.917526050497002
7105,0.7353024651524006,0.2578968976634479,1.1129067316410983
7106,0.7705938002196577,0.2914711448779086,1.2569078632188644
7107,0.7862652343518657,0.3112220276980034,1.3416200969016054
7108,0.796090488954285,0.3158489582872776,1.361465165543987
7109,0.7803884465522877,0.3035633070166175,1.3087715735225736
7110,0.7548917578176605,0.2788364611516616,1.2027172586735118
7111,0.7215593520169293,0.2410351734226931,1.0405862011013955
7112,0.6607713282150449,0.1857107320776855,0.803297719048476
7113,0.6000139126829501,0.1215003404291421,0.5278970824421159
7114,0.5392258888810657,0.0612834098868519,0.269624541502025
7115,0.4843146528787593,0.0078795659349892,0.0405735694713421
7116,0.4392286714788723,-0.0390768082847586,-0.1608239772626432
7117,0.3999888696087737,-0.076947608540819,-0.3232531765174641
7118,0.374522789143936,-0.1029802923032116,-0.4349082762087554
7119,0.3588207467419387,-0.1184042931832539,-0.5010623604982736
7120,0.3490261004093087,-0.1280733857062512,-0.5425334396783312
7121,0.3451082418762568,-0.1328850183577768,-0.5631707019862642
7122,0.3451082418762568,-0.1303641806621485,-0.5523587401163339
7123,0.3549028882088867,-0.1242676934044249,-0.5262106910430694
7124,0.3549028882088867,-0.1205946347503813,-0.5104568128055263
7125,0.3588207467419387,-0.1183553378007133,-0.5008523891342803
7126,0.3646975345415166,-0.1133340408294131,-0.479315869157034
7127,0.3705743223410945,-0.1046717845562542,-0.4421631461969721
7128,0.3803995769435139,-0.0972756895895098,-0.410441033779539
7129,0.3803995769435139,-0.0968143561091647,-0.4084623581958377
7130,0.374522789143936,-0.1006161853859203,-0.4247685381801946
7131,0.374522789143936,-0.1034703275385632,-0.4370100546329404
7132,0.3705743223410945,-0.1054891107437265,-0.4456686870691875
7133,0.3705743223410945,-0.1053521554149105,-0.4450812808289482
7134,0.374522789143936,-0.102740684992596,-0.4338805919946448
7135,0.3705743223410945,-0.1047248272603831,-0.4423906482275528
7136,0.3646975345415166,-0.112852585067441,-0.4772508883970556
7137,0.3549028882088867,-0.119339004486217,-0.5050713702748871
7138,0.3549028882088867,-0.1231905321512991,-0.5215907084012834
7139,0.3451082418762568,-0.1295753454120152,-0.5489753978801839
7140,0.3392008458068894,-0.1366743414287669,-0.5794232424125849
7141,0.3392008458068894,-0.1378216938841183,-0.5843442775986835
7142,0.3451082418762568,-0.1290264310073312,-0.546621084620115
7143,0.3646975345415166,-0.1121754645163742,-0.4743466944490768
7144,0.3803995769435139,-0.0946492677260688,-0.3991762176864118
7145,0.3941120818091958,-0.0815046169372411,-0.3427983464062331
7146,0.3999888696087737,-0.0754336566119571,-0.3167597832473818
7147,0.3901942232761438,-0.0848498158903896,-0.3571460228121739
7148,0.3646975345415166,-0.1113374159899639,-0.4707522747335937
7149,0.3392008458068894,-0.1349942251085781,-0.5722171642019838
7150,0.3392008458068894,-0.136364580898139,-0.5780946685612155
7151,0.3549028882088867,-0.1200848811176987,-0.5082704614790681
7152,0.3705743223410945,-0.1050280197427368,-0.4436910514880018
7153,0.3646975345415166,-0.107376067007705,-0.4537619091007934
7154,0.3588207467419387,-0.1199390568909252,-0.5076450162223896
7155,0.3549028882088867,-0.1191381613015111,-0.504209946765297
7156,0.3451082418762568,-0.1208350026786553,-0.5114877593356261
7157,0.3549028882088867,-0.1362685508559189,-0.5776827923199755
7158,0.3490261004093087,-0.114684887351311,-0.4851096975785213
7159,0.3549028882088867,-0.105626947316622,-0.4462598729963943
7160,0.3196115531416296,-0.1949418909540093,-0.8293348193513684
7161,0.2999916522065803,-0.1312987641138481,-0.5563672015343648
7162,0.8666731590887993,0.3790620746506338,1.632588453245272
7163,1.503906727835743,1.0003151124519876,4.297164664532238
7164,1.503906727835743,1.093796389724355,4.698109162932126
7165,1.1470449103603302,0.5961900734551744,2.5638581054089964
7166,0.4607768934106581,0.0530344360725413,0.2342444015981147
7167,0.3803995769435139,-0.12970473674838,-0.5495303618897676
7168,0.3803995769435139,-0.0874465584376087,-0.3682835432702536
7169,0.3803995769435139,-0.0833058539725729,-0.350523915640019
7170,0.3646975345415166,-0.1179376109957243,-0.4990607441206321
7171,0.3451082418762568,-0.1246439610615275,-0.5278245163077965
7172,0.3451082418762568,-0.129425849687961,-0.5483342054420532
7173,0.3392008458068894,-0.1318419748501423,-0.5586970515593525
7174,0.3646975345415166,-0.1107623184197982,-0.4682856609524271
7175,0.3803995769435139,-0.0916917291135916,-0.3864912301672212
7176,0.3843174354765659,-0.0883581263399694,-0.3721932901846497
7177,0.3901942232761438,-0.0825625639616341,-0.3473359185426622
7178,0.3999888696087737,-0.0738344677992511,-0.3099008059733663
7179,0.4039067281418257,-0.0678641250093202,-0.2842937949757552
7180,0.419608770543823,-0.052902717208663,-0.2201237887346887
7181,0.4451054592784502,-0.0282965476250971,-0.114587058716755
7182,0.46469475194371,-0.0073994884700311,-0.0249588342697469
7183,0.4843146528787593,0.0124799436523293,0.0603047519085998
7184,0.5156881294129645,0.0421346153414646,0.1874946856850859
7185,0.5509794644802216,0.079994006128068,0.349874949322616
7186,0.5960654458801087,0.1225684203917231,0.5324781151081575
7187,0.6411820355497851,0.1703831756809236,0.7375572885525367
7188,0.6901858754827241,0.2169507102454835,0.9372870882781766
7189,0.7254772105499813,0.2540639752869922,1.0964671922544451
7190,0.7548917578176605,0.2830076823512709,1.2206077736556673
7191,0.7764705880192357,0.3042002184477672,1.311503309135721
7192,0.7803884465522877,0.3091405465525455,1.3326925507860037
7193,0.7666759416866058,0.2941057238588815,1.2682076654770575
7194,0.7353024651524006,0.2647661110304192,1.142369030276552
7195,0.6960932715520916,0.2234614554222029,0.965211904190602
7196,0.6411820355497851,0.1700057137484879,0.7359383409987443
7197,0.5803940117479008,0.1090909070267723,0.4746725844879066
7198,0.5156881294129645,0.044469445870136,0.1975088562493088
7199,0.4549001056110801,-0.0179839458038236,-0.0703559454385189
7200,0.4039067281418257,-0.0647353213016476,-0.2708742454170831
7201,0.3803995769435139,-0.0932755449879611,-0.3932842723659993
7202,0.3549028882088867,-0.1152802009453536,-0.4876630185997843
7203,0.3392008458068894,-0.1315810505062891,-0.5575779378371284
7204,0.3352829872738374,-0.13633430441712,-0.5779648116652714
7205,0.3352829872738374,-0.135740818195268,-0.5754193283078459
7206,0.3352829872738374,-0.1352964270630356,-0.5735133190533174
7207,0.3392008458068894,-0.1316621926025073,-0.5579259591523756
7208,0.3451082418762568,-0.1264699629764522,-0.5356563029844332
7209,0.3451082418762568,-0.1245070724246744,-0.5272373961117406
7210,0.3490261004093087,-0.1226468569323903,-0.519258866193964
7211,0.3549028882088867,-0.1155319524886147,-0.4887427898564406
7212,0.3646975345415166,-0.1051775457057827,-0.4443323736222354
7213,0.374522789143936,-0.097394708852549,-0.4109515116004629
7214,0.374522789143936,-0.0949308003708001,-0.4003837211386389
7215,0.3705743223410945,-0.0994144355035874,-0.4196141905093747
7216,0.3646975345415166,-0.1079491603333591,-0.4562199266064938
7217,0.3588207467419387,-0.1086919027103025,-0.4594055748823111
7218,0.3705743223410945,-0.1009200101774852,-0.4260716534371729
7219,0.3705743223410945,-0.1012111292692335,-0.4273202734990872
7220,0.3549028882088867,-0.1118053659544417,-0.4727593286513225
7221,0.3549028882088867,-0.1184281971688639,-0.5011648855364396
7222,0.3490261004093087,-0.1196525697779992,-0.5064162628811673
7223,0.3451082418762568,-0.124275348775012,-0.5262435251977758
7224,0.3392008458068894,-0.1323822682292434,-0.5610143889363473
7225,0.3352829872738374,-0.133111315460337,-0.5641412982481336
7226,0.3549028882088867,-0.1157889402957018,-0.489845019633503
7227,0.3803995769435139,-0.0890638195775565,-0.3752200333938185
7228,0.3941120818091958,-0.0752112602483836,-0.3158059173927344
7229,0.3941120818091958,-0.0775742267641897,-0.3259407641990656
7230,0.3803995769435139,-0.0850823243654687,-0.3581432598700577
7231,0.374522789143936,-0.1000119049380213,-0.4221767580061838
7232,0.3451082418762568,-0.1212333521307974,-0.5131962941988333
7233,0.3392008458068894,-0.1297151174949029,-0.5495748852780767
7234,0.3549028882088867,-0.1179925234208432,-0.4992962654505457
7235,0.3646975345415166,-0.101053752473997,-0.4266452788684294
7236,0.3705743223410945,-0.0996475512072267,-0.4206140319919902
7237,0.3549028882088867,-0.1154248550932757,-0.4882834453469618
7238,0.3490261004093087,-0.1215015565067707,-0.5143466322358282
7239,0.3392008458068894,-0.121937245616205,-0.5162153182073673
7240,0.3392008458068894,-0.1400687399410294,-0.5939819374644626
7241,0.3451082418762568,-0.1254209748696205,-0.5311571559617021
7242,0.3549028882088867,-0.0903826922038859,-0.3808767246484349
7243,0.3490261004093087,-0.1521061905905842,-0.6456109882597046
7244,0.3137347653420516,-0.152053054068922,-0.6453830838424117
7245,0.654894540415467,0.2485080640516962,1.0726376928253811
7246,1.503906727835743,0.902105860955808,3.875941717774281
7247,1.503906727835743,1.2095518992145555,5.194588629663707
7248,1.4921531522365872,0.8584504303797335,3.688702034861547
7249,0.5745172239483228,0.2153937244728517,0.9306091213329374
7250,0.3843174354765659,-0.120472875530495,-0.5099345832129563
7251,0.3941120818091958,-0.0877686213487353,-0.3696648824658941
7252,0.3941120818091958,-0.0510097397447612,-0.2120047415640447
7253,0.374522789143936,-0.1017169644599882,-0.4294898184897834
7254,0.3588207467419387,-0.1145715065971089,-0.4846234035210566
7255,0.3549028882088867,-0.1070400546198915,-0.452320740107183
7256,0.3549028882088867,-0.1131847788965258,-0.4786756794574717
7257,0.3705743223410945,-0.1006648944082376,-0.4249774528964929
7258,0.3843174354765659,-0.0811708288554327,-0.3413667175396034
7259,0.3941120818091958,-0.0736006422787527,-0.3088979200611833
7260,0.4039067281418257,-0.0641291217810279,-0.2682742342724241
7261,0.4156909120107711,-0.0524158764043133,-0.2180357113378441
7262,0.4254855583434009,-0.04122312211891,-0.1700295930688465
7263,0.4451054592784502,-0.0216025183000993,-0.0858761306218653
7264,0.4706021480130775,0.0010453386980543,0.0112613275827335
7265,0.4843146528787593,0.0194039182430261,0.0900019233658528
7266,0.5098113416133866,0.0419382227378137,0.1866523508747598
7267,0.5392258888810657,0.0714850489199566,0.313379731464475
7268,0.5705993654152709,0.1042542552652469,0.4539280143339324
7269,0.60980855901558,0.1438992025513371,0.6239665928334378
7270,0.6607713282150449,0.1916013005902431,0.8285625753541539
7271,0.7058879178847215,0.2414899271989151,1.042536656101829
7272,0.7509738992846084,0.2839998135969411,1.2248630595936534
7273,0.7764705880192357,0.3081234770412289,1.3283303037462617
7274,0.7803884465522877,0.3167532133807282,1.365343547562803
7275,0.7901830928849176,0.3220286013878031,1.387969872962688
7276,0.7862652343518657,0.320351789185707,1.380777966231232
7277,0.7666759416866058,0.3011306489492719,1.2983378171913618
7278,0.7313846066193487,0.265017185019248,1.1434458954783282
7279,0.6803912291500942,0.2142481540312898,0.9256957292668926
7280,0.615685346815158,0.1504445748615198,0.6520399257437324
7281,0.5509794644802216,0.084779267505993,0.3703991043070884
7282,0.4941092992113892,0.028556341465398,0.1292569896755011
7283,0.4451054592784502,-0.0196042995756333,-0.0773056999693189
7284,0.4039067281418257,-0.0634153264313227,-0.2652127408183511
7285,0.3646975345415166,-0.0978924554859177,-0.4130863644829795
7286,0.3490261004093087,-0.1187194397351684,-0.5024140351850845
7287,0.3352829872738374,-0.1283054571199509,-0.543528802164529
7288,0.3352829872738374,-0.1301854945416639,-0.5515923490374017
7289,0.3352829872738374,-0.129075217254821,-0.5468303305579045
7290,0.3392008458068894,-0.1274474049518861,-0.5398485861237994
7291,0.3392008458068894,-0.1219424731171468,-0.5162377391434536
7292,0.3549028882088867,-0.1136702664548101,-0.4807579527341679
7293,0.3549028882088867,-0.106965515847657,-0.4520010406816196
7294,0.3646975345415166,-0.0996477910304713,-0.4206150606023529
7295,0.374522789143936,-0.0920030401014922,-0.3878264539845693
7296,0.3705743223410945,-0.0905178309672661,-0.3814563395753897
7297,0.3705743223410945,-0.095539509047209,-0.4029944941410588
7298,0.3646975345415166,-0.0992233844053798,-0.4187947656044667
7299,0.3646975345415166,-0.0971004526923804,-0.4096894365413457
7300,0.3705743223410945,-0.0960280506602208,-0.4050898663662989
7301,0.3588207467419387,-0.1024274186608844,-0.4325369816386616
7302,0.3549028882088867,-0.109871100314839,-0.4644631950374968
7303,0.3490261004093087,-0.1137027945561569,-0.4808974669091871
7304,0.3451082418762568,-0.1188153814098271,-0.502825532414734
7305,0.3392008458068894,-0.1234570451785997,-0.5227337921841113
7306,0.3392008458068894,-0.1239301523635816,-0.524762965602648
7307,0.3352829872738374,-0.127829545110777,-0.5414875987560138
7308,0.3294061994742595,-0.1339178164374018,-0.5676004094107477
7309,0.3352829872738374,-0.1263544455580297,-0.5351608446986964
7310,0.3549028882088867,-0.1084075908359782,-0.4581861512162441
7311,0.3646975345415166,-0.0986926460408865,-0.4165184100224464
7312,0.3646975345415166,-0.096247282194266,-0.4060301581553712
7313,0.3646975345415166,-0.0977094760399512,-0.4123015591794878
7314,0.3490261004093087,-0.11585322801585,-0.4901207519347743
7315,0.3137347653420516,-0.1441855417512734,-0.6116390457644574
7316,0.3098169068089997,-0.1560149944926543,-0.6623759861885711
7317,0.3137347653420516,-0.1458459035719218,-0.6187603962291346
7318,0.3352829872738374,-0.1284028878386321,-0.543946685956559
7319,0.3392008458068894,-0.1204187049271094,-0.5097022435826453
7320,0.3352829872738374,-0.1275333939331369,-0.5402173959000613
7321,0.3352829872738374,-0.1297568846872634,-0.5497540262406223
7322,0.3235294116746816,-0.1287267146386832,-0.5453355905340675
7323,0.3196115531416296,-0.1495098281071537,-0.6344750979086318
7324,0.3235294116746816,-0.1457484735570351,-0.6183425154557043
7325,0.3196115531416296,-0.1122553459580529,-0.4746893087724991
7326,0.3294061994742595,-0.1627576819383863,-0.6912956106810723
7327,0.2999916522065803,-0.1688566217567068,-0.7174541788733197
7328,0.5960654458801087,0.2129377043111682,0.920075164154356
7329,1.4784406473709053,0.8734906477450821,3.753210058107797
7330,1.503906727835743,1.2158214315219442,5.221478875064012
7331,1.503906727835743,0.8928846186338216,3.8363914839168585
7332,0.60980855901558,0.2365972321560443,1.021551714335663
7333,0.3352829872738374,-0.1427003837927091,-0.605269150849498
7334,0.3549028882088867,-0.128984376143403,-0.54644070982406
7335,0.3588207467419387,-0.0773368483930215,-0.3249226399849333
7336,0.3490261004093087,-0.1170896163333683,-0.4954236650769484
7337,0.3392008458068894,-0.1282955232466265,-0.5434861954311442
7338,0.3352829872738374,-0.1178487649038299,-0.4986796800959546
7339,0.3352829872738374,-0.126892017044472,-0.5374665077819865
7340,0.3392008458068894,-0.1211431373095147,-0.5128093596454891
7341,0.3549028882088867,-0.106039867536179,-0.4480309023954373
7342,0.3549028882088867,-0.1036629375417548,-0.4378361657363591
7343,0.3646975345415166,-0.0952543118124098,-0.4017712731326591
7344,0.3843174354765659,-0.0771300733270785,-0.3240357744273033
7345,0.3941120818091958,-0.0648933934572869,-0.2715522224730569
7346,0.4039067281418257,-0.0542393420634189,-0.2258566199237351
7347,0.4254855583434009,-0.0380029771817175,-0.1562182777521351
7348,0.4392286714788723,-0.0171093347871032,-0.0666047079113265
7349,0.4706021480130775,0.0098101476374949,0.0488539025489044
7350,0.4999860870109672,0.0392372554485773,0.1750678068187116
7351,0.5294006342786464,0.0711862599681101,0.3120982151018296
7352,0.5745172239483228,0.1147592387468262,0.4989842593448887
7353,0.6254799931477878,0.1651144832035059,0.7149596805157247
7354,0.6705965828174644,0.2112011775430417,0.9126271395410864
7355,0.7156825642173513,0.2578270666360217,1.1126072238992155
7356,0.7666759416866058,0.3039159397240235,1.310284027653665
7357,0.7862652343518657,0.3307595207580968,1.4254170943703808
7358,0.796090488954285,0.3326994443856142,1.433737495294117
7359,0.7803884465522877,0.3242212394816586,1.397374175154152
7360,0.7705938002196577,0.3090582849546435,1.3323397278885123
7361,0.7313846066193487,0.2727463180030305,1.1765964197081116
7362,0.6705965828174644,0.211223854154726,0.9127244003291552
7363,0.6000139126829501,0.1401098475648689,0.6077139155205048
7364,0.5294006342786464,0.0708492962074142,0.3106529656363402
7365,0.46469475194371,0.0039782748582506,0.0238407943155485
7366,0.4039067281418257,-0.0543351052427533,-0.2262673515806373
7367,0.3646975345415166,-0.0951536947923791,-0.4013397231816549
7368,0.3392008458068894,-0.1208813326130233,-0.5116864700597207
7369,0.3196115531416296,-0.138859534549518,-0.5887956128515736
7370,0.3098169068089997,-0.149924988373517,-0.6362557349475075
7371,0.3098169068089997,-0.1512568698927009,-0.6419682218028313
7372,0.3098169068089997,-0.1462607984646155,-0.6205398950709732
7373,0.3196115531416296,-0.1440523775553057,-0.6110678998268433
7374,0.3137347653420516,-0.1433215450841301,-0.6079333335573206
7375,0.3235294116746816,-0.1357474087218659,-0.5754475953090902
7376,0.3352829872738374,-0.1268417229977318,-0.5372507948399821
7377,0.3352829872738374,-0.122285797056899,-0.5177102676414496
7378,0.3451082418762568,-0.1147369583260251,-0.4853330318273369
7379,0.3549028882088867,-0.1063578042891145,-0.4493945443529301
7380,0.3549028882088867,-0.1039032850240665,-0.4388670245730047
7381,0.3588207467419387,-0.100456955844293,-0.424085597054859
7382,0.3646975345415166,-0.0968946197948988,-0.4088066119775081
7383,0.3549028882088867,-0.1038831893970022,-0.438780833719088
7384,0.3451082418762568,-0.1153076944315575,-0.4877809391327181
7385,0.3392008458068894,-0.1205459791662875,-0.5102481272876551
7386,0.3392008458068894,-0.1223605889056428,-0.5180310525210957
7387,0.3352829872738374,-0.1229023392777942,-0.5203546389927196
7388,0.3392008458068894,-0.1225265374978296,-0.5187428118914843
7389,0.3352829872738374,-0.1255102307029328,-0.5315399773817859
7390,0.3294061994742595,-0.1292533482237898,-0.5475943405723869
7391,0.3352829872738374,-0.1268054765486821,-0.5370953325403959
7392,0.3451082418762568,-0.115948792954392,-0.4905306333299193
7393,0.3588207467419387,-0.0994895465310644,-0.4199363443578756
7394,0.374522789143936,-0.088678580493721,-0.3735677293631148
7395,0.3705743223410945,-0.0904489603999448,-0.3811609512808042
7396,0.3588207467419387,-0.0989984911635417,-0.4178301905507949
7397,0.3490261004093087,-0.1156374127509209,-0.4891951126445459
7398,0.3235294116746816,-0.1373962908939427,-0.5825197091557768
7399,0.3137347653420516,-0.1431869359985167,-0.607355990437007
7400,0.3352829872738374,-0.1320478554686129,-0.5595800808001965
7401,0.3352829872738374,-0.1234618668742654,-0.5227544726070422
7402,0.3352829872738374,-0.1237188370269939,-0.5238566266639373
7403,0.3352829872738374,-0.130650287014326,-0.5535858603612638
7404,0.3294061994742595,-0.1336575632652952,-0.5664841743678393
7405,0.3137347653420516,-0.1379019444326644,-0.5846884750344906
7406,0.3137347653420516,-0.1597669174432714,-0.678468116178272
7407,0.3196115531416296,-0.1464562362027691,-0.6213781344294715
7408,0.3294061994742595,-0.1055970689791139,-0.4461317237520242
7409,0.3196115531416296,-0.1727465450635201,-0.7341381972625862
7410,0.274494963471953,-0.1992277725573174,-0.8477171168528558
7411,0.5745172239483228,0.198110304448741,0.8564799226912533
7412,1.503906727835743,0.8858374150241648,3.80616577884692
7413,1.503906727835743,1.223356230936294,5.253795895753921
7414,1.503906727835743,0.8855080104413593,3.8047529509622646
7415,0.605890700482528,0.2320827277706009,1.0021888456505048
7416,0.3352829872738374,-0.1462889899171371,-0.6206608092060838
7417,0.3451082418762568,-0.1406267084146492,-0.5963750839458337
7418,0.3549028882088867,-0.0849541701596244,-0.357593601956951
7419,0.3588207467419387,-0.1104272722011357,-0.4668486358924141
7420,0.3549028882088867,-0.1157926487777677,-0.4898609254440045
7421,0.3490261004093087,-0.10872249949117,-0.4595368055556129
7422,0.3392008458068894,-0.1240543909186967,-0.5252958291515426
7423,0.3451082418762568,-0.1242875009366059,-0.526295646247861
7424,0.3549028882088867,-0.104354848629887,-0.4408037968199632
7425,0.3803995769435139,-0.086935368576141,-0.3660910319078327
7426,0.3901942232761438,-0.0730007378018073,-0.3063249085810778
7427,0.4039067281418257,-0.0619122096195404,-0.2587658197479366
7428,0.4098141242111931,-0.0538474711975819,-0.2241758719459046
7429,0.4254855583434009,-0.0406381914307645,-0.1675208046975249
7430,0.4451054592784502,-0.0192602490189921,-0.0758300549858342
7431,0.4706021480130775,0.0049015075204169,0.027800571796553
7432,0.4941092992113892,0.0286570024612119,0.1296887282401919
7433,0.5196059879460164,0.054554655849459,0.2407646778897827
7434,0.5548973230132735,0.0881157860641379,0.384709550192414
7435,0.5960654458801087,0.1313348399528225,0.5700775980874828
7436,0.6450998940828371,0.1788418625733833,0.7738368952521497
7437,0.6960932715520916,0.2283781661530101,0.9862998500901556
7438,0.7450971114850305,0.2818130865252264,1.2154841099848288
7439,0.796090488954285,0.3269853482052275,1.4092295350511406
7440,0.8156797816195448,0.3494311882992937,1.505500535622286
7441,0.8215565694191228,0.3569782955116506,1.5378703448923512
7442,0.8255050362219641,0.3555598294127318,1.5317864937178405
7443,0.796090488954285,0.3313643631934498,1.428011284928422
7444,0.7509738992846084,0.2824698109160767,1.2183008240815911
7445,0.6901858754827241,0.2240392017409754,0.9676898785480524
7446,0.6293978516808398,0.160317006545152,0.6943831337622554
7447,0.5548973230132735,0.0891955726670398,0.3893407930520726
7448,0.4901914406783372,0.0207732535448049,0.0958750508169606
7449,0.4352802046760309,-0.0316533497426488,-0.1289845015044489
7450,0.3999888696087737,-0.0681346047302828,-0.2854538920477359
7451,0.3705743223410945,-0.0981201901290437,-0.4140631264070853
7452,0.3451082418762568,-0.1226464381738321,-0.5192570701237244
7453,0.3352829872738374,-0.1335046630339382,-0.5658283798776973
7454,0.3352829872738374,-0.1330987549979981,-0.5640874259817389
7455,0.3352829872738374,-0.1335436133174434,-0.5659954390187167
7456,0.3352829872738374,-0.1343017266031217,-0.5692470136647386
7457,0.3392008458068894,-0.1276767151609429,-0.5408321057058046
7458,0.3549028882088867,-0.1173795440396038,-0.4966671752443387
7459,0.3588207467419387,-0.107987694188062,-0.456385199669679
7460,0.3705743223410945,-0.0992712513446198,-0.4190000685967183
7461,0.374522789143936,-0.0964047261812054,-0.4067054409736148
7462,0.3705743223410945,-0.0979019154575595,-0.4131269386353174
7463,0.374522789143936,-0.0946902752332696,-0.3993521003324881
7464,0.3803995769435139,-0.0916487080598263,-0.3863067113488454
7465,0.374522789143936,-0.0942025834219186,-0.3972603729365718
7466,0.374522789143936,-0.094517569117723,-0.3986113577058477
7467,0.3803995769435139,-0.0932960434650791,-0.3933721910580181
7468,0.3705743223410945,-0.0966457691531119,-0.4077392827896855
7469,0.3705743223410945,-0.1011907332456302,-0.4272327942338098
7470,0.3646975345415166,-0.1070185649189684,-0.4522285700212708
7471,0.3549028882088867,-0.1144705877803203,-0.4841905591531035
7472,0.3549028882088867,-0.1164479189225435,-0.4926714022280141
7473,0.3549028882088867,-0.1171763579217855,-0.4957957028119166
7474,0.3451082418762568,-0.1244184851317424,-0.5268574420849493
7475,0.3490261004093087,-0.1242658720392471,-0.526202879143522
7476,0.3646975345415166,-0.1047689302739351,-0.4425798076096504
7477,0.3901942232761438,-0.0824522226251296,-0.3468626606550035
7478,0.3999888696087737,-0.0730014161547009,-0.3063278180605865
7479,0.3941120818091958,-0.0736274958987666,-0.3090130961854389
7480,0.3901942232761438,-0.0865568631330278,-0.3644676086999054
7481,0.3588207467419387,-0.110680183782974,-0.4679333825954809
7482,0.3451082418762568,-0.1255331310231988,-0.5316381976638591
7483,0.3549028882088867,-0.1216596299919714,-0.5150246149943377
7484,0.3588207467419387,-0.1088745815601734,-0.4601890909185367
7485,0.3803995769435139,-0.0957780363881195,-0.4040175463269781
7486,0.374522789143936,-0.0938216818426525,-0.3956266726160936
7487,0.374522789143936,-0.1046966620181331,-0.4422698465092223
7488,0.3490261004093087,-0.1160585740714998,-0.4910014884168083
7489,0.3451082418762568,-0.1304904858403595,-0.5529004674846449
7490,0.3490261004093087,-0.1317827410635927,-0.5584429957577051
7491,0.3549028882088867,-0.1027995986739561,-0.4341332748538337
7492,0.3588207467419387,-0.1225500892397913,-0.5188438261442075
7493,0.2999916522065803,-0.1862712019517361,-0.792145928118434
7494,0.4254855583434009,-0.0139728732795995,-0.0531523137788348
7495,1.0509655514911889,0.537755720707812,2.3132311035618693
7496,1.503906727835743,1.059685996435928,4.551808481915502
7497,1.503906727835743,1.0233007874279605,4.395751035969725
7498,0.9823418106232006,0.489497294853805,2.106249011402089
7499,0.4549001056110801,0.0174175102511058,0.0814821493621504
7500,0.4098141242111931,-0.0962296174513852,-0.4059543934495352
7501,0.3999888696087737,-0.0615103509691017,-0.2570422338093496
7502,0.3901942232761438,-0.0778253901300308,-0.3270180127420031
7503,0.3803995769435139,-0.1048387324847782,-0.4428791917561907
7504,0.3549028882088867,-0.1122185237590723,-0.4745313770611337
7505,0.3549028882088867,-0.1212293644844017,-0.5131791910426658
7506,0.3588207467419387,-0.1145886410662846,-0.4846968938642511
7507,0.3803995769435139,-0.0952938896764684,-0.4019410239888277
7508,0.3843174354765659,-0.0888188339267255,-0.3741692812886518
7509,0.3901942232761438,-0.0842873515559088,-0.3547335934248521
7510,0.4039067281418257,-0.0704096993564769,-0.2952118532173713
7511,0.4156909120107711,-0.0604292327873672,-0.2524052797610691
7512,0.419608770543823,-0.0518856968012097,-0.2157617523031502
7513,0.4451054592784502,-0.0321778867166241,-0.1312342591036092
7514,0.46469475194371,-0.0091782737340925,-0.032588107063937
7515,0.4803967943457073,0.0070776027794056,0.0371339211852601
7516,0.4999860870109672,0.0227635615101873,0.1044115519445232
7517,0.5196059879460164,0.0472766679292773,0.2095491307646017
7518,0.5607741108128516,0.0843688707754312,0.3686388982414328
7519,0.605890700482528,0.1315681619921531,0.5710783245511627
7520,0.654894540415467,0.1804599187963342,0.7807767955147837
7521,0.7000111300851435,0.224038924188172,0.96768868811428
7522,0.7353024651524006,0.2614989467956962,1.1283560475328054
7523,0.7666759416866058,0.2909173849632136,1.254532767395297
7524,0.7803884465522877,0.3059143726740977,1.318855377127408
7525,0.7803884465522877,0.3044119869958856,1.3124115919146873
7526,0.7607991538870279,0.2876709203943759,1.240608566249295
7527,0.7313846066193487,0.2538588672554782,1.0955874766663325
7528,0.6803912291500942,0.2068688710149601,0.8940457238983021
7529,0.6293978516808398,0.154791425972172,0.670683723614631
7530,0.5745172239483228,0.0971623978595029,0.4235107875561584
7531,0.5098113416133866,0.0368429628328674,0.1647986012639847
7532,0.4607768934106581,-0.0148051614225243,-0.0567220270061892
7533,0.419608770543823,-0.0569258978630114,-0.2373793525919304
7534,0.3803995769435139,-0.0929347061195031,-0.3918224024265148
7535,0.3588207467419387,-0.1173419384428061,-0.4965058835120793
7536,0.3451082418762568,-0.1299372463944196,-0.5505276039699422
7537,0.3392008458068894,-0.1361825361417313,-0.5773138721742389
7538,0.3392008458068894,-0.1348911431490744,-0.57177504203856
7539,0.3490261004093087,-0.128042026465364,-0.5423989387870877
7540,0.3490261004093087,-0.1239371173362752,-0.524792838616416
7541,0.3549028882088867,-0.1223297744554574,-0.517898888256405
7542,0.3549028882088867,-0.1186523657483235,-0.5021263524875872
7543,0.3588207467419387,-0.1167549216438213,-0.4939881477377218
7544,0.3588207467419387,-0.1177032448119553,-0.4980555392845944
7545,0.3588207467419387,-0.1131456446071262,-0.4785078311086752
7546,0.374522789143936,-0.1042726114821632,-0.4404510787901496
7547,0.3705743223410945,-0.1015134509781877,-0.4286169419816847
7548,0.374522789143936,-0.1024444571212406,-0.4326100601966399
7549,0.374522789143936,-0.0990107903053422,-0.417882942004175
7550,0.3803995769435139,-0.0963570084510908,-0.4065007779445695
7551,0.3705743223410945,-0.1022218174863541,-0.4316551509427427
7552,0.3646975345415166,-0.1124398691051595,-0.4754807350646782
7553,0.3549028882088867,-0.1184048351253083,-0.5010646849068772
7554,0.3549028882088867,-0.1205044083322232,-0.5100698285127742
7555,0.3490261004093087,-0.1262494481657246,-0.5347105071763666
7556,0.3392008458068894,-0.1348579366578678,-0.5716326182254828
7557,0.3392008458068894,-0.1359474930570369,-0.5763057640862356
7558,0.3490261004093087,-0.1257406987794573,-0.5325284630982366
7559,0.3646975345415166,-0.1099327201249012,-0.4647274845782238
7560,0.3803995769435139,-0.0937258940753447,-0.3952158355005056
7561,0.3941120818091958,-0.0818611352364302,-0.3443274659776556
7562,0.3901942232761438,-0.0820069522557026,-0.3449528803211075
7563,0.3803995769435139,-0.0969172541342074,-0.408903691457865
7564,0.3549028882088867,-0.1171181183983032,-0.4955459114396654
7565,0.3451082418762568,-0.1301503342045148,-0.5514415451101005
7566,0.3451082418762568,-0.1302486704849917,-0.5518633128886412
7567,0.3549028882088867,-0.1168172193602998,-0.4942553448430005
7568,0.374522789143936,-0.1031035333453377,-0.4354368613892249
7569,0.3588207467419387,-0.1105794246250903,-0.4675012230102073
7570,0.3549028882088867,-0.1254228283676984,-0.5311651056803924
7571,0.3490261004093087,-0.1199609778542255,-0.5077390360078625
7572,0.3490261004093087,-0.1223782963632897,-0.5181070004320714
7573,0.3490261004093087,-0.1371732548307823,-0.5815630996070178
7574,0.3549028882088867,-0.1074984224219889,-0.4542866957921823
7575,0.3549028882088867,-0.1084511682530176,-0.4583730562963439
7576,0.3039095107396323,-0.2119469069971168,-0.9022699334900066
7577,0.2999916522065803,-0.1147774987164441,-0.4855069109930454
7578,0.9666703764909929,0.4469477850898157,1.9237526618948209
7579,1.503906727835743,1.0463819139911474,4.494746802634509
7580,1.503906727835743,1.0456230857420294,4.491492161485054
7581,1.0058795700913017,0.4962112932297484,2.1350455874614545
7582,0.4352802046760309,0.0046032565607713,0.0265213629014502
7583,0.3901942232761438,-0.1126306276195865,-0.4762989050674221
7584,0.3941120818091958,-0.0704472693570195,-0.295372992276036
7585,0.3803995769435139,-0.0865141192940685,-0.3642842788656191
7586,0.3588207467419387,-0.1202001602034017,-0.5087648975473571
7587,0.3451082418762568,-0.1272265253170643,-0.5389012255723131
7588,0.3352829872738374,-0.1342419637734467,-0.5689906887784495
7589,0.3451082418762568,-0.1282827764932201,-0.5434315241557843
7590,0.3705743223410945,-0.1038313058228286,-0.4385583032378066
7591,0.3803995769435139,-0.0886124472812304,-0.3732840816800353
7592,0.3941120818091958,-0.0801816585796048,-0.3371241313058022
7593,0.4039067281418257,-0.0663446352927323,-0.2777766499386151
7594,0.4156909120107711,-0.0580657134664714,-0.2422680619541924
7595,0.4156909120107711,-0.0539209172447906,-0.2244908846352558
7596,0.4352802046760309,-0.0373414609629737,-0.153381011336371
7597,0.4607768934106581,-0.0111284725860493,-0.0409525787880412
7598,0.4803967943457073,0.0106097774860413,0.0522835431987309
7599,0.4999860870109672,0.0273553528806344,0.1241059072368321
7600,0.5196059879460164,0.0491467684455071,0.2175700578990533
7601,0.5548973230132735,0.0845645180033797,0.3694780361090572
7602,0.605890700482528,0.1337134095856754,0.5802793672136661
7603,0.654894540415467,0.185862335236089,0.8039479503469299
7604,0.7000111300851435,0.2285969598971314,0.9872382641827888
7605,0.7313846066193487,0.260551790482625,1.1242936606684908
7606,0.7548917578176605,0.2866226816934004,1.2361126334547372
7607,0.7764705880192357,0.3040689270065007,1.3109401955091349
7608,0.7764705880192357,0.3077754015627966,1.3268373957311228
7609,0.7666759416866058,0.2976124026406239,1.283247934568576
7610,0.7411792529519786,0.2696791858626393,1.1634413816787068
7611,0.6901858754827241,0.2221962778165559,0.9597855127752928
7612,0.6353052477502072,0.166083923890224,0.7191176458453182
7613,0.5803940117479008,0.1097308494255687,0.4774173200282937
7614,0.5196059879460164,0.0526996385036055,0.2328084430055576
7615,0.4706021480130775,-9.970576468368993e-05,0.0063501914584332
7616,0.4254855583434009,-0.0419499483523666,-0.1731469764433597
7617,0.3941120818091958,-0.0745954607877645,-0.3131647317665104
7618,0.3705743223410945,-0.0988823536666258,-0.4173320727265092
7619,0.3549028882088867,-0.1112162476321281,-0.4702325793692176
7620,0.3549028882088867,-0.114677159341368,-0.4850765518710532
7621,0.3549028882088867,-0.1135720511304956,-0.4803367037408778
7622,0.3588207467419387,-0.1053141253367107,-0.4449181684809697
7623,0.3803995769435139,-0.0923871578307997,-0.389473948486115
7624,0.3803995769435139,-0.082098723562374,-0.3453464906952326
7625,0.3941120818091958,-0.0756179779194925,-0.3175503438425144
7626,0.3941120818091958,-0.0726952476338755,-0.305014650466069
7627,0.3941120818091958,-0.0716321624253276,-0.3004550404764056
7628,0.3999888696087737,-0.0674702130251194,-0.2826042925692045
7629,0.4039067281418257,-0.0624739181703601,-0.2611750075524544
7630,0.4039067281418257,-0.0619126365827019,-0.2587676510080093
7631,0.4039067281418257,-0.0625861529576705,-0.2616563865174644
7632,0.4039067281418257,-0.0618621262680128,-0.2585510104851372
7633,0.3999888696087737,-0.0654904792237171,-0.2741131444042534
7634,0.3901942232761438,-0.0758361361202259,-0.3184860320671203
7635,0.3803995769435139,-0.084435554718358,-0.3553692420206276
7636,0.3803995769435139,-0.0850338969932074,-0.3579355531607927
7637,0.3803995769435139,-0.0843366364432276,-0.3549449780464717
7638,0.374522789143936,-0.0910897920070979,-0.383909500667225
7639,0.3588207467419387,-0.1038105595158067,-0.4384693215945807
7640,0.3549028882088867,-0.112509378283119,-0.4757788623828358
7641,0.3549028882088867,-0.1061618647795325,-0.4485541528790612
7642,0.3803995769435139,-0.0859500984857615,-0.3618651737071084
7643,0.3941120818091958,-0.0684720878953719,-0.2869013692570044
7644,0.3999888696087737,-0.0647150372673016,-0.2707872464776839
7645,0.3901942232761438,-0.0714403425861943,-0.2996323184145283
7646,0.3803995769435139,-0.0857201236833432,-0.3608788036607133
7647,0.3549028882088867,-0.105068440224246,-0.443864416360163
7648,0.3451082418762568,-0.12028937875514,-0.509147559065454
7649,0.3392008458068894,-0.1220485509838632,-0.5166927108586776
7650,0.3549028882088867,-0.1082340503963526,-0.4574418301441748
7651,0.3705743223410945,-0.0921355170046732,-0.3883946520991577
7652,0.3646975345415166,-0.0948785054913064,-0.4001594265543192
7653,0.3588207467419387,-0.1093277372503822,-0.462132691671642
7654,0.3392008458068894,-0.114202382650192,-0.4830402178815112
7655,0.3451082418762568,-0.121408302812821,-0.5139466638503336
7656,0.3392008458068894,-0.1262244829482214,-0.5346034304771459
7657,0.3490261004093087,-0.101943985501441,-0.4304635197511207
7658,0.3549028882088867,-0.1100887960449492,-0.4653968997092732
7659,0.3137347653420516,-0.161094284647068,-0.6841612409755301
7660,0.4294034168764529,-0.0003460760184796,0.0052935007422693
7661,1.037253046625507,0.5401179190488893,2.32336265563967
7662,1.503906727835743,1.0741858160239606,4.613998720017127
7663,1.503906727835743,1.0295775055378191,4.422672101530504
7664,0.9156769990217384,0.4461771413904284,1.9204473438620384
7665,0.374522789143936,-0.0573739172531583,-0.239300923572743
7666,0.3352829872738374,-0.150917825819798,-0.6405140498048446
7667,0.3646975345415166,-0.0857189142920138,-0.3608736165386063
7668,0.3588207467419387,-0.0933752519096721,-0.3937119188731809
7669,0.3490261004093087,-0.1200171077720571,-0.5079797792070022
7670,0.3352829872738374,-0.1200792930492573,-0.5082464940562468
7671,0.3352829872738374,-0.1211310112337763,-0.5127573504785591
7672,0.3451082418762568,-0.1161334166171633,-0.4913224907373327
7673,0.3549028882088867,-0.1041049520397533,-0.4397319815227559
7674,0.3549028882088867,-0.0997553591403949,-0.4210764240233027
7675,0.3705743223410945,-0.0919709020597764,-0.3876886127890777
7676,0.3803995769435139,-0.0737043550335182,-0.3093427477277541
7677,0.3999888696087737,-0.0603380225778689,-0.2520140759525279
7678,0.3999888696087737,-0.0563849485369154,-0.2350592018351175
7679,0.4098141242111931,-0.0478681048522712,-0.1985301586007102
7680,0.4294034168764529,-0.0278811986558276,-0.1128056123244527
7681,0.4549001056110801,-0.0027587014061384,-0.00505433471855
7682,0.4803967943457073,0.0245507160006677,0.1120767206462839
7683,0.5156881294129645,0.0573539730062187,0.2527710479996934
7684,0.5509794644802216,0.0957093923879644,0.4172787957931351
7685,0.5960654458801087,0.1382502669046474,0.5997381084198562
7686,0.6411820355497851,0.1856880666246206,0.80320050612012
7687,0.6901858754827241,0.233218626472785,1.0070607552849158
7688,0.7254772105499813,0.2699781435466646,1.1647236217396235
7689,0.7509738992846084,0.2938038835950135,1.266913061929431
7690,0.7666759416866058,0.3123711826311044,1.346548862978405
7691,0.7803884465522877,0.3230613831330651,1.3923995103285118
7692,0.7666759416866058,0.3118443550400174,1.3442892808415867
7693,0.7313846066193487,0.2757172067798962,1.1893386665536667
7694,0.6803912291500942,0.2247133246162787,0.970581215358854
7695,0.6196032053482099,0.1644964565850834,0.7123089425310561
7696,0.5509794644802216,0.0956803334250032,0.4171541608751231
7697,0.4803967943457073,0.0251907121434687,0.1148216866966041
7698,0.419608770543823,-0.0353335222914804,-0.1447688914878802
7699,0.374522789143936,-0.0800538233148294,-0.3365758413421996
7700,0.3451082418762568,-0.110977904935161,-0.46921031912769
7701,0.3196115531416296,-0.1326893133498742,-0.5623313162983767
7702,0.3098169068089997,-0.1482004790451265,-0.6288592535575187
7703,0.2941148644070023,-0.1568498906686848,-0.6659568853619875
7704,0.2999916522065803,-0.1574632689413429,-0.6685876864275715
7705,0.2999916522065803,-0.1526210977157034,-0.6478194430971577
7706,0.3098169068089997,-0.1449489818178164,-0.61491346716166
7707,0.3196115531416296,-0.1356125012462844,-0.5748689723836694
7708,0.3235294116746816,-0.1281615545195713,-0.5429115988312935
7709,0.3352829872738374,-0.1227434620414804,-0.5196732089173111
7710,0.3352829872738374,-0.1145419013080241,-0.4844964253910135
7711,0.3490261004093087,-0.1076807248412752,-0.4550685973043414
7712,0.3451082418762568,-0.1091350313209868,-0.4613061691373488
7713,0.3392008458068894,-0.1119729574023819,-0.4734781342880353
7714,0.3451082418762568,-0.1115871343745486,-0.4718233257009102
7715,0.3392008458068894,-0.1139956875869204,-0.4821536954581632
7716,0.3352829872738374,-0.1166724691258739,-0.4936345059774161
7717,0.3392008458068894,-0.1170642065308909,-0.4953146815370781
7718,0.3294061994742595,-0.1232193860447029,-0.5217144637687241
7719,0.3196115531416296,-0.1330624601665374,-0.563931756168284
7720,0.3196115531416296,-0.1364589396618072,-0.578499376629745
7721,0.3137347653420516,-0.1375180807578182,-0.5830420701814983
7722,0.3098169068089997,-0.1450536256275386,-0.6153622881558091
7723,0.3039095107396323,-0.1502869937482322,-0.6378083887795724
7724,0.3137347653420516,-0.1380395721970377,-0.5852787653745741
7725,0.3392008458068894,-0.1161571763573153,-0.4914243971016371
7726,0.3490261004093087,-0.1039429527425657,-0.4390371608180411
7727,0.3549028882088867,-0.099079443900196,-0.4181773996961876
7728,0.3549028882088867,-0.0970571436226699,-0.409503682412413
7729,0.3451082418762568,-0.1117833966141084,-0.4726651013750472
7730,0.3137347653420516,-0.1370617378578719,-0.5810847993733105
7731,0.3098169068089997,-0.144362177896477,-0.6123966444270389
7732,0.3235294116746816,-0.131698974377396,-0.5580837174833839
7733,0.3352829872738374,-0.1174984442869057,-0.4971771426025637
7734,0.3392008458068894,-0.1131620396702862,-0.4785781501133649
7735,0.3352829872738374,-0.1203447757387109,-0.5093851586836747
7736,0.3352829872738374,-0.1214263465868682,-0.5140240542342231
7737,0.3235294116746816,-0.120273118006783,-0.509077816141696
7738,0.3196115531416296,-0.1447007125257651,-0.6138486314033768
7739,0.3137347653420516,-0.143796220489053,-0.6099692331265474
7740,0.3294061994742595,-0.101558828731281,-0.4288115687666771
7741,0.3294061994742595,-0.1477385391384243,-0.6268779769897631
7742,0.2843202180743724,-0.1843170633337382,-0.7837645585986937
7743,0.5294006342786464,0.1521774205228924,0.6594721619601799
7744,1.3882380763013418,0.804902212884899,3.459031839608225
7745,1.503906727835743,1.1918197441610812,5.118534790639346
7746,1.503906727835743,0.9385631279906688,4.032308223141274
7747,0.7254772105499813,0.3224113099229623,1.3896113233807827
7748,0.3705743223410945,-0.0791634940289127,-0.3327571876035208
7749,0.3803995769435139,-0.1037404429954491,-0.4381685893634366
7750,0.374522789143936,-0.0598052158208964,-0.2497288489621436
7751,0.3549028882088867,-0.099852821712993,-0.4214944444379068
7752,0.3451082418762568,-0.1202205153667212,-0.5088522015614347
7753,0.3352829872738374,-0.112047652007065,-0.4737985020844721
7754,0.3352829872738374,-0.1209702379529733,-0.5120677882014001
7755,0.3352829872738374,-0.121363769808792,-0.5137556602239003
7756,0.3490261004093087,-0.1061579940964681,-0.4485375513827508
7757,0.3588207467419387,-0.095019368397435,-0.4007635925316017
7758,0.3705743223410945,-0.08642818470015,-0.3639157023585452
7759,0.374522789143936,-0.0803365055658521,-0.3377882754963953
7760,0.3803995769435139,-0.0763882547900281,-0.3208540885334016
7761,0.3901942232761438,-0.0631424284704266,-0.2640422718299243
7762,0.4156909120107711,-0.0436244949979473,-0.1803291661229398
7763,0.4254855583434009,-0.0282565957438036,-0.114415703687462
7764,0.4451054592784502,-0.01104114576632,-0.0405780309753149
7765,0.4745200065461294,0.0163500856668729,0.0769039276369806
7766,0.5098113416133866,0.0550752541358668,0.2429975423189182
7767,0.5607741108128516,0.1042941165611772,0.4540989808394047
7768,0.615685346815158,0.1571849872224475,0.6809497923171903
7769,0.6647197950178864,0.2098405210800065,0.90679123593574
7770,0.7215593520169293,0.2639417419350308,1.138833282123648
7771,0.7666759416866058,0.3090197769515605,1.3321745657038375
7772,0.7901830928849176,0.3334637415499028,1.4370155928138089
7773,0.800008347487337,0.3430830569813485,1.478273176290916
7774,0.800008347487337,0.3413649589970207,1.4709041933819522
7775,0.7764705880192357,0.31973208352658,1.3781200267817066
7776,0.7353024651524006,0.2773072088386765,1.196158241515774
7777,0.6803912291500942,0.2220017916103366,0.9589513545708528
7778,0.615685346815158,0.1584619936096783,0.6864269177943051
7779,0.5509794644802216,0.0914714272486904,0.3991020136974896
7780,0.4843146528787593,0.0275119016011656,0.1247773502258453
7781,0.4294034168764529,-0.0306132273304241,-0.1245233797588735
7782,0.3803995769435139,-0.0775144280659634,-0.3256842854712937
7783,0.3549028882088867,-0.1039514880058578,-0.4390737688636222
7784,0.3451082418762568,-0.1141018795225243,-0.4826091564188727
7785,0.3352829872738374,-0.123990690253188,-0.5250226147483449
7786,0.3235294116746816,-0.1354491465492497,-0.5741683383211605
7787,0.3235294116746816,-0.1360637696927038,-0.5768044786815365
7788,0.3352829872738374,-0.1246597647851833,-0.5278922990364766
7789,0.3451082418762568,-0.1140951415157879,-0.4825802568701077
7790,0.3490261004093087,-0.1115020654393966,-0.4714584620348462
7791,0.3490261004093087,-0.110855497331139,-0.468685308592672
7792,0.3549028882088867,-0.1051099333960689,-0.4440423820389489
7793,0.3646975345415166,-0.0963095193096657,-0.4062970953404835
7794,0.3705743223410945,-0.0896068221295061,-0.3775489905088027
7795,0.374522789143936,-0.0863199930107945,-0.3634516643833977
7796,0.374522789143936,-0.0863501174055661,-0.3635808689760575
7797,0.374522789143936,-0.0872742345925792,-0.3675444402153565
7798,0.374522789143936,-0.0850879178259006,-0.3581672504193166
7799,0.3803995769435139,-0.0832921037182862,-0.3504649403139567
7800,0.3705743223410945,-0.0888266916186108,-0.3742029832065487
7801,0.3646975345415166,-0.0988289836666909,-0.417103166912662
7802,0.3549028882088867,-0.1056127052426945,-0.44619878823853
7803,0.3549028882088867,-0.1084998681236799,-0.4585819317608708
7804,0.3490261004093087,-0.1119818709818562,-0.4735163649450776
7805,0.3451082418762568,-0.1183929018592609,-0.5010135027075185
7806,0.3392008458068894,-0.1226624649971314,-0.5193258097346516
7807,0.3490261004093087,-0.1141866075378972,-0.4829725578679684
7808,0.3705743223410945,-0.0922236481047352,-0.3887726494986245
7809,0.3901942232761438,-0.0722408162983558,-0.303065578425191
7810,0.3999888696087737,-0.0654948570692396,-0.2741319211382509
7811,0.3901942232761438,-0.0695044947880755,-0.2913293988669719
7812,0.3843174354765659,-0.0831418500424119,-0.3498204969937116
7813,0.3588207467419387,-0.1029025817751529,-0.4345749730104893
7814,0.3490261004093087,-0.1144070417548187,-0.4839180080063555
7815,0.3549028882088867,-0.1109532492072228,-0.4691045698401395
7816,0.3646975345415166,-0.0987720686985808,-0.4168590566051631
7817,0.374522789143936,-0.0889229111713726,-0.3746156722651924
7818,0.3705743223410945,-0.0948070358364833,-0.3998528906816826
7819,0.3588207467419387,-0.1084949719373839,-0.4585609318449968
7820,0.3451082418762568,-0.1140254625846598,-0.4822814014746172
7821,0.3451082418762568,-0.122727504339299,-0.5196047657692987
7822,0.3549028882088867,-0.1187007362120071,-0.5023338151139534
7823,0.3588207467419387,-0.0881412096761007,-0.3712629269554866
7824,0.3588207467419387,-0.1192423905864655,-0.504656989848083
7825,0.2999916522065803,-0.1796709950846746,-0.7638374078578565
7826,0.4549001056110801,0.0356842447845769,0.1598288186485298
7827,1.1509933771631715,0.6184817593806589,2.659467933308975
7828,1.503906727835743,1.1025860452777891,4.735808305902878
7829,1.503906727835743,0.994344889742899,4.271558168565599
7830,0.8902109185569005,0.4327340478607959,1.8627894411305947
7831,0.4392286714788723,-0.006595143350051,-0.0215089696542776
7832,0.4098141242111931,-0.086228427587337,-0.3630589370496453
7833,0.3941120818091958,-0.0563277635112725,-0.2348139332413265
7834,0.3803995769435139,-0.0866437696306798,-0.3648403537364035
7835,0.3646975345415166,-0.1092405435642349,-0.461758714873549
7836,0.3549028882088867,-0.1085786000423657,-0.4589196157395949
7837,0.3490261004093087,-0.1185037591373064,-0.5014889734866611
7838,0.3549028882088867,-0.1138349792567086,-0.4814644117563828
7839,0.374522789143936,-0.0925678898132439,-0.3902491143392171
7840,0.3843174354765659,-0.0854749750088183,-0.3598273523411683
7841,0.3803995769435139,-0.0841496614856747,-0.354143035852732
7842,0.3999888696087737,-0.0724139861339207,-0.3038083099633605
7843,0.4039067281418257,-0.0616662668469059,-0.2577109625135653
7844,0.4156909120107711,-0.0541785059734878,-0.2255956917863182
7845,0.4294034168764529,-0.0383773244997952,-0.1578238666149905
7846,0.4549001056110801,-0.0155148786158753,-0.0597660291036874
7847,0.4745200065461294,0.0076225267649486,0.0394711193967589
7848,0.4999860870109672,0.0292875887362628,0.1323933350355344
7849,0.5196059879460164,0.050908148917747,0.2251246809266779
7850,0.5509794644802216,0.0815319406710189,0.3564712048711866
7851,0.5960654458801087,0.1274677174899779,0.5534913733229386
7852,0.6509766818824151,0.1789478489108399,0.7742914743951471
7853,0.6901858754827241,0.2237264186070355,0.9663483406443704
7854,0.7313846066193487,0.2588973128483596,1.11719754768694
7855,0.7548917578176605,0.2854395355987672,1.231038078086133
7856,0.7705938002196577,0.302234842907885,1.3030737440613211
7857,0.7764705880192357,0.3034564311835414,1.3083131793014622
7858,0.7548917578176605,0.2863077406666983,1.234761840272818
7859,0.7254772105499813,0.2556254103318744,1.1031642422854395
7860,0.6862680169496722,0.2129435570113953,0.9201002665922484
7861,0.6254799931477878,0.1580473388527137,0.6846484489030862
7862,0.5705993654152709,0.0977419696332219,0.4259965913543184
7863,0.5098113416133866,0.0389246195106156,0.1737269002437767
7864,0.4549001056110801,-0.0144831635482076,-0.0553409667557223
7865,0.4156909120107711,-0.0576869004216528,-0.2406433194316914
7866,0.3803995769435139,-0.0892158642992915,-0.3758721585729896
7867,0.3588207467419387,-0.1125248101895662,-0.4758450503743819
7868,0.3451082418762568,-0.1282695817711938,-0.543374931527199
7869,0.3352829872738374,-0.1330459255050815,-0.5638608384215749
7870,0.3451082418762568,-0.1295035506964791,-0.5486674678106737
7871,0.3451082418762568,-0.1253099549161469,-0.5306809874619055
7872,0.3490261004093087,-0.1221171265829118,-0.5169868340239282
7873,0.3549028882088867,-0.1187350503688136,-0.5024809897438925
7874,0.3549028882088867,-0.1157921086079873,-0.4898586086367467
7875,0.3588207467419387,-0.1134815885272827,-0.4799487064420875
7876,0.3588207467419387,-0.1135787763861727,-0.4803655485998993
7877,0.3588207467419387,-0.1143683262267802,-0.4837519557398203
7878,0.3588207467419387,-0.1104663976596432,-0.4670164463652026
7879,0.3705743223410945,-0.1065566176029962,-0.4502472616748946
7880,0.3588207467419387,-0.1089380508270826,-0.460461312844972
7881,0.3646975345415166,-0.1114671735030543,-0.4713088092880806
7882,0.3588207467419387,-0.111635936021745,-0.4720326376885848
7883,0.3588207467419387,-0.1150437288753604,-0.4866487815433868
7884,0.3549028882088867,-0.11794410228715,-0.4990885854987195
7885,0.3549028882088867,-0.1166521498116816,-0.4935473557215106
7886,0.3549028882088867,-0.1198080893315924,-0.5070832917368506
7887,0.3451082418762568,-0.1276637219518671,-0.540776377373378
7888,0.3392008458068894,-0.1311168080017463,-0.5555867853459456
7889,0.3451082418762568,-0.1330793731682016,-0.564004296629503
7890,0.3352829872738374,-0.1332697264996535,-0.5648207287881626
7891,0.3549028882088867,-0.1202285705028967,-0.5088867503248629
7892,0.374522789143936,-0.0997397692798019,-0.421009558560849
7893,0.3843174354765659,-0.0871960115686887,-0.367208938904375
7894,0.3901942232761438,-0.084217746033704,-0.3544350528828252
7895,0.3803995769435139,-0.0929923441369549,-0.3920696139181662
7896,0.3588207467419387,-0.1149849651920353,-0.4863967420310653
7897,0.3392008458068894,-0.1330325391172253,-0.5638034237314786
7898,0.3451082418762568,-0.130629464759812,-0.5534965529765631
7899,0.3588207467419387,-0.1124108528035612,-0.4753562831227577
7900,0.3803995769435139,-0.0960909367804417,-0.4053595871560013
7901,0.3705743223410945,-0.0991195062905798,-0.4183492287028702
7902,0.3646975345415166,-0.1139397751161137,-0.4819138848969898
7903,0.3549028882088867,-0.1166652734668073,-0.4936036435416504
7904,0.3451082418762568,-0.1229816055132221,-0.5206946146748136
7905,0.3490261004093087,-0.1381217217375187,-0.5856311076538304
7906,0.3549028882088867,-0.1100710127581591,-0.4653206265644253
7907,0.3646975345415166,-0.0966945194982751,-0.4079483747411286
7908,0.3235294116746816,-0.1866814864734751,-0.7939056529164873
7909,0.3098169068089997,-0.1253484576673295,-0.530846127120994
7910,0.8705910176218512,0.3841135509290215,1.6542544133360395
7911,1.503906727835743,1.0041027339301856,4.313409906767001
7912,1.503906727835743,1.086828637605318,4.66822422811034
7913,1.1215788298954923,0.5770915532310085,2.481943877930615
7914,0.4549001056110801,0.0434732207764865,0.1932360116528138
7915,0.3901942232761438,-0.1192238944005333,-0.5045776590536472
7916,0.3941120818091958,-0.0748609900651241,-0.3143035962111118
7917,0.3843174354765659,-0.0783209417488941,-0.3291434511298152
7918,0.3705743223410945,-0.1136421354638628,-0.4806372979208839
7919,0.3490261004093087,-0.1222022308838483,-0.5173518493750903
7920,0.3392008458068894,-0.1333881379126057,-0.5653285995186044
7921,0.3352829872738374,-0.1389491150627326,-0.5891798268352207
7922,0.3588207467419387,-0.1166550234882728,-0.4935596810218599
7923,0.3803995769435139,-0.0917304002441664,-0.3866570920114672
7924,0.3941120818091958,-0.0800735570425168,-0.3366604799969127
7925,0.4039067281418257,-0.0708816795737425,-0.2972361930315874
7926,0.4098141242111931,-0.0622257997655873,-0.2601108189550354
7927,0.419608770543823,-0.0559549101405776,-0.233214751971537
7928,0.4294034168764529,-0.0429664816252983,-0.1775069235377376
7929,0.4549001056110801,-0.0190324884062868,-0.074853181677286
7930,0.4803967943457073,0.006115388838405,0.0330069516231753
7931,0.4999860870109672,0.027231634373536,0.1235752741922405
7932,0.5254827757455944,0.0519338457945107,0.2295239310413949
7933,0.5607741108128516,0.0863358545561522,0.3770753611175666
7934,0.6000139126829501,0.1279867471123509,0.55571750969665
7935,0.6450998940828371,0.1709928513099047,0.7401722088486751
7936,0.6862680169496722,0.2124203988879648,0.9178564229317524
7937,0.7254772105499813,0.2539281969714086,1.095884834265512
7938,0.7666759416866058,0.2917064274247255,1.2579169983683651
7939,0.7862652343518657,0.3141652549025336,1.3542437022868743
7940,0.7901830928849176,0.3173592070907614,1.3679426759785909
7941,0.7803884465522877,0.3062583502222125,1.3203307089747451
7942,0.7509738992846084,0.2799661695633254,1.2075626179333443
7943,0.7098057764177734,0.2350814984908434,1.0150506791355218
7944,0.6509766818824151,0.1795301613998313,0.7767890332178662
7945,0.5960654458801087,0.1234770112402264,0.53637509333346
7946,0.5392258888810657,0.0658560849106773,0.2892369061088072
7947,0.4803967943457073,0.0085736664604788,0.043550591129066
7948,0.4352802046760309,-0.0366631480604057,-0.1504717033507098
7949,0.4039067281418257,-0.0691767775750981,-0.289923808171079
7950,0.374522789143936,-0.0971642557069345,-0.4099630899232123
7951,0.3549028882088867,-0.1168360248675439,-0.4943360023274631
7952,0.3490261004093087,-0.1231418430594829,-0.521381879167608
7953,0.3490261004093087,-0.1231508613399065,-0.521420558890718
7954,0.3490261004093087,-0.1216209252690262,-0.5148586090712292
7955,0.3549028882088867,-0.1177258643126658,-0.4981525551216802
7956,0.3549028882088867,-0.1156642596393131,-0.4893102598966384
7957,0.3549028882088867,-0.1171893822606164,-0.4958515646609618
7958,0.3549028882088867,-0.1153137156574642,-0.4878067643831999
7959,0.3646975345415166,-0.107326889534442,-0.4535509851818513
7960,0.3705743223410945,-0.0996073768802419,-0.4204417228852743
7961,0.374522789143936,-0.0965477449846104,-0.4073188536704257
7962,0.374522789143936,-0.0960737307871978,-0.4052857900435533
7963,0.374522789143936,-0.0960943615934738,-0.4053742763000025
7964,0.3705743223410945,-0.0991034693521872,-0.4182804457079507
7965,0.3646975345415166,-0.1067670323655565,-0.4511497380198088
7966,0.3549028882088867,-0.1137722440583417,-0.4811953382758403
7967,0.3549028882088867,-0.1155370797038547,-0.4887647806636115
7968,0.3549028882088867,-0.1156867779527419,-0.4894068417379008
7969,0.3490261004093087,-0.1183999653844322,-0.5010437984163426
7970,0.3490261004093087,-0.1230207733479571,-0.5208626069007378
7971,0.3392008458068894,-0.1279373143025216,-0.5419498246239928
7972,0.3392008458068894,-0.1305749527316092,-0.5532627489631579
7973,0.3451082418762568,-0.1247978391407422,-0.5284845048219212
7974,0.3588207467419387,-0.1079316508589194,-0.4561448278524832
7975,0.3803995769435139,-0.0893886122108416,-0.3766130804641645
7976,0.3901942232761438,-0.0794973552445534,-0.334189130143739
7977,0.3843174354765659,-0.0797153178908701,-0.335123979628548
7978,0.3803995769435139,-0.0929159120339638,-0.3917417939301473
7979,0.3490261004093087,-0.1149356611874763,-0.4861852754149277
7980,0.3451082418762568,-0.1237739812800462,-0.5240931423120416
7981,0.3588207467419387,-0.1091360567197107,-0.4613105671086754
7982,0.3803995769435139,-0.0864422301268208,-0.3639759436893834
7983,0.3941120818091958,-0.0726851450534828,-0.3049713201421123
7984,0.3941120818091958,-0.0723809335186703,-0.3036665461296918
7985,0.3941120818091958,-0.075756964747397,-0.3181464632540625
7986,0.3803995769435139,-0.08051737939486,-0.3385640497344167
7987,0.3705743223410945,-0.098299054202801,-0.4148302807338863
7988,0.374522789143936,-0.0991946181459715,-0.4186713861023264
7989,0.3803995769435139,-0.0679435170181279,-0.2846343101043153
7990,0.3843174354765659,-0.0947088887689494,-0.3994319344441342
7991,0.3294061994742595,-0.1464353320391782,-0.6212884757338484
7992,0.4901914406783372,0.0671616446137823,0.2948364977657269
7993,1.1627469527623275,0.6331095679787926,2.722207120793333
7994,1.503906727835743,1.1064047607346144,4.752186911309688
7995,1.503906727835743,0.9909544578993844,4.257016486696017
7996,0.8568479044863799,0.4062161035137328,1.7490530416604493
7997,0.3941120818091958,-0.052302444315897,-0.2175491971061225
7998,0.3705743223410945,-0.1201522918944869,-0.508559588680522
7999,0.3843174354765659,-0.0661673363478834,-0.2770162085049562
8000,0.3705743223410945,-0.0886927643597774,-0.3736285644653651
8001,0.3588207467419387,-0.1151106525572367,-0.4869358195775675
8002,0.3451082418762568,-0.1121104089973665,-0.4740676690313914
8003,0.3451082418762568,-0.1160714070631033,-0.49105652957084
8004,0.3549028882088867,-0.1138937772285075,-0.4817165983331789
8005,0.3588207467419387,-0.0967617468065884,-0.4082367150398167
8006,0.3803995769435139,-0.0868967266327444,-0.3659252952484245
8007,0.374522789143936,-0.0852907574930879,-0.3590372369127516
8008,0.3843174354765659,-0.0765848381677408,-0.3216972415804136
8009,0.3999888696087737,-0.0639360534857695,-0.2674461575381518
8010,0.4039067281418257,-0.0554465207395105,-0.2310342518826393
8011,0.419608770543823,-0.041796490575428,-0.172488790620535
8012,0.4451054592784502,-0.0164948471683294,-0.063969148821089
8013,0.4706021480130775,0.0106781179813714,0.0525766579958329
8014,0.4941092992113892,0.033856844928693,0.1519910361537673
8015,0.5196059879460164,0.0586541123194513,0.2583473914130937
8016,0.5509794644802216,0.09191375229626,0.4009991614419603
8017,0.5960654458801087,0.1359338364343142,0.5898028563554248
8018,0.6450998940828371,0.1855787425379122,0.8027316112527487
8019,0.6901858754827241,0.2311351332101824,0.998124579127846
8020,0.7254772105499813,0.2664926045782065,1.1497740220535828
8021,0.7509738992846084,0.2916736234124392,1.257776300801586
8022,0.7666759416866058,0.3089737888564519,1.331977321140395
8023,0.7764705880192357,0.3171823159422215,1.3671839835976978
8024,0.7666759416866058,0.309046072811475,1.3322873495753362
8025,0.7353024651524006,0.2778443844774144,1.1984622067942852
8026,0.6862680169496722,0.2267042445949575,0.9791203414330508
8027,0.6196032053482099,0.1653061825756647,0.7157818858904954
8028,0.5607741108128516,0.0998743301514299,0.4351423608958452
8029,0.4901914406783372,0.0359358557867979,0.1609079871197035
8030,0.4392286714788723,-0.0187939504220307,-0.0738300838416817
8031,0.3941120818091958,-0.0626442926542728,-0.2619057497287031
8032,0.3588207467419387,-0.0971709343072083,-0.4099917346755619
8033,0.3352829872738374,-0.1210377411962434,-0.5123573119948592
8034,0.3196115531416296,-0.1361765955926049,-0.577288392949316
8035,0.3137347653420516,-0.1434267870625151,-0.6083847201179818
8036,0.3137347653420516,-0.1390647995284157,-0.5896760015925555
8037,0.3294061994742595,-0.129213897315395,-0.5474251342335422
8038,0.3294061994742595,-0.1237697475575417,-0.5240749837267563
8039,0.3352829872738374,-0.1200370697064522,-0.5080653966483409
8040,0.3392008458068894,-0.1160760097004377,-0.4910762704448546
8041,0.3392008458068894,-0.1156867747089998,-0.4894068278253763
8042,0.3392008458068894,-0.1139512006601806,-0.4819628894588498
8043,0.3490261004093087,-0.106543012872124,-0.4501889105038946
8044,0.3549028882088867,-0.0993256613436576,-0.4192334350034329
8045,0.3549028882088867,-0.0970397772321274,-0.4094291973502888
8046,0.3549028882088867,-0.1017153881326795,-0.4294830575663072
8047,0.3392008458068894,-0.1120210017074805,-0.4736841980087161
8048,0.3352829872738374,-0.1193531845205817,-0.5051321889428765
8049,0.3294061994742595,-0.1231858896917587,-0.5215707967284214
8050,0.3196115531416296,-0.1345606681864039,-0.5703576232568761
8051,0.2999916522065803,-0.1507444387367763,-0.6397703864846632
8052,0.3039095107396323,-0.1524665895122568,-0.647156751957957
8053,0.3137347653420516,-0.1341340954229314,-0.5685280376150025
8054,0.3490261004093087,-0.1081439409374476,-0.4570553474937881
8055,0.374522789143936,-0.0752421611302097,-0.3159384523657835
8056,0.419608770543823,-0.0320237069861727,-0.130572976796681
8057,0.4490233178115022,-0.0054789703712669,-0.0167216643439084
8058,0.4254855583434009,-0.02494664007336,-0.1002191869652396
8059,0.374522789143936,-0.0762395377723323,-0.3202162359943328
8060,0.3294061994742595,-0.1252480221458645,-0.5304153556237456
8061,0.2941148644070023,-0.1547575884585942,-0.6569829273181587
8062,0.2843202180743724,-0.1683774949405408,-0.7153991870441228
8063,0.274494963471953,-0.1758651698380459,-0.7475140890176438
8064,0.2843202180743724,-0.1707955949689638,-0.7257705034324515
8065,0.2843202180743724,-0.1598602179990696,-0.6788682855558891
8066,0.2843202180743724,-0.1700317812130796,-0.7224944792684723
8067,0.2999916522065803,-0.1623615024052614,-0.6895963826771345
8068,0.3039095107396323,-0.1195822604934398,-0.5061147038775564
8069,0.3098169068089997,-0.1653571312391252,-0.7024447405005552
8070,0.2196143357394361,-0.240455009682413,-1.0245421923315887
8071,0.419608770543823,0.0295656930753282,0.1335861343637306
8072,1.252949523831891,0.6980749475540478,3.0008459272707726
8073,1.503906727835743,1.1755450480403464,5.04873204443032
8074,1.503906727835743,0.9464037963102092,4.065937126363666
8075,0.6803912291500942,0.2911647025351123,1.255593521192247
8076,0.3451082418762568,-0.111484639812708,-0.4713837229068002
8077,0.3549028882088867,-0.1224061923222802,-0.5182266471849954
8078,0.3294061994742595,-0.0953578730148291,-0.4022154507858668
8079,0.3098169068089997,-0.1469881271621591,-0.623659433531694
8080,0.2941148644070023,-0.1629000681127548,-0.6919063100096118
8081,0.2901970058739504,-0.1538622858616317,-0.653142942872831
8082,0.2941148644070023,-0.1560129937550583,-0.6623674049543896
8083,0.3098169068089997,-0.1434295640336615,-0.6083966306452644
8084,0.3235294116746816,-0.1261444267449224,-0.5342600665949645
8085,0.3294061994742595,-0.1180257702057976,-0.4994388620849297
8086,0.3490261004093087,-0.1048032347521571,-0.4427269407277989
8087,0.3588207467419387,-0.089553977328861,-0.3773223372932506
8088,0.374522789143936,-0.0762784182431918,-0.3203829957064503
8089,0.3941120818091958,-0.0554591324781842,-0.2310883440750442
8090,0.419608770543823,-0.0324263232982721,-0.1322998123728785
8091,0.4352802046760309,-0.013523007231358,-0.0512228224162617
8092,0.4607768934106581,0.0100315459580546,0.0498034877618315
8093,0.4901914406783372,0.0389512850262787,0.173841269581831
8094,0.5196059879460164,0.0696198120327579,0.3053796646066388
8095,0.5607741108128516,0.1106667436592355,0.4814314034364566
8096,0.615685346815158,0.1641696406845613,0.710907217596103
8097,0.6705965828174644,0.2198924355536136,0.949904251976764
8098,0.7215593520169293,0.272097464419325,1.1738134637810569
8099,0.7666759416866058,0.3138859128824776,1.3530455945012154
8100,0.7862652343518657,0.337031180523481,1.452316464513134
8101,0.800008347487337,0.3473316140415109,1.4964953875091795
8102,0.796090488954285,0.3473196609070815,1.496444120093629
8103,0.7764705880192357,0.3223770534320686,1.3894643960819797
8104,0.7215593520169293,0.2720416765445327,1.173574187616588
8105,0.6647197950178864,0.2140879604120939,0.9250086531788304
8106,0.605890700482528,0.1512703833064975,0.6555818473178383
8107,0.5294006342786464,0.0811691508815001,0.3549151866563369
8108,0.4706021480130775,0.0167705007854191,0.0787071029223814
8109,0.4156909120107711,-0.0357220336744748,-0.1464352305251987
8110,0.3705743223410945,-0.0811669492761302,-0.3413500778870139
8111,0.3392008458068894,-0.1135790057013314,-0.4803665321407105
8112,0.3235294116746816,-0.1277674827442138,-0.5412214110748305
8113,0.3196115531416296,-0.1341523418686868,-0.5686062972650034
8114,0.3137347653420516,-0.1379544171496982,-0.5849135323702981
8115,0.3196115531416296,-0.1332196531595027,-0.5646059624645119
8116,0.3294061994742595,-0.1237337791408582,-0.5239207139178041
8117,0.3352829872738374,-0.118509029444577,-0.5015115780206029
8118,0.3352829872738374,-0.1157034429422131,-0.4894783184660685
8119,0.3451082418762568,-0.1114543641539758,-0.4712538695376733
8120,0.3451082418762568,-0.1059918000327589,-0.4478247391763367
8121,0.3549028882088867,-0.0996075475902817,-0.4204424550666615
8122,0.3588207467419387,-0.0960798895803124,-0.4053122053246463
8123,0.3549028882088867,-0.0977123217281255,-0.412313764436529
8124,0.3549028882088867,-0.1006237428068285,-0.4248009522252702
8125,0.3490261004093087,-0.1046732997905578,-0.4421696450903928
8126,0.3451082418762568,-0.1108496169573996,-0.4686600874621083
8127,0.3392008458068894,-0.1136133447443784,-0.4805138135086136
8128,0.3451082418762568,-0.1128307037910029,-0.4771570388299358
8129,0.3352829872738374,-0.1173273993876139,-0.4964435249910863
8130,0.3294061994742595,-0.1281433769361253,-0.5428336345341684
8131,0.3196115531416296,-0.1354270545502103,-0.5740735849573647
8132,0.3196115531416296,-0.1358727008499835,-0.575984977669787
8133,0.3196115531416296,-0.1376625470966231,-0.5836616914087418
8134,0.3137347653420516,-0.1423317569837955,-0.6036880974523992
8135,0.3137347653420516,-0.1419539338539969,-0.6020676007103659
8136,0.3196115531416296,-0.139214892559904,-0.5903197559033578
8137,0.3137347653420516,-0.1415083485578642,-0.6001564696447114
8138,0.3196115531416296,-0.1391450110212215,-0.5900200315169138
8139,0.3352829872738374,-0.1213919066658352,-0.5138763401970767
8140,0.3588207467419387,-0.0994433881034805,-0.4197383692324327
8141,0.3705743223410945,-0.0879309653545026,-0.3703611816378764
8142,0.3705743223410945,-0.0866424154301612,-0.3648345455225718
8143,0.3646975345415166,-0.0948763035968896,-0.4001499825514318
8144,0.3451082418762568,-0.1136112495895534,-0.4805048273156038
8145,0.3294061994742595,-0.1290578128460686,-0.5467556824343359
8146,0.3352829872738374,-0.1244467801714202,-0.52697880050903
8147,0.3549028882088867,-0.1051922778027127,-0.4443955601060568
8148,0.3646975345415166,-0.0941213192968867,-0.3969118282354346
8149,0.3588207467419387,-0.1008342918264579,-0.4257040044034934
8150,0.3588207467419387,-0.1058326688185445,-0.4471422197807463
8151,0.3490261004093087,-0.103694427690237,-0.4379712280948991
8152,0.3490261004093087,-0.1171031681311215,-0.4954817892159323
8153,0.3490261004093087,-0.1183395354255373,-0.5007846121892776
8154,0.3549028882088867,-0.0879259428049049,-0.3703396397453404
8155,0.3588207467419387,-0.1180769377575693,-0.4996583215208516
8156,0.3098169068089997,-0.1633591274672957,-0.6938752317874551
8157,0.4901914406783372,0.0767484679754248,0.3359547216083774
8158,1.1960793585630587,0.6586339083919481,2.8316819179136514
8159,1.503906727835743,1.1178415761789506,4.801239816505464
8160,1.503906727835743,0.9887314365023347,4.247481869444528
8161,0.8568479044863799,0.4062210005247755,1.7490740451136912
8162,0.3941120818091958,-0.0486625668011103,-0.2019376339462492
8163,0.3803995769435139,-0.1116984680040487,-0.4723008395682581
8164,0.3999888696087737,-0.0504691757256898,-0.2096862434026628
8165,0.3901942232761438,-0.0701643642694503,-0.2941596023680256
8166,0.3803995769435139,-0.093286590187929,-0.3933316456185913
8167,0.374522789143936,-0.0855718081590476,-0.360242673141012
8168,0.3705743223410945,-0.0936861138358493,-0.395045216648944
8169,0.3646975345415166,-0.1024993862171076,-0.4328456530279806
8170,0.374522789143936,-0.0905359924168539,-0.3815342346738272
8171,0.3901942232761438,-0.0744564695772538,-0.3125685935578096
8172,0.4039067281418257,-0.0634996803095216,-0.2655745375798995
8173,0.4098141242111931,-0.0552232225909816,-0.2300765182404824
8174,0.419608770543823,-0.0478807805231518,-0.1985845250006075
8175,0.4294034168764529,-0.0363803771660442,-0.1492588890021047
8176,0.4490233178115022,-0.0184424853001692,-0.07232263752621
8177,0.4706021480130775,0.0031855848162822,0.0204409187411317
8178,0.4941092992113892,0.0273522747422652,0.1240927049926988
8179,0.5196059879460164,0.0517884626694838,0.2289003776856798
8180,0.5451026766806437,0.0760188600859864,0.3328254076131573
8181,0.5745172239483228,0.1086938853376961,0.4729697444473631
8182,0.6254799931477878,0.1549761574451315,0.6714760434237476
8183,0.6764733706170423,0.2086897899890225,0.9018557096621368
8184,0.7313846066193487,0.26315638713601,1.1354648676651902
8185,0.7803884465522877,0.3106295491594869,1.3390789355335802
8186,0.8117619230864929,0.3421330886096866,1.4741987284080316
8187,0.8255050362219641,0.357726946016318,1.5410813333365518
8188,0.8313818240215421,0.3598788485650648,1.5503109193369538
8189,0.8156797816195448,0.3464709736380502,1.4928040704354637
8190,0.7862652343518657,0.3169737635118771,1.3662894948614035
8191,0.7411792529519786,0.2697166157891964,1.1636019199551026
8192,0.6764733706170423,0.2062315777983213,0.8913123507937133
8193,0.60980855901558,0.1400607492043004,0.6075033309187022
8194,0.5509794644802216,0.0791007511202685,0.3460437470594948
8195,0.4901914406783372,0.0190747696802643,0.0885901935602034
8196,0.4352802046760309,-0.0348773538620768,-0.1428123689900093
8197,0.3999888696087737,-0.0724785123923431,-0.304085065363711
8198,0.374522789143936,-0.0970596348268077,-0.4095143672749072
8199,0.3549028882088867,-0.1158268936097972,-0.4900078027375277
8200,0.3451082418762568,-0.128278656726189,-0.5434138543295474
8201,0.3392008458068894,-0.1319497736102649,-0.5591594042471485
8202,0.3451082418762568,-0.1272062840915695,-0.538814410241588
8203,0.3549028882088867,-0.1184708603161019,-0.5013478692810847
8204,0.3588207467419387,-0.1122134702774955,-0.4745097025002472
8205,0.3646975345415166,-0.1098662295973,-0.4644423043580206
8206,0.3646975345415166,-0.1066135620885163,-0.4504914985836071
8207,0.374522789143936,-0.0995847918045977,-0.4203448546985131
8208,0.3803995769435139,-0.0923568770216872,-0.3893440730268251
8209,0.3843174354765659,-0.0890831906378011,-0.375303116555066
8210,0.3843174354765659,-0.0891379170771148,-0.3755378401852953
8211,0.3843174354765659,-0.0894080678577293,-0.3766965264205104
8212,0.3843174354765659,-0.0893068931523506,-0.3762625845373606
8213,0.3803995769435139,-0.0932327011219259,-0.3931005135120531
8214,0.3705743223410945,-0.1039758835079741,-0.4391784020334358
8215,0.3588207467419387,-0.1147907646277715,-0.4855638089550564
8216,0.3549028882088867,-0.1189985595445011,-0.5036111899011065
8217,0.3549028882088867,-0.1205189767877328,-0.5101323131327664
8218,0.3490261004093087,-0.1241588503883311,-0.5257438595045474
8219,0.3451082418762568,-0.1297806681761518,-0.5498560344640955
8220,0.3392008458068894,-0.1360216069901199,-0.57662364136168
8221,0.3392008458068894,-0.1344740535852155,-0.5699861301746153
8222,0.3588207467419387,-0.1167182234282315,-0.4938307477954965
8223,0.3803995769435139,-0.0936959920893195,-0.3950875848268107
8224,0.3941120818091958,-0.0821464647640292,-0.3455512543945441
8225,0.3901942232761438,-0.0831379765961343,-0.3498038836458823
8226,0.3803995769435139,-0.0952780307851236,-0.4018730046439818
8227,0.3588207467419387,-0.1180662483511721,-0.4996124742794449
8228,0.3352829872738374,-0.1360520127892132,-0.5767540529074101
8229,0.3451082418762568,-0.1343327842468202,-0.5693802209949926
8230,0.3549028882088867,-0.1175365422798119,-0.4973405462391155
8231,0.374522789143936,-0.1025781163350688,-0.4331833292833333
8232,0.3646975345415166,-0.1080225658747577,-0.4565347655649954
8233,0.3549028882088867,-0.1252774427781204,-0.5305415417541306
8234,0.3451082418762568,-0.126900522426311,-0.5375029876649602
8235,0.3392008458068894,-0.1315413519847093,-0.5574076694765918
8236,0.3451082418762568,-0.145447904247436,-0.6170533630758059
8237,0.3451082418762568,-0.1171870680029691,-0.4958416387282121
8238,0.3490261004093087,-0.1168066641733477,-0.4942100732735321
8239,0.2999916522065803,-0.2176514168793945,-0.9267367777619678
8240,0.2941148644070023,-0.124277967472767,-0.5262547568848951
8241,0.9509683340889954,0.4330270948436694,1.8640463299856056
8242,1.503906727835743,1.0380158893808653,4.458864627734422
8243,1.503906727835743,1.0502759048025745,4.51144826669466
8244,1.027458400292877,0.5088199749530251,2.189124668498117
8245,0.4392286714788723,0.0112967703553247,0.0552300798680641
8246,0.3901942232761438,-0.119167811793856,-0.5043371187737185
8247,0.3803995769435139,-0.084229204491349,-0.3544841986121836
8248,0.3705743223410945,-0.0998998444069083,-0.4216961264321562
8249,0.3549028882088867,-0.1286162490660045,-0.5448617997930716
8250,0.3451082418762568,-0.1265156317545004,-0.5358521779857314
8251,0.3451082418762568,-0.1309439101409561,-0.5548452203171863
8252,0.3392008458068894,-0.1361128605006515,-0.5770150308898817
8253,0.3549028882088867,-0.1209299501249,-0.5118949922845085
8254,0.3705743223410945,-0.1044023467399684,-0.4410075178909327
8255,0.3803995769435139,-0.0955210378896814,-0.4029152706943339
8256,0.3901942232761438,-0.0834293874540903,-0.3510537551033617
8257,0.4039067281418257,-0.073595444787649,-0.308875627838352
8258,0.4039067281418257,-0.0696797218337238,-0.2920809538518151
8259,0.419608770543823,-0.0553254819087181,-0.2305151120643249
8260,0.4490233178115022,-0.0271291609688937,-0.109580096135933
8261,0.4745200065461294,0.0003427619824175,0.0082479512462325
8262,0.4999860870109672,0.0252315715024116,0.1149969339295721
8263,0.5294006342786464,0.0544169939191824,0.2401742410109338
8264,0.5646919693459035,0.0893853312256365,0.3901546742089589
8265,0.605890700482528,0.1323647420372185,0.5744948844861918
8266,0.654894540415467,0.1801655866319271,0.7795143944708045
8267,0.7000111300851435,0.2237735207983056,0.9665503636055812
8268,0.7353024651524006,0.2641738867524646,1.139828959441053
8269,0.7764705880192357,0.2993113576318725,1.2905348125044158
8270,0.7862652343518657,0.3134817924276723,1.3513123076038516
8271,0.7803884465522877,0.306144944038991,1.3198443058513187
8272,0.7666759416866058,0.292810448466375,1.2626521835913629
8273,0.7450971114850305,0.2708219837989124,1.16834288237169
8274,0.7000111300851435,0.2268476913840829,0.9797355897757256
8275,0.6411820355497851,0.1670868719925351,0.7234193256633058
8276,0.5803940117479008,0.1074394467053264,0.4675894128675594
8277,0.5254827757455944,0.0514917691065653,0.2276278485201204
8278,0.4706021480130775,-0.0020819285291079,-0.0021516319567869
8279,0.4254855583434009,-0.0480066572602789,-0.1991244147699844
8280,0.3901942232761438,-0.0825515961290468,-0.3472888771214969
8281,0.3646975345415166,-0.1080965033475624,-0.4568518859960767
8282,0.3490261004093087,-0.1244786622222627,-0.5271155437506286
8283,0.3392008458068894,-0.1315802553024365,-0.5575745271797314
8284,0.3392008458068894,-0.1354112575343824,-0.5740058309987952
8285,0.3352829872738374,-0.1356700466770753,-0.5751157867678635
8286,0.3451082418762568,-0.1268776344177835,-0.5374048201883681
8287,0.3549028882088867,-0.1178267305797999,-0.49858517410231
8288,0.3549028882088867,-0.1171903273246777,-0.4958556180740844
8289,0.3549028882088867,-0.1151086993874064,-0.4869274423632124
8290,0.3646975345415166,-0.1084139968563264,-0.4582136268636699
8291,0.3646975345415166,-0.1071143819051595,-0.4526395324576809
8292,0.3588207467419387,-0.1094586231835259,-0.4626940660595743
8293,0.3646975345415166,-0.1102178514875608,-0.4659504230586913
8294,0.3549028882088867,-0.1131613385415118,-0.4785751429472994
8295,0.3549028882088867,-0.1166336108550757,-0.4934678414821453
8296,0.3549028882088867,-0.1161518301442619,-0.4914014670051132
8297,0.3549028882088867,-0.1147099631386705,-0.4852172485157593
8298,0.3549028882088867,-0.1157258539938575,-0.4895744402577509
8299,0.3490261004093087,-0.1203397769875365,-0.5093637188634164
8300,0.3451082418762568,-0.1263353189766816,-0.5350788101160668
8301,0.3392008458068894,-0.1277999343397297,-0.54136059711364
8302,0.3451082418762568,-0.1269615239516818,-0.5377646253608185
8303,0.3392008458068894,-0.128729037581718,-0.5453455537187508
8304,0.3451082418762568,-0.1237680068348618,-0.5240675177057292
8305,0.3646975345415166,-0.1053241965527239,-0.4449613642819955
8306,0.3803995769435139,-0.086777149513435,-0.3654124247622636
8307,0.3901942232761438,-0.0804715890858017,-0.3383676534823259
8308,0.3803995769435139,-0.0847862691559725,-0.3568734686248623
8309,0.374522789143936,-0.0973703073049955,-0.4108468525015557
8310,0.3490261004093087,-0.1156556493228305,-0.4892733299452736
8311,0.3392008458068894,-0.1300304820749583,-0.550927495095281
8312,0.3392008458068894,-0.128968740058996,-0.5463736461060362
8313,0.3549028882088867,-0.1103913775803666,-0.466694682596744
8314,0.374522789143936,-0.095081480716925,-0.4010299944626517
8315,0.3588207467419387,-0.1045472124869445,-0.4416288521939229
8316,0.3549028882088867,-0.1186510063700288,-0.502120522066091
8317,0.3352829872738374,-0.121294196026679,-0.5134572558162475
8318,0.3352829872738374,-0.1368997027915671,-0.5803898252535893
8319,0.3352829872738374,-0.1400560450887346,-0.5939274887948025
8320,0.3294061994742595,-0.1102171027391158,-0.4659472116501775
8321,0.3490261004093087,-0.1417091034133766,-0.6010175143072725
8322,0.2999916522065803,-0.1717193661764956,-0.7297325907535411
8323,0.5254827757455944,0.1165748929297084,0.5067716642334883
8324,1.3019533637648302,0.7366796516717711,3.166422866097346
8325,1.503906727835743,1.157906195529381,4.973078383304649
8326,1.503906727835743,0.9349213086340586,4.016688331353267
8327,0.7156825642173513,0.312793743808804,1.348361242787277
8328,0.3843174354765659,-0.0914375062727738,-0.3854008594280998
8329,0.3705743223410945,-0.1111291012912595,-0.4698588056366963
8330,0.3843174354765659,-0.0617970664047635,-0.2582719664348462
8331,0.374522789143936,-0.0925508159341399,-0.3901758838689792
8332,0.3549028882088867,-0.1135643592276429,-0.4803037128979945
8333,0.3451082418762568,-0.1144806086776041,-0.4842335391353224
8334,0.3392008458068894,-0.1218629081060833,-0.5158964820021109
8335,0.3549028882088867,-0.1114246946124829,-0.4711266158267835
8336,0.374522789143936,-0.086545638021237,-0.3644194637991536
8337,0.3901942232761438,-0.0701136452924771,-0.2939420668852505
8338,0.4039067281418257,-0.0610576363201333,-0.2551005246976945
8339,0.4098141242111931,-0.0503449903810322,-0.209153608075299
8340,0.4294034168764529,-0.0316558347572855,-0.1289951598199544
8341,0.4549001056110801,-0.0075784820967436,-0.0257265442537464
8342,0.4745200065461294,0.0134128424601789,0.0643059878296849
8343,0.4941092992113892,0.0350486746149423,0.1571028357533709
8344,0.5254827757455944,0.0621333997345669,0.2732701779661496
8345,0.5451026766806437,0.0869820241277216,0.3798468052218156
8346,0.5705993654152709,0.1090375227416779,0.4744436174045061
8347,0.6000139126829501,0.1405818720440707,0.6097384451757277
8348,0.6450998940828371,0.1850218384419737,0.8003430299248285
8349,0.6901858754827241,0.231387544907857,0.9992071818100874
8350,0.7313846066193487,0.2701147667788623,1.165309603605743
8351,0.7548917578176605,0.2991172564924332,1.2897023058649892
8352,0.7803884465522877,0.3173267133790234,1.367803309301818
8353,0.7803884465522877,0.3254205164192278,1.4025179162775776
8354,0.7862652343518657,0.3255920028765792,1.4032534277471609
8355,0.7705938002196577,0.3126341796598489,1.3476768665193002
8356,0.7353024651524006,0.2785418203578342,1.2014535339070531
8357,0.6862680169496722,0.2260603295169894,0.9763585669314484
8358,0.6196032053482099,0.1648172978967953,0.7136850422436808
8359,0.5607741108128516,0.1007979066182753,0.4391036129672557
8360,0.4941092992113892,0.0383064014250571,0.1710753410498025
8361,0.4392286714788723,-0.0175712617454083,-0.0685859289429499
8362,0.3941120818091958,-0.06424741601729,-0.2687816024279053
8363,0.3549028882088867,-0.0997316266311533,-0.4209746344533344
8364,0.3352829872738374,-0.122560784415733,-0.5188896981313943
8365,0.3196115531416296,-0.1359439797501226,-0.5762906953888495
8366,0.3137347653420516,-0.1426092140936068,-0.6048781207914754
8367,0.3137347653420516,-0.1413339655438659,-0.599408534741412
8368,0.3235294116746816,-0.1334455411619552,-0.5655748040815769
8369,0.3294061994742595,-0.1245596597721851,-0.5274629451017102
8370,0.3352829872738374,-0.1205148248567891,-0.5101145053543729
8371,0.3352829872738374,-0.1207060296915773,-0.5109345896409024
8372,0.3352829872738374,-0.1175576714564686,-0.4974311700237215
8373,0.3451082418762568,-0.1113211665525706,-0.4706825803229584
8374,0.3451082418762568,-0.108787529826301,-0.459815722958762
8375,0.3490261004093087,-0.1052699141086451,-0.444728544963003
8376,0.3549028882088867,-0.0984451244177822,-0.4154567810426719
8377,0.3549028882088867,-0.1010719240953905,-0.4267232175941006
8378,0.3392008458068894,-0.1126649447996256,-0.4764460926641126
8379,0.3352829872738374,-0.1183735172141902,-0.5009303612804723
8380,0.3352829872738374,-0.1203359340839287,-0.5093472365141761
8381,0.3235294116746816,-0.1267568203087073,-0.536886644209428
8382,0.3235294116746816,-0.1316899299495152,-0.5580449256129069
8383,0.3196115531416296,-0.1329392727109773,-0.5634034008224879
8384,0.3137347653420516,-0.1380185859676098,-0.585188754695679
8385,0.3098169068089997,-0.1446875287635986,-0.613792085782017
8386,0.3098169068089997,-0.1407029488233075,-0.5967020817500918
8387,0.3294061994742595,-0.1247619735976623,-0.5283306762414868
8388,0.3392008458068894,-0.1109802756502852,-0.4692204872085513
8389,0.3490261004093087,-0.1059182143299242,-0.4475091274990754
8390,0.3451082418762568,-0.1033703844557463,-0.4365813952224383
8391,0.3451082418762568,-0.1091246668751648,-0.4612617156633212
8392,0.3196115531416296,-0.1322063518384664,-0.5602598773259112
8393,0.2941148644070023,-0.1547808523429477,-0.657082706939438
8394,0.2999916522065803,-0.1547745725444509,-0.6570557726619889
8395,0.3098169068089997,-0.1390698819257549,-0.5896978001741677
8396,0.3235294116746816,-0.129041583622408,-0.5466860747211137
8397,0.3137347653420516,-0.1352582874662617,-0.5733497369763082
8398,0.3098169068089997,-0.14535630065034,-0.6166604720139703
8399,0.2999916522065803,-0.1458144775860077,-0.6186256090661145
8400,0.2999916522065803,-0.1514516917987093,-0.6428038198355182
8401,0.3039095107396323,-0.1546618500276929,-0.6565723018081597
8402,0.3098169068089997,-0.1278244279652731,-0.5414656511382966
8403,0.3235294116746816,-0.1320745498494708,-0.5596945739420905
8404,0.2843202180743724,-0.1789543441301555,-0.7607636666139251
8405,0.4039067281418257,-0.0188078186869462,-0.073889565319497
8406,0.996084923758672,0.518254803216048,2.22959097999689
8407,1.503906727835743,1.0675921212044317,4.5857181301583125
8408,1.503906727835743,1.0626586194716108,4.564558167058348
8409,0.9764650228236226,0.4947066131285096,2.128591961387372
8410,0.3646975345415166,-0.0438478568154199,-0.181287172843444
8411,0.3098169068089997,-0.1684628434621648,-0.7157652498664354
8412,0.3451082418762568,-0.1004696949975919,-0.4241402357330895
8413,0.3352829872738374,-0.1030920571373534,-0.4353876395280345
8414,0.3352829872738374,-0.1249403983834503,-0.5290959464466792
8415,0.3352829872738374,-0.1114184269281849,-0.4710997335075607
8416,0.3352829872738374,-0.1130950203641992,-0.4782907019435686
8417,0.3294061994742595,-0.1200491365107939,-0.5081171515981581
8418,0.3451082418762568,-0.1059833079277336,-0.4477883162380856
8419,0.3549028882088867,-0.0939288159251963,-0.396086174478289
8420,0.3588207467419387,-0.0888284592364689,-0.3742105645819445
8421,0.374522789143936,-0.0771840797894543,-0.3242674100510285
8422,0.3843174354765659,-0.0644795885321781,-0.2697773985406693
8423,0.3941120818091958,-0.0532593485558287,-0.2216533931728738
8424,0.4156909120107711,-0.0363413207720459,-0.1490913747494343
8425,0.4352802046760309,-0.0128825098412124,-0.048475706498385
8426,0.4607768934106581,0.0132342341137867,0.0635399303265808
8427,0.4901914406783372,0.0373874781251921,0.1671340465758421
8428,0.5098113416133866,0.0633883054160464,0.2786525127360736
8429,0.5509794644802216,0.1015186483936073,0.4421948998860723
8430,0.6000139126829501,0.1485580477728333,0.6439485444601051
8431,0.6450998940828371,0.1983746260095298,0.8576136071968464
8432,0.7058879178847215,0.2553920207168847,1.1021632259873722
8433,0.7607991538870279,0.3113120976502831,1.3420064101066815
8434,0.796090488954285,0.3471907709248925,1.4958913064098047
8435,0.8117619230864929,0.3625466475521733,1.5617532033742316
8436,0.8156797816195448,0.3655374618552608,1.5745809115051848
8437,0.800008347487337,0.3517310781079796,1.5153648442049754
8438,0.7666759416866058,0.3157903261162021,1.361213690092347
8439,0.7098057764177734,0.261798992025511,1.1296429521160072
8440,0.6450998940828371,0.1946264559142654,0.8415375733362407
8441,0.5705993654152709,0.1208398378791439,0.5250641636873873
8442,0.4999860870109672,0.051316257692366,0.2268750738685229
8443,0.4392286714788723,-0.0109143605947949,-0.0400342448987344
8444,0.3843174354765659,-0.0666992211522863,-0.2792974812082216
8445,0.3392008458068894,-0.1078880940926673,-0.4559580113443391
8446,0.3196115531416296,-0.1327042543416586,-0.5623953987396034
8447,0.2999916522065803,-0.1493559376565214,-0.63381505633306
8448,0.2941148644070023,-0.1548561386925629,-0.657405612750779
8449,0.3039095107396323,-0.1472442667644401,-0.6247580253283987
8450,0.3098169068089997,-0.1404153912963801,-0.5954687373654285
8451,0.3098169068089997,-0.1399262745225242,-0.5933708982550232
8452,0.3098169068089997,-0.1397442629430493,-0.5925902441650827
8453,0.3137347653420516,-0.1396819095136175,-0.5923228081049804
8454,0.3098169068089997,-0.1364115838566613,-0.5782962659096677
8455,0.3294061994742595,-0.124978890130068,-0.5292610389068004
8456,0.3352829872738374,-0.1132460807525559,-0.4789386052821302
8457,0.3451082418762568,-0.1067656387491901,-0.4511437607500143
8458,0.3490261004093087,-0.1009142544663315,-0.4260469669888402
8459,0.3549028882088867,-0.0974915242364514,-0.4113667561999032
8460,0.3490261004093087,-0.1008074475197198,-0.4255888682242065
8461,0.3451082418762568,-0.1069314488982534,-0.4518549263329587
8462,0.3392008458068894,-0.1117253658744835,-0.4724162054841311
8463,0.3392008458068894,-0.1132201256543066,-0.4788272829494436
8464,0.3392008458068894,-0.110554773757764,-0.4673954945699928
8465,0.3451082418762568,-0.1088825202500977,-0.4602231402398823
8466,0.3392008458068894,-0.111431129164677,-0.4711542138483036
8467,0.3352829872738374,-0.1161052928176092,-0.4912018667681879
8468,0.3294061994742595,-0.1246873194120613,-0.5280104818039201
8469,0.3196115531416296,-0.1308101697930892,-0.5542716032437366
8470,0.3352829872738374,-0.1184792657057183,-0.5013839202938857
8471,0.3549028882088867,-0.0955988779696041,-0.4032491295451184
8472,0.3705743223410945,-0.0864327082154492,-0.3639351038753576
8473,0.3549028882088867,-0.091918227448113,-0.3874626895200764
8474,0.3549028882088867,-0.1033555797603193,-0.4365178973611003
8475,0.3294061994742595,-0.1218875326138843,-0.5160020973853908
8476,0.3137347653420516,-0.1376423918011587,-0.5835752446349507
8477,0.3235294116746816,-0.1339055238322288,-0.5675476859931937
8478,0.3352829872738374,-0.115046148210917,-0.4866591581589991
8479,0.3490261004093087,-0.1060834427645848,-0.4482177980884104
8480,0.3352829872738374,-0.1178470102777442,-0.4986721544427294
8481,0.3352829872738374,-0.1231519315481968,-0.5214251490518568
8482,0.3294061994742595,-0.1155514281253709,-0.4888263215500383
8483,0.3352829872738374,-0.1273122574920706,-0.5392689338975265
8484,0.3352829872738374,-0.1244059266113192,-0.5268035781474996
8485,0.3451082418762568,-0.087928281173888,-0.3703496690924605
8486,0.3451082418762568,-0.1308635977783275,-0.5545007577585971
8487,0.2843202180743724,-0.1814924228310672,-0.7716495757641768
8488,0.4941092992113892,0.0986203380279018,0.4297639444082261
8489,1.266662028697573,0.7141758774215804,3.069903383885328
8490,1.503906727835743,1.14865598482874,4.933403903048504
8491,1.503906727835743,0.978854876065252,4.2051209530566975
8492,0.8156797816195448,0.3793507851246037,1.633826742660503
8493,0.3549028882088867,-0.0817459894565969,-0.3438336016629478
8494,0.3352829872738374,-0.1494576783186648,-0.6342514256247538
8495,0.3549028882088867,-0.0906473295483574,-0.3820117635613914
8496,0.3352829872738374,-0.1131991561806945,-0.4787373441368339
8497,0.3294061994742595,-0.1413900871723525,-0.5996492423872583
8498,0.3098169068089997,-0.1401341400677155,-0.5942624409166464
8499,0.3098169068089997,-0.1475384942096261,-0.6260199772279418
8500,0.3137347653420516,-0.1460744838818126,-0.6197407852478495
8501,0.3294061994742595,-0.1277894541725558,-0.5413156473066488
8502,0.3451082418762568,-0.1124785134176538,-0.4756464818852302
8503,0.3588207467419387,-0.0989015728017724,-0.4174145042756479
8504,0.374522789143936,-0.0858093955416222,-0.3612616938124451
8505,0.3803995769435139,-0.0762391344666423,-0.3202145062019904
8506,0.3999888696087737,-0.0595908053530014,-0.2488092348959882
8507,0.4254855583434009,-0.0338310997230105,-0.1383249480515415
8508,0.4490233178115022,-0.0100204615603697,-0.0362002803826794
8509,0.4706021480130775,0.0119333720434359,0.0579604869823849
8510,0.4999860870109672,0.0387761269118221,0.1730900102453026
8511,0.5294006342786464,0.0714176409600995,0.313090616344938
8512,0.5745172239483228,0.1127994836322363,0.4905788004729855
8513,0.6254799931477878,0.1664665076541634,0.7207585611152465
8514,0.6862680169496722,0.2254413575359099,0.97370377425297
8515,0.7411792529519786,0.2798613307702045,1.2071129606485147
8516,0.7862652343518657,0.3267025999908312,1.4080168179777066
8517,0.8215565694191228,0.3595953200883491,1.5490948556908866
8518,0.8313818240215421,0.3700714125694592,1.5940271861808886
8519,0.8255050362219641,0.3645526206388875,1.5703568927602134
8520,0.8117619230864929,0.3500060293065636,1.507966048996135
8521,0.7764705880192357,0.3143333957697799,1.3549648644023873
8522,0.7156825642173513,0.2531984856002387,1.092755076433492
8523,0.6450998940828371,0.184370663515778,0.7975501176778829
8524,0.5803940117479008,0.116374977574753,0.5059142202184532
8525,0.5098113416133866,0.046838951751935,0.2076717506272433
8526,0.4451054592784502,-0.0152034551033234,-0.0584303226641375
8527,0.4039067281418257,-0.0624717210221475,-0.2611655839062043
8528,0.3646975345415166,-0.0968947565767502,-0.4088071986396976
8529,0.3451082418762568,-0.1177013996202098,-0.498047625192057
8530,0.3352829872738374,-0.1299976905647067,-0.5507868511501701
8531,0.3235294116746816,-0.1403590235387309,-0.5952269740629146
8532,0.3196115531416296,-0.1418137744185879,-0.6014664519438344
8533,0.3352829872738374,-0.1332325541489926,-0.5646612952638789
8534,0.3352829872738374,-0.1257198315261369,-0.5324389627120667
8535,0.3451082418762568,-0.1209825566646953,-0.5121206235908644
8536,0.3490261004093087,-0.11642372652822,-0.4925676401946942
8537,0.3490261004093087,-0.1145719697306559,-0.4846253899171898
8538,0.3549028882088867,-0.1121717027004775,-0.4743305598878921
8539,0.3588207467419387,-0.1047517569530603,-0.4425061506301469
8540,0.3705743223410945,-0.0971013123369531,-0.4096931235872661
8541,0.3705743223410945,-0.09365897317008,-0.3949288093753099
8542,0.374522789143936,-0.0924312669158717,-0.3896631339091762
8543,0.374522789143936,-0.0916552214859535,-0.386334647663449
8544,0.374522789143936,-0.0918731755500251,-0.3872694603387058
8545,0.3705743223410945,-0.095508934849247,-0.4028633603266359
8546,0.3646975345415166,-0.1036356741579097,-0.4377192321205655
8547,0.3549028882088867,-0.1104483762548769,-0.4669391519239486
8548,0.3549028882088867,-0.1130604484684251,-0.4781424218620985
8549,0.3490261004093087,-0.1190957177890226,-0.5040279050418462
8550,0.3352829872738374,-0.1309367598046213,-0.5548145522722173
8551,0.3294061994742595,-0.1389552979930756,-0.5892063456417383
8552,0.3352829872738374,-0.1339930377734172,-0.567923036376464
8553,0.3490261004093087,-0.1161817081426284,-0.491529614794893
8554,0.374522789143936,-0.096894184779941,-0.4088047461829967
8555,0.3803995769435139,-0.0866048140734143,-0.3646732719760399
8556,0.3843174354765659,-0.083876495421826,-0.3529714169612766
8557,0.3803995769435139,-0.0898896964535573,-0.3787622484709982
8558,0.3588207467419387,-0.1094211260494622,-0.4625332395278101
8559,0.3392008458068894,-0.1297155826105075,-0.5495768801753249
8560,0.3392008458068894,-0.1310524730844918,-0.5553108506146193
8561,0.3549028882088867,-0.114083508656813,-0.4825303631272884
8562,0.3705743223410945,-0.0994273993134754,-0.419669792747647
8563,0.3646975345415166,-0.1046383693770271,-0.4420198273136078
8564,0.3549028882088867,-0.116082385460355,-0.491103616304224
8565,0.3588207467419387,-0.1131367428926497,-0.4784696513410273
8566,0.3392008458068894,-0.1220376331670115,-0.5166458839567679
8567,0.3451082418762568,-0.1418711179008103,-0.6017124001634889
8568,0.3490261004093087,-0.1109425708696223,-0.4690587700731926
8569,0.3549028882088867,-0.1018558608678065,-0.4300855500863897
8570,0.3098169068089997,-0.2048096537007013,-0.8716580021345272
8571,0.2843202180743724,-0.1376143205913508,-0.5834548462250839
8572,0.8764678054214292,0.3857267179678337,1.6611733437152996
8573,1.503906727835743,1.0031797805282865,4.309451327043142
8574,1.503906727835743,1.1014440019220135,4.730910041632288
8575,1.1862847122304288,0.6307235266325821,2.7119733052247845
8576,0.4999860870109672,0.0969174193451019,0.422460066059392
8577,0.4039067281418257,-0.1030493085241815,-0.4352042892169818
8578,0.3941120818091958,-0.0756299987378196,-0.3176019015566915
8579,0.3803995769435139,-0.0807476234073895,-0.3395515744324827
8580,0.3549028882088867,-0.1256820533599712,-0.5322769308236959
8581,0.3392008458068894,-0.1329381289378779,-0.5633984951392859
8582,0.3451082418762568,-0.125701659234912,-0.5323610211134651
8583,0.3549028882088867,-0.1184081010897602,-0.50107869274371
8584,0.374522789143936,-0.0998011352759819,-0.4212727594848748
8585,0.3843174354765659,-0.088359859813998,-0.3722007251159555
8586,0.3843174354765659,-0.0882961871742873,-0.3719276309163948
8587,0.3941120818091958,-0.0803806565700136,-0.3379776407119112
8588,0.4098141242111931,-0.0637990792578244,-0.2668586702388806
8589,0.4254855583434009,-0.0472870745176723,-0.1960380989834446
8590,0.4451054592784502,-0.0300969444403733,-0.1223090242170601
8591,0.4607768934106581,-0.012091496731647,-0.0450830233462456
8592,0.4803967943457073,0.0053986895777974,0.029933003192725
8593,0.4999860870109672,0.0264219015558198,0.1201023015509786
8594,0.5294006342786464,0.0546989794258033,0.2413836868037928
8595,0.5646919693459035,0.0900535887086635,0.3930208541452212
8596,0.605890700482528,0.1320661984092797,0.5732144203264471
8597,0.654894540415467,0.179087613311296,0.7748909288428197
8598,0.7000111300851435,0.2264496684808827,0.9780284554924584
8599,0.7450971114850305,0.2691221637631774,1.1610522942295087
8600,0.7764705880192357,0.3022270583520737,1.3030403558266277
8601,0.796090488954285,0.3208861664659588,1.3830699292514057
8602,0.800008347487337,0.3240325860099151,1.396565033753792
8603,0.7862652343518657,0.3126333477269362,1.3476732983296678
8604,0.7607991538870279,0.283492387887797,1.222686692813435
8605,0.7098057764177734,0.2359220896646603,1.0186560043554953
8606,0.654894540415467,0.1781811964803793,0.7710032750556957
8607,0.5901886580805307,0.1159352221388144,0.5040280936289833
8608,0.5294006342786464,0.0516596896007788,0.2283480654479158
8609,0.4706021480130775,-0.0030403441148872,-0.0062623102392338
8610,0.4352802046760309,-0.0418796889002742,-0.172845631172959
8611,0.3999888696087737,-0.0756894959215551,-0.317857087078168
8612,0.3705743223410945,-0.1057566050007689,-0.4468159793810183
8613,0.3549028882088867,-0.1198539107328668,-0.507279821344554
8614,0.3549028882088867,-0.1233216301238857,-0.5221529922338719
8615,0.3451082418762568,-0.129431950276322,-0.5483603710809033
8616,0.3451082418762568,-0.132126183326683,-0.5599160317486753
8617,0.3490261004093087,-0.1263672320713585,-0.5352156865057672
8618,0.3549028882088867,-0.1232588437818025,-0.5218836993961247
8619,0.3490261004093087,-0.1252163830319403,-0.530279654347166
8620,0.3549028882088867,-0.1232943244140104,-0.5220358770802407
8621,0.3588207467419387,-0.1172834830881347,-0.4962551664322385
8622,0.3646975345415166,-0.1114969361779967,-0.4714364624516233
8623,0.3705743223410945,-0.1066653184163633,-0.4507134833009016
8624,0.3705743223410945,-0.1059849514817958,-0.4477953654994809
8625,0.3646975345415166,-0.1117363961777842,-0.4724635148443917
8626,0.3588207467419387,-0.1186701246567553,-0.5022025210727957
8627,0.3549028882088867,-0.1209882606076347,-0.5121450880034984
8628,0.3588207467419387,-0.1191238918603454,-0.5041487446283818
8629,0.3588207467419387,-0.1171626463566305,-0.495736893424906
8630,0.3588207467419387,-0.1184843596730194,-0.5014057684994729
8631,0.3549028882088867,-0.1225254448524422,-0.518738125496844
8632,0.3490261004093087,-0.1268081972261192,-0.5371070016219719
8633,0.3451082418762568,-0.1331375786892294,-0.5642539421640266
8634,0.3352829872738374,-0.140898604888653,-0.5975412575216239
8635,0.3392008458068894,-0.1384800107790927,-0.5871678220018546
8636,0.3549028882088867,-0.1212802060619093,-0.5133972523634611
8637,0.374522789143936,-0.1033258443461525,-0.4363903611199867
8638,0.3843174354765659,-0.0933556885611253,-0.3936280109806169
8639,0.3843174354765659,-0.0899548475830169,-0.3790416839652872
8640,0.3803995769435139,-0.1007139444865057,-0.4251878304138045
8641,0.3490261004093087,-0.1252005078195002,-0.5302115650005662
8642,0.3352829872738374,-0.1419211055288735,-0.60192679886497
8643,0.3392008458068894,-0.1397940672104465,-0.5928038564261942
8644,0.3490261004093087,-0.126318690388037,-0.5350074895123295
8645,0.3646975345415166,-0.1125785635969282,-0.4760756006362193
8646,0.3646975345415166,-0.1126274401140358,-0.4762852337435864
8647,0.3549028882088867,-0.1235065365540316,-0.5229460624405375
8648,0.3451082418762568,-0.1291919663033371,-0.5473310713485932
8649,0.3392008458068894,-0.1373550532649554,-0.5823428395092342
8650,0.3451082418762568,-0.1403512416838596,-0.5951935974126481
8651,0.3451082418762568,-0.1175942877539311,-0.4975882186162069
8652,0.3549028882088867,-0.1307322021275632,-0.5539371971737954
8653,0.3039095107396323,-0.1803896846476017,-0.766919892765219
8654,0.4392286714788723,-0.0153021810283074,-0.0588537616417249
8655,1.021581612493299,0.518511639722697,2.230692560841032
8656,1.503906727835743,1.0460437123716035,4.493296243948721
8657,1.503906727835743,1.024628219812929,4.40144444033133
8658,0.9823418106232006,0.4864269925476839,2.0930803764199526
8659,0.4451054592784502,0.0029239912878594,0.0193189348626643
8660,0.3941120818091958,-0.1131739995459212,-0.4786294464421841
8661,0.3843174354765659,-0.0802177944415381,-0.3372791192933421
8662,0.3705743223410945,-0.1015864660905641,-0.4289301063763268
8663,0.3549028882088867,-0.1288446998816077,-0.5458416334062153
8664,0.3451082418762568,-0.1300363137618709,-0.5509525074063258
8665,0.3392008458068894,-0.1330176714910001,-0.5637396559577255
8666,0.3549028882088867,-0.1250279410953452,-0.5294714202285254
8667,0.3705743223410945,-0.1054035758908057,-0.4453018250653649
8668,0.3803995769435139,-0.0934813021724771,-0.3941667721942545
8669,0.3941120818091958,-0.0836364161827063,-0.3519417086291513
8670,0.4039067281418257,-0.0719258839977917,-0.3017148226699856
8671,0.4098141242111931,-0.0651757032231961,-0.2727630590254508
8672,0.419608770543823,-0.0565957893364498,-0.235963505467654
8673,0.4392286714788723,-0.0368599650511767,-0.1513158583723762
8674,0.46469475194371,-0.0099249653702123,-0.0357906938517829
8675,0.4901914406783372,0.013913235240766,0.0664521901310384
8676,0.5058934830803345,0.0311002798222258,0.140168031096841
8677,0.5294006342786464,0.0530818318636821,0.2344476838195359
8678,0.5646919693459035,0.091845085098239,0.4007046454054833
8679,0.6196032053482099,0.1409748312417882,0.6114238610474152
8680,0.6607713282150449,0.1897134925511862,0.8204657000291663
8681,0.7156825642173513,0.2374367507574864,1.0251524392548557
8682,0.7509738992846084,0.2789780401940018,1.2033244961842875
8683,0.7803884465522877,0.3035651518043362,1.3087794858822257
8684,0.7862652343518657,0.3132229767872893,1.3502022381852548
8685,0.7901830928849176,0.3154376538989721,1.3597010665022258
8686,0.7803884465522877,0.3055765609912128,1.3174064908937153
8687,0.7509738992846084,0.2775128195249864,1.1970401130080517
8688,0.7098057764177734,0.235728551916733,1.017825914122153
8689,0.6607713282150449,0.186373658190685,0.8061410325504765
8690,0.605890700482528,0.1325914505670833,0.5754672453742953
8691,0.5509794644802216,0.0776744286060805,0.3399261994425387
8692,0.4999860870109672,0.025481517412352,0.1160689607611715
8693,0.4549001056110801,-0.0174847832920217,-0.0682150198034174
8694,0.4254855583434009,-0.0476490328352306,-0.1975905509857021
8695,0.4039067281418257,-0.0703108151880371,-0.2947877355280155
8696,0.3843174354765659,-0.0871414783136717,-0.3669750438484142
8697,0.3803995769435139,-0.0931570970590555,-0.3927762450173443
8698,0.3803995769435139,-0.0921417523102358,-0.3884213955448413
8699,0.3803995769435139,-0.0920247248595859,-0.3879194606775723
8700,0.3803995769435139,-0.0914114514102762,-0.3852891092030303
8701,0.3843174354765659,-0.0889631870276057,-0.3747884168344386
8702,0.3803995769435139,-0.0899814549249008,-0.3791558037939488
8703,0.3803995769435139,-0.0932128381535881,-0.3930153205396279
8704,0.3803995769435139,-0.0898812664460799,-0.3787260918713223
8705,0.3901942232761438,-0.0815518638758695,-0.3430009901939736
8706,0.3941120818091958,-0.0783812369723933,-0.3294020594720114
8707,0.3901942232761438,-0.0792103252697239,-0.3329580484486479
8708,0.3941120818091958,-0.0781569517331038,-0.328440092162735
8709,0.3901942232761438,-0.0802469996405142,-0.3374043814227845
8710,0.3843174354765659,-0.0866417549326243,-0.3648317126253184
8711,0.3803995769435139,-0.0891239582819647,-0.3754779704201078
8712,0.3803995769435139,-0.0915964565312649,-0.3860826026982047
8713,0.3646975345415166,-0.1036757649808302,-0.4378911830754018
8714,0.3549028882088867,-0.1166770872434682,-0.4936543132468119
8715,0.3490261004093087,-0.1195289957240632,-0.5058862494012888
8716,0.3490261004093087,-0.1209797197357137,-0.51210845590231
8717,0.3451082418762568,-0.1254718079101549,-0.5313751806671179
8718,0.3490261004093087,-0.1182003665424158,-0.5001877119364767
8719,0.3705743223410945,-0.0997435023649786,-0.4210255698949613
8720,0.3803995769435139,-0.0892829055561108,-0.3761597008902517
8721,0.3803995769435139,-0.0868092744819601,-0.3655502098863787
8722,0.3803995769435139,-0.0879903116923633,-0.3706157201760706
8723,0.3646975345415166,-0.1064968968593061,-0.4499911172968805
8724,0.3294061994742595,-0.1353318260237928,-0.5736651464456979
8725,0.3235294116746816,-0.1457700157441956,-0.6184349106569416
8726,0.3352829872738374,-0.1340703010847939,-0.5682544214465929
8727,0.3490261004093087,-0.1168827457111905,-0.494536389675254
8728,0.3549028882088867,-0.1113957384860024,-0.4710024219780676
8729,0.3490261004093087,-0.1222143936299517,-0.5174040158225104
8730,0.3392008458068894,-0.1262502557651848,-0.5347139709989622
8731,0.3352829872738374,-0.1257260094010844,-0.5324654598358147
8732,0.3352829872738374,-0.1419497921367765,-0.6020498367389922
8733,0.3352829872738374,-0.1302867015599179,-0.5520264295116144
8734,0.3352829872738374,-0.1104115215209918,-0.4667810806692291
8735,0.3137347653420516,-0.184812692810975,-0.7858903309238183
8736,0.2843202180743724,-0.1737289903848339,-0.7383519399290647
8737,0.6607713282150449,0.2489896674433857,1.074703306774429
8738,1.503906727835743,0.9119371333240764,3.918108392036157
8739,1.503906727835743,1.211025472784356,5.200908838726294
8740,1.468615392768486,0.8347780045650761,3.5871701648325103
8741,0.5196059879460164,0.167791215337413,0.7264402791349893
8742,0.3352829872738374,-0.1667161569067813,-0.7082736495669486
8743,0.3588207467419387,-0.1221977229479725,-0.5173325146789749
8744,0.3588207467419387,-0.0808699894518069,-0.3400764067168894
8745,0.3490261004093087,-0.1208717747232838,-0.5116454759332048
8746,0.3549028882088867,-0.12125524381597,-0.5132901884093829
8747,0.3352829872738374,-0.1161020444889833,-0.4911879345720354
8748,0.3392008458068894,-0.128311214227979,-0.5435534946041054
8749,0.3490261004093087,-0.1181183139805794,-0.4998357856020508
8750,0.3549028882088867,-0.1050916537415927,-0.4439639799555721
8751,0.3646975345415166,-0.0995839412981927,-0.4203412068465166
8752,0.3843174354765659,-0.0793379599448727,-0.3335054780762606
8753,0.4039067281418257,-0.0597063050629892,-0.2493046172296234
8754,0.4039067281418257,-0.0576957024482228,-0.2406810716343889
8755,0.4098141242111931,-0.0540601652376399,-0.2250881241924719
8756,0.4254855583434009,-0.036786051605885,-0.1509988409961465
8757,0.4490233178115022,-0.0136826693479919,-0.0519076188710719
8758,0.4745200065461294,0.0126680912892815,0.0611117237656823
8759,0.5058934830803345,0.0431906425052209,0.1920240234714672
8760,0.5392258888810657,0.077244184390943,0.3380808668148602
8761,0.5803940117479008,0.1187539450699892,0.5161176957904442
8762,0.6293978516808398,0.1678230652896971,0.7265768847047378
8763,0.6803912291500942,0.2175859395681523,0.9400116092686662
8764,0.7254772105499813,0.2658202544293943,1.1468902885292838
8765,0.7705938002196577,0.3076788642756415,1.3264233438984494
8766,0.7901830928849176,0.3300944096449852,1.4225644093257623
8767,0.796090488954285,0.3334552652163583,1.4369792375199957
8768,0.7862652343518657,0.328097665243894,1.4140003020982186
8769,0.7705938002196577,0.3063837504763463,1.3208685550917427
8770,0.7156825642173513,0.2571683762433661,1.1097820775513043
8771,0.6509766818824151,0.1907090355224617,0.8247356189787183
8772,0.5843118702809528,0.1213273498251742,0.5271551196345933
8773,0.5098113416133866,0.0524991340302785,0.231948472241029
8774,0.4490233178115022,-0.0128893468795681,-0.0485050307972613
8775,0.3941120818091958,-0.066720412108497,-0.2793883699675157
8776,0.3549028882088867,-0.1026619016297062,-0.4335426873699136
8777,0.3352829872738374,-0.1270184645107906,-0.5380088454290142
8778,0.3098169068089997,-0.1495091007566237,-0.6344719782765308
8779,0.2941148644070023,-0.1639539505274122,-0.6964264488913917
8780,0.2999916522065803,-0.1623303432703783,-0.6894627400476069
8781,0.3039095107396323,-0.1534296978788201,-0.6512875577428562
8782,0.3137347653420516,-0.1466413202397401,-0.6221719663980801
8783,0.3196115531416296,-0.1404136596370915,-0.5954613102176067
8784,0.3235294116746816,-0.1336831872818284,-0.5665940766793574
8785,0.3352829872738374,-0.1270305673288249,-0.5380607548428302
8786,0.3392008458068894,-0.1169526464009008,-0.4948361962011323
8787,0.3549028882088867,-0.1059288381698117,-0.4475546935234074
8788,0.3549028882088867,-0.1040223069762638,-0.4393775139278226
8789,0.3490261004093087,-0.1093099411500497,-0.4620563635690585
8790,0.3490261004093087,-0.1098964850704147,-0.4645720711503215
8791,0.3549028882088867,-0.1051071162954514,-0.4440302993949481
8792,0.3549028882088867,-0.1022178271685206,-0.4316380363286843
8793,0.3549028882088867,-0.1049629536059672,-0.4434119805303608
8794,0.3451082418762568,-0.1135595298493973,-0.4802829995242072
8795,0.3352829872738374,-0.1229430971507294,-0.5205294509486179
8796,0.3294061994742595,-0.1291367188545396,-0.5470941130902945
8797,0.3235294116746816,-0.136083786047844,-0.576890329535372
8798,0.3137347653420516,-0.1436888567295738,-0.6095087461718678
8799,0.3137347653420516,-0.1448554456655041,-0.6145122873022765
8800,0.3235294116746816,-0.1365955400143786,-0.5790852603643395
8801,0.3352829872738374,-0.1208026092128285,-0.5113488226171051
8802,0.3549028882088867,-0.105254370559424,-0.4446618781316583
8803,0.3588207467419387,-0.0997262845817684,-0.4209517222149316
8804,0.3549028882088867,-0.1023636849668861,-0.4322636255751061
8805,0.3490261004093087,-0.110325146151686,-0.4664106136609584
8806,0.3294061994742595,-0.129224496963199,-0.5474705964971739
8807,0.3098169068089997,-0.1482215055923545,-0.6289494371608818
8808,0.3137347653420516,-0.144365396784345,-0.6124104503507415
8809,0.3352829872738374,-0.1244521441880699,-0.5270018069658069
8810,0.3392008458068894,-0.1183065698794696,-0.5006432217984074
8811,0.3294061994742595,-0.1283179623641585,-0.5435824375984093
8812,0.3352829872738374,-0.1270029732224036,-0.5379424027462318
8813,0.3352829872738374,-0.1179937908891641,-0.4993017016669197
8814,0.3294061994742595,-0.1297784940993116,-0.5498467097717762
8815,0.3451082418762568,-0.1258202312297981,-0.5328695805854903
8816,0.3451082418762568,-0.0892412023443217,-0.3759808343426356
8817,0.3490261004093087,-0.1276350411767597,-0.5406533645164222
8818,0.2901970058739504,-0.1831429148841977,-0.7787285944475365
8819,0.4706021480130775,0.0696897815541765,0.3056797663541441
8820,1.2117507926952666,0.6679444190641737,2.871615026876699
8821,1.503906727835743,1.1250957488768745,4.83235321930163
8822,1.503906727835743,0.9989006751909284,4.291098093185537
8823,0.886262451754059,0.4278013344985584,1.841632859379894
8824,0.3941120818091958,-0.034116949573533,-0.1395509681518178
8825,0.374522789143936,-0.1159298788392917,-0.4904495100225273
8826,0.3843174354765659,-0.0654552904622218,-0.2739622185639278
8827,0.3588207467419387,-0.0901005800604548,-0.3796667357058263
8828,0.3549028882088867,-0.1173258589687504,-0.4964369180801992
8829,0.3451082418762568,-0.1113735216622515,-0.4709071332366774
8830,0.3392008458068894,-0.1138072420098997,-0.4813454457256087
8831,0.3549028882088867,-0.1127508830240911,-0.4768146847427307
8832,0.3549028882088867,-0.1010239606701739,-0.4265175007700891
8833,0.3646975345415166,-0.0940831745886094,-0.3967482242350069
8834,0.374522789143936,-0.0877926811524902,-0.3697680758135845
8835,0.3803995769435139,-0.0784370882456096,-0.3296416075545592
8836,0.3901942232761438,-0.068826583200987,-0.2884218121375701
8837,0.4039067281418257,-0.0582711918599767,-0.2431493660379606
8838,0.4098141242111931,-0.0484525799368807,-0.2010369928723816
8839,0.4254855583434009,-0.0363479087189533,-0.1491196306862951
8840,0.4451054592784502,-0.0140164249108129,-0.0533391082626166
8841,0.4803967943457073,0.0188226999043668,0.087509057392535
8842,0.5196059879460164,0.059151085244369,0.2604789258327497
8843,0.5646919693459035,0.1050760799759908,0.4574528495312714
8844,0.615685346815158,0.1528502251803582,0.6623578448881396
8845,0.6647197950178864,0.205162856736566,0.8867285684306803
8846,0.7254772105499813,0.26447472224551,1.1411192534911494
8847,0.7764705880192357,0.3141210304306336,1.3540540219656343
8848,0.800008347487337,0.3394061574436527,1.4625028243677936
8849,0.8117619230864929,0.3505738960851984,1.5104016496571562
8850,0.8156797816195448,0.353588080356397,1.52332959240637
8851,0.796090488954285,0.3339257751764989,1.438997271349498
8852,0.7450971114850305,0.2847764393097506,1.2281940346931872
8853,0.6803912291500942,0.2167727122874875,0.9365236487524524
8854,0.605890700482528,0.1443429183848859,0.6258697057080722
8855,0.5392258888810657,0.0777700529861128,0.3403363357843342
8856,0.4803967943457073,0.01663655893784,0.0781326216095525
8857,0.419608770543823,-0.042012134624676,-0.1734136955606627
8858,0.374522789143936,-0.0883176077399435,-0.3720195044787066
8859,0.3490261004093087,-0.1137722141486274,-0.4811952099920198
8860,0.3352829872738374,-0.1280790722948054,-0.5425578296573943
8861,0.3196115531416296,-0.1426788102393136,-0.6051766211173715
8862,0.3098169068089997,-0.1541064701075491,-0.6541902577240313
8863,0.3098169068089997,-0.1536510030783487,-0.6522367435563935
8864,0.3196115531416296,-0.1426391990658788,-0.6050067273961124
8865,0.3352829872738374,-0.1306723662626549,-0.5536805590368123
8866,0.3392008458068894,-0.1222328066331826,-0.5174829898434038
8867,0.3490261004093087,-0.1165800981336931,-0.4932383235309704
8868,0.3490261004093087,-0.1142957326386097,-0.4834405992773785
8869,0.3549028882088867,-0.1102330333744442,-0.4660155387075019
8870,0.3646975345415166,-0.098109388505995,-0.4140167978644987
8871,0.3803995769435139,-0.0861934101901162,-0.3629087461967427
8872,0.3803995769435139,-0.0832410015098502,-0.3502457611379084
8873,0.3803995769435139,-0.0840344371635075,-0.3536488346671814
8874,0.3803995769435139,-0.0858790998131099,-0.3615606578936326
8875,0.374522789143936,-0.0903594081251056,-0.3807768584125461
8876,0.3705743223410945,-0.0934567038918379,-0.3940612693001974
8877,0.3705743223410945,-0.0971205923737344,-0.4097758163456661
8878,0.3588207467419387,-0.1054899263267239,-0.4456721851334559
8879,0.3549028882088867,-0.1109019828081467,-0.4688846864446394
8880,0.3549028882088867,-0.1117581930511772,-0.4725570024038714
8881,0.3490261004093087,-0.1170554218747081,-0.4952770038365845
8882,0.3451082418762568,-0.1205674375223934,-0.5103401629345398
8883,0.3588207467419387,-0.1083295318855607,-0.4578513536221807
8884,0.3803995769435139,-0.0863781970160008,-0.3637013034165092
8885,0.3941120818091958,-0.0714536078016593,-0.2996892133919608
8886,0.3999888696087737,-0.0694244450780378,-0.2909860628346175
8887,0.3843174354765659,-0.0794697448287956,-0.3340707080958205
8888,0.3705743223410945,-0.1000375831321395,-0.4222868926872766
8889,0.3451082418762568,-0.120655191190201,-0.5107165415137429
8890,0.3392008458068894,-0.127343511595367,-0.5394029838499315
8891,0.3549028882088867,-0.1161206036697626,-0.4912675355535943
8892,0.3705743223410945,-0.0947591096530406,-0.3996473335889542
8893,0.3803995769435139,-0.0866062277975872,-0.3646793354889263
8894,0.3705743223410945,-0.1022091588089637,-0.4316008574285248
8895,0.3549028882088867,-0.1112314719444975,-0.4702978769824353
8896,0.3490261004093087,-0.1132485761625302,-0.4789493081836057
8897,0.3490261004093087,-0.1320772073495705,-0.5597059720538361
8898,0.3490261004093087,-0.1167256723798212,-0.4938626966118358
8899,0.3588207467419387,-0.0897809412695279,-0.3782957936473012
8900,0.3352829872738374,-0.1688944977054693,-0.7176166301547005
8901,0.2901970058739504,-0.1674342514773021,-0.7113535825308754
8902,0.6705965828174644,0.2527846618654453,1.090980171825703
8903,1.503906727835743,0.908350692620794,3.9027260212473114
8904,1.503906727835743,1.2061136238669985,5.179841745316264
8905,1.503906727835743,0.8673284230646436,3.726780058907774
8906,0.605890700482528,0.2472988677174471,1.06745140705941
8907,0.419608770543823,-0.0883262623012681,-0.3720566241977606
8908,0.4098141242111931,-0.0751297112048407,-0.3154561506660451
8909,0.3941120818091958,-0.0506937671255875,-0.2106495238455963
8910,0.3803995769435139,-0.1015131853717006,-0.4286158027860848
8911,0.3588207467419387,-0.1157981355003876,-0.4898844581910196
8912,0.3549028882088867,-0.1096470672154846,-0.4635023091653034
8913,0.3646975345415166,-0.1088996681278601,-0.4602966880929785
8914,0.3803995769435139,-0.0910166465267256,-0.3835957771196461
8915,0.3941120818091958,-0.0792085675920636,-0.3329505097071114
8916,0.3843174354765659,-0.0832165551106601,-0.3501409096687485
8917,0.3999888696087737,-0.0756346912888958,-0.3176220280739189
8918,0.4098141242111931,-0.0609208362976011,-0.2545137845715892
8919,0.4156909120107711,-0.0555252582997438,-0.2313719600581597
8920,0.4254855583434009,-0.0479854573187865,-0.1990334874724999
8921,0.4451054592784502,-0.0272796245841526,-0.1102254398936102
8922,0.4706021480130775,-0.0003529020573018,0.0052642236207806
8923,0.4999860870109672,0.0243500937439575,0.1112162447046667
8924,0.5156881294129645,0.0466153170636639,0.2067125735542513
8925,0.5509794644802216,0.0740465169929387,0.3243659584572539
8926,0.5843118702809528,0.114642338808813,0.4984828713838201
8927,0.6411820355497851,0.1658760791937067,0.7182261926043938
8928,0.6901858754827241,0.2169196937822306,0.9371540575723076
8929,0.7313846066193487,0.2595853384708095,1.1201485138710638
8930,0.7666759416866058,0.2904301862049767,1.2524431547215933
8931,0.7803884465522877,0.3088810344281519,1.3315794941228971
8932,0.7901830928849176,0.315165926341423,1.358535617415073
8933,0.7803884465522877,0.3064114121602041,1.320987197030352
8934,0.7548917578176605,0.2810327012538519,1.2121370100058857
8935,0.7156825642173513,0.2412669227328191,1.0415801820739947
8936,0.6607713282150449,0.1866064398686961,0.8071394413853805
8937,0.5960654458801087,0.1204946229837159,0.5235835248137413
8938,0.5294006342786464,0.0567911368268093,0.2503570237563456
8939,0.4803967943457073,0.0032317854109101,0.0206390747225149
8940,0.4294034168764529,-0.0435409723489628,-0.179970934532837
8941,0.3941120818091958,-0.0822405096337051,-0.3459546161606593
8942,0.3646975345415166,-0.1092091389426195,-0.4616240193427601
8943,0.3490261004093087,-0.1276200074227332,-0.5405888842146644
8944,0.3352829872738374,-0.1387157189962675,-0.5881787828665476
8945,0.3352829872738374,-0.1409979599994678,-0.5979673950994517
8946,0.3352829872738374,-0.1400684665856265,-0.5939807650334893
8947,0.3352829872738374,-0.1403046868667787,-0.5949939221586588
8948,0.3392008458068894,-0.1368707569634931,-0.5802656755751026
8949,0.3451082418762568,-0.1300535555275274,-0.5510264579479144
8950,0.3490261004093087,-0.1281663744055023,-0.5429322714922084
8951,0.3451082418762568,-0.1299224518974132,-0.5504641498499901
8952,0.3490261004093087,-0.1273142351859299,-0.5392774162963079
8953,0.3549028882088867,-0.122239040370951,-0.5175097265647627
8954,0.3549028882088867,-0.1204952169671123,-0.5100304064233298
8955,0.3549028882088867,-0.1215651689725207,-0.5146194683471471
8956,0.3549028882088867,-0.1233154136448883,-0.5221263295359911
8957,0.3490261004093087,-0.1246891009716948,-0.5280181229760827
8958,0.3549028882088867,-0.1250670933671105,-0.5296393457043232
8959,0.3490261004093087,-0.1256013434360118,-0.5319307631105235
8960,0.3490261004093087,-0.1283462049323405,-0.5437035709703921
8961,0.3451082418762568,-0.1330726549081854,-0.5639754817751182
8962,0.3392008458068894,-0.1362970609414258,-0.5778050730832089
8963,0.3392008458068894,-0.1386464671648912,-0.5878817593169705
8964,0.3352829872738374,-0.1425351502236405,-0.6045604582385058
8965,0.3392008458068894,-0.1376204482239413,-0.583481127857589
8966,0.3588207467419387,-0.1174925583852862,-0.4971518977627271
8967,0.3803995769435139,-0.0996498764801447,-0.4206240051696249
8968,0.3803995769435139,-0.0952224480970548,-0.4016346085326136
8969,0.3803995769435139,-0.0964553608412025,-0.4069226148179027
8970,0.374522789143936,-0.1064969631728466,-0.4499914017179968
8971,0.3451082418762568,-0.1288581174377075,-0.5458991817780086
8972,0.3352829872738374,-0.1447002941845442,-0.6138468371231115
8973,0.3392008458068894,-0.1384535082804158,-0.587054151849409
8974,0.3588207467419387,-0.1185204930611098,-0.5015607458766133
8975,0.3705743223410945,-0.1077986127125477,-0.4555742225460363
8976,0.3588207467419387,-0.1179978173455742,-0.499318971280609
8977,0.3549028882088867,-0.1279941927774666,-0.5421937784110183
8978,0.3392008458068894,-0.1299723036264335,-0.5506779656756787
8979,0.3392008458068894,-0.1455343976703798,-0.6174243364202976
8980,0.3451082418762568,-0.1403339946467059,-0.5951196242614221
8981,0.3490261004093087,-0.1048774330017036,-0.4430451796395319
8982,0.3549028882088867,-0.1479206958217903,-0.6276592534354151
8983,0.2941148644070023,-0.1900587602963847,-0.8083908995711757
8984,0.5254827757455944,0.1037731028453248,0.4518643346187154
8985,1.3117786183672495,0.7312658055601388,3.1432026889990143
8986,1.503906727835743,1.14685147852908,4.925664311824598
8987,1.503906727835743,0.9196768018403856,3.951304103536884
8988,0.7254772105499813,0.3074294672595922,1.3253536712921266
8989,0.3999888696087737,-0.0862118734019717,-0.3629879355641995
8990,0.3901942232761438,-0.1115364295574879,-0.4716058509504996
8991,0.3803995769435139,-0.0756265118457654,-0.3175869461535729
8992,0.374522789143936,-0.1098085360963359,-0.4641948548956263
8993,0.3549028882088867,-0.1292584679149842,-0.5476162991086605
8994,0.3392008458068894,-0.1341368308811824,-0.5685397700920111
8995,0.3352829872738374,-0.1426905142354157,-0.6052268199698406
8996,0.3549028882088867,-0.1273108987943865,-0.5392631063951933
8997,0.3705743223410945,-0.1050438629140703,-0.4437590034091642
8998,0.3803995769435139,-0.0993035523945545,-0.4191386089402154
8999,0.3843174354765659,-0.0931569791004189,-0.3927757390885876
9000,0.3999888696087737,-0.0804241452378328,-0.3381641651434725
9001,0.4039067281418257,-0.0717885638215245,-0.3011258515861479
9002,0.419608770543823,-0.0617051152584917,-0.2578775847223261
9003,0.4352802046760309,-0.0406350672887994,-0.1675074051423447
9004,0.46469475194371,-0.0152187034540671,-0.0584957233787912
9005,0.4843146528787593,0.0062055428600907,0.0333936254049015
9006,0.5058934830803345,0.0286169452880713,0.1295169216104496
9007,0.5392258888810657,0.0593857295819116,0.261485323680142
9008,0.5745172239483228,0.097706969823351,0.4258464759341804
9009,0.6196032053482099,0.1406707348344647,0.6101195808208595
9010,0.6647197950178864,0.1867137589781686,0.8075997368346052
9011,0.7098057764177734,0.2322431332459473,1.002876830397076
9012,0.7509738992846084,0.2719888854319738,1.173347764671133
9013,0.7764705880192357,0.2998452049947622,1.2928245026903156
9014,0.7901830928849176,0.3112421364491401,1.341706344045132
9015,0.7862652343518657,0.3085502253170674,1.3301606421668692
9016,0.7705938002196577,0.2941599394977555,1.2684401982661682
9017,0.7411792529519786,0.2615639601003111,1.1286348918914697
9018,0.6862680169496722,0.2100498542924386,0.9076890734739722
9019,0.6293978516808398,0.151895111889986,0.658261330267275
9020,0.5705993654152709,0.0926729470697524,0.4042553746273968
9021,0.5098113416133866,0.0321956634777589,0.1448661702658591
9022,0.4549001056110801,-0.0204924782918401,-0.0811151298385903
9023,0.419608770543823,-0.0599778296560881,-0.250469195795084
9024,0.3843174354765659,-0.0908750499454251,-0.3829884643836503
9025,0.3646975345415166,-0.112570588876688,-0.4760413967795768
9026,0.3549028882088867,-0.122627312401324,-0.5191750390102381
9027,0.3490261004093087,-0.1264774664271523,-0.5356884855493811
9028,0.3490261004093087,-0.1284683449188748,-0.5442274336845576
9029,0.3490261004093087,-0.1269656294265906,-0.5377822338876382
9030,0.3549028882088867,-0.121091646905383,-0.5125885154843974
9031,0.3646975345415166,-0.1125547865903862,-0.4759736202157587
9032,0.3705743223410945,-0.1037327661165354,-0.4381356629587581
9033,0.3803995769435139,-0.0973484931282306,-0.410753290727303
9034,0.3803995769435139,-0.0939559452714915,-0.3962025332022991
9035,0.3843174354765659,-0.0918839088669128,-0.3873154959137566
9036,0.3843174354765659,-0.0910822456787898,-0.3838771341987028
9037,0.3843174354765659,-0.0910879035376219,-0.3839014009549736
9038,0.3843174354765659,-0.0903419391111697,-0.3807019331950648
9039,0.3843174354765659,-0.0911293922872587,-0.3840793476668473
9040,0.3803995769435139,-0.0948309827076957,-0.3999555996577114
9041,0.374522789143936,-0.098413408614447,-0.4153207508425011
9042,0.374522789143936,-0.1024067004182599,-0.432448120364627
9043,0.3646975345415166,-0.1076646597416914,-0.4549996935250787
9044,0.3646975345415166,-0.1100319747613575,-0.465153191217981
9045,0.3646975345415166,-0.1098659197291112,-0.4644409753224195
9046,0.3646975345415166,-0.1079230194804099,-0.4561078075653416
9047,0.3803995769435139,-0.094456991287648,-0.3983515372540711
9048,0.4039067281418257,-0.0682121840529015,-0.285786632501238
9049,0.4254855583434009,-0.04841152522895,-0.2008609077807084
9050,0.4294034168764529,-0.0442813258133698,-0.1831463366784497
9051,0.4254855583434009,-0.0454010392787123,-0.187948827260658
9052,0.419608770543823,-0.0543934212026828,-0.226517470791509
9053,0.3941120818091958,-0.0790707257731266,-0.3323593012794474
9054,0.3705743223410945,-0.0989375297308459,-0.4175687248138351
9055,0.3803995769435139,-0.0937612459372626,-0.3953674608843016
9056,0.3941120818091958,-0.0779074574057796,-0.3273700021849188
9057,0.3941120818091958,-0.075183375481743,-0.3156863186441943
9058,0.3843174354765659,-0.0877963892156145,-0.3697839798272307
9059,0.3803995769435139,-0.0953016799964159,-0.4019744369461049
9060,0.3646975345415166,-0.0960354563871866,-0.4051216297907004
9061,0.3646975345415166,-0.11401574041601,-0.4822397027500554
9062,0.3588207467419387,-0.1168957869762095,-0.4945923241213175
9063,0.3646975345415166,-0.0842952832924731,-0.3547676129229913
9064,0.374522789143936,-0.1157095370226219,-0.4895044561920817
9065,0.3196115531416296,-0.157863291599595,-0.6703033977308539
9066,0.5196059879460164,0.1011731128650538,0.4407128858056316
9067,1.2470727360323133,0.693153342363373,2.979736988860058
9068,1.503906727835743,1.1270692337243708,4.840817565482671
9069,1.503906727835743,0.9650098649242344,4.145739211501086
9070,0.8255050362219641,0.3858403234663488,1.661660601709057
9071,0.4156909120107711,-0.04251507684754,-0.1755708325099451
9072,0.3901942232761438,-0.1022471040238839,-0.4317636057949012
9073,0.3941120818091958,-0.0598914562664769,-0.2500987372777933
9074,0.374522789143936,-0.088895587132725,-0.3744984784988096
9075,0.3646975345415166,-0.1145332190924717,-0.4844591870620002
9076,0.3451082418762568,-0.1125515467268832,-0.4759597243268171
9077,0.3549028882088867,-0.1153861918870795,-0.4881176174906553
9078,0.3549028882088867,-0.1103109698889884,-0.4663498111697824
9079,0.3705743223410945,-0.0970672509653971,-0.4095470331621905
9080,0.374522789143936,-0.0896745829613722,-0.3778396191088437
9081,0.3843174354765659,-0.0814928846485222,-0.3427480262057316
9082,0.3941120818091958,-0.0726960936138659,-0.3050182789041136
9083,0.3941120818091958,-0.0692114346705384,-0.2900724536769253
9084,0.4039067281418257,-0.0611113965265962,-0.2553311041211157
9085,0.4254855583434009,-0.0408240374346044,-0.168317904768934
9086,0.4451054592784502,-0.0161364352577768,-0.0624319074836781
9087,0.4706021480130775,0.0038673180087269,0.0233648964708208
9088,0.4843146528787593,0.0221019786894885,0.1015739998706228
9089,0.5156881294129645,0.0519766620758965,0.229707571583806
9090,0.5607741108128516,0.0975675722089889,0.4252485946450137
9091,0.60980855901558,0.146663728711319,0.6358237431299385
9092,0.654894540415467,0.1925515800691487,0.8326383575869897
9093,0.7000111300851435,0.237984401106171,1.027501330934118
9094,0.7411792529519786,0.2781864597932482,1.1999293799002149
9095,0.7666759416866058,0.3055542968635539,1.3173109992641938
9096,0.7803884465522877,0.319261269196969,1.3761006875008006
9097,0.7803884465522877,0.3173871633848416,1.3680625815108447
9098,0.7548917578176605,0.2964256383471996,1.2781578606176227
9099,0.7215593520169293,0.2581894474897293,1.1141614881739343
9100,0.6647197950178864,0.2063837141251389,0.8919648688703176
9101,0.605890700482528,0.1444788254327796,0.6264526158344281
9102,0.5392258888810657,0.0790603473714101,0.3458704539542636
9103,0.4745200065461294,0.0168625721179788,0.0791020001181333
9104,0.4254855583434009,-0.0377143807793203,-0.1549804775939064
9105,0.374522789143936,-0.0799634603876549,-0.3361882715574569
9106,0.3549028882088867,-0.1082447667464701,-0.457487792948149
9107,0.3294061994742595,-0.1267092820982133,-0.5366827511463731
9108,0.3196115531416296,-0.1391435529747085,-0.590013777903946
9109,0.3137347653420516,-0.1458658075137296,-0.6188457649382192
9110,0.3098169068089997,-0.1458730004418346,-0.6188766156607941
9111,0.3196115531416296,-0.1399739510247389,-0.5935753844561502
9112,0.3235294116746816,-0.1328840628825485,-0.5631666039192788
9113,0.3294061994742595,-0.1277742190553067,-0.5412503033509206
9114,0.3352829872738374,-0.1224300129614284,-0.5183288147472443
9115,0.3392008458068894,-0.1163474151889211,-0.4922403381664145
9116,0.3451082418762568,-0.1122145312471138,-0.4745142530363956
9117,0.3490261004093087,-0.1075334960196176,-0.4544371276906184
9118,0.3549028882088867,-0.0991793000885169,-0.4186056864131288
9119,0.3646975345415166,-0.0939937803191471,-0.3963648090573883
9120,0.3549028882088867,-0.0983142642861329,-0.4148955173182599
9121,0.3490261004093087,-0.1066734390761695,-0.4507483130974948
9122,0.3451082418762568,-0.1121335069520183,-0.4741667369743224
9123,0.3352829872738374,-0.1158948450152319,-0.4902992487143323
9124,0.3352829872738374,-0.123082809842532,-0.5211286836160501
9125,0.3196115531416296,-0.133111192762232,-0.5641407719916297
9126,0.3137347653420516,-0.1398592181053936,-0.5930832909146507
9127,0.3137347653420516,-0.1426383697050458,-0.6050031702382206
9128,0.3098169068089997,-0.1421433374926946,-0.6028799596032756
9129,0.3196115531416296,-0.1346997290352493,-0.5709540601468528
9130,0.3294061994742595,-0.1244235411415298,-0.5268791274894202
9131,0.3352829872738374,-0.1183674946675634,-0.5009045303653754
9132,0.3352829872738374,-0.1165840165992916,-0.4932551299682564
9133,0.3294061994742595,-0.1247407797344277,-0.5282397750138645
9134,0.3098169068089997,-0.1438226224383713,-0.6100824720192441
9135,0.2941148644070023,-0.1560683549257501,-0.6626048509699076
9136,0.2999916522065803,-0.1541788280683475,-0.6545006035723558
9137,0.3098169068089997,-0.1443579483713475,-0.612378503844443
9138,0.3196115531416296,-0.1282950462379983,-0.543484149524298
9139,0.3294061994742595,-0.124985760417453,-0.5292905058119372
9140,0.3137347653420516,-0.1413265287189747,-0.5993766379369107
9141,0.3039095107396323,-0.1428388016268353,-0.6058628298266436
9142,0.3098169068089997,-0.1399698737985598,-0.5935578970891293
9143,0.3098169068089997,-0.1537883111521648,-0.6528256627323911
9144,0.3137347653420516,-0.1282157090987307,-0.5431438697331324
9145,0.3235294116746816,-0.1132102320993218,-0.4787848491428406
9146,0.2941148644070023,-0.2017421423646972,-0.8585013377217517
9147,0.2686181756723751,-0.1320170628963113,-0.5594480103705218
9148,0.8568479044863799,0.3875725043398888,1.6690899866270217
9149,1.503906727835743,1.0177650750498606,4.372008170152257
9150,1.503906727835743,1.1340817355570438,4.870894433406046
9151,1.1921615000300068,0.6438020043428113,2.7680673578347395
9152,0.4352802046760309,0.0629313320364114,0.276692537778243
9153,0.3352829872738374,-0.1504580960718466,-0.6385422526859966
9154,0.3549028882088867,-0.0996645543993672,-0.4206869592833462
9155,0.3451082418762568,-0.087228555095966,-0.3673485192417547
9156,0.3352829872738374,-0.1245575312588135,-0.5274538158327163
9157,0.3294061994742595,-0.124728204799866,-0.5281858406755953
9158,0.3235294116746816,-0.118183570093363,-0.5001156713735226
9159,0.3352829872738374,-0.1196986584045247,-0.5066139386274064
9160,0.3392008458068894,-0.1114501793078953,-0.471235920585096
9161,0.3451082418762568,-0.1030999639591081,-0.4354215521656758
9162,0.3549028882088867,-0.0950647174791516,-0.4009580963440473
9163,0.3705743223410945,-0.0822208676864348,-0.3458703711553954
9164,0.374522789143936,-0.0721585693592692,-0.3027128183998768
9165,0.3901942232761438,-0.0622181457243141,-0.2600779905018033
9166,0.4039067281418257,-0.0452689018276743,-0.1873820850682946
9167,0.4254855583434009,-0.0245820491598333,-0.0986554436659348
9168,0.4490233178115022,-0.0011828298637412,0.0017046339599392
9169,0.4803967943457073,0.0301823090700689,0.1362308221336285
9170,0.5196059879460164,0.0700946669245182,0.3074163340012476
9171,0.5646919693459035,0.113759387801206,0.4946958633412876
9172,0.60980855901558,0.1604428035555948,0.6949226815810687
9173,0.6647197950178864,0.2140972663517238,0.9250485666824314
9174,0.7215593520169293,0.2715257435944159,1.1713613329795054
9175,0.7705938002196577,0.3205957033566174,1.3818241227211927
9176,0.8058851352869149,0.3548229112043231,1.5286258255064795
9177,0.8255050362219641,0.3764481491060898,1.621377234305053
9178,0.8352996825545941,0.3838156785831633,1.6529768283288373
9179,0.8215565694191228,0.3712734672231256,1.5991828410267173
9180,0.7862652343518657,0.3368066693821151,1.4513535283018768
9181,0.7313846066193487,0.2791798441932946,1.2041900406615609
9182,0.6509766818824151,0.2016940634135293,0.8718507914090248
9183,0.5705993654152709,0.1190912976038553,0.5175646127177855
9184,0.4941092992113892,0.043889484135731,0.1950213798959997
9185,0.4294034168764529,-0.0222516679165799,-0.0886603562439432
9186,0.374522789143936,-0.0757362629374082,-0.3180576724601824
9187,0.3392008458068894,-0.1121710223152463,-0.4743276416916158
9188,0.3137347653420516,-0.1375859332679821,-0.5833330919929951
9189,0.2941148644070023,-0.1571667713922151,-0.6673159979720803
9190,0.2843202180743724,-0.1667285138338966,-0.708326648863584
9191,0.2843202180743724,-0.1675661053740058,-0.7119191085486887
9192,0.2843202180743724,-0.1675545569473673,-0.7118695769391409
9193,0.2843202180743724,-0.166680357429854,-0.7081201043465749
9194,0.2901970058739504,-0.1624228714227944,-0.6898595965598501
9195,0.2941148644070023,-0.1577662915983866,-0.6698873613012705
9196,0.2999916522065803,-0.1520228865254002,-0.6452536941832389
9197,0.3098169068089997,-0.1424128583734328,-0.6040359441756837
9198,0.3196115531416296,-0.1334526436026583,-0.5656052667004906
9199,0.3235294116746816,-0.1284238570799054,-0.5440366237726593
9200,0.3294061994742595,-0.1235279226403257,-0.5230377881196481
9201,0.3352829872738374,-0.1183105153584353,-0.5006601440969789
9202,0.3352829872738374,-0.1164429416723176,-0.4926500546260829
9203,0.3392008458068894,-0.1159102462938101,-0.490365305341867
9204,0.3392008458068894,-0.112375729857603,-0.4752056395675941
9205,0.3451082418762568,-0.1098608716423982,-0.4644193239002944
9206,0.3392008458068894,-0.1139993601308853,-0.4821694471288808
9207,0.3352829872738374,-0.1188968813495222,-0.5031750885332867
9208,0.3352829872738374,-0.1185832482816738,-0.5018299052330659
9209,0.3352829872738374,-0.1192653347778563,-0.5047553982949592
9210,0.3352829872738374,-0.1198629479440179,-0.5073185822622226
9211,0.3451082418762568,-0.1083172087895087,-0.4577984994281702
9212,0.3646975345415166,-0.0907418899193033,-0.3824173363306524
9213,0.374522789143936,-0.0824862722720686,-0.3470087007927828
9214,0.3705743223410945,-0.0810482481371441,-0.3408409645113845
9215,0.3705743223410945,-0.087808001985604,-0.3698337874076824
9216,0.3451082418762568,-0.1110622512360973,-0.4695720833900915
9217,0.3196115531416296,-0.1333637826408498,-0.5652241388982268
9218,0.3235294116746816,-0.1349904476907344,-0.5722009627234976
9219,0.3352829872738374,-0.1218921200048041,-0.5160217728669949
9220,0.3490261004093087,-0.1050901896816223,-0.4439577005506732
9221,0.3549028882088867,-0.1018477675003909,-0.4300508373478232
9222,0.3451082418762568,-0.1170140358667634,-0.4950994977874554
9223,0.3294061994742595,-0.1222174189233577,-0.517416991412731
9224,0.3294061994742595,-0.1257411274755619,-0.5325303017909636
9225,0.3294061994742595,-0.1410178173133393,-0.5980525638196713
9226,0.3352829872738374,-0.1129420333372817,-0.4776345351842034
9227,0.3490261004093087,-0.095403941322422,-0.4024130393834867
9228,0.3137347653420516,-0.1864434757982906,-0.7928848167281067
9229,0.2843202180743724,-0.1300674720370213,-0.5510861463484296
9230,0.8411764703541721,0.3727977846519695,1.6057206922921563
9231,1.503906727835743,0.999955392083087,4.295621811170779
9232,1.503906727835743,1.1333737301961035,4.867857773418191
9233,1.231370693630316,0.6692930615132833,2.8773994019521867
9234,0.4843146528787593,0.1044265281261755,0.4546668987162209
9235,0.3843174354765659,-0.1109662382080018,-0.4691602801230326
9236,0.3941120818091958,-0.0708347227071869,-0.2970347933732075
9237,0.374522789143936,-0.0673437277153654,-0.2820617926103463
9238,0.3646975345415166,-0.1073990432320802,-0.4538604549382706
9239,0.3549028882088867,-0.106459507326844,-0.4498307522721843
9240,0.3549028882088867,-0.1028054625974065,-0.4341584254285272
9241,0.3549028882088867,-0.1073557117917538,-0.4536746048609765
9242,0.3705743223410945,-0.0933794178471125,-0.3937297867259333
9243,0.3803995769435139,-0.0805193982350117,-0.3385727086110986
9244,0.3843174354765659,-0.0768722359753578,-0.3229299009233159
9245,0.3999888696087737,-0.0650135332906969,-0.2720675064598607
9246,0.4098141242111931,-0.051224205890066,-0.2129245944325764
9247,0.419608770543823,-0.0444355455750282,-0.1838077906806379
9248,0.4294034168764529,-0.0336422063936607,-0.1375147778934404
9249,0.4490233178115022,-0.0145679790656402,-0.0557047435042413
9250,0.4706021480130775,0.0062671532323112,0.0336578744663923
9251,0.4941092992113892,0.0304713163043409,0.1374703843642719
9252,0.5254827757455944,0.0612049151479927,0.2692878747959504
9253,0.5607741108128516,0.0953295007198744,0.4156494270173442
9254,0.6000139126829501,0.1357758678062135,0.589125323332719
9255,0.6509766818824151,0.1865367141302517,0.8068403852316579
9256,0.7058879178847215,0.2383075632919443,1.028887384957526
9257,0.7450971114850305,0.2822320282120448,1.2172809656695325
9258,0.7862652343518657,0.3182861512557139,1.371918372226073
9259,0.8058851352869149,0.3410594493057076,1.4695938515304718
9260,0.8117619230864929,0.3443012177376124,1.4834979107793806
9261,0.796090488954285,0.3311482441793569,1.4270843428473066
9262,0.7705938002196577,0.3016186672781117,1.3004309450323148
9263,0.7156825642173513,0.2509215481142582,1.0829892111731745
9264,0.654894540415467,0.1853391656376606,0.8017040574697627
9265,0.5843118702809528,0.1191196208896405,0.517686092290418
9266,0.5294006342786464,0.0592151298292996,0.2607536153184893
9267,0.4706021480130775,0.0048367332574589,0.027522752695994
9268,0.4254855583434009,-0.0442483641938846,-0.1830049631288303
9269,0.3843174354765659,-0.083718930659867,-0.3522956161347102
9270,0.3588207467419387,-0.1093299553537909,-0.4621422051954679
9271,0.3451082418762568,-0.1243821496129552,-0.5267015977621146
9272,0.3352829872738374,-0.1342062824969179,-0.5688376505237579
9273,0.3294061994742595,-0.1383160548129059,-0.5864646090747259
9274,0.3352829872738374,-0.1362077070544967,-0.577421831107701
9275,0.3392008458068894,-0.1299921224577835,-0.5507629693430051
9276,0.3451082418762568,-0.1229059517321645,-0.5203701329370446
9277,0.3549028882088867,-0.1194792586671036,-0.5056729254081169
9278,0.3490261004093087,-0.1168660004573279,-0.4944645686902779
9279,0.3646975345415166,-0.1086319609918709,-0.4591484827358296
9280,0.3705743223410945,-0.1002142437259586,-0.4230445962108329
9281,0.3705743223410945,-0.0985043631000555,-0.4157108578422511
9282,0.374522789143936,-0.0991598637208231,-0.418522323145926
9283,0.3705743223410945,-0.0990259024374535,-0.4179477584723055
9284,0.3705743223410945,-0.1016864890669059,-0.4293591084529777
9285,0.3646975345415166,-0.1075422727865228,-0.4544747715537219
9286,0.3588207467419387,-0.1121394472226352,-0.4741922150047082
9287,0.3588207467419387,-0.1143443754396785,-0.4836492299684042
9288,0.3549028882088867,-0.1168163525390878,-0.4942516270162208
9289,0.3549028882088867,-0.1180395862759344,-0.4994981196974965
9290,0.3549028882088867,-0.1176313960266265,-0.4977473773078345
9291,0.3490261004093087,-0.1231439564907476,-0.5213909437489129
9292,0.3451082418762568,-0.130408242200201,-0.5525477216085498
9293,0.3490261004093087,-0.1203625345719913,-0.5094613269465562
9294,0.3803995769435139,-0.0963752228979674,-0.4065789003502497
9295,0.3901942232761438,-0.0819925246100354,-0.3448909996395002
9296,0.3941120818091958,-0.079501689643431,-0.3342077205335427
9297,0.3901942232761438,-0.0831742086218976,-0.3499592840834839
9298,0.374522789143936,-0.1016375164770664,-0.4291490632862719
9299,0.3451082418762568,-0.1265843180120724,-0.5361467757692954
9300,0.3392008458068894,-0.135881730513294,-0.5760237062145007
9301,0.3451082418762568,-0.1303061233752723,-0.5521097303633198
9302,0.3549028882088867,-0.1194906886663083,-0.5057219490782202
9303,0.3588207467419387,-0.1132281893697689,-0.4788618685097355
9304,0.3549028882088867,-0.1235100727738015,-0.5229612294119701
9305,0.3451082418762568,-0.1313624111687713,-0.5566401859998685
9306,0.3352829872738374,-0.1301810006186662,-0.5515730744430152
9307,0.3352829872738374,-0.149941329992281,-0.636325824727296
9308,0.3352829872738374,-0.1463452379346752,-0.6209020589390339
9309,0.3392008458068894,-0.106250326472153,-0.4489335682016823
9310,0.3490261004093087,-0.159696479356716,-0.6781660047383531
9311,0.2901970058739504,-0.1915580258530574,-0.814821302472464
9312,0.5745172239483228,0.1755738265961323,0.7598201735739254
9313,1.468615392768486,0.8501308369752035,3.653019005042096
9314,1.503906727835743,1.19948747877025,5.151421975072859
9315,1.503906727835743,0.8751152902009588,3.760178206955964
9316,0.6254799931477878,0.2450338606583397,1.0577367118211318
9317,0.3999888696087737,-0.1047892572386695,-0.442666990679001
9318,0.3901942232761438,-0.1013960471503789,-0.4281133928194939
9319,0.3803995769435139,-0.0732892334397042,-0.3075622765568075
9320,0.3646975345415166,-0.1206986483540415,-0.5109029308236274
9321,0.3392008458068894,-0.1402002945758412,-0.5945461799374566
9322,0.3352829872738374,-0.137803118366345,-0.5842646065471805
9323,0.3352829872738374,-0.1398124168697423,-0.5928825587627137
9324,0.3549028882088867,-0.1258518129946264,-0.5330050358897729
9325,0.3646975345415166,-0.1099043986594954,-0.4646060128132629
9326,0.374522789143936,-0.1016331397562615,-0.4291302913762279
9327,0.3901942232761438,-0.0877342153330134,-0.369517313849824
9328,0.3999888696087737,-0.0770598226288606,-0.3237344667025795
9329,0.4039067281418257,-0.0724812680080103,-0.3040968842965895
9330,0.419608770543823,-0.056178156886743,-0.2341722651471422
9331,0.4490233178115022,-0.0312509324760291,-0.1272585196413407
9332,0.4607768934106581,-0.0123132000406414,-0.0460339166653363
9333,0.4843146528787593,0.0048302321324644,0.0274948691413828
9334,0.5058934830803345,0.0292103038429291,0.13206185739963
9335,0.5392258888810657,0.0632244104869297,0.2779495615990933
9336,0.5843118702809528,0.106207338879098,0.4623048589036422
9337,0.6293978516808398,0.1528090123384438,0.6621810815542277
9338,0.6764733706170423,0.1993086493314756,0.861619666198589
9339,0.7215593520169293,0.2450217062336834,1.0576845810646922
9340,0.7607991538870279,0.2828026118709186,1.219728219125813
9341,0.7803884465522877,0.3042613622054667,1.311765556871059
9342,0.7862652343518657,0.309406968001746,1.3338352417871269
9343,0.7803884465522877,0.3018108025523794,1.3012550200066193
9344,0.7548917578176605,0.2807942759569617,1.211114395490372
9345,0.7215593520169293,0.241701997639846,1.0434462337097252
9346,0.6607713282150449,0.1857106540632017,0.8032973844416009
9347,0.6000139126829501,0.1230967173733962,0.5347439995130736
9348,0.5392258888810657,0.0614446617382836,0.2703161563855055
9349,0.4803967943457073,0.0045640202052604,0.026353076787499
9350,0.4352802046760309,-0.0415397469792583,-0.1713876082727188
9351,0.3999888696087737,-0.0769042734116904,-0.3230673106187672
9352,0.3705743223410945,-0.1060958119952421,-0.4482708501553717
9353,0.3490261004093087,-0.1268652288403189,-0.5373516122286671
9354,0.3392008458068894,-0.1376237007814107,-0.5834950781914006
9355,0.3352829872738374,-0.1417727694479063,-0.6012905801769785
9356,0.3352829872738374,-0.1392864900928502,-0.5906268402497789
9357,0.3451082418762568,-0.1329419371109463,-0.5634148285280165
9358,0.3451082418762568,-0.1299233356936923,-0.5504679404834321
9359,0.3490261004093087,-0.1275534495981628,-0.5403034153553846
9360,0.3549028882088867,-0.1202256308971174,-0.5088741422518982
9361,0.3646975345415166,-0.1128177538172723,-0.477101495935431
9362,0.3646975345415166,-0.109096142832792,-0.4611393750385972
9363,0.3705743223410945,-0.1064157553897925,-0.4496430986695914
9364,0.3705743223410945,-0.1048898773700989,-0.4430985539749041
9365,0.3705743223410945,-0.1040490251731634,-0.4394921092175601
9366,0.374522789143936,-0.1019958058207095,-0.4306857789298811
9367,0.3705743223410945,-0.1034799158985994,-0.4370511794476345
9368,0.3646975345415166,-0.1116337562330439,-0.4720232884978925
9369,0.3549028882088867,-0.1190042318382383,-0.5036355185691949
9370,0.3549028882088867,-0.1205259789079516,-0.5101623454735813
9371,0.3549028882088867,-0.1200054701232389,-0.5079298649203758
9372,0.3549028882088867,-0.1193756611392029,-0.5052285919536371
9373,0.3549028882088867,-0.1192590003266799,-0.5047282296102379
9374,0.3549028882088867,-0.1206105693697843,-0.5105251569506872
9375,0.3588207467419387,-0.1142588826554143,-0.4832825483985348
9376,0.3803995769435139,-0.0937966293576346,-0.3955192216234215
9377,0.3999888696087737,-0.0744917573302786,-0.3127199439763
9378,0.4039067281418257,-0.0701305695922618,-0.2940146558045072
9379,0.3941120818091958,-0.0773975998634459,-0.3251832051862987
9380,0.3803995769435139,-0.0961466836791879,-0.4055986875727619
9381,0.3490261004093087,-0.1223498694314107,-0.5179850763176835
9382,0.3392008458068894,-0.1334257476479817,-0.5654899090013722
9383,0.3588207467419387,-0.1163785764711614,-0.492373990006033
9384,0.3843174354765659,-0.0867360195822035,-0.3652360170351978
9385,0.3999888696087737,-0.0725374022376666,-0.3043376459892975
9386,0.3901942232761438,-0.08306567583482,-0.3494937831281644
9387,0.3843174354765659,-0.0901635277071609,-0.3799367203847957
9388,0.3803995769435139,-0.085148167029864,-0.3584256613820992
9389,0.3803995769435139,-0.0963988267859778,-0.4066801382592167
9390,0.3901942232761438,-0.0901605800428065,-0.379924077748318
9391,0.3941120818091958,-0.0520250725631742,-0.2163595398666122
9392,0.4039067281418257,-0.0919656193552654,-0.3876659550829342
9393,0.3490261004093087,-0.1308593032713611,-0.5544823384666088
9394,0.5705993654152709,0.1619762272444843,0.7014995899173229
9395,1.3470699534345063,0.7682527832118372,3.3018411419020506
9396,1.503906727835743,1.1559689020011132,4.964769262969445
9397,1.503906727835743,0.9327837960419318,4.007520464384818
9398,0.7607991538870279,0.3425198131910569,1.4758574037901049
9399,0.419608770543823,-0.0521518397244609,-0.2169032486966443
9400,0.4039067281418257,-0.089909476113552,-0.3788470841309988
9401,0.3941120818091958,-0.0559548480775616,-0.2332144857810703
9402,0.3803995769435139,-0.0919168072770318,-0.3874565983561727
9403,0.3646975345415166,-0.1117245097696372,-0.4724125336202222
9404,0.3549028882088867,-0.1079872175194771,-0.4563831552212904
9405,0.3549028882088867,-0.1151181626486305,-0.4869680306246851
9406,0.3588207467419387,-0.1110266585695604,-0.4694194251867834
9407,0.374522789143936,-0.0936815945228554,-0.3950258331559675
9408,0.3843174354765659,-0.0825232129570573,-0.3471671406948199
9409,0.3941120818091958,-0.0755038267983691,-0.3170607456541279
9410,0.3999888696087737,-0.0672589600554963,-0.2816982211246067
9411,0.4098141242111931,-0.0571803189257054,-0.2384705735116767
9412,0.4254855583434009,-0.0429352802165277,-0.1773730995940141
9413,0.4392286714788723,-0.0271138852316764,-0.1095145779597271
9414,0.4549001056110801,-0.0122610519688577,-0.0458102517444675
9415,0.4745200065461294,0.0071147486323958,0.0372932410600987
9416,0.4999860870109672,0.035265719140681,0.1580337473866084
9417,0.5392258888810657,0.0701910931154189,0.307829909338164
9418,0.5745172239483228,0.1112569146534851,0.4839626676656576
9419,0.6254799931477878,0.157801028174533,0.6835920137088393
9420,0.6705965828174644,0.2052668844327388,0.8871747468920653
9421,0.7156825642173513,0.2507280754107393,1.0821593999175958
9422,0.7548917578176605,0.289826769976668,1.249855081215915
9423,0.7803884465522877,0.3134981551464633,1.3513824878824006
9424,0.7803884465522877,0.3192160301397689,1.3759066555873904
9425,0.7803884465522877,0.3114308968392354,1.3425159440220775
9426,0.7509738992846084,0.2906570099390694,1.2534160097246976
9427,0.7215593520169293,0.2543857679046232,1.0978473721517408
9428,0.6647197950178864,0.2028045517274862,0.8766137149912638
9429,0.605890700482528,0.1408340229211613,0.6108199291892765
9430,0.5392258888810657,0.0767390545560944,0.3359143471205465
9431,0.4803967943457073,0.0163572647374848,0.0769347189242785
9432,0.4254855583434009,-0.0371105172768312,-0.1523904857134781
9433,0.3843174354765659,-0.0788721428195547,-0.3315075719809839
9434,0.3549028882088867,-0.1073368771902578,-0.4535938225902404
9435,0.3352829872738374,-0.1277681469358433,-0.5412242598161774
9436,0.3196115531416296,-0.1417867400287331,-0.6013505004913494
9437,0.3196115531416296,-0.1437779135096,-0.6098907138453804
9438,0.3235294116746816,-0.1359179408502429,-0.5761790136280116
9439,0.3352829872738374,-0.1297351595258501,-0.5496608462563551
9440,0.3294061994742595,-0.1285734695474366,-0.5446783169276843
9441,0.3352829872738374,-0.1279531046680043,-0.542017550058997
9442,0.3352829872738374,-0.1258593395209035,-0.5330373174266851
9443,0.3392008458068894,-0.1200941583458479,-0.508310251838115
9444,0.3490261004093087,-0.1128097566955118,-0.477067195997877
9445,0.3490261004093087,-0.1117716206693338,-0.4726145939321816
9446,0.3451082418762568,-0.113212775205088,-0.4787957566132514
9447,0.3549028882088867,-0.1077424140022994,-0.4553331842937927
9448,0.3549028882088867,-0.1022699755402096,-0.4318617025358575
9449,0.3549028882088867,-0.1073970331663368,-0.4538518336953355
9450,0.3392008458068894,-0.1179419530866517,-0.4990793675019089
9451,0.3352829872738374,-0.1254034802874943,-0.5310821210813498
9452,0.3294061994742595,-0.1298373520664504,-0.5500991536707031
9453,0.3235294116746816,-0.1340022967733759,-0.5679627485541583
9454,0.3196115531416296,-0.1407022996036533,-0.5966992972240754
9455,0.3098169068089997,-0.1484301942507988,-0.6298445101843057
9456,0.3098169068089997,-0.1470381075251617,-0.6238738010730738
9457,0.3294061994742595,-0.1320401288318147,-0.5595469409821949
9458,0.3392008458068894,-0.1148634106861342,-0.4858753904640049
9459,0.3549028882088867,-0.1067698874049967,-0.4511619833847595
9460,0.3490261004093087,-0.1063909541011432,-0.4495367250670122
9461,0.3451082418762568,-0.1125506504459029,-0.4759558801460511
9462,0.3294061994742595,-0.1299796023842986,-0.550709270305831
9463,0.3039095107396323,-0.1506793812548627,-0.6394913526480052
9464,0.3039095107396323,-0.155453662587614,-0.6599684138310979
9465,0.3137347653420516,-0.1412963056912736,-0.5992470103041342
9466,0.3352829872738374,-0.1246125329732875,-0.5276897201278262
9467,0.3294061994742595,-0.1218345134209767,-0.5157746961952684
9468,0.3352829872738374,-0.1278721744756396,-0.5416704376068582
9469,0.3294061994742595,-0.1239486703607477,-0.5248423899462361
9470,0.3235294116746816,-0.1269810527213798,-0.5378483849434792
9471,0.3235294116746816,-0.1450169666854638,-0.6152050566590761
9472,0.3294061994742595,-0.121637528349167,-0.5149298202680932
9473,0.3352829872738374,-0.1015981417433678,-0.4289801836633886
9474,0.3137347653420516,-0.1824128926282154,-0.775597503219581
9475,0.2843202180743724,-0.1399177291862457,-0.5933342470060479
9476,0.7666759416866058,0.327569654426208,1.4117356450607457
9477,1.503906727835743,0.9672813343643812,4.155481624119785
9478,1.503906727835743,1.178541669695955,5.0615846605012536
9479,1.3470699534345063,0.7543662579474706,3.2422813448058183
9480,0.4843146528787593,0.1285443996004222,0.5581093009048483
9481,0.3352829872738374,-0.1561126101672239,-0.6627946632629358
9482,0.3549028882088867,-0.1132411512868435,-0.4789174626296643
9483,0.3451082418762568,-0.0827251735489126,-0.348033356803122
9484,0.3451082418762568,-0.1218782833627639,-0.5159624270208082
9485,0.3294061994742595,-0.1309230203060551,-0.55475562307782
9486,0.3137347653420516,-0.128848420096139,-0.5458575895376752
9487,0.3294061994742595,-0.1313943145200393,-0.5567770205997442
9488,0.3352829872738374,-0.1203118940320109,-0.5092441278828123
9489,0.3392008458068894,-0.109821955256214,-0.4642524101460814
9490,0.3549028882088867,-0.1035665975675126,-0.4374229601857348
9491,0.3588207467419387,-0.0931099563156579,-0.3925740567046977
9492,0.3705743223410945,-0.0836786574554135,-0.3521228829390402
9493,0.3803995769435139,-0.0738528704508842,-0.3099797355958912
9494,0.3941120818091958,-0.0588008215610237,-0.2454209665233205
9495,0.4098141242111931,-0.0448654156818555,-0.1856515187445668
9496,0.419608770543823,-0.0333969941344996,-0.136463053857146
9497,0.4392286714788723,-0.014018641375301,-0.0533486147570541
9498,0.4745200065461294,0.020018739984915,0.0926389155219266
9499,0.5196059879460164,0.0671222333693132,0.2946674615468598
9500,0.5745172239483228,0.1211898644176793,0.5265654398681868
9501,0.6293978516808398,0.1750638384813889,0.7576328165456305
9502,0.6803912291500942,0.228324945526031,0.9860715849421892
9503,0.7353024651524006,0.2819929698850827,1.2162556360656924
9504,0.7803884465522877,0.3258690774562742,1.404441810401064
9505,0.800008347487337,0.3494522930428403,1.5055910546124205
9506,0.8117619230864929,0.3558892368813908,1.5331993339800232
9507,0.800008347487337,0.3493959338097097,1.5053493278718673
9508,0.7764705880192357,0.3223011803874506,1.3891389739150592
9509,0.7215593520169293,0.2685763526619565,1.1587112911475497
9510,0.6509766818824151,0.1989684791215234,0.8601606641590418
9511,0.5803940117479008,0.1268755104737481,0.5509513765235865
9512,0.5058934830803345,0.0533318689073619,0.2355201015269608
9513,0.4352802046760309,-0.0175552863418271,-0.0685174098730089
9514,0.3803995769435139,-0.0720225117679992,-0.3021292625876653
9515,0.3451082418762568,-0.1077466359116703,-0.455351292212131
9516,0.3196115531416296,-0.133379676149255,-0.5652923067168667
9517,0.3039095107396323,-0.1480978103512328,-0.6284189039048855
9518,0.3039095107396323,-0.1487460319634517,-0.6311991492839236
9519,0.3098169068089997,-0.1436447908198854,-0.6093197459295511
9520,0.3098169068089997,-0.1414748267163123,-0.6000126932828704
9521,0.3098169068089997,-0.1430849106292281,-0.6069184000263166
9522,0.3098169068089997,-0.1438822263582761,-0.610338115335919
9523,0.3137347653420516,-0.1366268245749051,-0.5792194409488796
9524,0.3294061994742595,-0.1243524132704081,-0.5265740575391451
9525,0.3352829872738374,-0.1180059167546291,-0.4993537099319796
9526,0.3352829872738374,-0.1144812985987967,-0.4842364982316738
9527,0.3490261004093087,-0.1062689210452594,-0.4490133209821816
9528,0.3490261004093087,-0.1016990905951452,-0.429413156852469
9529,0.3451082418762568,-0.1073925374744806,-0.4538325515142525
9530,0.3392008458068894,-0.1141967154977488,-0.4830159112646143
9531,0.3352829872738374,-0.1156017362773698,-0.4890420949899952
9532,0.3352829872738374,-0.1183718414980699,-0.5009231740748744
9533,0.3235294116746816,-0.1281701020967192,-0.5429482596914367
9534,0.3137347653420516,-0.1385797793946035,-0.5875957331159216
9535,0.3098169068089997,-0.1429915518212493,-0.6065179808030404
9536,0.3039095107396323,-0.1477922845929345,-0.6271084931415384
9537,0.2941148644070023,-0.1586285450817046,-0.6735855969314407
9538,0.2901970058739504,-0.1625520468384495,-0.6904136344778872
9539,0.3039095107396323,-0.1469299124664002,-0.6234097486464248
9540,0.3294061994742595,-0.1246691699131008,-0.527932637962145
9541,0.3392008458068894,-0.112369752001084,-0.4751800003299473
9542,0.3451082418762568,-0.1067437439799353,-0.4510498533117273
9543,0.3451082418762568,-0.1077537221848365,-0.4553816854879082
9544,0.3294061994742595,-0.1234323001173157,-0.5226276597426869
9545,0.3098169068089997,-0.1413861921214205,-0.5996325363763036
9546,0.3098169068089997,-0.1428137427760603,-0.6057553515310146
9547,0.3235294116746816,-0.1297781322761525,-0.5498451578994734
9548,0.3392008458068894,-0.1126153046872928,-0.4762331844698675
9549,0.3451082418762568,-0.1049915720067583,-0.443534725861672
9550,0.3451082418762568,-0.1117661120018989,-0.4725909670630803
9551,0.3392008458068894,-0.1113902736970006,-0.4709789833051149
9552,0.3352829872738374,-0.1108185852935067,-0.4685269915601578
9553,0.3352829872738374,-0.1278279427352061,-0.5414807261106215
9554,0.3451082418762568,-0.1081037457212791,-0.4568829487926257
9555,0.3451082418762568,-0.0790881740995203,-0.33243413776733
9556,0.3490261004093087,-0.1519744236935083,-0.6450458353863665
9557,0.2901970058739504,-0.128934878708368,-0.5462284135777822
9558,0.7450971114850305,0.3150823597040736,1.3581771971573202
9559,1.503906727835743,0.959447915997908,4.121883816202044
9560,1.503906727835743,1.1917358720270377,5.118175060095488
9561,1.3784434299687118,0.7820469657089979,3.3610048776097514
9562,0.5098113416133866,0.1584670003937377,0.6864483920678908
9563,0.3588207467419387,-0.1293496383554962,-0.5480073323466156
9564,0.3803995769435139,-0.0865025561288371,-0.3642346840417261
9565,0.3705743223410945,-0.0547374136535842,-0.2279928665574243
9566,0.3705743223410945,-0.094366237999365,-0.397962293196753
9567,0.3549028882088867,-0.1028652177940012,-0.4344147175762654
9568,0.3392008458068894,-0.1024706210406909,-0.4327222781708296
9569,0.3490261004093087,-0.109849965826093,-0.4643725484691523
9570,0.3549028882088867,-0.0975601451924842,-0.4116610739028603
9571,0.3705743223410945,-0.0797548531374843,-0.335293547696993
9572,0.3843174354765659,-0.0696446618555499,-0.2919305803677015
9573,0.3941120818091958,-0.0589095772635927,-0.2458874235710521
9574,0.4039067281418257,-0.047553559348133,-0.1971810618290306
9575,0.419608770543823,-0.034452511052394,-0.1409902031810124
9576,0.4352802046760309,-0.0162007254968258,-0.0627076505886038
9577,0.4549001056110801,0.0013230355411478,0.0124523791463204
9578,0.4706021480130775,0.0176749645504019,0.0825863799407657
9579,0.4941092992113892,0.0424069688113036,0.1886628193321466
9580,0.5294006342786464,0.0754942238827843,0.3305752244163401
9581,0.5646919693459035,0.1115360757292889,0.485159999375031
9582,0.605890700482528,0.1547723782720765,0.6706020273564786
9583,0.6607713282150449,0.2059086157317348,0.8899271550885622
9584,0.7098057764177734,0.257050182527557,1.1092751405315948
9585,0.7548917578176605,0.3039676983644968,1.3105060222898952
9586,0.796090488954285,0.3396032075247482,1.4633479791220905
9587,0.8058851352869149,0.3560570649983508,1.5339191546985171
9588,0.8156797816195448,0.3598938316401815,1.5503751822750784
9589,0.8058851352869149,0.3552511973064834,1.5304627597184717
9590,0.7862652343518657,0.3301537131994158,1.4228187643643142
9591,0.7313846066193487,0.2805269807080356,1.2099679567313777
9592,0.6705965828174644,0.2164610847694848,0.935187067326322
9593,0.6000139126829501,0.1452605291095773,0.629805370500775
9594,0.5254827757455944,0.0746811753603518,0.3270880306004953
9595,0.4706021480130775,0.0144014921883656,0.068546341416276
9596,0.4156909120107711,-0.0360304938002956,-0.1477582268944422
9597,0.374522789143936,-0.0803041707967155,-0.3376495905300508
9598,0.3392008458068894,-0.1135975797163557,-0.48044619674687
9599,0.3235294116746816,-0.1314303974966142,-0.5569317817601148
9600,0.3137347653420516,-0.1386767462894234,-0.588011627551036
9601,0.3137347653420516,-0.1417529702365308,-0.6012056606604155
9602,0.3137347653420516,-0.1394696507365258,-0.5914124227166417
9603,0.3235294116746816,-0.1302502405475862,-0.551870046942537
9604,0.3352829872738374,-0.1202940951777126,-0.5091677879683723
9605,0.3392008458068894,-0.1140397894438756,-0.4823428498795762
9606,0.3451082418762568,-0.1087878095751876,-0.4598169228116127
9607,0.3549028882088867,-0.1024723769940524,-0.4327298095167877
9608,0.3549028882088867,-0.0952273065137523,-0.4016554464533464
9609,0.3705743223410945,-0.0889621447640199,-0.374783946529124
9610,0.3646975345415166,-0.0866887962683207,-0.3650334745748251
9611,0.3705743223410945,-0.085800084731974,-0.3612217594211636
9612,0.374522789143936,-0.0816197958425312,-0.3432923527971945
9613,0.374522789143936,-0.0776242011405098,-0.3261551060633529
9614,0.3803995769435139,-0.0795870481742399,-0.3345738262856027
9615,0.3646975345415166,-0.0861780847936216,-0.3628430150301434
9616,0.3646975345415166,-0.094176816966693,-0.3971498597004735
9617,0.3549028882088867,-0.1002335093495198,-0.4231272271504231
9618,0.3549028882088867,-0.1002540833321209,-0.4232154696881246
9619,0.3549028882088867,-0.1014324653043948,-0.4282695915677418
9620,0.3490261004093087,-0.1098440285334319,-0.464347083211324
9621,0.3451082418762568,-0.1065564692191946,-0.4502466252515311
9622,0.3803995769435139,-0.0817079990845263,-0.3436706596159592
9623,0.3901942232761438,-0.061962529713268,-0.2589816444063895
9624,0.3999888696087737,-0.0618714463159452,-0.2585909844997459
9625,0.3843174354765659,-0.0677342950027993,-0.2837369494943856
9626,0.3803995769435139,-0.0815637644623814,-0.3430520322296507
9627,0.3490261004093087,-0.107437279144665,-0.4540244501171929
9628,0.3352829872738374,-0.1203559311272362,-0.5094330045388795
9629,0.3549028882088867,-0.1067386141970719,-0.4510278514919289
9630,0.3705743223410945,-0.0867148322874648,-0.3651451439800863
9631,0.374522789143936,-0.0821105626457288,-0.3453972689416976
9632,0.3646975345415166,-0.0961468162420901,-0.4055992561397293
9633,0.3549028882088867,-0.1080922159381208,-0.4568334971456227
9634,0.3352829872738374,-0.1129028547658884,-0.4774664969083727
9635,0.3392008458068894,-0.1314085695906475,-0.556838161100831
9636,0.3392008458068894,-0.1249090474678208,-0.5289614812627599
9637,0.3490261004093087,-0.0861090701335469,-0.3625470087166517
9638,0.3549028882088867,-0.1349073594066672,-0.5718445941398597
9639,0.2784434302747945,-0.1828617927270167,-0.7775228515909041
9640,0.5294006342786464,0.1218985607605297,0.5296050635018488
9641,1.3215732646998797,0.7579650541797057,3.257716708894532
9642,1.503906727835743,1.1640298359915275,4.999342893430275
9643,1.503906727835743,0.9363004511398264,4.022603522248509
9644,0.7450971114850305,0.3420835915290326,1.4739864336817063
9645,0.4254855583434009,-0.0448510248442959,-0.1855897959342325
9646,0.4039067281418257,-0.0826393034035772,-0.3476650567182963
9647,0.3803995769435139,-0.0594663630211211,-0.2482754973413537
9648,0.3705743223410945,-0.102315025297161,-0.432054922533818
9649,0.3392008458068894,-0.1270345342306012,-0.5380777690245928
9650,0.3352829872738374,-0.1272265003132665,-0.5389011183301416
9651,0.3352829872738374,-0.1279613126291739,-0.5420527542942198
9652,0.3549028882088867,-0.1145725196293077,-0.4846277484519205
9653,0.3646975345415166,-0.098803264056208,-0.4169928545953189
9654,0.374522789143936,-0.0925163079804467,-0.3900278780373514
9655,0.3843174354765659,-0.082006910415933,-0.3449527008688586
9656,0.3999888696087737,-0.0689172080554983,-0.2888105053379072
9657,0.4039067281418257,-0.0617600490929797,-0.2581131978777797
9658,0.4156909120107711,-0.0536842234730428,-0.223475696692206
9659,0.4294034168764529,-0.0393965256645153,-0.1621952563914337
9660,0.4490233178115022,-0.019490781155214,-0.0768188154565886
9661,0.4745200065461294,0.004925328401492,0.0279027403964351
9662,0.4999860870109672,0.029098366057198,0.1315817522848786
9663,0.5254827757455944,0.0554990832911714,0.2448153605285019
9664,0.5646919693459035,0.0940633467934606,0.4102188481277991
9665,0.615685346815158,0.1427991767887449,0.6192485435033624
9666,0.6647197950178864,0.1935414440788735,0.8368839192699656
9667,0.7156825642173513,0.2429572221546042,1.0488299359668374
9668,0.7548917578176605,0.2819572073608875,1.2161022493368912
9669,0.7803884465522877,0.3044277418008059,1.3124791648291836
9670,0.7862652343518657,0.3168230190124004,1.3656429463814002
9671,0.796090488954285,0.3154920809394519,1.3599345060002868
9672,0.7607991538870279,0.2894421873056908,1.248205592563134
9673,0.7215593520169293,0.2449104596198663,1.0572074404106804
9674,0.6705965828174644,0.1919890293699666,0.8302255577784151
9675,0.605890700482528,0.1318722211492548,0.5723824450102021
9676,0.5509794644802216,0.0707945957444266,0.3104183534194906
9677,0.4941092992113892,0.0170471326207545,0.0798935866300958
9678,0.4490233178115022,-0.0297262811827665,-0.1207192364196232
9679,0.4098141242111931,-0.0708720220548126,-0.2971947715919567
9680,0.374522789143936,-0.1037769721735819,-0.4383252642980413
9681,0.3549028882088867,-0.1273518224473568,-0.5394386293875145
9682,0.3392008458068894,-0.1414701981705126,-0.5999928412865334
9683,0.3352829872738374,-0.146361302583531,-0.6209709607851084
9684,0.3352829872738374,-0.1475519176431833,-0.6260775508083574
9685,0.3352829872738374,-0.148861105103987,-0.6316927020461179
9686,0.3352829872738374,-0.1459323824445189,-0.6191313071666757
9687,0.3490261004093087,-0.1387470513744368,-0.5883131685426457
9688,0.3490261004093087,-0.1336362008058433,-0.566392550025089
9689,0.3549028882088867,-0.1312920352123424,-0.5563383410382557
9690,0.3588207467419387,-0.1289475317239312,-0.5462826828082233
9691,0.3588207467419387,-0.1260639580220099,-0.5339149334015976
9692,0.3646975345415166,-0.1246994908056655,-0.5280626853407764
9693,0.3588207467419387,-0.1286270819592561,-0.5449082624546624
9694,0.3549028882088867,-0.1345094178383693,-0.5701378087048597
9695,0.3549028882088867,-0.1342645881736448,-0.5690877256296106
9696,0.3588207467419387,-0.1318466960665191,-0.5587173010230662
9697,0.3549028882088867,-0.1360827288594754,-0.5768857952171371
9698,0.3490261004093087,-0.1421989122764776,-0.6031183218128829
9699,0.3490261004093087,-0.1432052514240392,-0.6074345459436643
9700,0.3490261004093087,-0.1447594302796712,-0.6141004739227987
9701,0.3392008458068894,-0.1527304260225346,-0.6482883560647846
9702,0.3352829872738374,-0.1603918223839421,-0.681148355529889
9703,0.3392008458068894,-0.1551944072145845,-0.6588564583836565
9704,0.3588207467419387,-0.1356953201645352,-0.5752241856478114
9705,0.3803995769435139,-0.1172508299010298,-0.4961151157599869
9706,0.3843174354765659,-0.1117206321739699,-0.472395902475514
9707,0.3803995769435139,-0.1161284641484649,-0.4913012494242478
9708,0.3705743223410945,-0.1289911148360959,-0.5464696123149166
9709,0.3490261004093087,-0.1489044941269907,-0.6318787990975477
9710,0.3352829872738374,-0.1630145718889988,-0.6923974207482603
9711,0.3392008458068894,-0.1622760359493263,-0.6892298140303983
9712,0.3490261004093087,-0.1508057655769673,-0.6400334194672699
9713,0.3588207467419387,-0.1412402319737858,-0.599006508150253
9714,0.3549028882088867,-0.1474536981981405,-0.6256562841411182
9715,0.3451082418762568,-0.1595200175428013,-0.6774091537888243
9716,0.3352829872738374,-0.1619702865704428,-0.6879184441504665
9717,0.3352829872738374,-0.1709966177925534,-0.7266326974195558
9718,0.3352829872738374,-0.175674506753125,-0.7466963283154204
9719,0.3352829872738374,-0.152569787465802,-0.6475993716239198
9720,0.3451082418762568,-0.1728157609634428,-0.7344350667008904
9721,0.2901970058739504,-0.2224130725165659,-0.9471596868909924
9722,0.4490233178115022,-0.0244119695159668,-0.097925966069053
9723,1.1019589289604432,0.5453915659377756,2.345981513322177
9724,1.503906727835743,1.051037594842321,4.51471518216515
9725,1.503906727835743,0.9545800055769944,4.101005176554426
9726,0.8666731590887993,0.3728023590547119,1.605740312067009
9727,0.4156909120107711,-0.0769609403756479,-0.3233103572277003
9728,0.3901942232761438,-0.1458234029782382,-0.6186638903884851
9729,0.3843174354765659,-0.1079846324377588,-0.4563720677145393
9730,0.3705743223410945,-0.1391864346961424,-0.5901976991210336
9731,0.3490261004093087,-0.1680776320355011,-0.7141130644583179
9732,0.3352829872738374,-0.1710970340050702,-0.7270633861000438
9733,0.3352829872738374,-0.1736576041579715,-0.7380457618818969
9734,0.3490261004093087,-0.1650442141797825,-0.7011026281860926
9735,0.3588207467419387,-0.1519418729267782,-0.6449062239987181
9736,0.3646975345415166,-0.1446268564741617,-0.6135318601907024
9737,0.3843174354765659,-0.1297899430051303,-0.5498958145330145
9738,0.4039067281418257,-0.107920760888456,-0.456098120384716
9739,0.419608770543823,-0.090689739460284,-0.3821936611708458
9740,0.4392286714788723,-0.0759428858176046,-0.3189438852877726
9741,0.4549001056110801,-0.055929685229062,-0.233106561435529
9742,0.4843146528787593,-0.0284746325508835,-0.1153508712504025
9743,0.5156881294129645,0.0010020320756089,0.0110755839502072
9744,0.5353080303480138,0.0251538503911692,0.1146635853396575
9745,0.5646919693459035,0.048627449331872,0.2153426798870987
9746,0.5960654458801087,0.0846527419930801,0.3698564319154623
9747,0.6450998940828371,0.1326354535357158,0.5756559756602012
9748,0.6960932715520916,0.1795945364311465,0.7770651399998152
9749,0.7313846066193487,0.2224879044516106,0.9610363097083662
9750,0.7764705880192357,0.2605979239099378,1.1244915285668882
9751,0.796090488954285,0.2830786220284784,1.2209120364356003
9752,0.800008347487337,0.2887703654974135,1.245324125110041
9753,0.800008347487337,0.2861789720421523,1.234209547096209
9754,0.7862652343518657,0.2724748964895534,1.175432283254788
9755,0.7509738992846084,0.2415982612464612,1.0430013046562816
9756,0.7098057764177734,0.194481453536312,0.8409156530181654
9757,0.6450998940828371,0.1346282380417682,0.5842030987581269
9758,0.5803940117479008,0.0694070787367472,0.3044672439899045
9759,0.5196059879460164,0.0064942145400684,0.0346317484313305
9760,0.4607768934106581,-0.0488521442301024,-0.2027507382318669
9761,0.419608770543823,-0.0910173082769915,-0.3835986153898985
9762,0.3901942232761438,-0.1210244829342646,-0.5123004468411744
9763,0.3646975345415166,-0.1435585978140759,-0.608950061084754
9764,0.3549028882088867,-0.1562529554505928,-0.6633966091379284
9765,0.3451082418762568,-0.1605143457256236,-0.6816738624678145
9766,0.3490261004093087,-0.1638134432905467,-0.6958238083921348
9767,0.3392008458068894,-0.1632271386801169,-0.6933091272196322
9768,0.3549028882088867,-0.1557251859100406,-0.6611329869466
9769,0.3549028882088867,-0.1505781576137505,-0.6390572008777669
9770,0.3549028882088867,-0.1491916070538619,-0.633110236576874
9771,0.3646975345415166,-0.1424203668822382,-0.6040681484350238
9772,0.3705743223410945,-0.1322951088351781,-0.5606405592182045
9773,0.374522789143936,-0.1283879139902053,-0.5438824625920332
9774,0.374522789143936,-0.1298514718547708,-0.5501597139412816
9775,0.3705743223410945,-0.1290347996623301,-0.5466569780768449
9776,0.374522789143936,-0.1266402815525999,-0.5363868053703043
9777,0.374522789143936,-0.1276319578698924,-0.5406401401044181
9778,0.3646975345415166,-0.1295097387488245,-0.5486940085856404
9779,0.3705743223410945,-0.1319577229222467,-0.5591934991268738
9780,0.3549028882088867,-0.139193468045068,-0.5902278654028745
9781,0.3490261004093087,-0.1466302364725119,-0.6221244277291469
9782,0.3451082418762568,-0.1508337979735022,-0.6401536514056385
9783,0.3352829872738374,-0.1571105658947585,-0.6670749306092607
9784,0.3294061994742595,-0.1623995008440175,-0.689759359322422
9785,0.3352829872738374,-0.1570340835380144,-0.6667468950811212
9786,0.3451082418762568,-0.1433371877622423,-0.6080004255559789
9787,0.3549028882088867,-0.1332987292189633,-0.5649451224751681
9788,0.3588207467419387,-0.1302327150216939,-0.5517948793432796
9789,0.3549028882088867,-0.1278196356265155,-0.5414450966281807
9790,0.3549028882088867,-0.130987288146413,-0.5550312701139689
9791,0.3352829872738374,-0.1485485704157367,-0.6303522297347697
9792,0.3137347653420516,-0.1644494593159616,-0.6985517035784755
9793,0.3235294116746816,-0.1590964846187725,-0.6755926061256403
9794,0.3352829872738374,-0.141833339778255,-0.6015503684621644
9795,0.3451082418762568,-0.131498345442532,-0.5572232128989292
9796,0.3392008458068894,-0.1345268122996102,-0.5702124141632002
9797,0.3352829872738374,-0.1421060138374521,-0.6027198771282999
9798,0.3235294116746816,-0.1428697876969046,-0.605995730175075
9799,0.3235294116746816,-0.1481718221191488,-0.6287363429903221
9800,0.3196115531416296,-0.1528315141258747,-0.6487219265087336
9801,0.3352829872738374,-0.1253294290440034,-0.5307645126837791
9802,0.3392008458068894,-0.123008560380044,-0.520810225050203
9803,0.2843202180743724,-0.1905288635554191,-0.8104071890452758
9804,0.3549028882088867,-0.0975865998620269,-0.4117745389144607
9805,0.8352996825545941,0.3919860930349934,1.6880200243536798
9806,1.503906727835743,0.997158005227414,4.283623720190376
9807,1.503906727835743,1.1286374343466374,4.847543633313913
9808,1.1862847122304288,0.6417785564303817,2.759388718304349
9809,0.4294034168764529,0.0538136975417447,0.2375866815498722
9810,0.3392008458068894,-0.1453928611932114,-0.6168172814730463
9811,0.3705743223410945,-0.0795273383641165,-0.3343177288020422
9812,0.3588207467419387,-0.0667699994327341,-0.2796010517517548
9813,0.3490261004093087,-0.1050535409577135,-0.4438005128800149
9814,0.3392008458068894,-0.103518516275608,-0.4372167378273373
9815,0.3352829872738374,-0.0947186491051781,-0.3994737968707892
9816,0.3490261004093087,-0.0920133284216063,-0.3878705809527482
9817,0.3549028882088867,-0.079758609548702,-0.3353096590773187
9818,0.3588207467419387,-0.0690776237492161,-0.2894985339114338
9819,0.374522789143936,-0.0579476280090843,-0.2417615892586767
9820,0.3843174354765659,-0.0412695486801078,-0.1702287182288253
9821,0.3941120818091958,-0.0315178196536246,-0.128403208167992
9822,0.3941120818091958,-0.0272093203660926,-0.1099239026203941
9823,0.4098141242111931,-0.0123122433914407,-0.0460298135631418
9824,0.4294034168764529,0.0137823697768578,0.0658909035363798
9825,0.4549001056110801,0.0376517477658097,0.1682675083939881
9826,0.4706021480130775,0.0573630953712359,0.2528101741452999
9827,0.4941092992113892,0.0853138480495711,0.3726919391308442
9828,0.5392258888810657,0.1275863164969061,0.5540000486505661
9829,0.5843118702809528,0.1803202949031989,0.7801779437079704
9830,0.6411820355497851,0.2376779168957334,1.0261868093357087
9831,0.6960932715520916,0.2919059739079803,1.258772860279654
9832,0.7353024651524006,0.3398100390655756,1.4642350869024934
9833,0.7803884465522877,0.3811254684644851,1.6414384221570746
9834,0.800008347487337,0.4063452657193115,1.7496070229200027
9835,0.800008347487337,0.4086999002451331,1.759706133527145
9836,0.7862652343518657,0.3953345668014556,1.7023817465495343
9837,0.7548917578176605,0.3690741274370999,1.5897497950409447
9838,0.7098057764177734,0.3231846532999717,1.392928220426193
9839,0.6411820355497851,0.2602533794743562,1.1230137653191925
9840,0.5745172239483228,0.1923646489247254,0.8318366033093096
9841,0.4999860870109672,0.1240872721218023,0.5389925237986388
9842,0.4352802046760309,0.0569449951394093,0.2510169274907621
9843,0.374522789143936,0.0034988325497008,0.0217844493283796
9844,0.3451082418762568,-0.0278264741181674,-0.1125708968504824
9845,0.3196115531416296,-0.0486422219799695,-0.2018503742901411
9846,0.2999916522065803,-0.0672086331218266,-0.2814823671294007
9847,0.2901970058739504,-0.0746442742244195,-0.3133740943195892
9848,0.2901970058739504,-0.070485853103611,-0.2955384793272926
9849,0.2999916522065803,-0.0649512536149704,-0.2718003867320042
9850,0.2941148644070023,-0.0577261324011726,-0.2408115867768622
9851,0.3137347653420516,-0.0484011799035266,-0.2008165363147454
9852,0.3098169068089997,-0.041731600417195,-0.1722104744410501
9853,0.3196115531416296,-0.0318263492689504,-0.1297265025801757
9854,0.3352829872738374,-0.0175610365165527,-0.0685420725754059
9855,0.3352829872738374,-0.0113347625270379,-0.0418373636276153
9856,0.3352829872738374,-0.0113880729821088,-0.0420660140514386
9857,0.3392008458068894,-0.0070856414888391,-0.0236127334876436
9858,0.3352829872738374,-0.0048652051892957,-0.0140892038106214
9859,0.3352829872738374,-0.0101672874707585,-0.0368300218957465
9860,0.3235294116746816,-0.0114314498719283,-0.042252059063213
9861,0.3352829872738374,-0.0062698836715211,-0.0201139194103885
9862,0.3294061994742595,-0.006228087842735,-0.0199346556252026
9863,0.3235294116746816,-0.0095900701151298,-0.034354316279894
9864,0.3294061994742595,-0.0074341953810468,-0.0251076934363547
9865,0.3235294116746816,-0.0055264800964352,-0.0169254352323957
9866,0.3235294116746816,-0.0092234997313206,-0.0327820829626661
9867,0.3235294116746816,-0.0059708440247299,-0.018831327808275
9868,0.3392008458068894,0.0117765972822726,0.0572880744971207
9869,0.3549028882088867,0.0271620006965229,0.1232766128932468
9870,0.3588207467419387,0.0302099203605344,0.1363492479331991
9871,0.3549028882088867,0.0343124398156538,0.1539450987078532
9872,0.3646975345415166,0.0355567144143631,0.1592818363884656
9873,0.3392008458068894,0.017224214821051,0.0806530984387178
9874,0.3196115531416296,-0.0023920037812306,-0.0034815556597582
9875,0.3235294116746816,0.0001264627768215,0.0073202363173992
9876,0.3352829872738374,0.0126080637175517,0.0608542633913739
9877,0.3392008458068894,0.0192066959531469,0.0891560300020031
9878,0.3352829872738374,0.0159211281624556,0.075064113757006
9879,0.3352829872738374,0.0086456575271608,0.0438593633555728
9880,0.3235294116746816,0.0083995395793029,0.0428037547884842
9881,0.3098169068089997,-0.0064989648891543,-0.021096456840094
9882,0.3098169068089997,-0.0273845501874142,-0.110675469510198
9883,0.3137347653420516,0.0094071094984872,0.0471252577422053
9884,0.3352829872738374,0.0231661551661234,0.1061382903476364
9885,0.2941148644070023,-0.0719116468828451,-0.3016537591813654
9886,0.2784434302747945,0.0179142051831153,0.0836124914604091
9887,0.9156769990217384,0.5566601348293176,2.3943128031133942
9888,1.503906727835743,1.1659284335811757,5.007486045518653
9889,1.503906727835743,1.24740726465342,5.356951628442678
9890,1.1627469527623275,0.7466961653322587,3.209384046801142
9891,0.4254855583434009,0.1789270128064395,0.7742021076077948
9892,0.3451082418762568,-0.0185368988715089,-0.0727275806667776
9893,0.3646975345415166,0.0338095848665019,0.151788336078603
9894,0.3451082418762568,0.0363203869178951,0.1625572547161197
9895,0.3352829872738374,-0.0077163476719368,-0.026317854572832
9896,0.3235294116746816,-0.0088470801309032,-0.0311676060076978
9897,0.3235294116746816,-0.0036337559123674,-0.0088074743879013
9898,0.3294061994742595,-0.0088703963512738,-0.0312676101000021
9899,0.3352829872738374,-0.0043933503132248,-0.0120654015892143
9900,0.3352829872738374,0.0012171444239932,0.0119982084065598
9901,0.3490261004093087,0.0036495296418295,0.0224307944765938
9902,0.3490261004093087,0.0068846472012883,0.0363063278987852
9903,0.3549028882088867,0.0090489350644292,0.0455890349498634
9904,0.3646975345415166,0.0153596567604242,0.0726559430920133
9905,0.3803995769435139,0.0295803764322496,0.1336491117999345
9906,0.3999888696087737,0.0456951722934821,0.2027660401509804
9907,0.419608770543823,0.0622732018092583,0.2738697939999474
9908,0.4451054592784502,0.0856853058293147,0.374285134661775
9909,0.4843146528787593,0.1198815040486498,0.5209538360562448
9910,0.5294006342786464,0.1636086046382975,0.7085009141873669
9911,0.5843118702809528,0.214019110003367,0.924713351345168
9912,0.6450998940828371,0.2702182909885487,1.1657536225958134
9913,0.7058879178847215,0.3303994067071993,1.42387255249294
9914,0.7666759416866058,0.3832206685254312,1.6504248091855258
9915,0.800008347487337,0.4158789213088053,1.7904972083109203
9916,0.8215565694191228,0.431629772418989,1.8580531647763403
9917,0.8313818240215421,0.4374625997471811,1.883070367103832
9918,0.8215565694191228,0.4239787670517029,1.8252377326518567
9919,0.7862652343518657,0.3821151664693761,1.645683271839458
9920,0.7254772105499813,0.3201034837777047,1.37971297557036
9921,0.6607713282150449,0.2471141610241625,1.0666591935311938
9922,0.5843118702809528,0.1669666997874263,0.722903902833143
9923,0.5098113416133866,0.089854555611401,0.3921671941645774
9924,0.4549001056110801,0.0245389043183656,0.1120260599239013
9925,0.3999888696087737,-0.0300520136966993,-0.1221163146712479
9926,0.3646975345415166,-0.0746979747654268,-0.313604417835765
9927,0.3352829872738374,-0.107756678513975,-0.4553943652879508
9928,0.3196115531416296,-0.1300917103036602,-0.5511901051297298
9929,0.3098169068089997,-0.1442022474581189,-0.611710697130881
9930,0.3098169068089997,-0.1522016093119763,-0.6460202425243319
9931,0.3137347653420516,-0.1529447373336335,-0.6492075448439412
9932,0.3235294116746816,-0.1480404344578194,-0.6281728166724887
9933,0.3352829872738374,-0.1465055163944103,-0.6215894989111641
9934,0.3352829872738374,-0.1485233917746969,-0.6302442376544658
9935,0.3451082418762568,-0.1465534571446058,-0.6217951184812096
9936,0.3549028882088867,-0.1455407208177587,-0.6174514566226325
9937,0.3549028882088867,-0.1494183397511797,-0.6340827011200368
9938,0.3588207467419387,-0.1510967900373851,-0.641281633652067
9939,0.3705743223410945,-0.1526247313406246,-0.647835027842723
9940,0.3646975345415166,-0.1571276447664425,-0.6671481824928505
9941,0.374522789143936,-0.1587282963035849,-0.6740134334436125
9942,0.3803995769435139,-0.1626916528560545,-0.6910124096159199
9943,0.3646975345415166,-0.1771006909092687,-0.75281328250984
9944,0.3646975345415166,-0.1938239266516161,-0.8245398309908005
9945,0.3549028882088867,-0.2047838579824528,-0.8715473633882904
9946,0.3549028882088867,-0.2131515995173264,-0.907436902238564
9947,0.3549028882088867,-0.2237598331575022,-0.9529359908247912
9948,0.3451082418762568,-0.2361073363403248,-1.0058948678810338
9949,0.3490261004093087,-0.244076665967745,-1.040075603995065
9950,0.3549028882088867,-0.243054695592599,-1.0356923369773434
9951,0.3705743223410945,-0.236557368357337,-1.0078250710895236
9952,0.3803995769435139,-0.2323691876094122,-0.9898618160059182
9953,0.3901942232761438,-0.2345275166357355,-0.9991189653955204
9954,0.3803995769435139,-0.2447374622928498,-1.042909782761597
9955,0.374522789143936,-0.2671700766087574,-1.1391240575033097
9956,0.3451082418762568,-0.2970553450788858,-1.2673030290142555
9957,0.3352829872738374,-0.3176320436884851,-1.3555572157720372
9958,0.3392008458068894,-0.3223466870340921,-1.3757784875228622
9959,0.3490261004093087,-0.3183551050315218,-1.3586584513986273
9960,0.3588207467419387,-0.3164410443454002,-1.3504489775435795
9961,0.3549028882088867,-0.3282895373505863,-1.401267582331334
9962,0.3490261004093087,-0.3458967946941065,-1.476785730668426
9963,0.3352829872738374,-0.3558856112037252,-1.51962811731435
9964,0.3392008458068894,-0.3719764780295476,-1.5886424131877528
9965,0.3392008458068894,-0.3797496950365194,-1.6219820153492976
9966,0.3451082418762568,-0.3600835639676759,-1.5376332849196728
9967,0.3490261004093087,-0.392964420889252,-1.6786604410524313
9968,0.2784434302747945,-0.4616868916638337,-1.973413544320742
9969,0.4352802046760309,-0.2809117169821916,-1.1980624381874472
9970,1.0607908060936082,0.2731794193343225,1.1784540066078415
9971,1.503906727835743,0.7806509613953785,3.3550173658253604
9972,1.503906727835743,0.7249698520840383,3.1161991222733563
9973,0.9607935886914148,0.1801041242001645,0.7792507799311604
9974,0.4549001056110801,-0.2917790307898644,-1.2446727307584016
9975,0.4098141242111931,-0.4032474812729802,-1.7227648500621315
9976,0.3999888696087737,-0.3763681783201073,-1.6074785707745898
9977,0.3803995769435139,-0.411083896572523,-1.756375511931609
9978,0.3549028882088867,-0.4556641002166954,-1.9475815791807685
9979,0.3352829872738374,-0.4663516639306332,-1.9934209172539583
9980,0.3451082418762568,-0.4674831259782888,-1.9982737979204688
9981,0.3588207467419387,-0.4599186897043069,-1.965829663693324
9982,0.374522789143936,-0.4484215981366461,-1.9165182320766756
9983,0.3803995769435139,-0.4452495278768287,-1.9029131107484107
9984,0.3901942232761438,-0.4433352206868647,-1.8947025796296808
9985,0.3941120818091958,-0.4406983888349022,-1.88339311472828
9986,0.3999888696087737,-0.4415323537296239,-1.8869700196032857
9987,0.4039067281418257,-0.4373974961169113,-1.8692354693290771
9988,0.4254855583434009,-0.424074719064997,-1.8120936082181112
9989,0.4392286714788723,-0.4088589233428409,-1.7468325232010542
9990,0.4607768934106581,-0.3925640195710582,-1.676943105663291
9991,0.4843146528787593,-0.3705488389304622,-1.5825192186916923
9992,0.5156881294129645,-0.3413724465067626,-1.4573806415693995
9993,0.5548973230132735,-0.3028059455094131,-1.2919675572747984
9994,0.605890700482528,-0.2548177147640508,-1.0861443414747205
9995,0.654894540415467,-0.204113945969471,-0.868674087114642
9996,0.7058879178847215,-0.1561887058662459,-0.6631210404024551
9997,0.7450971114850305,-0.1140024352643883,-0.4821826364850369
9998,0.7764705880192357,-0.0843946372413068,-0.3551937455170413
9999,0.7901830928849176,-0.0686902889227867,-0.2878372411667587
