Sample,PPG,PPG_Filtered,PPG_Normalized
0,0.4359707736779858,-0.0310648655094296,-0.4727264481818509
1,0.4320642255267494,-0.0346455037460318,-0.5272811254266001
2,0.4281504430270847,-0.0381740044912009,-0.5810414347878786
3,0.4242438948758483,-0.0415801559989135,-0.6329376286704279
4,0.4213067494139927,-0.0448042249721729,-0.6820596093421987
5,0.4183768383005654,-0.0477989482501767,-0.7276872743206826
6,0.4174002012627563,-0.0505286133874237,-0.7692765080574216
7,0.4164235642249472,-0.0529658298352573,-0.8064099875941113
8,0.4154469271871381,-0.0550873613618808,-0.8387336852289035
9,0.414470290149329,-0.056870851368809,-0.8659069753710354
10,0.4125097817252826,-0.0582942197369271,-0.8875934448750741
11,0.4115331446874735,-0.0593388801179224,-0.9035099117588262
12,0.4095798706118552,-0.0599968434706676,-0.9135346548286398
13,0.407626596536237,-0.0602805003436581,-0.917856456734251
14,0.4066499594984279,-0.0602327301138436,-0.9171286285379262
15,0.4066499594984279,-0.0599342765564874,-0.912581384047356
16,0.4066499594984279,-0.0595052860097436,-0.9060452753225424
17,0.407626596536237,-0.0590986074634465,-0.899849112691867
18,0.4086032335740461,-0.0588837996651737,-0.8965762966936923
19,0.4086032335740461,-0.0590225366199589,-0.8986900957680741
20,0.4105565076496644,-0.0596379496156055,-0.908066540728787
21,0.4115331446874735,-0.0607820886015533,-0.925498665667705
22,0.4115331446874735,-0.0624068341229391,-0.9502533215885348
23,0.4105565076496644,-0.0643439569880442,-0.9797673650931128
24,0.4086032335740461,-0.0662993889312066,-1.0095603660846142
25,0.4066499594984279,-0.0678651018796707,-1.0334156005197015
26,0.4046894510743815,-0.068549510221815,-1.0438432599876764
27,0.4046894510743815,-0.0678244119083116,-1.0327956472856938
28,0.4056660881121906,-0.0651836443076319,-0.9925608582302708
29,0.4086032335740461,-0.0602062942167303,-0.9167258506700174
30,0.4125097817252826,-0.0526158318947745,-0.801077411830332
31,0.4203301123761837,-0.0423262271755829,-0.6443047843436112
32,0.4320642255267494,-0.0294671947046364,-0.4483843031955533
33,0.4525880720175971,-0.0143833422967992,-0.2185664200860138
34,0.4740957898946821,0.0023940002322621,0.0370535130703972
35,0.4956035077717671,0.0201987769789756,0.3083274549343218
36,0.5180806283382331,0.0382982111490401,0.584090803313644
37,0.5347051610262725,0.0559662276506938,0.8532810632929028
38,0.5503385879796465,0.0725511508766813,1.1059692920208843
39,0.5640259752058304,0.0875281927448707,1.3341598075686136
40,0.5757600883563961,0.1005305013645228,1.532263247042258
41,0.5845570560451063,0.1113565123138234,1.6972085707976303
42,0.5923773866960075,0.1199552201676951,1.828218659137358
43,0.5962839348472438,0.1263942007097677,1.9263230980798771
44,0.5992210803090994,0.1308174213296914,1.9937153777119136
45,0.6011743543847177,0.1334008784471684,2.0330769830756967
46,0.6021509914225267,0.1343138072062327,2.046986384279395
47,0.6031276284603359,0.1336916751891741,2.0375075681713306
48,0.6031276284603359,0.1316246551895503,2.006014409274349
49,0.6011743543847177,0.1281622328108773,1.9532608712535
50,0.598237208922862,0.123331614660433,1.8796614745324869
51,0.5933540237338165,0.117165197034616,1.785709809744365
52,0.5855336930829155,0.109730902483107,1.6724407462422015
53,0.5777133624320144,0.1011588382961377,1.5418366013551292
54,0.5718463058567315,0.0916584160184068,1.397087973651745
55,0.5620727011302122,0.0815216203256342,1.2426435476099942
56,0.5474086768662192,0.0711103746193425,1.0840175955614275
57,0.5337212896400352,0.0608287816768119,0.927367035667414
58,0.5210177738000886,0.0510840729322622,0.7788964543703021
59,0.5092836606495229,0.0422426788966917,0.644188794413593
60,0.5024472013848591,0.0345891361800866,0.5275792613937177
61,0.4975567818473854,0.0282951149506082,0.4316834254961407
62,0.4956035077717671,0.0234037848379874,0.3571590200804264
63,0.494626870733958,0.0198316191674036,0.3027334310244375
64,0.4936429993477207,0.0173863979672957,0.2654779909187396
65,0.4936429993477207,0.0157974049362717,0.2412680606706812
66,0.4936429993477207,0.0147521504241439,0.2253425415928696
67,0.4916897252721025,0.0139335717680319,0.2128706604832026
68,0.4887598141586752,0.0130524522495099,0.199445905517554
69,0.4868065400830569,0.0118714368778187,0.1814519312128946
70,0.4838693946212014,0.0102190347165818,0.1562758981628905
71,0.4809394835077741,0.007993878856872,0.1223733780744818
72,0.4780023380459186,0.0051608965177203,0.0792100013410768
73,0.4750724269324912,0.001741776560318,0.0271162198944017
74,0.4711658787812548,-0.0021977488464728,-0.0329064695993312
75,0.4682287333193992,-0.0065616124870469,-0.0993943850826695
76,0.4633455481303537,-0.011236476993418,-0.1706207161040412
77,0.4584551285928799,-0.0161031229881766,-0.2447690337962659
78,0.4535647090554062,-0.0210456187504433,-0.3200730000941482
79,0.4486815238663607,-0.0259580626315885,-0.3949190953179795
80,0.4437911043288869,-0.0307488971254552,-0.4679123474354918
81,0.4389079191398414,-0.0353429348041873,-0.5379071992614822
82,0.4349941366401767,-0.039681348695167,-0.6040073618406344
83,0.4310875884889403,-0.0437199774689671,-0.6655399922565731
84,0.4261971689514665,-0.0474263791417455,-0.7220108037814204
85,0.4232672578380392,-0.0507761271678079,-0.7730476330664929
86,0.4203301123761837,-0.0537488853301676,-0.8183406370947703
87,0.4183768383005654,-0.0563248512394069,-0.8575881062569669
88,0.4164235642249472,-0.0584822289780101,-0.8904579575090135
89,0.414470290149329,-0.0601964236672677,-0.916575462776972
90,0.414470290149329,-0.0614415611676995,-0.9355464031436956
91,0.4134864187630917,-0.0621946764034869,-0.9470208822453524
92,0.4125097817252826,-0.0624424818943464,-0.9507964517611784
93,0.4125097817252826,-0.0621900524571603,-0.946950431704757
94,0.4125097817252826,-0.0614701186835859,-0.9359815060385284
95,0.4125097817252826,-0.0603510907376231,-0.9189319734172752
96,0.4125097817252826,-0.0589416003252833,-0.8974569487306892
97,0.4134864187630917,-0.0573893915331664,-0.8738074638972937
98,0.4154469271871381,-0.0558729071372032,-0.8507022766927417
99,0.4174002012627563,-0.0545849306812883,-0.8310786411260416
100,0.4193534753383746,-0.0537090472453053,-0.8177336632208125
101,0.4203301123761837,-0.0533912182198734,-0.812891213703236
102,0.4213067494139927,-0.0537100974526875,-0.8177496642019199
103,0.4213067494139927,-0.0546505605447904,-0.8320785790657012
104,0.4203301123761837,-0.0560850931956247,-0.8539351478090389
105,0.4193534753383746,-0.0577671124919801,-0.87956242813412
106,0.4164235642249472,-0.0593390010307063,-0.9035117539884692
107,0.414470290149329,-0.0603557524857837,-0.9190029999073848
108,0.4134864187630917,-0.0603229141311801,-0.9185026740664956
109,0.4134864187630917,-0.0587453176345533,-0.8944663816490876
110,0.4164235642249472,-0.0551812810300695,-0.8401646472100922
111,0.4213067494139927,-0.0492958294254171,-0.7504937864542492
112,0.4281504430270847,-0.0409061778571079,-0.6226688839476682
113,0.4369474107157949,-0.0300132894511007,-0.4567046138971124
114,0.4506347979419788,-0.0168147423954597,-0.255611281608005
115,0.4682287333193992,-0.0016963475619804,-0.0252671093964578
116,0.4868065400830569,0.0147972163346175,0.226029166724528
117,0.5053771124982864,0.0320094387476918,0.4882749386685728
118,0.523947684913516,0.0492307061080864,0.7506585196145744
119,0.5415416202909363,0.0657610183119953,1.002514693695692
120,0.5581589186305476,0.0809685049457284,1.234216270394047
121,0.5718463058567315,0.0943363388964608,1.4378888612714893
122,0.5816199105832508,0.1054925585305039,1.6078652512863325
123,0.5874869671585337,0.1142201059067508,1.7408383412182613
124,0.590416878271961,0.1204476743915771,1.8357217017421843
125,0.590416878271961,0.1242251548291925,1.893275470778628
126,0.5914007496581983,0.1256898919751833,1.915592235826568
127,0.590416878271961,0.1250310347207167,1.905553873251885
128,0.5894402412341518,0.1224587418722892,1.8663623669191756
129,0.5865103301207246,0.1181830923992581,1.801218484292753
130,0.5826037819694881,0.1124048052090852,1.7131803827428775
131,0.5777133624320144,0.1053169896389249,1.6051902800713125
132,0.5708696688189224,0.0971147362599809,1.4802205802022284
133,0.5630493381680214,0.0880078515467591,1.3414678988628228
134,0.5522990964036929,0.0782316691439231,1.1925177842657622
135,0.5405649832531272,0.0680516445682297,1.0374147220816363
136,0.5288381044509897,0.0577591299945109,0.8805977599919563
137,0.517103991300424,0.0476578928408974,0.7266951045784946
138,0.5073303865739046,0.0380430617714504,0.5802033421897262
139,0.4975567818473854,0.0291758222348033,0.445101899651172
140,0.487783177120866,0.0212581130698142,0.324467521232741
141,0.479962846469965,0.0144117559875285,0.2201562850099976
142,0.4740957898946821,0.0086659166563675,0.1326125597022072
143,0.4701892417434457,0.0039555906134165,0.0608459359858227
144,0.4682287333193992,0.0001320304955931,0.0025900960013588
145,0.4672520962815901,-0.0030160561554828,-0.0453742164590147
146,0.466275459243781,-0.0057336835697176,-0.0867800432022801
147,0.4643221851681628,-0.0082676744316137,-0.12538797968655
148,0.4604084026684982,-0.0108366416467953,-0.1645288166032576
149,0.4565018545172618,-0.0136072550813261,-0.2067419394330651
150,0.4525880720175971,-0.0166797480247516,-0.2535545046209986
151,0.4477048868285516,-0.0200837730740923,-0.3054182997403978
152,0.4437911043288869,-0.0237839264796265,-0.3617939125380009
153,0.4389079191398414,-0.0276928560196709,-0.4213504427816005
154,0.4330408625645585,-0.0316890088200685,-0.4822359083999503
155,0.4301109514511312,-0.0356358031464617,-0.5423693473010859
156,0.4271738059892756,-0.0393993060437859,-0.5997101542484063
157,0.4252205319136574,-0.0428622844004797,-0.652472163161727
158,0.4222906208002301,-0.0459335618169689,-0.6992662085564532
159,0.4193534753383746,-0.0485526411042038,-0.739170554025627
160,0.4174002012627563,-0.0506902698174694,-0.7717395087246017
161,0.4154469271871381,-0.0523459461788648,-0.7969654275550389
162,0.4134864187630917,-0.053543369255773,-0.8152093899912247
163,0.4125097817252826,-0.054324672668712,-0.8271133447352135
164,0.4115331446874735,-0.0547440685276282,-0.8335032686004821
165,0.4115331446874735,-0.0548613605158807,-0.8352903317271334
166,0.4115331446874735,-0.0547357192107086,-0.8333760582375063
167,0.4125097817252826,-0.0544201529748469,-0.8285680846279991
168,0.4134864187630917,-0.0539572031916013,-0.8215145722828211
169,0.4134864187630917,-0.0533764560796696,-0.8126662974338326
170,0.414470290149329,-0.0526944055708908,-0.8022745619631323
171,0.4154469271871381,-0.0519169782157996,-0.7904296629156135
172,0.4164235642249472,-0.051044664809854,-0.7771390780608896
173,0.4164235642249472,-0.0500797525045165,-0.7624376544853187
174,0.4174002012627563,-0.0490346705691896,-0.7465147647911675
175,0.4174002012627563,-0.0479400187796507,-0.7298366277866454
176,0.4183768383005654,-0.0468505414732526,-0.7132373293128548
177,0.4183768383005654,-0.045847254512586,-0.6979512287055589
178,0.4183768383005654,-0.0450342017364657,-0.6855635400162147
179,0.4193534753383746,-0.0445289353545959,-0.6778652911108223
180,0.4203301123761837,-0.0444467567982744,-0.676613216949649
181,0.4203301123761837,-0.0448799276694482,-0.6832130171827879
182,0.4213067494139927,-0.0458742729232835,-0.6983628817623242
183,0.4203301123761837,-0.0474065845178633,-0.7217092124879924
184,0.4183768383005654,-0.0493667368672704,-0.7515741336853698
185,0.4164235642249472,-0.051548282514199,-0.7848122076818687
186,0.4154469271871381,-0.0536504891258286,-0.8168414705174407
187,0.4134864187630917,-0.0552934247080081,-0.8418732705757369
188,0.4115331446874735,-0.0560459734411429,-0.8533391184314177
189,0.4105565076496644,-0.0554647506165019,-0.8444835956138821
190,0.4115331446874735,-0.0531400085276376,-0.8090637777057694
191,0.414470290149329,-0.0487431019837554,-0.7420724198733059
192,0.4193534753383746,-0.0420692500018089,-0.6403894748797285
193,0.4271738059892756,-0.0330694298736712,-0.503268031743585
194,0.4389079191398414,-0.0218663615775545,-0.3325778545573244
195,0.4535647090554062,-0.0087516222393569,-0.1327614183614907
196,0.4721425158190639,0.0058362725047085,0.0895000436615651
197,0.4897364511964843,0.0213499394376082,0.3258665896463971
198,0.5083070236117138,0.0371818259958578,0.5670815363371275
199,0.523947684913516,0.0527164097098591,0.8037667708256827
200,0.5366584351018908,0.0673786144072689,1.0271604208143743
201,0.5483853139040282,0.0806724350865709,1.2297053439778771
202,0.5591427900167849,0.092206057649631,1.4054318527210738
203,0.5679397577054951,0.1017024210035849,1.5501186385789594
204,0.5737995799323498,0.1089965886321911,1.661252725424136
205,0.5777133624320144,0.1140231057966186,1.7378368435200071
206,0.5796666365076326,0.1167975748212657,1.7801087101995094
207,0.5796666365076326,0.1173969408631878,1.7892406634457978
208,0.5786899994698235,0.1159424424003398,1.7670798951831668
209,0.5767367253942053,0.1125879261490678,1.7159704171214931
210,0.5737995799323498,0.1075144687039806,1.638671115951557
211,0.5698930317811133,0.1009303357207903,1.5383551314539698
212,0.5640259752058304,0.0930736840749988,1.4186510266440648
213,0.5552290075171202,0.0842145086369339,1.2836724488760771
214,0.5444787657527919,0.0746524442724752,1.137984641081347
215,0.5327446526022261,0.0647081648500474,0.9864733968633458
216,0.5210177738000886,0.0547079519279876,0.8341099487034882
217,0.5092836606495229,0.0449629851349885,0.6856354357749352
218,0.4995100559230035,0.0357464649634097,0.5452123463546167
219,0.4916897252721025,0.0272724186356093,0.4161016035701415
220,0.4858226686968196,0.0196798285160256,0.3004207455623744
221,0.479962846469965,0.0130247101200435,0.1990232258668564
222,0.4740957898946821,0.0072813213256274,0.1115168369869206
223,0.4692053703572084,0.0023522265271924,0.0364170480474583
224,0.4652988222059719,-0.001914251810528,-0.0285871029742102
225,0.4623689110925446,-0.0057015187958597,-0.0862899800513785
226,0.4604084026684982,-0.0092000186914935,-0.1395931958568949
227,0.4574784915550708,-0.0125835348692757,-0.191144517390694
228,0.4545485804416435,-0.0159895413863426,-0.2430385021928064
229,0.4506347979419788,-0.0195061052087817,-0.296616940355768
230,0.4457443784045051,-0.0231668156884381,-0.3523915999297654
231,0.4408611932154596,-0.0269538941800756,-0.4100916051131621
232,0.4369474107157949,-0.0308082860616898,-0.4688171984799419
233,0.4320642255267494,-0.0346444607186473,-0.5272652338400843
234,0.4281504430270847,-0.0383670629645421,-0.5839828776275462
235,0.4252205319136574,-0.0418865521148697,-0.6376058861459155
236,0.4232672578380392,-0.0451314855635587,-0.6870457583911235
237,0.4213067494139927,-0.0480560084769974,-0.7316038491824796
238,0.4193534753383746,-0.0506421711255197,-0.771006676072482
239,0.4174002012627563,-0.0528976437954115,-0.805371103699514
240,0.4154469271871381,-0.0548500338894074,-0.8351177590150382
241,0.4134864187630917,-0.0565392676609667,-0.8608549592315554
242,0.4125097817252826,-0.0580094439120012,-0.8832545945949402
243,0.4105565076496644,-0.0593013209984882,-0.902937660248639
244,0.4095798706118552,-0.0604462763337561,-0.9203822231024578
245,0.4086032335740461,-0.0614622587538611,-0.9358617519888396
246,0.407626596536237,-0.0623519886408766,-0.9494176947045714
247,0.407626596536237,-0.0631034754686589,-0.9608673633486304
248,0.407626596536237,-0.0636928129935055,-0.9698465219040996
249,0.407626596536237,-0.0640891367888477,-0.9758849193379114
250,0.407626596536237,-0.0642615189810336,-0.9785113379359456
251,0.4086032335740461,-0.064187368033894,-0.977381572592091
252,0.4086032335740461,-0.0638615752059968,-0.972417786417632
253,0.407626596536237,-0.0633052323443735,-0.963941335224372
254,0.407626596536237,-0.0625723166404826,-0.9527746166029124
255,0.407626596536237,-0.0617524438257352,-0.9402830176658656
256,0.4086032335740461,-0.0609678323911137,-0.9283286618360138
257,0.4086032335740461,-0.0603631533937056,-0.9191157602915168
258,0.4105565076496644,-0.0600879714232702,-0.9149230821741868
259,0.4115331446874735,-0.0602728627950469,-0.9177400908877474
260,0.4115331446874735,-0.0610017725523578,-0.9288457748253628
261,0.4125097817252826,-0.0622844377739206,-0.9483884883170852
262,0.4125097817252826,-0.0640334686484712,-0.9750367584150876
263,0.4105565076496644,-0.0660507220246889,-1.0057716720222405
264,0.4086032335740461,-0.0680268107704267,-1.0358794004793346
265,0.4066499594984279,-0.069555992303966,-1.059178041531113
266,0.4046894510743815,-0.070166481444422,-1.068479466533658
267,0.4046894510743815,-0.0693638036500963,-1.056249851278664
268,0.4056660881121906,-0.06668256149369,-1.015398391066206
269,0.4086032335740461,-0.0617403020070237,-0.940098024668193
270,0.414470290149329,-0.0542863378458046,-0.8265292745910783
271,0.4242438948758483,-0.0442385960028293,-0.6734416748222057
272,0.437924047753604,-0.0317029331188456,-0.4824480593002784
273,0.4565018545172618,-0.0169717647502191,-0.258003677409553
274,0.4750724269324912,-0.0005019354508351,-0.0070690220960818
275,0.4926663623099116,0.0171251138510946,0.2614970607921438
276,0.5122208061113784,0.0352553204276779,0.5377292581851744
277,0.5307913785266078,0.0532191223443886,0.8114261107844828
278,0.5493619509418374,0.0703864536540369,1.0729879209606137
279,0.5650026122436396,0.0862130522733409,1.3141223005056553
280,0.5786899994698235,0.1002730425748441,1.528340599668623
281,0.5894402412341518,0.1122748970707635,1.7112010996963076
282,0.598237208922862,0.1220603846225796,1.860292987733124
283,0.604104265498145,0.1295886158841845,1.9749932728673223
284,0.6080180479978096,0.1349094082577614,2.056060974055215
285,0.6099713220734279,0.1381315799706886,2.105154048029846
286,0.6099713220734279,0.1393922235442412,2.124361239243078
287,0.6099713220734279,0.1388324085671281,2.115831886827359
288,0.6089946850356187,0.1365831736431822,2.0815624976248555
289,0.6089946850356187,0.132763315266039,2.023363057436938
290,0.6060575395737632,0.1274877964713532,1.9429851454209504
291,0.6011743543847177,0.1208831749310952,1.84235699684976
292,0.5943306607716257,0.113104895086246,1.7238469663983842
293,0.5845570560451063,0.1043509931459203,1.59047233779032
294,0.5747834513185871,0.0948677509889651,1.4459854667576777
295,0.5630493381680214,0.0849447867695819,1.294798981408254
296,0.5513224593658839,0.0748994797413388,1.1417484785263294
297,0.539588346215318,0.0650529621294639,0.9917267352489864
298,0.5288381044509897,0.0557017140894241,0.849250929275337
299,0.5210177738000886,0.0470897363938523,0.7180386613566623
300,0.5131974431491875,0.0393861934442072,0.6006673237658097
301,0.5063537495360956,0.0326723867458531,0.4983756278976702
302,0.5024472013848591,0.0269402087195818,0.4110400465099724
303,0.4985334188851945,0.0221021986996061,0.3373280271139287
304,0.4965801448095762,0.0180113248741197,0.2749993900243065
305,0.494626870733958,0.0144869706177316,0.2213022566507147
306,0.4916897252721025,0.0113426095189215,0.173394706780692
307,0.4887598141586752,0.0084105220082748,0.1287213616319003
308,0.4858226686968196,0.0055596760518612,0.0852858144613412
309,0.4809394835077741,0.0027043966321757,0.0417827189538956
310,0.4760490639703003,-0.0001966428843882,-0.0024175783234385
311,0.4721425158190639,-0.0031496624588709,-0.0474098448240066
312,0.4682287333193992,-0.0061402963568173,-0.092975203924482
313,0.4652988222059719,-0.0091496542167473,-0.1388258416918487
314,0.4623689110925446,-0.0121682481233127,-0.1848172000542371
315,0.4604084026684982,-0.0152049283661873,-0.2310841222057293
316,0.4584551285928799,-0.0182892838441234,-0.278077425211551
317,0.4565018545172618,-0.0214674530573861,-0.3265000762033127
318,0.4535647090554062,-0.0247926372245637,-0.3771626500331296
319,0.4496581609041697,-0.0283125436676404,-0.4307920164323401
320,0.4457443784045051,-0.032056375082778,-0.4878331082756195
321,0.4418378302532686,-0.0360238428064117,-0.5482815274790039
322,0.437924047753604,-0.0401781691523234,-0.6115769284647332
323,0.4330408625645585,-0.0444443266814181,-0.6765761916396338
324,0.4291270800648938,-0.0487129552460175,-0.7416131035619116
325,0.4242438948758483,-0.052849564072487,-0.8046385600598492
326,0.4183768383005654,-0.056707828636203,-0.863423157690164
327,0.414470290149329,-0.0601451284004854,-0.9157939270454688
328,0.4115331446874735,-0.063038083461453,-0.959871049392354
329,0.4095798706118552,-0.0652958802260786,-0.9942708869741792
330,0.4086032335740461,-0.0668696732045229,-1.0182492289109384
331,0.4095798706118552,-0.0677571863035429,-1.0317713965995312
332,0.4095798706118552,-0.0680025607939916,-1.0355099273434878
333,0.4095798706118552,-0.0676922348598748,-1.0307817950783076
334,0.4105565076496644,-0.0669479918671627,-1.0194424936532065
335,0.4105565076496644,-0.0659182303112726,-1.0037530255728049
336,0.4105565076496644,-0.0647680987898061,-0.9862295982404314
337,0.4105565076496644,-0.0636686095694511,-0.9694777580412752
338,0.4105565076496644,-0.0627844154117519,-0.9560061578103772
339,0.4105565076496644,-0.0622597964247815,-0.9480130522187336
340,0.4105565076496644,-0.0622026708350377,-0.9471426855676066
341,0.4115331446874735,-0.0626671102378205,-0.9542188937864527
342,0.4105565076496644,-0.0636357707821518,-0.9689774256078256
343,0.4105565076496644,-0.0650046094913646,-0.989833080115969
344,0.4105565076496644,-0.06657296279903,-1.0137285431177303
345,0.4095798706118552,-0.0680422828092481,-1.036115132778563
346,0.4095798706118552,-0.069026396532498,-1.0511091095493
347,0.4095798706118552,-0.0690750081480958,-1.05184975711659
348,0.4095798706118552,-0.0677103544553164,-1.0310578656042313
349,0.4105565076496644,-0.06447464316727,-0.9817585023867754
350,0.4125097817252826,-0.0589834974389439,-0.8980952940094374
351,0.4164235642249472,-0.050978579230538,-0.7761321968257895
352,0.4252205319136574,-0.0403714270095844,-0.6145214091218717
353,0.437924047753604,-0.0272708179755426,-0.41492026252852
354,0.4555252174794526,-0.0119878910320873,-0.1820692757316894
355,0.4760490639703003,0.0049833501308804,0.076504900967906
356,0.4965801448095762,0.023008352937139,0.3511342115693234
357,0.5180806283382331,0.041371316286879,0.6309126959081535
358,0.5376350721396999,0.0593426792652338,0.9047247489969736
359,0.5552290075171202,0.0762447371645281,1.162244848079384
360,0.5698930317811133,0.091505961461429,1.394765172910415
361,0.5806432735454417,0.1046969542158433,1.5957434077118675
362,0.5865103301207246,0.1155445372471247,1.7610174041485318
363,0.5923773866960075,0.123924527987513,1.888695114083757
364,0.597260571885053,0.129837430127113,1.9787842117502576
365,0.5992210803090994,0.1333737973431036,2.032664374821508
366,0.6001977173469085,0.1346769877955731,2.052519811150193
367,0.6001977173469085,0.1339104442692024,2.040840738339172
368,0.598237208922862,0.1312348568426043,2.0000754337054705
369,0.5943306607716257,0.1267980594198408,1.932476297628298
370,0.5894402412341518,0.1207377614548167,1.840141474157655
371,0.5845570560451063,0.1131946642616307,1.72521469138651
372,0.5767367253942053,0.104331519909978,1.590175643170103
373,0.566963120667686,0.0943525490593802,1.4381358396445385
374,0.5562056445549294,0.0835175500037612,1.2730535729178738
375,0.545455402790601,0.0721460478706252,1.0997971343534736
376,0.531768015564417,0.0606087725617041,0.9240149722997952
377,0.517103991300424,0.0493062785546994,0.7518099429534149
378,0.5034238384226682,0.0386372029820482,0.5892556897993316
379,0.4916897252721025,0.0289609845002838,0.4418286275437316
380,0.4819161205455832,0.0205612785179884,0.3138505357804714
381,0.4760490639703003,0.0136164031854263,0.2080382734860055
382,0.4721425158190639,0.0081818851744283,0.1252378461655087
383,0.4701892417434457,0.0041878806252035,0.0643851113458681
384,0.4692053703572084,0.0014515251072018,0.0226939428314164
385,0.4672520962815901,-0.0002982176587851,-0.003965173659037
386,0.466275459243781,-0.0013873661267425,-0.0205594619436343
387,0.4652988222059719,-0.0021602900350312,-0.0323357463837663
388,0.4633455481303537,-0.0029443633923885,-0.0442819040574399
389,0.4613850397063073,-0.0040197868412596,-0.060667077671145
390,0.459431765630689,-0.0055972574027674,-0.0847014513385097
391,0.4555252174794526,-0.0078048558469353,-0.1183364662854191
392,0.4525880720175971,-0.0106843253035443,-0.1622081216890895
393,0.4496581609041697,-0.014195969219392,-0.2157116000548214
394,0.4457443784045051,-0.0182307588019356,-0.2771857364744279
395,0.4408611932154596,-0.0226278688492494,-0.3441801948893283
396,0.4349941366401767,-0.0271956410117141,-0.4137748647734551
397,0.4301109514511312,-0.0317338134150279,-0.4829185521231015
398,0.4252205319136574,-0.036054778540496,-0.5487528649548332
399,0.4213067494139927,-0.0400017444458827,-0.6088889180370154
400,0.4174002012627563,-0.0434620519590782,-0.6616102339242907
401,0.414470290149329,-0.0463745164404656,-0.7059846021988307
402,0.4125097817252826,-0.0487304202782587,-0.7418792011495562
403,0.4105565076496644,-0.0505685698370339,-0.769885285339094
404,0.4105565076496644,-0.0519655408823663,-0.7911695646944663
405,0.4086032335740461,-0.0530227602521031,-0.8072773805869814
406,0.4066499594984279,-0.0538523092343182,-0.8199164058090322
407,0.4056660881121906,-0.0545632467975549,-0.8307482650309657
408,0.4046894510743815,-0.0552499123546818,-0.8412103154724792
409,0.4037128140365724,-0.0559832367932622,-0.8523832615840091
410,0.4027361769987633,-0.0568056993654625,-0.8649143181184586
411,0.4017595399609542,-0.0577302497538445,-0.8790007867036097
412,0.4017595399609542,-0.0587432337861294,-0.8944346320919749
413,0.400782902923145,-0.0598110660528761,-0.9107041462999156
414,0.3988296288475269,-0.0608900242076569,-0.9271431747649956
415,0.3968691204234804,-0.061938049094695,-0.9431109033314768
416,0.3939392093100531,-0.0629268496671481,-0.9581762890323208
417,0.3919859352344348,-0.0638520872438753,-0.9722732276331232
418,0.3900326611588167,-0.0647391896226827,-0.9857891375801752
419,0.3890487897725793,-0.0656426308018861,-0.9995539858234952
420,0.3880721527347702,-0.0666373824895209,-1.0147100428366949
421,0.3880721527347702,-0.0678026045459031,-1.032463389867004
422,0.3880721527347702,-0.0691992537991257,-1.0537427663912249
423,0.3880721527347702,-0.0708448279605951,-1.0788147678974287
424,0.3870955156969611,-0.0726895725953586,-1.1069213347993132
425,0.3851422416213429,-0.0745988617250563,-1.1360113029432068
426,0.3831889675457247,-0.0763459520616623,-1.1626300069654836
427,0.3812284591216783,-0.0776179475470841,-1.1820101561396192
428,0.37927518504606,-0.0780358314148993,-1.188377043277617
429,0.3782985480082509,-0.077187180312861,-1.1754469777681134
430,0.3802518220838691,-0.0746680526228398,-1.1370654968738498
431,0.3822123305079156,-0.0701288968480206,-1.067906826855879
432,0.3880721527347702,-0.0633184331551118,-0.9641424630461762
433,0.3968691204234804,-0.054119482719249,-0.8239870664777811
434,0.4086032335740461,-0.0425716906419439,-0.6480446707263833
435,0.4252205319136574,-0.0288779007810738,-0.4394058089501372
436,0.4408611932154596,-0.0133933055457493,-0.2034821999428416
437,0.4574784915550708,0.0034010391353427,0.0523967783488805
438,0.4770257010081094,0.0209366434904232,0.319569604160749
439,0.4956035077717671,0.0386028475354596,0.5887322495139989
440,0.5131974431491875,0.0557931793436842,0.850644495755821
441,0.5298147414887988,0.0719472503922275,1.0967682519156463
442,0.5435021287149827,0.0865836092460682,1.3197681141042703
443,0.5542523704793112,0.0993206421343936,1.5138298071218064
444,0.5640259752058304,0.109884701789153,1.6747840356077777
445,0.5708696688189224,0.1181067814303151,1.8000558088126213
446,0.5737995799323498,0.1239108263668198,1.8884863559112592
447,0.5757600883563961,0.127297870035837,1.940091422373502
448,0.5767367253942053,0.1283303892080482,1.955822905552448
449,0.5767367253942053,0.1271205035227626,1.937389062560693
450,0.5767367253942053,0.1238239854152329,1.8871632454006744
451,0.5737995799323498,0.1186398586450567,1.808177784135198
452,0.5698930317811133,0.1118132488460657,1.7041674179237254
453,0.5620727011302122,0.1036377578744553,1.5796054706389298
454,0.5513224593658839,0.094453421628799,1.43967273617076
455,0.539588346215318,0.0846373655520844,1.290115105464763
456,0.5268848303753715,0.0745862651330416,1.136976334362386
457,0.5151507172248058,0.064692020627414,0.98622742315784
458,0.5044004754604773,0.0553139733252659,0.8433433030798027
459,0.4965801448095762,0.0467520124095476,0.7128930918396933
460,0.4897364511964843,0.0392248495459556,0.5982090848394226
461,0.4848460316590105,0.0328567043801262,0.5011838951349176
462,0.479962846469965,0.0276740246225003,0.4222204805821873
463,0.4770257010081094,0.0236121213387393,0.3603332392575097
464,0.4750724269324912,0.020530114080836,0.3133757137800291
465,0.473119152856873,0.0182315735198693,0.2783551028856719
466,0.4701892417434457,0.0164878098333862,0.2517870837725563
467,0.4692053703572084,0.0150608744630515,0.230046267349952
468,0.4672520962815901,0.0137239071254143,0.2096762057095494
469,0.4652988222059719,0.0122772671862929,0.1876351700747899
470,0.4633455481303537,0.0105597328435047,0.1614667817774852
471,0.4604084026684982,0.0084547896068175,0.129395823666688
472,0.4584551285928799,0.0058925731678901,0.0903578417147558
473,0.4555252174794526,0.0028483293063354,0.0439756801146989
474,0.4525880720175971,-0.0006616934282713,-0.0095030979005608
475,0.4486815238663607,-0.0045861236301104,-0.0692957965435943
476,0.444767741366696,-0.0088455096880592,-0.1341918894459271
477,0.4398845561776505,-0.0133400714842537,-0.2026711246955205
478,0.4359707736779858,-0.0179577993410549,-0.2730269205580291
479,0.4320642255267494,-0.0225825770513522,-0.3434901281322741
480,0.4271738059892756,-0.0271020068268461,-0.4123482524219665
481,0.4222906208002301,-0.0314145675120855,-0.4780545150308601
482,0.4174002012627563,-0.0354356350002451,-0.5393195813403983
483,0.414470290149329,-0.039101789493479,-0.595177186016361
484,0.4105565076496644,-0.042372844301795,-0.6450150438299176
485,0.407626596536237,-0.0452312465438004,-0.6885657187219584
486,0.4066499594984279,-0.0476789186872574,-0.7258585014505406
487,0.4056660881121906,-0.049732149750804,-0.7571415718360515
488,0.4046894510743815,-0.0514156761822243,-0.7827918149017383
489,0.4046894510743815,-0.0527574418465307,-0.8032349839451948
490,0.4037128140365724,-0.0537855205613399,-0.8188988122245451
491,0.4017595399609542,-0.0545282347663698,-0.8302148210093214
492,0.3998062658853359,-0.0550176646944613,-0.8376717853817652
493,0.3998062658853359,-0.0552957194063704,-0.841908232646814
494,0.3988296288475269,-0.0554210410042472,-0.8438176350695655
495,0.3988296288475269,-0.0554745142692168,-0.844632354825898
496,0.3988296288475269,-0.0555611776743216,-0.8459527602346584
497,0.3988296288475269,-0.0558068373057464,-0.8496956353923457
498,0.3988296288475269,-0.0563485494429659,-0.857949172570013
499,0.3998062658853359,-0.0573192082535576,-0.8727381500169087
500,0.3978529918097178,-0.0588275762209786,-0.8957196751505558
501,0.3958924833856713,-0.0609360349335477,-0.9278441951236316
502,0.3939392093100531,-0.0636389568957212,-0.9690259692991896
503,0.3919859352344348,-0.0668448488139934,-1.017871003990227
504,0.3890487897725793,-0.0703653204595311,-1.0715089818256678
505,0.386118878659152,-0.0739135071990691,-1.1255692273988929
506,0.3831889675457247,-0.0771137886316043,-1.1743287806147455
507,0.3812284591216783,-0.079523493877806,-1.2110430989219363
508,0.37927518504606,-0.0806658467897865,-1.2284480112014395
509,0.3802518220838691,-0.0800718391865582,-1.2193976992364426
510,0.3822123305079156,-0.0773272216490387,-1.1775806504240105
511,0.3851422416213429,-0.0721195730106033,-1.0982368094937145
512,0.3910092981966258,-0.0642796541371671,-0.9787876455448888
513,0.400782902923145,-0.0538111844325684,-0.819289827490318
514,0.4134864187630917,-0.0409040186025847,-0.6226359855016877
515,0.4301109514511312,-0.0259275601638815,-0.3944543590975165
516,0.4496581609041697,-0.0094039903745832,-0.1427009125830019
517,0.4711658787812548,0.0080359171633091,0.1230138745692542
518,0.4916897252721025,0.0257086343031716,0.3922757535681905
519,0.5102675320357603,0.0429375214868431,0.6547754302971406
520,0.5268848303753715,0.0591078044757902,0.9011461919118036
521,0.5405649832531272,0.0737094449628554,1.1236170843557207
522,0.5513224593658839,0.0863629163799738,1.316405633092666
523,0.5591427900167849,0.0968261958809333,1.475824373098671
524,0.5650026122436396,0.1049847122641134,1.6001276952077337
525,0.5689163947433042,0.110828841774824,1.6891689716969986
526,0.5728229428945406,0.1144252590517852,1.7439640587226684
527,0.5747834513185871,0.1158887316381487,1.7662615569143207
528,0.5757600883563961,0.1153598334397809,1.7582032531704983
529,0.5757600883563961,0.1129919019776413,1.722125401089776
530,0.5747834513185871,0.1089479293846512,1.6605113521356043
531,0.5708696688189224,0.1034055582669265,1.5760676726800074
532,0.5650026122436396,0.096566482820572,1.4718673796109116
533,0.5581589186305476,0.0886656970093119,1.3514908457552592
534,0.5483853139040282,0.079976292332314,1.2190988987674851
535,0.5376350721396999,0.0708067232871826,1.0793911576678743
536,0.5288381044509897,0.0614892670687845,0.9374302045783648
537,0.5200411367622795,0.0523603583974308,0.7983419657634077
538,0.5092836606495229,0.0437351861594806,0.6669286655277881
539,0.5004866929608127,0.0358801642228304,0.5472493909996182
540,0.4936429993477207,0.0289875332765375,0.4422331252405272
541,0.487783177120866,0.0231563272198497,0.3533887507604888
542,0.4828927575833923,0.0183831801278617,0.2806649842589561
543,0.4809394835077741,0.0145650242885923,0.2224914839728287
544,0.479962846469965,0.0115138634727581,0.1760039355162117
545,0.4789862094321558,0.0089818234943914,0.1374257227332084
546,0.4789862094321558,0.006692957616132,0.1025525155020157
547,0.4770257010081094,0.0043771815804154,0.067269304562636
548,0.4740957898946821,0.0018014788851983,0.0280258457346532
549,0.4711658787812548,-0.0012058135310453,-0.017793322890557
550,0.466275459243781,-0.0047404469784434,-0.0716470702281498
551,0.4613850397063073,-0.0088184899619641,-0.1337802163477371
552,0.4565018545172618,-0.0133826754374921,-0.2033202393965009
553,0.451611434979788,-0.0183168100042232,-0.2784968143485717
554,0.4467282497907424,-0.0234653415161818,-0.3569399455334345
555,0.4418378302532686,-0.0286549206213039,-0.4360084786854152
556,0.4369474107157949,-0.0337150306390645,-0.5131044181802156
557,0.4330408625645585,-0.038495351883804,-0.5859374902194767
558,0.4301109514511312,-0.0428783255559409,-0.6527165665336937
559,0.4261971689514665,-0.046786252880768,-0.7122578270057899
560,0.4232672578380392,-0.0501830659751483,-0.7640117406322345
561,0.4213067494139927,-0.0530715140071225,-0.8080201937933993
562,0.4193534753383746,-0.0554868641180604,-0.8448205173749087
563,0.4164235642249472,-0.0574883317325371,-0.8753149187940279
564,0.414470290149329,-0.0591493701584881,-0.9006225341494605
565,0.4134864187630917,-0.0605477387345558,-0.921928106311636
566,0.4125097817252826,-0.0617560543411198,-0.940338027551947
567,0.4115331446874735,-0.0628334245646797,-0.9567528622645396
568,0.4115331446874735,-0.0638187820593367,-0.9717657891618176
569,0.4115331446874735,-0.0647266198055668,-0.9855976235900792
570,0.4115331446874735,-0.0655458668279586,-0.9980796879420248
571,0.4115331446874735,-0.0662425442979303,-1.0086942800919598
572,0.4115331446874735,-0.0667665180020984,-1.0166775541416588
573,0.4105565076496644,-0.0670620800165779,-1.0211807430259503
574,0.4095798706118552,-0.0670813007346682,-1.021473590279021
575,0.4095798706118552,-0.0667982392736383,-1.0171608600821924
576,0.4095798706118552,-0.0662214062229501,-1.008372219950186
577,0.4095798706118552,-0.0654015607333492,-0.9958810373396292
578,0.4095798706118552,-0.0644321362900003,-0.9811108667372352
579,0.4105565076496644,-0.0634403661588354,-0.9660002367792568
580,0.4105565076496644,-0.0625684942722621,-0.9527163789226998
581,0.414470290149329,-0.0619462297701428,-0.9432355442695468
582,0.4193534753383746,-0.0616576491077117,-0.9388387234075364
583,0.4213067494139927,-0.0617077024835502,-0.939601337663276
584,0.4222906208002301,-0.0619947840978121,-0.9439753189967888
585,0.4222906208002301,-0.0622959135600532,-0.9485633336287936
586,0.4222906208002301,-0.0622696908441993,-0.9481638037949036
587,0.4222906208002301,-0.0614795313477422,-0.9361249175817028
588,0.4222906208002301,-0.0594362785712294,-0.9049938765810708
589,0.4232672578380392,-0.0556557350854775,-0.8473934388807101
590,0.4252205319136574,-0.049723540277138,-0.7570103977195785
591,0.4301109514511312,-0.0413577323989053,-0.629548778161593
592,0.4408611932154596,-0.0304587897147959,-0.4634922650063195
593,0.4555252174794526,-0.0171382984940653,-0.2605409889293312
594,0.4740957898946821,-0.0017206164136609,-0.0256368701159286
595,0.4956035077717671,0.0152835415744432,0.2334388280031952
596,0.5180806283382331,0.0332277200915281,0.5068366980853404
597,0.539588346215318,0.0513964257786828,0.7836554687127074
598,0.5581589186305476,0.0690771993614658,1.053040095840392
599,0.5728229428945406,0.0856269299216732,1.3051921283943535
600,0.5855336930829155,0.1005230584920071,1.5321498472847186
601,0.5962839348472438,0.1133937220016626,1.7282475391759071
602,0.605080902535954,0.1240250060477524,1.8902259998600703
603,0.6129012331868552,0.1323473697642858,2.017025703283818
604,0.6177916527243289,0.1384063126945033,2.109339881416495
605,0.6197449267999471,0.1423241698166054,2.169032432482516
606,0.6207215638377562,0.144260511587705,2.1985345752228858
607,0.6216982008755654,0.1443780639919901,2.200325606053525
608,0.6216982008755654,0.142819459492614,2.1765786760938077
609,0.6207215638377562,0.1396977049602822,2.129015560331992
610,0.6177916527243289,0.1351004288083609,2.058971367062401
611,0.6129012331868552,0.1291053075251333,1.9676295768457024
612,0.6070414109600005,0.1218020821173061,1.8563574854914684
613,0.5992210803090994,0.1133155637655726,1.7270567186958257
614,0.5894402412341518,0.1038240716462807,1.5824441510686602
615,0.5796666365076326,0.0935687490818269,1.4261938471911373
616,0.5679397577054951,0.0828509564448194,1.262897339850328
617,0.5552290075171202,0.0720171498376851,1.0978332412931116
618,0.5425254916771737,0.0614329809072306,0.9365726274722695
619,0.5307913785266078,0.0514504153694787,0.7844780552198662
620,0.5210177738000886,0.0423730740148821,0.6461754970953805
621,0.5131974431491875,0.034425437379154,0.5250851431220253
622,0.5073303865739046,0.0277309178572084,0.4230873070672487
623,0.5024472013848591,0.0223022488563228,0.3403759953841881
624,0.4995100559230035,0.0180455286841743,0.2755205199723127
625,0.4985334188851945,0.0147770166894796,0.2257214045189827
626,0.4965801448095762,0.0122498062125827,0.1872167741189314
627,0.494626870733958,0.0101861137650381,0.1557743138733364
628,0.4936429993477207,0.0083103388023027,0.1271949682612206
629,0.4916897252721025,0.0063783109129363,0.0977585519109731
630,0.487783177120866,0.0041991280258805,0.0645564769721142
631,0.4838693946212014,0.0016474737248182,0.0256794199682415
632,0.479962846469965,-0.0013340020051724,-0.0197464050983639
633,0.4760490639703003,-0.004741081280144,-0.0716567344618046
634,0.4721425158190639,-0.0085208564583356,-0.1292454662124973
635,0.4682287333193992,-0.0125882341615176,-0.1912161159031924
636,0.4643221851681628,-0.0168432146799945,-0.2560450859162254
637,0.459431765630689,-0.0211865076468976,-0.3222195861957162
638,0.4555252174794526,-0.0255316904637602,-0.388422880267757
639,0.451611434979788,-0.0298128585731149,-0.4536508449498274
640,0.4477048868285516,-0.0339874674649742,-0.5172552712195304
641,0.4437911043288869,-0.0380347535220241,-0.5789198041797367
642,0.4408611932154596,-0.0419506641575799,-0.6385826985370147
643,0.4359707736779858,-0.0457405531271455,-0.6963255242194788
644,0.4310875884889403,-0.0494109686714967,-0.7522480503572223
645,0.4271738059892756,-0.0529617144492715,-0.806347285489247
646,0.4242438948758483,-0.0563791181198983,-0.8584149175555853
647,0.4213067494139927,-0.0596312555355597,-0.9079645495885996
648,0.4183768383005654,-0.0626658166556541,-0.9541991847421668
649,0.4174002012627563,-0.0654112833563654,-0.9960291714223184
650,0.414470290149329,-0.0677819657091167,-1.0321489361285394
651,0.4125097817252826,-0.0696870839440287,-1.061175356434361
652,0.4095798706118552,-0.0710434416387944,-1.081840849951682
653,0.407626596536237,-0.0717903876355574,-1.093221334401664
654,0.4066499594984279,-0.0719049204497591,-1.0949663586961698
655,0.4066499594984279,-0.0714142239281357,-1.087490096478826
656,0.4066499594984279,-0.0704028508308002,-1.0720807953282248
657,0.4086032335740461,-0.0690122634314648,-1.0508937773335372
658,0.4105565076496644,-0.0674314291024012,-1.0268081532350462
659,0.4125097817252826,-0.0658784907072971,-1.003147552155648
660,0.414470290149329,-0.0645749621165686,-0.983286963945548
661,0.4154469271871381,-0.0637151923907487,-0.9701874948572043
662,0.4164235642249472,-0.0634347911227991,-0.9659152954164352
663,0.4164235642249472,-0.0637821852879287,-0.9712082000057966
664,0.4154469271871381,-0.0646974330462572,-0.9851529335296092
665,0.414470290149329,-0.0660018537254617,-1.0050271136179352
666,0.4134864187630917,-0.0674009923769348,-1.0263444186647024
667,0.4115331446874735,-0.0685020110626907,-1.0431195618299192
668,0.4105565076496644,-0.0688449086245252,-1.048343956079712
669,0.4105565076496644,-0.0679451711031196,-1.0346355368421818
670,0.4115331446874735,-0.0653437514653854,-0.99500025415319
671,0.414470290149329,-0.0606589152184281,-0.9236219934887486
672,0.4203301123761837,-0.0536337099108916,-0.8165858220562388
673,0.4281504430270847,-0.0441728195900175,-0.6724395040542731
674,0.4389079191398414,-0.0323634694929738,-0.4925120049763922
675,0.4535647090554062,-0.0184768552442407,-0.2809352668916018
676,0.4721425158190639,-0.0029491424720606,-0.0443547182128531
677,0.4916897252721025,0.0136559072150637,0.2086401576877394
678,0.5102675320357603,0.0306977137414331,0.4682894697041859
679,0.5288381044509897,0.047515929621682,0.7245321500734143
680,0.5444787657527919,0.0634857751420885,0.9678490423269648
681,0.5581589186305476,0.078064314901368,1.1899679716109108
682,0.5689163947433042,0.0908223033354707,1.38434894375156
683,0.5767367253942053,0.1014590535495024,1.5464106870820369
684,0.5835804190072973,0.1098008535847385,1.673506522654186
685,0.5884636041963428,0.1157861472073963,1.7646985784338851
686,0.5894402412341518,0.1194425283102728,1.8204072755349128
687,0.590416878271961,0.120861317111714,1.8420239706676045
688,0.590416878271961,0.120175062900817,1.831568187505644
689,0.5894402412341518,0.11754188364409,1.7914490146135436
690,0.5865103301207246,0.1131383983049717,1.724357422122606
691,0.5826037819694881,0.1071606010115949,1.6332795805688134
692,0.5767367253942053,0.0998299203765882,1.5215891808129791
693,0.5698930317811133,0.0914003721773976,1.393156412424099
694,0.560119427054594,0.0821624262347106,1.2524068795179293
695,0.5483853139040282,0.0724400245253243,1.104276168663798
696,0.5366584351018908,0.0625789264870244,0.9540322777118936
697,0.523947684913516,0.0529267976966034,0.8069722464852119
698,0.5131974431491875,0.0438076173597216,0.6680322287727997
699,0.5053771124982864,0.0354944926469985,0.5413732909996504
700,0.4985334188851945,0.0281854780387474,0.4300129952696142
701,0.4926663623099116,0.0219864785402448,0.3355649124043406
702,0.4868065400830569,0.0169040465191194,0.2581288744107379
703,0.4828927575833923,0.0128492675713001,0.196350179613858
704,0.4809394835077741,0.0096522841719898,0.1476408752995246
705,0.479962846469965,0.0070854886576334,0.1085331264609086
706,0.4789862094321558,0.0048921563772723,0.0751154710768964
707,0.4780023380459186,0.0028164868776289,0.0434905282211023
708,0.4740957898946821,0.0006309054398614,0.0101909648330215
709,0.4701892417434457,-0.0018428469224698,-0.0274991766425602
710,0.466275459243781,-0.0047209807703459,-0.0713504826843196
711,0.4623689110925446,-0.0080538188718867,-0.1221296720142918
712,0.4574784915550708,-0.0118299197092026,-0.1796624214324182
713,0.4525880720175971,-0.0159862055870069,-0.2429876778860524
714,0.4486815238663607,-0.0204216505780819,-0.3105662082864189
715,0.444767741366696,-0.0250121114454362,-0.3805065637412633
716,0.4408611932154596,-0.0296243192235106,-0.4507782555716393
717,0.4359707736779858,-0.0341277026118955,-0.5193918967798723
718,0.4310875884889403,-0.0384033650252083,-0.5845359765646908
719,0.4271738059892756,-0.042350038662978,-0.6446675766514958
720,0.4242438948758483,-0.0458871834606681,-0.6985595869733878
721,0.4213067494139927,-0.0489556562888214,-0.7453109016029935
722,0.4183768383005654,-0.0515165791779975,-0.7843291750045168
723,0.4164235642249472,-0.0535491447490402,-0.8152973855245071
724,0.414470290149329,-0.0550480678235079,-0.8381350080763711
725,0.4134864187630917,-0.0560212398248023,-0.8529622765481011
726,0.4125097817252826,-0.056487929443017,-0.860072769095189
727,0.4125097817252826,-0.0564776618922955,-0.8599163324828613
728,0.4134864187630917,-0.0560297413686461,-0.8530918062436005
729,0.4134864187630917,-0.0551932730339989,-0.8403473576266874
730,0.414470290149329,-0.054027481204113,-0.822585329515648
731,0.4164235642249472,-0.0526020903729451,-0.8008680457233092
732,0.4183768383005654,-0.0509975343880875,-0.776420997993041
733,0.4203301123761837,-0.0493047875260308,-0.750630272258012
734,0.4222906208002301,-0.047624630169432,-0.7250313604850599
735,0.4222906208002301,-0.0460661040078266,-0.701285624081216
736,0.4232672578380392,-0.0447437543587122,-0.6811382778414573
737,0.4232672578380392,-0.0437730758605629,-0.6663490004345323
738,0.4232672578380392,-0.0432635248181192,-0.6585854703531967
739,0.4232672578380392,-0.0433086812014296,-0.6592734739308428
740,0.4242438948758483,-0.0439736867128225,-0.6694055114735257
741,0.4232672578380392,-0.0452808732735679,-0.6893218325894535
742,0.4222906208002301,-0.0471953300158902,-0.7184905345847538
743,0.4203301123761837,-0.0496127799306399,-0.7553228508199916
744,0.4174002012627563,-0.0523523430898891,-0.79706289102195
745,0.4154469271871381,-0.0551564756358521,-0.8397867117175798
746,0.4125097817252826,-0.0576996408678278,-0.8785344290916084
747,0.4095798706118552,-0.0596062069159189,-0.9075829083085728
748,0.4086032335740461,-0.0604768204141838,-0.9208475933351824
749,0.4095798706118552,-0.0599212501576356,-0.9123829135686136
750,0.4105565076496644,-0.0575946120106173,-0.8769342072797728
751,0.4134864187630917,-0.0532331166467802,-0.8104823749091301
752,0.4193534753383746,-0.0466851116669239,-0.7107168374076218
753,0.4271738059892756,-0.0379333103079037,-0.5773742132991958
754,0.4369474107157949,-0.0271048186254699,-0.4123910930431805
755,0.4506347979419788,-0.0144669378034573,-0.219840082931432
756,0.4672520962815901,-0.0004086395662391,-0.0056475640944413
757,0.4858226686968196,0.0145901596632734,0.2228744470544201
758,0.5034238384226682,0.0299972972147728,0.4576179092102387
759,0.5200411367622795,0.0452693903431435,0.6903038317793493
760,0.5337212896400352,0.059889310645936,0.9130532358687328
761,0.5435021287149827,0.0733953473455434,1.1188314866484077
762,0.553275733441502,0.0853994941940701,1.3017269130071982
763,0.5620727011302122,0.0955949011705614,1.4570643417637967
764,0.5698930317811133,0.1037547638360638,1.5813881758577963
765,0.5757600883563961,0.1097262015333877,1.6723691224763435
766,0.5796666365076326,0.1134228366016832,1.7286911298159773
767,0.5826037819694881,0.1148190275781513,1.7499635240262137
768,0.5816199105832508,0.1139473874381794,1.7366831970656051
769,0.5806432735454417,0.1108996990078589,1.6902485539455374
770,0.5777133624320144,0.1058299428471805,1.6130056456203878
771,0.5708696688189224,0.0989571430869023,1.5082915282161218
772,0.5620727011302122,0.0905653224522093,1.380433577769852
773,0.5522990964036929,0.0809981428112167,1.2346678335174617
774,0.5425254916771737,0.0706467096066025,1.076953185965077
775,0.5307913785266078,0.0599302844386718,0.9136775134110282
776,0.5190644997244704,0.0492709984739891,0.7512724149237344
777,0.5083070236117138,0.0390648791116289,0.5957717720374242
778,0.4975567818473854,0.0296524204825919,0.4523633602806582
779,0.4897364511964843,0.0212923732286156,0.3249895097114033
780,0.4828927575833923,0.0141422815927081,0.2160505676312151
781,0.4770257010081094,0.0082485632929201,0.1262537553395835
782,0.4721425158190639,0.0035477526436712,0.0546321083558296
783,0.4692053703572084,-0.0001208805403029,-0.0012632617028348
784,0.4672520962815901,-0.0029925776194941,-0.0450164970055527
785,0.466275459243781,-0.0053468016681012,-0.0808855026539599
786,0.466275459243781,-0.0074731176367456,-0.1132820961450211
787,0.4643221851681628,-0.0096376085178533,-0.1462603233814276
788,0.4623689110925446,-0.0120542099747596,-0.1830797124956484
789,0.4584551285928799,-0.0148646185444193,-0.2258991548163991
790,0.4545485804416435,-0.0181290432182113,-0.2756359957650436
791,0.4496581609041697,-0.0218283002092206,-0.3319979507726517
792,0.444767741366696,-0.025875965532751,-0.3936682622446947
793,0.4398845561776505,-0.0301378441347158,-0.4586023315985219
794,0.4349941366401767,-0.0344551261589805,-0.5243805286251556
795,0.4310875884889403,-0.0386673873713265,-0.5885586264181839
796,0.4271738059892756,-0.0426320353953363,-0.6489640846205553
797,0.4252205319136574,-0.0462377866757035,-0.7039013847126027
798,0.4232672578380392,-0.0494110778774936,-0.7522497142220197
799,0.4222906208002301,-0.0521157027288619,-0.7934574336521013
800,0.4203301123761837,-0.0543471250690746,-0.8274554299653355
801,0.4174002012627563,-0.0561235988127309,-0.8545218201770723
802,0.4154469271871381,-0.0574763203237233,-0.8751319127242181
803,0.414470290149329,-0.058440456025297,-0.8898215039489952
804,0.414470290149329,-0.0590482925034892,-0.899082512935155
805,0.414470290149329,-0.0593251983586364,-0.9033014561951342
806,0.414470290149329,-0.0592886600578053,-0.9027447578980162
807,0.414470290149329,-0.0589503081903612,-0.8975896219407218
808,0.4154469271871381,-0.0583205178989013,-0.8879941242075928
809,0.4164235642249472,-0.057414848697182,-0.8741953297677525
810,0.4183768383005654,-0.0562613329682293,-0.8566203405810559
811,0.4193534753383746,-0.0549074569930151,-0.8359926585934672
812,0.4203301123761837,-0.0534255863693225,-0.8134148475296106
813,0.4213067494139927,-0.0519155509283892,-0.790407916735501
814,0.4232672578380392,-0.0505031578761471,-0.768888667368128
815,0.4232672578380392,-0.0493336270012686,-0.7510696710912768
816,0.4242438948758483,-0.0485593992271552,-0.739273520924831
817,0.4242438948758483,-0.0483224584883316,-0.7356634869927463
818,0.4242438948758483,-0.0487321829226398,-0.7419060568353177
819,0.4242438948758483,-0.0498407341437592,-0.758795965863053
820,0.4242438948758483,-0.0516189825006212,-0.7858893941178074
821,0.4232672578380392,-0.0539367607196866,-0.821203110363549
822,0.4222906208002301,-0.0565515963600094,-0.8610427995417679
823,0.4203301123761837,-0.0591097659258734,-0.9000191232531196
824,0.4193534753383746,-0.0611624083984815,-0.9312932258550796
825,0.4174002012627563,-0.0621975568622783,-0.9470647689742808
826,0.4154469271871381,-0.0616864806674111,-0.9392780016394964
827,0.4154469271871381,-0.05914001891304,-0.9004800583829777
828,0.4174002012627563,-0.0541681191867653,-0.8247280926894082
829,0.4222906208002301,-0.0465341537952142,-0.70841684019358
830,0.4310875884889403,-0.036195292853441,-0.5508937438944093
831,0.444767741366696,-0.023321569723592,-0.3547494355675133
832,0.4633455481303537,-0.008289245757752,-0.1257166408518099
833,0.4848460316590105,0.0083517558474518,0.1278259992063306
834,0.5073303865739046,0.0259320315111171,0.3956794379874269
835,0.5268848303753715,0.043730299140877,0.6668542068126118
836,0.5444787657527919,0.061043990171316,0.930645956681546
837,0.5591427900167849,0.0772523499281868,1.1775968567093462
838,0.5698930317811133,0.0918635888016225,1.400213990363883
839,0.5816199105832508,0.1045410466757532,1.5933679972493715
840,0.5914007496581983,0.1151071959629026,1.754354063417081
841,0.5992210803090994,0.1235277520288537,1.8826498274804175
842,0.605080902535954,0.1298806769490178,1.9794431212113592
843,0.6080180479978096,0.1343163380367532,2.047024944064853
844,0.6099713220734279,0.1370156090905398,2.0881510929257225
845,0.6109479591112369,0.1381523776947935,2.105470922578738
846,0.611924596149046,0.1378658023616724,2.1011046549550185
847,0.6099713220734279,0.1362458517911992,2.0764230550041463
848,0.6080180479978096,0.1333333867105492,2.032048677599229
849,0.6060575395737632,0.1291336440900122,1.968061313326476
850,0.6021509914225267,0.1236397918564608,1.8843568685802925
851,0.597260571885053,0.1168615473118962,1.7810833963722743
852,0.590416878271961,0.108852984209146,1.6590647655040136
853,0.5806432735454417,0.0997338151729163,1.5201249199685674
854,0.5689163947433042,0.089699674381373,1.3672445460968763
855,0.5571822815927384,0.0790190351025651,1.2045141080798032
856,0.5444787657527919,0.0680169432526723,1.0368860121296368
857,0.5307913785266078,0.0570481925189301,0.8697659021055502
858,0.5190644997244704,0.0464644264246069,0.7085114259042256
859,0.5092836606495229,0.0365805939541147,0.5579211526794862
860,0.5014633299986218,0.0276460512590377,0.4217942778456047
861,0.494626870733958,0.0198244623908646,0.3026243902310374
862,0.4887598141586752,0.0131848290007741,0.201462800401294
863,0.4848460316590105,0.007703942289853,0.1179558986224995
864,0.4809394835077741,0.003278735185741,0.050533352876831
865,0.4780023380459186,-0.0002542908453589,-0.0032959038332389
866,0.4750724269324912,-0.0030960398927779,-0.0465928503127111
867,0.4721425158190639,-0.0054616529277763,-0.0826353787901969
868,0.4692053703572084,-0.0075600657668578,-0.1146068396298046
869,0.4672520962815901,-0.0095782036310679,-0.14535522931406
870,0.4633455481303537,-0.0116706262101333,-0.1772354224298161
871,0.4604084026684982,-0.013954421157294,-0.212031368851304
872,0.4574784915550708,-0.0165083760528035,-0.2509434777591237
873,0.4545485804416435,-0.0193750583162425,-0.2946203072267012
874,0.4525880720175971,-0.0225644486077558,-0.3432139227956832
875,0.4496581609041697,-0.0260581389324864,-0.3964438598807671
876,0.4467282497907424,-0.0298136341022747,-0.4536626609279328
877,0.4418378302532686,-0.0337687465862563,-0.513922835447838
878,0.4369474107157949,-0.0378462732618228,-0.5760481150888985
879,0.4330408625645585,-0.0419590614821144,-0.6387106403449908
880,0.4281504430270847,-0.0460153351758287,-0.7005121091208311
881,0.4242438948758483,-0.0499239317278383,-0.760063565951937
882,0.4203301123761837,-0.0535990045716935,-0.8160570507999672
883,0.4164235642249472,-0.0569637928506871,-0.8673230336856337
884,0.4134864187630917,-0.0599532226244244,-0.912870046725086
885,0.4115331446874735,-0.0625153510678764,-0.9519066879761592
886,0.4095798706118552,-0.0646119543046112,-0.9838505776774832
887,0.4086032335740461,-0.0662188207291342,-1.0083328273136434
888,0.407626596536237,-0.0673264444737532,-1.0252086052904912
889,0.407626596536237,-0.0679417235962017,-1.0345830105564258
890,0.4056660881121906,-0.0680909104045945,-1.0368560238136284
891,0.4046894510743815,-0.0678234699071607,-1.032781294936935
892,0.4046894510743815,-0.0672158087129497,-1.0235229565810895
893,0.4037128140365724,-0.0663732669232588,-1.0106859726791868
894,0.4046894510743815,-0.0654285591671662,-0.9962923860282354
895,0.4056660881121906,-0.0645351485923078,-0.982680364277416
896,0.407626596536237,-0.0638548266213349,-0.9723149648440016
897,0.4086032335740461,-0.0635398901206727,-0.9675165858928452
898,0.407626596536237,-0.0637114829696961,-0.970130978042347
899,0.407626596536237,-0.0644366103937362,-0.9811790342730606
900,0.4056660881121906,-0.0657068614621317,-1.0005326054737842
901,0.4037128140365724,-0.0674219684064676,-1.0266640098787323
902,0.4027361769987633,-0.0693810681394251,-1.0565128933904029
903,0.400782902923145,-0.0712839924295906,-1.0855058867092937
904,0.400782902923145,-0.0727441330672121,-1.107752619261916
905,0.3998062658853359,-0.0733133884015184,-1.1164258051524854
906,0.3998062658853359,-0.0725183635657363,-1.1043127905300392
907,0.400782902923145,-0.0699053979424407,-1.0645015929694093
908,0.4037128140365724,-0.0650902969515627,-0.991138616008214
909,0.4086032335740461,-0.0578071619037115,-0.880172621788568
910,0.4164235642249472,-0.0479498176330174,-0.7299859233165106
911,0.4261971689514665,-0.0355993631777053,-0.5418141471934647
912,0.4408611932154596,-0.0210325194607237,-0.3198734190486565
913,0.459431765630689,-0.0047077442225198,-0.0711488103715163
914,0.479962846469965,0.0127706929028157,0.195153014361317
915,0.5004866929608127,0.0307068603295155,0.4684288273068684
916,0.5200411367622795,0.0483784735246714,0.7376738865817263
917,0.538611709177509,0.0651041882981498,0.9925072182004828
918,0.5542523704793112,0.0803032336802181,1.224080183816208
919,0.5659792492814486,0.0935390135540503,1.4257407960831052
920,0.5737995799323498,0.1045410801104949,1.5933685066617786
921,0.5806432735454417,0.1132036354529874,1.7253513766411004
922,0.5835804190072973,0.1195627268556011,1.8222386230244865
923,0.5845570560451063,0.1237577899828148,1.8861546904414688
924,0.5855336930829155,0.1259855260889807,1.9200965232175389
925,0.5855336930829155,0.1264548916690316,1.927247786773773
926,0.5845570560451063,0.1253511393935857,1.9104309945802536
927,0.5835804190072973,0.12281459128253,1.8717840957956011
928,0.5816199105832508,0.1189366336958918,1.8126994548661588
929,0.5786899994698235,0.1137719330462499,1.7340099703695817
930,0.5737995799323498,0.1073627281718494,1.6363591941073612
931,0.5689163947433042,0.0997688171149578,1.5206582102718138
932,0.560119427054594,0.0910959095360051,1.3885176134065211
933,0.5503385879796465,0.0815155260371942,1.2425506949069531
934,0.5366584351018908,0.0712715082876598,1.0864726314202453
935,0.5229710478757068,0.0606711001476038,0.9249645966705136
936,0.5102675320357603,0.0500618484493634,0.7633218212878089
937,0.4975567818473854,0.039798499285986,0.6069492239852834
938,0.4868065400830569,0.0302059823293847,0.4607974398752072
939,0.4780023380459186,0.0215451359075771,0.3288406070463154
940,0.4711658787812548,0.0139870300729539,0.2136851523079446
941,0.466275459243781,0.0075998678452575,0.1163702182607432
942,0.4633455481303537,0.0023499437512768,0.0363822676270224
943,0.4604084026684982,-0.0018844329311589,-0.0281327819196138
944,0.4565018545172618,-0.0052892459139231,-0.0800085820087333
945,0.4535647090554062,-0.0080857483078823,-0.1226161495527208
946,0.4496581609041697,-0.0105007989938036,-0.1594119110885668
947,0.4477048868285516,-0.0127406749188575,-0.193538706392958
948,0.4457443784045051,-0.0149713930483556,-0.2275259733373734
949,0.4418378302532686,-0.0173072837051322,-0.2631156510537124
950,0.437924047753604,-0.019808227019159,-0.3012200744242277
951,0.4340174996023676,-0.0224846968437053,-0.3419988232910755
952,0.4310875884889403,-0.025308693859629,-0.3850252994564107
953,0.4271738059892756,-0.0282279792607827,-0.429503591403708
954,0.4242438948758483,-0.0311808604687514,-0.4744937497492451
955,0.4222906208002301,-0.0341091037684346,-0.5191085244213461
956,0.4193534753383746,-0.0369672174298533,-0.5626548024936786
957,0.4154469271871381,-0.0397271754573259,-0.6047055793240971
958,0.4125097817252826,-0.0423784561389075,-0.6451005458946872
959,0.4105565076496644,-0.0449239517111849,-0.683883768381109
960,0.4086032335740461,-0.0473728702648407,-0.7211955414409165
961,0.4066499594984279,-0.0497322131865481,-0.7571425383443432
962,0.4046894510743815,-0.0519986978408705,-0.791674744790887
963,0.4017595399609542,-0.0541529775945092,-0.8244973950807921
964,0.3998062658853359,-0.0561576185690226,-0.8550401458781909
965,0.3968691204234804,-0.0579595722884119,-0.8824947495201785
966,0.3939392093100531,-0.0594969802904465,-0.9059187292138328
967,0.3919859352344348,-0.0607092500058149,-0.9243888953365812
968,0.3900326611588167,-0.0615486452497889,-0.937177938403728
969,0.3900326611588167,-0.0619913035251082,-0.9439222889200422
970,0.3890487897725793,-0.0620457076679869,-0.9447511915511948
971,0.3910092981966258,-0.0617571628251115,-0.940354916436666
972,0.392962572272244,-0.0612076141822866,-0.9319819820996712
973,0.3939392093100531,-0.0605109654641847,-0.9213678280138112
974,0.392962572272244,-0.0598046707184535,-0.9106067068541402
975,0.392962572272244,-0.0592385849636108,-0.9019818127409612
976,0.3919859352344348,-0.058961881990041,-0.8977659605888356
977,0.3900326611588167,-0.0591085041861793,-0.8999998993613914
978,0.3890487897725793,-0.0597813937526168,-0.9102520585276276
979,0.3880721527347702,-0.0610358730868865,-0.9293653312653488
980,0.3870955156969611,-0.0628630495111047,-0.957204228552842
981,0.386118878659152,-0.065174905391928,-0.9924277119322666
982,0.3851422416213429,-0.0677935377822848,-1.0323252484714858
983,0.3831889675457247,-0.0704474994518694,-1.072761062630002
984,0.3812284591216783,-0.0727780780413426,-1.1082698055805005
985,0.37927518504606,-0.0743574847641482,-1.1323336786409106
986,0.3782985480082509,-0.0747193525664287,-1.137847103861274
987,0.3773219109704418,-0.0733998943203596,-1.1177438110973197
988,0.3782985480082509,-0.0699859009222106,-1.065728138012048
989,0.3812284591216783,-0.0641638917629935,-0.9770238876495592
990,0.3880721527347702,-0.0557636086465246,-0.8490370026582534
991,0.3978529918097178,-0.0447890467723616,-0.6818283539801245
992,0.4125097817252826,-0.0314315314562588,-0.4783129780304762
993,0.4301109514511312,-0.0160618721289579,-0.2441405348633829
994,0.4506347979419788,0.0007980665430679,0.0127378348128161
995,0.4711658787812548,0.0185206171140054,0.2827589769845869
996,0.4907130882342934,0.0364278702581044,0.5555942513303643
997,0.5073303865739046,0.0538495913524591,0.8210319494577417
998,0.5200411367622795,0.0701757276810762,1.069777295736194
999,0.5337212896400352,0.0848973795273725,1.294076683698488
1000,0.54643203982841,0.0976325965936809,1.488110710814717
1001,0.5571822815927384,0.1081359539604115,1.6481400780014992
1002,0.5650026122436396,0.1162930374412002,1.7724215683804845
1003,0.5698930317811133,0.1221025933221844,1.8609360803416768
1004,0.5718463058567315,0.1256502659309151,1.9149884926074296
1005,0.5718463058567315,0.12707861070119,1.936750782676285
1006,0.5698930317811133,0.1265583328462193,1.928823818660381
1007,0.5679397577054951,0.1242652938209104,1.8938870292755785
1008,0.5650026122436396,0.120366653565598,1.8344872667841343
1009,0.5610960640924031,0.1150176661655869,1.7529899855980997
1010,0.5562056445549294,0.1083684281585913,1.651682059629184
1011,0.5503385879796465,0.1005777456413579,1.5329830618082554
1012,0.5435021287149827,0.0918296992457586,1.3996976483991397
1013,0.5347051610262725,0.0823477966221906,1.2552311865245211
1014,0.523947684913516,0.0724019935713627,1.1036967282731225
1015,0.5122208061113784,0.0623053118767581,0.9498634799260856
1016,0.4995100559230035,0.0523990129450948,0.7989309072404591
1017,0.4887598141586752,0.0430278051087811,0.656150993403451
1018,0.4789862094321558,0.0345087717960245,0.5263548279981113
1019,0.4711658787812548,0.0270991023682407,0.4134609533835616
1020,0.4652988222059719,0.0209680325072089,0.3200478478610673
1021,0.4604084026684982,0.0161776909857039,0.2470621066805181
1022,0.4584551285928799,0.0126760478559842,0.1937110004963234
1023,0.4574784915550708,0.0103032032842068,0.1575582921768952
1024,0.4565018545172618,0.0088102051262956,0.1348109417745988
1025,0.4565018545172618,0.0078877789027871,0.1207568370088093
1026,0.4565018545172618,0.0072010688933879,0.110294109291568
1027,0.4565018545172618,0.0064258683670274,0.0984831382520339
1028,0.4545485804416435,0.0052818749863725,0.0810532317583299
1029,0.4525880720175971,0.0035591721617497,0.0548060963663174
1030,0.4496581609041697,0.0011352666056264,0.017875421847368
1031,0.4467282497907424,-0.0020186059578322,-0.0301770448921444
1032,0.4418378302532686,-0.0058417950654197,-0.0884272321570828
1033,0.4369474107157949,-0.0101978214733087,-0.1547957394032925
1034,0.4320642255267494,-0.0148949284989943,-0.2263609579028542
1035,0.4271738059892756,-0.019710697608522,-0.2997341143334308
1036,0.4232672578380392,-0.0244176523784096,-0.3714493732646221
1037,0.4193534753383746,-0.0288070049732979,-0.4383256389760573
1038,0.4154469271871381,-0.0327082263491834,-0.4977647274732275
1039,0.4115331446874735,-0.0360027910717963,-0.5479607828207903
1040,0.4086032335740461,-0.0386311415954983,-0.5880063850379796
1041,0.407626596536237,-0.0405926089460403,-0.6178913416194843
1042,0.4066499594984279,-0.0419387532824157,-0.6384012241999417
1043,0.4066499594984279,-0.042761348702493,-0.6509343048073563
1044,0.407626596536237,-0.0431769326134939,-0.6572661497563951
1045,0.407626596536237,-0.0433103101220627,-0.6592982921988509
1046,0.407626596536237,-0.04327950862178,-0.658828999911962
1047,0.4086032335740461,-0.0431843574870792,-0.6573792752818639
1048,0.407626596536237,-0.043100165904935,-0.656096530618175
1049,0.407626596536237,-0.0430770173869728,-0.6557438393260996
1050,0.4066499594984279,-0.0431441621531742,-0.6567668583542009
1051,0.4056660881121906,-0.0433180495592094,-0.6594162104211606
1052,0.4056660881121906,-0.0436118793270718,-0.6638930067606434
1053,0.4046894510743815,-0.0440443005921701,-0.6704813859803185
1054,0.4046894510743815,-0.0446451059417639,-0.6796352685476653
1055,0.4056660881121906,-0.0454564046037714,-0.6919962315185898
1056,0.4056660881121906,-0.0465286708170384,-0.7083333014261995
1057,0.4037128140365724,-0.0479120324335339,-0.7294102272460785
1058,0.4017595399609542,-0.0496439565012172,-0.7557978576855432
1059,0.3998062658853359,-0.0517349661038004,-0.7876565226627812
1060,0.3978529918097178,-0.0541542226715984,-0.8245163651007321
1061,0.3958924833856713,-0.0568168641663179,-0.8650844252521372
1062,0.3939392093100531,-0.0595749809824022,-0.9071071493482692
1063,0.3910092981966258,-0.0622140045302723,-0.9473153659794934
1064,0.3900326611588167,-0.0644559970709762,-0.9814744100831228
1065,0.3890487897725793,-0.0659708205657586,-1.0045542917633894
1066,0.3890487897725793,-0.0663954382669826,-1.0110237757246243
1067,0.3900326611588167,-0.0653607002002559,-0.9952584854235584
1068,0.3919859352344348,-0.0625239305646275,-0.952037405363745
1069,0.3958924833856713,-0.0576045728631524,-0.8770859710322737
1070,0.4027361769987633,-0.0504192418324707,-0.7676101208141576
1071,0.4125097817252826,-0.040912008547479,-0.6227577204651521
1072,0.4232672578380392,-0.029175784881833,-0.4439443771883744
1073,0.4359707736779858,-0.0154613289907362,-0.2349906473538524
1074,0.4525880720175971,-0.000171608198815,-0.0020361493431499
1075,0.4711658787812548,0.0161590717027674,0.2467784229057246
1076,0.4887598141586752,0.0328997903906655,0.501840354470772
1077,0.5073303865739046,0.0493682330160555,0.7527538823909722
1078,0.524924321951325,0.0648814652427879,0.989113805183768
1079,0.539588346215318,0.07880648019144,1.2012756171161867
1080,0.5513224593658839,0.090604820730952,1.3810353743508368
1081,0.560119427054594,0.0998666027034604,1.5221480734937989
1082,0.5650026122436396,0.1063310423872074,1.6206404084384272
1083,0.5659792492814486,0.1098927652965147,1.6749068913704968
1084,0.5659792492814486,0.1105952763589255,1.6856103642538829
1085,0.5640259752058304,0.1086145416457795,1.6554318497425446
1086,0.560119427054594,0.1042363400254036,1.588725480506344
1087,0.5552290075171202,0.0978308149694651,1.4911307700333063
1088,0.5503385879796465,0.0898267036801493,1.3691799670853826
1089,0.5435021287149827,0.0806864477040921,1.2299188405043928
1090,0.5347051610262725,0.0708822667672044,1.0805421396711403
1091,0.523947684913516,0.0608727199361144,0.9280364798828168
1092,0.5122208061113784,0.0510794904690328,0.7788266358670223
1093,0.5014633299986218,0.041864980290834,0.6384341707468605
1094,0.4926663623099116,0.0335123493580053,0.5111733153979591
1095,0.4858226686968196,0.0262103592202526,0.3999200446437883
1096,0.479962846469965,0.0200454298309136,0.3059910546570171
1097,0.4750724269324912,0.0150026552743606,0.2291592386029493
1098,0.4721425158190639,0.0109763539823485,0.1678144299511056
1099,0.4701892417434457,0.0077893357189868,0.1192569546514486
1100,0.4701892417434457,0.0052187048715285,0.0800907705994225
1101,0.4692053703572084,0.0030249201269753,0.0466662214617458
1102,0.4672520962815901,0.0009802346132897,0.0155133512483105
1103,0.4652988222059719,-0.0011072603759303,-0.0162917650080012
1104,0.4623689110925446,-0.0033769444349683,-0.0508727176500837
1105,0.459431765630689,-0.005907933855648,-0.0894349241147286
1106,0.4555252174794526,-0.0087203492626729,-0.1322849426505299
1107,0.451611434979788,-0.0117841960653084,-0.1789657750609408
1108,0.4486815238663607,-0.0150334219621957,-0.2284710471344962
1109,0.4457443784045051,-0.0183822244895635,-0.2794934707821627
1110,0.4428144672910778,-0.0217407905028216,-0.3306646511001021
1111,0.4408611932154596,-0.0250282596393747,-0.3807525979536546
1112,0.4389079191398414,-0.0281816093547714,-0.4287970985694259
1113,0.4369474107157949,-0.0311601209554614,-0.474177762101517
1114,0.4340174996023676,-0.0339458878494395,-0.5166217633487077
1115,0.4320642255267494,-0.0365413176048963,-0.5561657840690827
1116,0.4291270800648938,-0.0389647172309584,-0.5930887502272949
1117,0.4271738059892756,-0.0412449128536323,-0.6278298572674487
1118,0.4242438948758483,-0.043415579743042,-0.6609021822923814
1119,0.4222906208002301,-0.0455096828597631,-0.6928079801141553
1120,0.4213067494139927,-0.0475542547874247,-0.723959119728611
1121,0.4193534753383746,-0.0495657194732586,-0.7546058367309437
1122,0.4183768383005654,-0.0515460836409088,-0.7847787056035457
1123,0.4174002012627563,-0.0534804670048468,-0.8142510100124354
1124,0.4154469271871381,-0.055336509106355,-0.8425297053481953
1125,0.4134864187630917,-0.0570660918010939,-0.8688816625816975
1126,0.4115331446874735,-0.0586095395581162,-0.8923976641056008
1127,0.4105565076496644,-0.0599020793790825,-0.912090827195351
1128,0.4105565076496644,-0.0608819924370061,-0.9270208025434516
1129,0.4105565076496644,-0.0614996758637492,-0.9364318398386844
1130,0.4115331446874735,-0.061726753075161,-0.939891592865833
1131,0.4115331446874735,-0.0615643237006299,-0.9374168156006996
1132,0.4115331446874735,-0.0610493175987161,-0.9295701721219536
1133,0.4105565076496644,-0.0602576849140565,-0.9175088403832352
1134,0.4105565076496644,-0.0593029258922414,-0.9029621124426146
1135,0.4105565076496644,-0.0583284667089945,-0.8881152324403881
1136,0.4125097817252826,-0.0574928628084,-0.8753839543583429
1137,0.414470290149329,-0.0569478736659887,-0.8670804886626979
1138,0.4164235642249472,-0.056810986118717,-0.8649948671989337
1139,0.4183768383005654,-0.0571356250948169,-0.8699410732638619
1140,0.4183768383005654,-0.0578836301842096,-0.8813376940707636
1141,0.4183768383005654,-0.0589051998508577,-0.8969023503594981
1142,0.4183768383005654,-0.0599311997660393,-0.9125345060052992
1143,0.4183768383005654,-0.0605815013836612,-0.9224425147224172
1144,0.4193534753383746,-0.0603910230625951,-0.9195403831354676
1145,0.4193534753383746,-0.0588526176948788,-0.8961012075579331
1146,0.4203301123761837,-0.0554731521610643,-0.8446116017182894
1147,0.4222906208002301,-0.0498364056927348,-0.7587300174949124
1148,0.4261971689514665,-0.0416642693082176,-0.6342191807675276
1149,0.4359707736779858,-0.0308667500133479,-0.4697079564405079
1150,0.4506347979419788,-0.0175719880447468,-0.2671486917740345
1151,0.4692053703572084,-0.0021300653586584,-0.0318752425977402
1152,0.4887598141586752,0.014911531821645,0.2277708798177724
1153,0.5102675320357603,0.0328581809738649,0.501206392547254
1154,0.531768015564417,0.0509371259336489,0.7766575669006088
1155,0.5522990964036929,0.0683750937688663,1.0423428007033255
1156,0.5689163947433042,0.0844730932212954,1.287612248880474
1157,0.5826037819694881,0.0986676768622961,1.5038812149107397
1158,0.5923773866960075,0.1105705514829776,1.6852336555393677
1159,0.598237208922862,0.1199823998068615,1.828632768674366
1160,0.6021509914225267,0.1268813237138509,1.9337449141110523
1161,0.604104265498145,0.1313905161575929,2.0024470622052544
1162,0.605080902535954,0.1337328045756407,2.038134216342884
1163,0.6060575395737632,0.134181064497361,2.044963913658079
1164,0.6060575395737632,0.1330130606516794,2.0271681832292345
1165,0.6060575395737632,0.1304773153917507,1.988533516700737
1166,0.604104265498145,0.1267737069223896,1.932105262480158
1167,0.6001977173469085,0.1220493636394876,1.8601250718098237
1168,0.5962839348472438,0.1164076784259282,1.7741682407633363
1169,0.590416878271961,0.1099263325348979,1.6754183224995265
1170,0.5835804190072973,0.1026792537354721,1.5650016820167076
1171,0.5747834513185871,0.0947574132085143,1.4443043580830108
1172,0.566963120667686,0.0862841519942315,1.3152055773041122
1173,0.5581589186305476,0.0774220983307038,1.180183146834236
1174,0.5474086768662192,0.0683704309653807,1.042271758134263
1175,0.5366584351018908,0.0593530222282769,0.9048823345929724
1176,0.5268848303753715,0.0505996349226288,0.7715155469693584
1177,0.5180806283382331,0.0423235877457383,0.6454215232888144
1178,0.5102675320357603,0.0346998866933179,0.529266658473451
1179,0.5034238384226682,0.0278476220083504,0.4248654138956882
1180,0.4975567818473854,0.0218195299978688,0.3330212810056974
1181,0.494626870733958,0.0166002339018052,0.2534999791732825
1182,0.4916897252721025,0.0121130824607983,0.1851336482465542
1183,0.487783177120866,0.0082340079067926,0.1260319891795059
1184,0.4848460316590105,0.004809744476022,0.0738598416676259
1185,0.4819161205455832,0.0016773059084563,0.0261339437269519
1186,0.4780023380459186,-0.0013181624180159,-0.0195050728252011
1187,0.4740957898946821,-0.0043093200139932,-0.0650784109995626
1188,0.4701892417434457,-0.0073975268657494,-0.1121303936155042
1189,0.466275459243781,-0.0106488487270715,-0.1616675998459616
1190,0.4633455481303537,-0.0140944982304879,-0.2141655859971093
1191,0.459431765630689,-0.0177345472937742,-0.269625447809644
1192,0.4555252174794526,-0.0215435996993198,-0.3276602479937772
1193,0.451611434979788,-0.0254772198052736,-0.3875929642034452
1194,0.4477048868285516,-0.0294781631351264,-0.4485514184263372
1195,0.4437911043288869,-0.0334817713994399,-0.509550475645057
1196,0.4398845561776505,-0.0374202321883634,-0.5695569445992376
1197,0.4369474107157949,-0.0412257176589137,-0.6275373988889902
1198,0.4330408625645585,-0.0448326558783524,-0.6824927832089531
1199,0.4291270800648938,-0.0481795023780908,-0.7334854047797406
1200,0.4252205319136574,-0.0512103401972272,-0.7796633116439282
1201,0.4222906208002301,-0.0538764795257163,-0.820284664862029
1202,0.4203301123761837,-0.0561380596822824,-0.8547421462806692
1203,0.4193534753383746,-0.0579655864578345,-0.8825863815282353
1204,0.4174002012627563,-0.0593413867804022,-0.9035481033195232
1205,0.4164235642249472,-0.0602610437152243,-0.9175600151463724
1206,0.4154469271871381,-0.0607348801370876,-0.924779396539699
1207,0.4154469271871381,-0.0607894577303828,-0.9256109418649368
1208,0.4154469271871381,-0.0604689039121397,-0.9207269773484826
1209,0.4154469271871381,-0.0598357452127836,-0.9110801584839064
1210,0.4174002012627563,-0.0589708503056979,-0.897902602029205
1211,0.4183768383005654,-0.0579720728161711,-0.8826852078162222
1212,0.4183768383005654,-0.0569512058988491,-0.8671312586305616
1213,0.4183768383005654,-0.0560288689159131,-0.8530785135359559
1214,0.4174002012627563,-0.0553269315429853,-0.8423837813972403
1215,0.4174002012627563,-0.0549581352591275,-0.8367647936901724
1216,0.4174002012627563,-0.0550128572037436,-0.8375985383550814
1217,0.4183768383005654,-0.055543578002732,-0.8456846112791538
1218,0.4183768383005654,-0.0565484956749802,-0.8609955574413858
1219,0.4174002012627563,-0.0579566258734939,-0.8824498578823589
1220,0.4164235642249472,-0.0596173202512159,-0.9077522313119532
1221,0.414470290149329,-0.0612971699659696,-0.9333464558474752
1222,0.4134864187630917,-0.0626866638528304,-0.954516813063784
1223,0.4125097817252826,-0.0634178246109567,-0.9656567932957604
1224,0.4115331446874735,-0.0630925202818845,-0.960700449899368
1225,0.4125097817252826,-0.0613194425096816,-0.9336858007779982
1226,0.414470290149329,-0.0577560852500763,-0.8793944168514353
1227,0.4174002012627563,-0.0521507084852646,-0.7939907820710328
1228,0.4222906208002301,-0.0443785042549186,-0.6755733198062162
1229,0.4310875884889403,-0.0344662538409661,-0.5245500702149765
1230,0.4437911043288869,-0.0226008772342926,-0.3437689500930151
1231,0.4604084026684982,-0.0091194684291893,-0.1383659304165986
1232,0.4780023380459186,0.0055185945363108,0.0846598956520443
1233,0.4965801448095762,0.0207737137285573,0.3170872029839709
1234,0.5112441690735693,0.0360760460641459,0.55023385073136
1235,0.524924321951325,0.0508759330060257,0.775725230206547
1236,0.5376350721396999,0.0646876958575476,0.986161530875898
1237,0.5503385879796465,0.077121363597452,1.175601146301167
1238,0.560119427054594,0.087899277272854,1.339813659009875
1239,0.566963120667686,0.0968570718173187,1.4762947994955398
1240,0.5718463058567315,0.1039309254764308,1.5840721782054468
1241,0.5757600883563961,0.1091349466551383,1.6633607510853012
1242,0.5777133624320144,0.1125338762475326,1.7151469117186795
1243,0.5786899994698235,0.1142166788071257,1.7407861258584347
1244,0.5786899994698235,0.1142759867578694,1.7416897430062928
1245,0.5786899994698235,0.1127968594251322,1.7191537287794163
1246,0.5767367253942053,0.1098562013144337,1.674349801793331
1247,0.5737995799323498,0.1055318481170384,1.6084638682285743
1248,0.5698930317811133,0.0999182256265214,1.5229346014030511
1249,0.5640259752058304,0.0931440236734616,1.4197227222016997
1250,0.5571822815927384,0.085386781793605,1.3015332266142834
1251,0.5483853139040282,0.0768797708608874,1.171920234436565
1252,0.5376350721396999,0.0679080224422908,1.0352264924398629
1253,0.5259009589891341,0.0587925731227559,0.8963433205838889
1254,0.5141740801869966,0.0498645414380897,0.7603156476374998
1255,0.5034238384226682,0.0414329930593705,0.6318524044725028
1256,0.494626870733958,0.0337521181039053,0.5148264369035722
1257,0.487783177120866,0.0269936467748682,0.4118542298108531
1258,0.4828927575833923,0.0212295635461042,0.324032540106871
1259,0.479962846469965,0.0164282646167577,0.2508798516368354
1260,0.4770257010081094,0.0124648010451871,0.1904924397759993
1261,0.4750724269324912,0.0091433269234408,0.1398863922740865
1262,0.473119152856873,0.0062278430949277,0.095466021165122
1263,0.4711658787812548,0.0034761394632202,0.0535410084770321
1264,0.4672520962815901,0.0006716345812622,0.0108115148625841
1265,0.4633455481303537,-0.0023514524945661,-0.0352483015183881
1266,0.4584551285928799,-0.0056926906660985,-0.0861554744861768
1267,0.4535647090554062,-0.0093810111303069,-0.1423508003482592
1268,0.4486815238663607,-0.0133806313884008,-0.203289096222832
1269,0.4437911043288869,-0.0176051771758425,-0.2676543620527158
1270,0.4389079191398414,-0.0219368829865926,-0.3336523201845947
1271,0.4340174996023676,-0.0262473871530427,-0.3993272496312461
1272,0.4301109514511312,-0.0304168259484796,-0.4628529042063487
1273,0.4261971689514665,-0.0343485682344703,-0.5227570099127373
1274,0.4222906208002301,-0.0379778828986412,-0.5780533222012875
1275,0.4193534753383746,-0.041273940134346,-0.6282721175087769
1276,0.4174002012627563,-0.0442356600447288,-0.6733969425046711
1277,0.4154469271871381,-0.0468829020078257,-0.7137303750780082
1278,0.4134864187630917,-0.0492452026699703,-0.7497224361750963
1279,0.4115331446874735,-0.0513505816239429,-0.7818000328833457
1280,0.4086032335740461,-0.05321674889799,-0.8102329955545378
1281,0.4066499594984279,-0.0548463880866065,-0.8350622114891619
1282,0.4037128140365724,-0.0562272043439868,-0.8561003561656172
1283,0.4017595399609542,-0.057336351954384,-0.8729993517925598
1284,0.3998062658853359,-0.0581479379518522,-0.8853646926124272
1285,0.3988296288475269,-0.0586417356284285,-0.8928882040899203
1286,0.3988296288475269,-0.0588111506854744,-0.8954694153564096
1287,0.3998062658853359,-0.0586688704064725,-0.8933016301219517
1288,0.4017595399609542,-0.0582493760903523,-0.8869102061607137
1289,0.4037128140365724,-0.0576083808323203,-0.8771439893282268
1290,0.4046894510743815,-0.0568199738436787,-0.8651318043598671
1291,0.4037128140365724,-0.0559725460663828,-0.8522203774511037
1292,0.4037128140365724,-0.055164334706494,-0.8399064526782638
1293,0.4027361769987633,-0.0544987921808623,-0.8297662331756795
1294,0.4027361769987633,-0.0540792838485154,-0.8233745956629255
1295,0.4017595399609542,-0.0540021902992398,-0.8221999967728757
1296,0.400782902923145,-0.0543475323852265,-0.8274616358425381
1297,0.400782902923145,-0.0551667737417558,-0.8399436138692872
1298,0.4017595399609542,-0.0564683825175995,-0.8597749517406241
1299,0.400782902923145,-0.0582028440356768,-0.8862012428260748
1300,0.3998062658853359,-0.0602497952769764,-0.9173886337116748
1301,0.3978529918097178,-0.062410450571493,-0.9503084218725047
1302,0.3958924833856713,-0.0644082746377144,-0.9807473101160504
1303,0.3939392093100531,-0.0658999242326359,-1.0034741137851149
1304,0.3919859352344348,-0.0664970017560169,-1.012571199116208
1305,0.3919859352344348,-0.0657974199817053,-1.0019123569260806
1306,0.392962572272244,-0.0634234776775638,-0.9657429235339512
1307,0.3958924833856713,-0.0590623911198091,-0.8992973197411225
1308,0.4027361769987633,-0.0525042569265756,-0.7993774533378873
1309,0.4105565076496644,-0.0436723784387157,-0.6648147724602855
1310,0.4203301123761837,-0.0326415914838593,-0.4967494773052985
1311,0.4330408625645585,-0.0196415886015698,-0.298681168093165
1312,0.4496581609041697,-0.0050441240207606,-0.0762738998421841
1313,0.4682287333193992,0.0106647868983088,0.1630673875003712
1314,0.4868065400830569,0.026924265602266,0.4107971368491896
1315,0.5044004754604773,0.043144262475966,0.657925340226484
1316,0.5200411367622795,0.0587512604603857,0.8957138800169283
1317,0.5337212896400352,0.0732279584323426,1.1162811457508908
1318,0.545455402790601,0.0861423342246735,1.3130448388729803
1319,0.5542523704793112,0.0971637232025277,1.4809669462585724
1320,0.5620727011302122,0.1060660506333237,1.6166029886684354
1321,0.566963120667686,0.1127205912041455,1.7179917046080193
1322,0.5698930317811133,0.1170821802910152,1.7844449649446994
1323,0.5708696688189224,0.1191734221817225,1.8163071690685368
1324,0.5718463058567315,0.1190710544242319,1.8147474918263395
1325,0.5718463058567315,0.1168973174954407,1.7816283916187383
1326,0.5698930317811133,0.1128172095228779,1.7194637832839643
1327,0.566963120667686,0.1070403409988008,1.6314472965596762
1328,0.5610960640924031,0.0998243221047002,1.5215038854282472
1329,0.5542523704793112,0.0914757227979595,1.394304456016698
1330,0.5435021287149827,0.0823449161218759,1.2551872991629425
1331,0.531768015564417,0.0728125136254073,1.1099514201942342
1332,0.5200411367622795,0.0632672849648675,0.9645201215279872
1333,0.5073303865739046,0.0540778347078306,0.8245094698780584
1334,0.4985334188851945,0.0455622135972764,0.694765292855109
1335,0.4926663623099116,0.0379605238410704,0.5789457925980637
1336,0.4868065400830569,0.0314152165368553,0.4792213569376776
1337,0.4819161205455832,0.025962362953387,0.39614156846084
1338,0.4780023380459186,0.0215352033838195,0.3286892749116466
1339,0.4760490639703003,0.0179792614834485,0.2745108715497064
1340,0.4750724269324912,0.0150766015791133,0.2302858860112207
1341,0.473119152856873,0.0125755853721855,0.1921803520429782
1342,0.4701892417434457,0.0102218941400874,0.1563194643977755
1343,0.4682287333193992,0.0077867180926301,0.1192170724428587
1344,0.4643221851681628,0.0050888226590676,0.0781118825597969
1345,0.4604084026684982,0.0020084557160592,0.0311793489535297
1346,0.4565018545172618,-0.0015075437248314,-0.0223904902806412
1347,0.4525880720175971,-0.0054488135890282,-0.082439758363012
1348,0.4486815238663607,-0.00975116078162,-0.147990407989495
1349,0.4437911043288869,-0.0143107993144129,-0.2174611537259551
1350,0.4398845561776505,-0.0190008940548805,-0.2889195329048323
1351,0.4349941366401767,-0.0236882684009763,-0.3603364640995442
1352,0.4301109514511312,-0.0282484036791182,-0.429814778258279
1353,0.4261971689514665,-0.0325772436760167,-0.4957690727918307
1354,0.4222906208002301,-0.0365987976356843,-0.5570415509911923
1355,0.4193534753383746,-0.0402681005972161,-0.6129471257943944
1356,0.4164235642249472,-0.0435697082686302,-0.6632504876536213
1357,0.414470290149329,-0.046512496162568,-0.7080868640606043
1358,0.4115331446874735,-0.0491219967843442,-0.7478452687873728
1359,0.4095798706118552,-0.0514317602713403,-0.7830368724117458
1360,0.4086032335740461,-0.0534752312480221,-0.8141712379146056
1361,0.4066499594984279,-0.0552794207277037,-0.8416599056460329
1362,0.4037128140365724,-0.0568612613815828,-0.8657608621299495
1363,0.4027361769987633,-0.058227018365084,-0.8865695634022607
1364,0.4017595399609542,-0.0593745790631329,-0.9040538216165795
1365,0.400782902923145,-0.0602980010032395,-0.918123097140778
1366,0.400782902923145,-0.060993454126213,-0.9287190351148624
1367,0.400782902923145,-0.0614656417713814,-0.935913295712818
1368,0.4017595399609542,-0.0617338432463423,-0.939999618858644
1369,0.400782902923145,-0.0618367972075642,-0.941568227512854
1370,0.400782902923145,-0.0618356653810716,-0.941550982981315
1371,0.400782902923145,-0.0618142631485734,-0.9412248981302064
1372,0.3998062658853359,-0.0618756878865715,-0.9421607666918708
1373,0.3988296288475269,-0.0621345423208648,-0.9461046781353356
1374,0.3978529918097178,-0.0627042505019104,-0.9547847636080666
1375,0.3978529918097178,-0.0636795678784646,-0.9696447190610368
1376,0.3968691204234804,-0.0651153033405074,-0.9915196138604936
1377,0.3968691204234804,-0.0670034021233833,-1.0202867254477683
1378,0.3968691204234804,-0.06925165845223,-1.0545412047553695
1379,0.3958924833856713,-0.0716681315183125,-1.0913586377043791
1380,0.3949158463478622,-0.0739555260276274,-1.1262094271283063
1381,0.3939392093100531,-0.0757191517958914,-1.1530800653247713
1382,0.392962572272244,-0.0764905407636654,-1.164832963379897
1383,0.3919859352344348,-0.0757665198660034,-1.1538017662076616
1384,0.392962572272244,-0.073060840612331,-1.112577981882557
1385,0.3958924833856713,-0.0679628123815314,-1.0349043197200785
1386,0.400782902923145,-0.0601953053351157,-0.9165584238454816
1387,0.4095798706118552,-0.0496634724725504,-0.756095203423048
1388,0.4222906208002301,-0.0364859368336073,-0.5553220015075403
1389,0.4389079191398414,-0.0210021255036244,-0.3194103360980269
1390,0.459431765630689,-0.0037527445179548,-0.0565984153836066
1391,0.4819161205455832,0.0145654146007867,0.2224974307773879
1392,0.5034238384226682,0.0331648403887925,0.5058786616512432
1393,0.524924321951325,0.0512438193025299,0.7813303533277249
1394,0.5435021287149827,0.0680631089921945,1.0375893942791246
1395,0.5591427900167849,0.0830117675962525,1.2653474618353164
1396,0.5689163947433042,0.0956531228025407,1.4579514077367914
1397,0.5757600883563961,0.1057454493103253,1.61171830036856
1398,0.5806432735454417,0.1132363853276663,1.7258503544000512
1399,0.5835804190072973,0.1182345146202119,1.802001954300604
1400,0.5855336930829155,0.1209649635339888,1.843603129672548
1401,0.5865103301207246,0.1217177283018635,1.8550722690379344
1402,0.5855336930829155,0.1207976222073521,1.841053513804893
1403,0.5835804190072973,0.118483448279414,1.805794712612321
1404,0.5816199105832508,0.1150016827696921,1.7527464622520654
1405,0.5786899994698235,0.1105170544977073,1.6844185743800495
1406,0.5757600883563961,0.1051393585154364,1.6024838886488344
1407,0.5718463058567315,0.0989430730705955,1.5080771571605374
1408,0.5659792492814486,0.0919942689028622,1.4022050350532256
1409,0.560119427054594,0.0843782466774362,1.2861671650026545
1410,0.553275733441502,0.076221488476157,1.161890630588914
1411,0.5435021287149827,0.0677028403854113,1.0321003344339938
1412,0.531768015564417,0.0590511510055121,0.9002830184824907
1413,0.5200411367622795,0.0505294904553945,0.7704468244351035
1414,0.5102675320357603,0.0424089778227569,0.6467225282448679
1415,0.5024472013848591,0.0349374476997342,0.5328861428152362
1416,0.4956035077717671,0.0283091293678703,0.4318969494435453
1417,0.4916897252721025,0.0226410297452493,0.3455376679215435
1418,0.4897364511964843,0.0179600577490393,0.2742182830603477
1419,0.4868065400830569,0.0142026189835198,0.2169698693489575
1420,0.4848460316590105,0.0112260385955872,0.1716186298138494
1421,0.4838693946212014,0.0088292459766194,0.1351010485587084
1422,0.4819161205455832,0.0067789727277196,0.1038630434975178
1423,0.4809394835077741,0.0048373342497771,0.0742802000235969
1424,0.4780023380459186,0.0027870004707848,0.0430412727246817
1425,0.4740957898946821,0.0004510613073813,0.0074508559603854
1426,0.4711658787812548,-0.0022940590428564,-0.0343738537168822
1427,0.4672520962815901,-0.0055129756357518,-0.0834173326162798
1428,0.4633455481303537,-0.0092122649645545,-0.1397797803231681
1429,0.4604084026684982,-0.0133465431327763,-0.202769726864481
1430,0.4565018545172618,-0.0178280979905949,-0.2710507881355401
1431,0.451611434979788,-0.0225385894982286,-0.3428199328752069
1432,0.4477048868285516,-0.0273415923261894,-0.4159985819793023
1433,0.4428144672910778,-0.0320950027896363,-0.4884216408056075
1434,0.437924047753604,-0.036662501340952,-0.5580121419446845
1435,0.4340174996023676,-0.0409233633058582,-0.6229307217955398
1436,0.4301109514511312,-0.044779991363258,-0.6816903855822237
1437,0.4252205319136574,-0.0481626575036653,-0.7332287559292319
1438,0.4232672578380392,-0.0510311374711926,-0.7769329752529853
1439,0.4213067494139927,-0.0533732367295655,-0.8126172473499477
1440,0.4213067494139927,-0.0552006580245571,-0.8404598754935413
1441,0.4203301123761837,-0.0565431761372816,-0.8609145088564515
1442,0.4203301123761837,-0.0574424854760749,-0.8746164042949623
1443,0.4193534753383746,-0.0579471685748352,-0.8823057662869951
1444,0.4183768383005654,-0.0581099044369158,-0.8847852132026873
1445,0.4183768383005654,-0.0579873672418174,-0.8829182339974901
1446,0.4183768383005654,-0.0576424569037018,-0.8776631730472029
1447,0.4183768383005654,-0.0571477812621279,-0.8701262848770893
1448,0.4183768383005654,-0.0565888393755194,-0.8616102348861152
1449,0.4193534753383746,-0.0560652087781134,-0.8536321884180454
1450,0.4193534753383746,-0.0556882269449111,-0.8478884855141181
1451,0.4193534753383746,-0.0555741479593423,-0.8461503757619248
1452,0.4193534753383746,-0.0558324785172209,-0.8500863054136444
1453,0.4193534753383746,-0.0565500584651617,-0.8610193681444838
1454,0.4183768383005654,-0.0577723500289222,-0.8796422273538549
1455,0.4174002012627563,-0.0594842214798676,-0.9057243357154772
1456,0.4164235642249472,-0.0615931211646706,-0.937855574350508
1457,0.414470290149329,-0.0639178106212374,-0.973274590351862
1458,0.4134864187630917,-0.0661856669096231,-1.007827695042986
1459,0.4115331446874735,-0.0680409194853455,-1.036094361147761
1460,0.4115331446874735,-0.069065053385279,-1.0516980861471614
1461,0.4105565076496644,-0.0688090550065223,-1.047797689624137
1462,0.4115331446874735,-0.0668353431331747,-1.017726175243286
1463,0.4134864187630917,-0.0627653438219428,-0.9557155826788424
1464,0.4174002012627563,-0.0563270491983019,-0.857621594403546
1465,0.4242438948758483,-0.047395921378436,-0.72154674867807
1466,0.4340174996023676,-0.0360225179589204,-0.5482613420755895
1467,0.4477048868285516,-0.022441456916774,-0.3413400188819314
1468,0.466275459243781,-0.0070588167427233,-0.1069697992688514
1469,0.487783177120866,0.0095815120144801,0.1465625892634239
1470,0.5092836606495229,0.0268482811032638,0.4096394354717383
1471,0.5278614674131806,0.0440827650235029,0.6722243841932478
1472,0.5425254916771737,0.0606590185838114,0.9247805217180178
1473,0.5571822815927384,0.0760357284008094,1.159060386290019
1474,0.5698930317811133,0.0897928915435499,1.3686648046821328
1475,0.5796666365076326,0.1016496247155529,1.5493142332570635
1476,0.5884636041963428,0.111462724257362,1.698826818136905
1477,0.5953072978094348,0.1192085507001243,1.816842387891792
1478,0.6001977173469085,0.1249530382052503,1.9043655167505256
1479,0.6021509914225267,0.1288159476092568,1.9632208832622955
1480,0.6031276284603359,0.1309358384682633,1.995519583651793
1481,0.604104265498145,0.1314416470599731,2.003226093677373
1482,0.604104265498145,0.1304352807822957,1.9878930765332592
1483,0.6031276284603359,0.1279874339729322,1.950597632591361
1484,0.6011743543847177,0.1241462348529597,1.8920730444101856
1485,0.598237208922862,0.1189558294306735,1.8129919214730297
1486,0.5933540237338165,0.1124800838502943,1.7143273296565884
1487,0.5865103301207246,0.1048256191946181,1.5977037499542113
1488,0.5767367253942053,0.0961585843860995,1.4656526307391011
1489,0.5659792492814486,0.0867108987445565,1.3217074995008984
1490,0.5552290075171202,0.0767738747172513,1.1703067986310496
1491,0.5425254916771737,0.0666796832389531,1.0165114912704762
1492,0.5307913785266078,0.0567735167523506,0.865580936520499
1493,0.5200411367622795,0.0473810878883353,0.7224776986723612
1494,0.5102675320357603,0.038776958846767,0.5913850130062551
1495,0.5034238384226682,0.031158967130467,0.4753171357525354
1496,0.4995100559230035,0.0246327391078261,0.3758833924155743
1497,0.4956035077717671,0.0192082442699293,0.2932356783649952
1498,0.4926663623099116,0.0148080308505942,0.2261939369106463
1499,0.4897364511964843,0.0112847694199043,0.1725134538516941
1500,0.4868065400830569,0.008444461365281,0.1292384623678643
1501,0.4838693946212014,0.0060713120513907,0.0930811109913848
1502,0.4809394835077741,0.0039507182157676,0.0607717000358106
1503,0.4789862094321558,0.0018878080700966,0.0293411589575266
1504,0.4750724269324912,-0.0002798063449761,-0.0036846585061141
1505,0.4721425158190639,-0.0026752119925092,-0.0401811078361714
1506,0.4692053703572084,-0.0053804826681792,-0.0813986670584933
1507,0.4652988222059719,-0.0084386087000802,-0.1279923376892468
1508,0.4613850397063073,-0.0118573874198751,-0.1800809200327717
1509,0.4584551285928799,-0.0156137852544659,-0.2373134740992894
1510,0.4555252174794526,-0.0196578111200018,-0.298928334715056
1511,0.451611434979788,-0.023915672004729,-0.3638011900470596
1512,0.4486815238663607,-0.0282927116414662,-0.4304898552768279
1513,0.444767741366696,-0.03267712826639,-0.4972909164491532
1514,0.4398845561776505,-0.0369455514893345,-0.5623246997817863
1515,0.4349941366401767,-0.0409711757652084,-0.6236591934019323
1516,0.4301109514511312,-0.044634385658715,-0.6794719340963581
1517,0.4261971689514665,-0.0478348873191872,-0.7282348427095531
1518,0.4222906208002301,-0.050503570492884,-0.768894954005152
1519,0.4193534753383746,-0.0526119135163373,-0.8010177113364986
1520,0.4174002012627563,-0.0541768461961846,-0.8248610575830171
1521,0.4174002012627563,-0.055259624038381,-0.8413582828835112
1522,0.4183768383005654,-0.0559583549236152,-0.8520041609102907
1523,0.4193534753383746,-0.0563951407871846,-0.858659039241342
1524,0.4193534753383746,-0.0567000175101908,-0.8633041472148364
1525,0.4203301123761837,-0.0569946412668346,-0.867793040783596
1526,0.4193534753383746,-0.0573787509218992,-0.8736453433268784
1527,0.4183768383005654,-0.0579218097156198,-0.8819193981904783
1528,0.4164235642249472,-0.0586610462252815,-0.8931824207376537
1529,0.4134864187630917,-0.0596056372090499,-0.9075742282430904
1530,0.4115331446874735,-0.0607453298776684,-0.924938609000441
1531,0.4095798706118552,-0.0620607206461392,-0.9449799295927004
1532,0.4066499594984279,-0.0635319461912061,-0.9673955520213764
1533,0.4046894510743815,-0.0651428087878676,-0.991938687417791
1534,0.4037128140365724,-0.0668783115809135,-1.018380843389913
1535,0.4037128140365724,-0.0687150764660417,-1.0463658306635075
1536,0.4027361769987633,-0.0706059154967518,-1.0751746927227055
1537,0.4027361769987633,-0.0724615702906343,-1.1034474870315765
1538,0.4027361769987633,-0.0741339153998257,-1.128927371243601
1539,0.4027361769987633,-0.0754054094329047,-1.1482998802796085
1540,0.4017595399609542,-0.0759890944261359,-1.1571929167480308
1541,0.400782902923145,-0.0755419821005172,-1.1503807042304592
1542,0.4017595399609542,-0.0736924113236094,-1.1222006061283747
1543,0.4027361769987633,-0.0700793056717734,-1.0671512546825443
1544,0.4066499594984279,-0.0643987223251053,-0.9806017708861992
1545,0.4134864187630917,-0.0564511687958966,-0.8595126831254697
1546,0.4213067494139927,-0.0461822530321675,-0.7030552729863851
1547,0.4320642255267494,-0.033709532634603,-0.5130206504720396
1548,0.4467282497907424,-0.019329975128034,-0.2939334188511213
1549,0.4652988222059719,-0.0035051185340915,-0.0528255808400378
1550,0.4858226686968196,0.0131754661939418,0.2013201484853256
1551,0.5053771124982864,0.0300480230786081,0.4583907695068214
1552,0.524924321951325,0.0464381180259153,0.7081105906048717
1553,0.5415416202909363,0.0617242057815199,0.9410097356001134
1554,0.5552290075171202,0.0753915243290752,1.1492452799064816
1555,0.5659792492814486,0.0870683273045088,1.3271532883345554
1556,0.5728229428945406,0.0965397434595828,1.4714599781611968
1557,0.5757600883563961,0.103738726416283,1.5811438294027322
1558,0.5767367253942053,0.1087178135837453,1.657005303096914
1559,0.5767367253942053,0.1116088887009118,1.7010537825816807
1560,0.5767367253942053,0.1125800820707298,1.7158509045838573
1561,0.5767367253942053,0.11179889048169,1.703948653591079
1562,0.5767367253942053,0.1094085665669968,1.6675296296462758
1563,0.5767367253942053,0.1055213170349392,1.6083034164467978
1564,0.5747834513185871,0.100227712061336,1.5276499430397312
1565,0.5718463058567315,0.09361791823348,1.4269429893891434
1566,0.5650026122436396,0.0858077890898183,1.307947702371096
1567,0.5552290075171202,0.0769620360255514,1.173173628164212
1568,0.5435021287149827,0.0673077682458014,1.0260810072524622
1569,0.5307913785266078,0.0571342639572191,0.8710772882958243
1570,0.517103991300424,0.0467781781443534,0.7132917535091717
1571,0.5063537495360956,0.0365966396193111,0.5581656247618705
1572,0.4965801448095762,0.0269331139118981,0.4109319498753162
1573,0.4868065400830569,0.0180821057942963,0.2760778095685789
1574,0.4780023380459186,0.0102587188888367,0.156880527021221
1575,0.4721425158190639,0.0035780142583465,0.0550931749345864
1576,0.4682287333193992,-0.0019526851973784,-0.0291726748405923
1577,0.466275459243781,-0.0064276262146037,-0.0973529675013999
1578,0.4633455481303537,-0.0100239887408842,-0.1521472203445812
1579,0.4613850397063073,-0.0129741407653507,-0.1970957967945829
1580,0.459431765630689,-0.0155333632971507,-0.2360881635164239
1581,0.4565018545172618,-0.0179479223514303,-0.272876434542544
1582,0.4535647090554062,-0.0204278049951287,-0.3106599771101401
1583,0.4496581609041697,-0.0231272401536221,-0.3517886262736711
1584,0.4457443784045051,-0.0261345869388277,-0.3976086232654959
1585,0.4418378302532686,-0.0294716094837275,-0.4484515668598798
1586,0.437924047753604,-0.0331008458716314,-0.5037466865296286
1587,0.4340174996023676,-0.0369388993040731,-0.5622233469513892
1588,0.4301109514511312,-0.0408730843882129,-0.622164671180229
1589,0.4261971689514665,-0.0447788960634318,-0.6816736975717195
1590,0.4232672578380392,-0.0485361239917654,-0.7389188989634426
1591,0.4193534753383746,-0.0520419903147787,-0.7923343498068435
1592,0.4174002012627563,-0.055220327556903,-0.8407595608897696
1593,0.414470290149329,-0.0580264302730934,-0.8835133991391901
1594,0.4115331446874735,-0.0604477225126833,-0.9204042571141056
1595,0.4095798706118552,-0.0625007329021167,-0.9516839653043242
1596,0.407626596536237,-0.0642250659341619,-0.9779559385698928
1597,0.4056660881121906,-0.0656751624759644,-1.0000496390736422
1598,0.4046894510743815,-0.0669107278150255,-1.018874737794378
1599,0.4037128140365724,-0.0679868140021906,-1.0352700089022553
1600,0.4037128140365724,-0.0689446748397663,-1.0498639961711045
1601,0.4027361769987633,-0.0698046231260627,-1.062966185810512
1602,0.4027361769987633,-0.0705621279952311,-1.074507545455943
1603,0.4027361769987633,-0.0711882073347415,-1.0840465030494382
1604,0.4027361769987633,-0.0716347446245325,-1.090849954309404
1605,0.4017595399609542,-0.0718446849616962,-1.0940486095707878
1606,0.400782902923145,-0.071766179619549,-1.092852500575735
1607,0.3998062658853359,-0.0713687642724111,-1.086797472236488
1608,0.3988296288475269,-0.0706587860402188,-1.0759802294019247
1609,0.3988296288475269,-0.0696908130546959,-1.0612321732405885
1610,0.400782902923145,-0.0685719043804414,-1.0441844578455168
1611,0.4027361769987633,-0.0674564851921579,-1.0271899083299112
1612,0.4046894510743815,-0.0665310506053136,-1.0130899680789445
1613,0.4056660881121906,-0.0659897000514393,-1.0048419399925037
1614,0.4066499594984279,-0.066003189740584,-1.0050474691716031
1615,0.4066499594984279,-0.066685465314787,-1.0154426337436997
1616,0.4056660881121906,-0.0680623275323802,-1.0364205345892663
1617,0.4037128140365724,-0.0700469343099569,-1.0666580439532896
1618,0.4017595399609542,-0.0724262706834123,-1.1029096614955654
1619,0.3988296288475269,-0.0748616070525332,-1.1400144961146206
1620,0.3968691204234804,-0.076904454406147,-1.1711393600836897
1621,0.3958924833856713,-0.0780277815697433,-1.1882543956725429
1622,0.3958924833856713,-0.0776704540922127,-1.182810146932726
1623,0.3978529918097178,-0.0752911396123283,-1.1465588629613448
1624,0.400782902923145,-0.0704264335690906,-1.0724401024100825
1625,0.4056660881121906,-0.0627468387633547,-0.955433639228552
1626,0.414470290149329,-0.0521036908367233,-0.7932744202183449
1627,0.4271738059892756,-0.0385604287463225,-0.5869290026248647
1628,0.4437911043288869,-0.022402994992878,-0.3407540122245402
1629,0.4643221851681628,-0.0041266373516418,-0.0622950542278801
1630,0.4868065400830569,0.0156003266040815,0.2382653711795551
1631,0.5102675320357603,0.0359917174676364,0.5489490185140055
1632,0.5337212896400352,0.0562106187721287,0.857004611406497
1633,0.553275733441502,0.0754395542261809,1.1499770643989542
1634,0.5689163947433042,0.0929446584087757,1.4166851889603982
1635,0.5826037819694881,0.1081262510060314,1.6479922435905512
1636,0.5933540237338165,0.1205509697315292,1.8372955116496943
1637,0.6001977173469085,0.1299639338607764,1.9807116252179784
1638,0.605080902535954,0.1362825516222302,2.0769822143786865
1639,0.6070414109600005,0.1395759896531436,2.1271611034285227
1640,0.6080180479978096,0.1400356793092831,2.134164944410581
1641,0.6060575395737632,0.1379424630614719,2.102272658941617
1642,0.6021509914225267,0.1336352258587322,2.036647505020728
1643,0.597260571885053,0.1274844248988045,1.9429337760727927
1644,0.590416878271961,0.1198722035126985,1.826953815687668
1645,0.5826037819694881,0.1111790926780755,1.6945054016066845
1646,0.5747834513185871,0.1017759383722693,1.5512387507085408
1647,0.5659792492814486,0.0920188434893821,1.4025794539549483
1648,0.5552290075171202,0.0822447039317352,1.2536604641888784
1649,0.5444787657527919,0.0727653815564396,1.1092333150295948
1650,0.5337212896400352,0.063859578612667,0.9735443196330936
1651,0.524924321951325,0.055762763809625,0.85018108405819
1652,0.517103991300424,0.0486566487042237,0.7419121692942453
1653,0.5092836606495229,0.0426603903052603,0.6505530539589902
1654,0.5044004754604773,0.0378257483578535,0.5768923505853403
1655,0.5024472013848591,0.0341378620538474,0.5207036395969601
1656,0.5014633299986218,0.0315222480639829,0.4808520914692397
1657,0.5004866929608127,0.02985730384891,0.4554849674310383
1658,0.5004866929608127,0.0289904017117111,0.4422768287773697
1659,0.4995100559230035,0.0287549497646383,0.4386894781067827
1660,0.4995100559230035,0.0289857552773535,0.4422060356086752
1661,0.4995100559230035,0.0295305865583599,0.4505070961247336
1662,0.4995100559230035,0.030256767099191,0.4615711976643663
1663,0.4995100559230035,0.0310526929821956,0.4736979406606825
1664,0.4995100559230035,0.0318251292226577,0.4854667949838565
1665,0.4995100559230035,0.0324938614085321,0.4956556122149916
1666,0.4995100559230035,0.0329856548050222,0.5031485864401889
1667,0.4995100559230035,0.0332294539785505,0.5068631156233979
1668,0.4995100559230035,0.0331543525337427,0.5057188684776734
1669,0.4995100559230035,0.0326911481662269,0.4986614772813591
1670,0.4995100559230035,0.0317774023674342,0.4847396276436853
1671,0.4995100559230035,0.0303650214977667,0.4632205638902674
1672,0.4975567818473854,0.0284286697282095,0.4337182688131934
1673,0.494626870733958,0.0259730074940495,0.3963037488996023
1674,0.4907130882342934,0.0230369299186808,0.351569611043279
1675,0.4868065400830569,0.0196936070641763,0.3006306758031842
1676,0.4819161205455832,0.0160459955230535,0.2450555919240014
1677,0.4780023380459186,0.0122183377920455,0.1867373206214348
1678,0.4740957898946821,0.0083447898280462,0.1277198647925078
1679,0.4711658787812548,0.0045566304638868,0.0700033914133095
1680,0.4672520962815901,0.0009695417952376,0.015350435254255
1681,0.4633455481303537,-0.0023276715697214,-0.034885974862145
1682,0.4584551285928799,-0.0052817089713272,-0.079893748997532
1683,0.4555252174794526,-0.0078796877097811,-0.1194766060748691
1684,0.4535647090554062,-0.0101495507959763,-0.1540602863783721
1685,0.4525880720175971,-0.0121556784970182,-0.1846256889714994
1686,0.451611434979788,-0.0139901636604327,-0.2125759423585404
1687,0.4506347979419788,-0.0157610232031487,-0.2395567944901792
1688,0.4496581609041697,-0.0175792102195323,-0.2672587289764529
1689,0.4467282497907424,-0.0195464328889206,-0.2972313737133515
1690,0.4428144672910778,-0.0217453975708686,-0.330734844482885
1691,0.4398845561776505,-0.0242332727448542,-0.3686401614050444
1692,0.4349941366401767,-0.027038174639482,-0.4113757039126316
1693,0.4310875884889403,-0.030157630359122,-0.4589037949173621
1694,0.4261971689514665,-0.0335575483977313,-0.5107050155374439
1695,0.4232672578380392,-0.0371703592358126,-0.5657498751948911
1696,0.4213067494139927,-0.0408916827944588,-0.6224480368773385
1697,0.4193534753383746,-0.0445759825111998,-0.6785821025489542
1698,0.4174002012627563,-0.0480328509172048,-0.7312510201288915
1699,0.414470290149329,-0.0510264075058902,-0.7768609094051112
1700,0.4125097817252826,-0.0532804158342235,-0.8112030262942743
1701,0.4095798706118552,-0.0544910184338978,-0.8296477922082857
1702,0.4086032335740461,-0.0543475952198866,-0.8274625931927017
1703,0.4086032335740461,-0.0525605186431018,-0.8002346579990416
1704,0.4115331446874735,-0.0488929255764656,-0.7443551351893636
1705,0.4154469271871381,-0.0431924275556119,-0.657502231010718
1706,0.4222906208002301,-0.0354181842186993,-0.5390537008766395
1707,0.4330408625645585,-0.025659062883925,-0.3903635290607407
1708,0.4437911043288869,-0.0141396581596859,-0.2148536435999713
1709,0.4565018545172618,-0.0012125835040335,-0.0178964703371634
1710,0.473119152856873,0.0126625929979661,0.1935060020049796
1711,0.4897364511964843,0.0269514170122997,0.4112108162865555
1712,0.5044004754604773,0.041083591393969,0.6265289135680306
1713,0.5180806283382331,0.0544939436763258,0.8308493146137954
1714,0.5298147414887988,0.0666601920666118,1.016214523370918
1715,0.538611709177509,0.0771333028498004,1.1757830529935975
1716,0.545455402790601,0.0855578878653842,1.3041402022157589
1717,0.5503385879796465,0.0916820524031404,1.3974480980919055
1718,0.5522990964036929,0.0953579212136104,1.4534537103035228
1719,0.5522990964036929,0.0965353797969664,1.4713934933085218
1720,0.5503385879796465,0.0952521505130816,1.4518421857517505
1721,0.5483853139040282,0.0916231151287932,1.3965501285771893
1722,0.5435021287149827,0.0858308893803374,1.3082996588688642
1723,0.5376350721396999,0.0781183129208376,1.1907906865375142
1724,0.5298147414887988,0.0687821429405857,1.0485446101904987
1725,0.5190644997244704,0.0581662558933726,0.8868007384954354
1726,0.5073303865739046,0.0466523628371839,0.7113748289215613
1727,0.494626870733958,0.0346466997547199,0.5284563011915594
1728,0.4809394835077741,0.0225622044790103,0.3443366845564994
1729,0.4672520962815901,0.0107970184220892,0.1650820696952043
1730,0.4555252174794526,-0.0002886143874291,-0.0038188580206782
1731,0.444767741366696,-0.0103941662482854,-0.1577872524017437
1732,0.4349941366401767,-0.0192963055866118,-0.2934204290309015
1733,0.4281504430270847,-0.0268594963009144,-0.4086533570998373
1734,0.4242438948758483,-0.0330382610204346,-0.5027931424595937
1735,0.4203301123761837,-0.0378710664261131,-0.5764258642459921
1736,0.4174002012627563,-0.041467195235333,-0.6312165561712685
1737,0.4154469271871381,-0.0439890027853151,-0.6696388674665856
1738,0.4125097817252826,-0.0456323622231174,-0.6946771253978008
1739,0.4105565076496644,-0.0466078540352035,-0.7095397385540946
1740,0.4095798706118552,-0.0471245398650429,-0.7174119744017943
1741,0.4086032335740461,-0.047377273749438,-0.721262633022105
1742,0.4086032335740461,-0.0475377254606708,-0.7237072785688664
1743,0.4086032335740461,-0.0477487810499136,-0.7269229258336868
1744,0.4086032335740461,-0.0481217593282447,-0.732605630493894
1745,0.407626596536237,-0.0487358543954392,-0.741961995469815
1746,0.4066499594984279,-0.0496392693040454,-0.7557264434537797
1747,0.4056660881121906,-0.0508515654358655,-0.7741970120581251
1748,0.4037128140365724,-0.0523668000374563,-0.7972831573701141
1749,0.4017595399609542,-0.0541570828425621,-0.824559942723904
1750,0.3998062658853359,-0.0561762740195982,-0.855324380703872
1751,0.3988296288475269,-0.0583636799583695,-0.8886517422264801
1752,0.3968691204234804,-0.0606477681334131,-0.923452156273976
1753,0.3939392093100531,-0.0629500569571691,-0.9585298757766836
1754,0.3919859352344348,-0.0651893491285172,-0.9926477769977003
1755,0.3890487897725793,-0.0672863243556355,-1.0245973343520989
1756,0.3870955156969611,-0.0691682494557763,-1.0532703835832322
1757,0.3841656045835338,-0.0707733244693056,-1.0777253392449344
1758,0.3831889675457247,-0.0720540802868698,-1.097238961018368
1759,0.3831889675457247,-0.0729793559921486,-1.1113364805465604
1760,0.3841656045835338,-0.0735347279735818,-1.1197981393894312
1761,0.3841656045835338,-0.0737217418053315,-1.1226474859464544
1762,0.3851422416213429,-0.0735567058178789,-1.1201329942736546
1763,0.3851422416213429,-0.07306993075968,-1.1127164795530735
1764,0.386118878659152,-0.0723060551893788,-1.1010780557751731
1765,0.386118878659152,-0.0713255510595376,-1.0861390748432735
1766,0.3870955156969611,-0.0702068243195917,-1.0690941314030409
1767,0.3870955156969611,-0.0690476998389889,-1.051433687161743
1768,0.3880721527347702,-0.0679646770663851,-1.0349327300965632
1769,0.3880721527347702,-0.0670882884094987,-1.0215800546353395
1770,0.3880721527347702,-0.0665532543489977,-1.013428264770838
1771,0.3890487897725793,-0.0664829118459084,-1.0123565249582551
1772,0.3900326611588167,-0.0669685313177467,-1.019755433141463
1773,0.3900326611588167,-0.0680454781535725,-1.0361638171098986
1774,0.3900326611588167,-0.069669456004885,-1.0609067767938254
1775,0.3900326611588167,-0.0716969695753425,-1.0917980149298008
1776,0.3880721527347702,-0.0738743867447837,-1.1249731873590498
1777,0.386118878659152,-0.0758394092675295,-1.1549123106168038
1778,0.3841656045835338,-0.0771373837947287,-1.1746882770016271
1779,0.3841656045835338,-0.0772528871679993,-1.1764480887539133
1780,0.3851422416213429,-0.0756547342448746,-1.152098598202878
1781,0.3880721527347702,-0.0718503478554659,-1.0941348895358285
1782,0.392962572272244,-0.0654435961427802,-0.9965214896955576
1783,0.3998062658853359,-0.0561889702677543,-0.8555178209998769
1784,0.4095798706118552,-0.0440345595604915,-0.6703329714228732
1785,0.4242438948758483,-0.0291469025558691,-0.4435043254805724
1786,0.4428144672910778,-0.0119126116391815,-0.1809223173651123
1787,0.4652988222059719,0.0070853569918923,0.1085311203989903
1788,0.487783177120866,0.0271151678159436,0.4137057268726187
1789,0.5112441690735693,0.0473618627832282,0.722184784578613
1790,0.5337212896400352,0.0670028853234277,1.021435804825278
1791,0.553275733441502,0.0852831561237792,1.2999543837940766
1792,0.5698930317811133,0.1015795228334434,1.5482461595506392
1793,0.5826037819694881,0.1154461609410416,1.759518540741435
1794,0.5923773866960075,0.1266356463340025,1.9300017685380209
1795,0.598237208922862,0.135094366813835,2.0588790063900944
1796,0.6011743543847177,0.1409349719943923,2.147866586113221
1797,0.6031276284603359,0.1443919704462967,2.200537485075136
1798,0.6031276284603359,0.1457687884290207,2.2215147119573326
1799,0.604104265498145,0.1453852506910314,2.215671123154281
1800,0.604104265498145,0.1435334891820997,2.187457647014373
1801,0.6031276284603359,0.1404480338973893,2.140447587330094
1802,0.6001977173469085,0.1362928650227494,2.0771393495594674
1803,0.5953072978094348,0.1311651669805474,1.9990136375449756
1804,0.5914007496581983,0.1251129497105703,1.9068019317089748
1805,0.5855336930829155,0.1181618632314902,1.800895036259407
1806,0.5786899994698235,0.1103455017902775,1.6818047938286869
1807,0.5708696688189224,0.1017332822714698,1.5505888414862552
1808,0.5630493381680214,0.0924505823595753,1.4091574361919237
1809,0.553275733441502,0.0826871771193175,1.2604019947046543
1810,0.5425254916771737,0.0726919804363126,1.1081149740654062
1811,0.5307913785266078,0.062754470054886,0.9567068630942384
1812,0.5180806283382331,0.0531756422857097,0.8107636477231317
1813,0.5073303865739046,0.0442334694448008,0.6745205198316432
1814,0.4985334188851945,0.03614911958303,0.5513472003563261
1815,0.4916897252721025,0.0290602396281252,0.4433408806970723
1816,0.4887598141586752,0.0230062739683307,0.3511025363581336
1817,0.4868065400830569,0.017928342727892,0.2737350723509231
1818,0.4858226686968196,0.0136832243734304,0.2090563624700894
1819,0.4838693946212014,0.0100682324463695,0.1539782716964385
1820,0.4809394835077741,0.0068519337000268,0.1049746783605414
1821,0.4780023380459186,0.0038051097932864,0.0585532071393831
1822,0.473119152856873,0.0007270897683437,0.0116564312246596
1823,0.4692053703572084,-0.0025357929446594,-0.0380569163779375
1824,0.4643221851681628,-0.0060808682197239,-0.0920697556149472
1825,0.459431765630689,-0.009948319653541,-0.1509943245856032
1826,0.4555252174794526,-0.0141269740681619,-0.214660388522661
1827,0.4525880720175971,-0.0185641698248857,-0.2822655936241813
1828,0.4496581609041697,-0.0231773028875167,-0.3525513831089445
1829,0.4457443784045051,-0.0278652768539336,-0.4239774501311054
1830,0.4418378302532686,-0.0325188789460351,-0.4948798265747527
1831,0.437924047753604,-0.0370297466298306,-0.5636074986605975
1832,0.4330408625645585,-0.0412979156496214,-0.6286374089487933
1833,0.4291270800648938,-0.0452379680894754,-0.6886681283290326
1834,0.4252205319136574,-0.0487836603230805,-0.7426903675589573
1835,0.4222906208002301,-0.0518907731771319,-0.790030402411693
1836,0.4203301123761837,-0.0545379298482791,-0.8303625354751438
1837,0.4193534753383746,-0.0567253278846014,-0.8636897765958779
1838,0.4183768383005654,-0.0584716796748398,-0.890297228110626
1839,0.4174002012627563,-0.059810016317886,-0.910688152516184
1840,0.4164235642249472,-0.0607832299850834,-0.9255160558104624
1841,0.4164235642249472,-0.0614402246219742,-0.9355260395057494
1842,0.4164235642249472,-0.0618333339320739,-0.941515460976807
1843,0.4164235642249472,-0.0620173304361632,-0.9443188354680204
1844,0.4164235642249472,-0.0620499622914203,-0.9448160150806522
1845,0.4164235642249472,-0.0619935600767634,-0.9439566697871112
1846,0.4174002012627563,-0.0619169001886205,-0.9427886781669296
1847,0.4164235642249472,-0.0618962537845623,-0.9424741091333572
1848,0.4164235642249472,-0.0620144392279417,-0.9442747849605552
1849,0.4154469271871381,-0.062356765129232,-0.9494904693786304
1850,0.414470290149329,-0.0630030425306222,-0.959337165055118
1851,0.414470290149329,-0.0640154086172434,-0.9747615954107408
1852,0.4134864187630917,-0.0654225493746806,-0.99620082070728
1853,0.4134864187630917,-0.0672019494993581,-1.023311797319976
1854,0.4134864187630917,-0.0692628436007842,-1.0547116219070023
1855,0.4134864187630917,-0.0714333307533703,-1.087781208458023
1856,0.4125097817252826,-0.0734553669120644,-1.118588992636591
1857,0.4115331446874735,-0.0749908419217692,-1.141983521219661
1858,0.4095798706118552,-0.0756405974696571,-1.151883210007168
1859,0.4086032335740461,-0.0749761897649122,-1.141760280658774
1860,0.4095798706118552,-0.0725818178897076,-1.1052795819050103
1861,0.4125097817252826,-0.0681016401253189,-1.037019502057552
1862,0.4193534753383746,-0.06128618721349,-0.9331791224065656
1863,0.4271738059892756,-0.05203108818488,-0.7921682447332217
1864,0.437924047753604,-0.0404019504643113,-0.6149864651009982
1865,0.451611434979788,-0.0266408910755519,-0.405322683425028
1866,0.4701892417434457,-0.0111527115696017,-0.1693444643973332
1867,0.4907130882342934,0.0055282266581495,0.0848066508569462
1868,0.5112441690735693,0.0227861844857209,0.3477492485096143
1869,0.531768015564417,0.0399803932780544,0.6097205645604393
1870,0.5483853139040282,0.0565012645234239,0.8614328960045841
1871,0.5610960640924031,0.071818421404023,1.094805410822285
1872,0.5728229428945406,0.0855144203783791,1.3034779306966864
1873,0.5835804190072973,0.0973010435386729,1.4830591617024456
1874,0.5914007496581983,0.1070183284147804,1.6311119123803195
1875,0.598237208922862,0.1146192852994466,1.7469202465916285
1876,0.6031276284603359,0.1201450715241523,1.831111238278732
1877,0.6080180479978096,0.1236961123128069,1.8852149682025412
1878,0.6099713220734279,0.1254043618671953,1.9112418932743076
1879,0.6109479591112369,0.1254108206074756,1.9113402987730248
1880,0.6099713220734279,0.1238508985748389,1.8875732948496615
1881,0.6070414109600005,0.1208485742215618,1.8418298197331948
1882,0.6031276284603359,0.1165187825471173,1.775861025421131
1883,0.5992210803090994,0.1109762051838835,1.691414203604748
1884,0.5933540237338165,0.1043476911880586,1.5904220290929545
1885,0.5865103301207246,0.0967849778557074,1.4751963744251724
1886,0.5786899994698235,0.0884743016991853,1.3485747429042705
1887,0.5708696688189224,0.0796399631961519,1.2139745811852822
1888,0.5610960640924031,0.0705399179343396,1.0753261058671282
1889,0.5503385879796465,0.0614528984730271,0.9368760919112128
1890,0.5405649832531272,0.0526582313346617,0.8028803639138999
1891,0.5307913785266078,0.0444111160298271,0.6772271468264268
1892,0.5219944108378977,0.0369173298582757,0.5630516677872215
1893,0.5141740801869966,0.0303118104674531,0.4624098395465052
1894,0.5092836606495229,0.0246451868504572,0.376073046476329
1895,0.5053771124982864,0.0198810874648492,0.303487131013843
1896,0.5034238384226682,0.0159051368621356,0.242909466491683
1897,0.5034238384226682,0.0125443245005416,0.1917040607646555
1898,0.5024472013848591,0.0095933860670318,0.1467435025704213
1899,0.4995100559230035,0.0068434915357274,0.1048460533729923
1900,0.4956035077717671,0.0041082627818561,0.0631720522598259
1901,0.4916897252721025,0.0012430219804956,0.019517184937893
1902,0.4868065400830569,-0.0018450975950412,-0.0275334679357886
1903,0.4828927575833923,-0.0051965023815032,-0.0785955396561199
1904,0.4780023380459186,-0.0088064449749818,-0.1335966986802667
1905,0.473119152856873,-0.0126375134826172,-0.1919669366451337
1906,0.4692053703572084,-0.0166339769950574,-0.2528571362785054
1907,0.4652988222059719,-0.0207348250715982,-0.315337741260742
1908,0.4623689110925446,-0.024883124226802,-0.3785413118458459
1909,0.459431765630689,-0.0290305180253569,-0.441731088398571
1910,0.4565018545172618,-0.0331370251574204,-0.5042979148662385
1911,0.4525880720175971,-0.0371674174127268,-0.5657050535183206
1912,0.4486815238663607,-0.0410861275619336,-0.6254106013227163
1913,0.444767741366696,-0.0448527329566897,-0.6827986779842233
1914,0.4408611932154596,-0.0484196398205039,-0.7371441437529516
1915,0.4359707736779858,-0.0517328272666981,-0.7876239352970423
1916,0.4320642255267494,-0.0547356103026932,-0.8333743989127612
1917,0.4291270800648938,-0.0573745606582984,-0.8735815003851438
1918,0.4261971689514665,-0.0596061785270867,-0.907582475775746
1919,0.4242438948758483,-0.0614027631918651,-0.934955276392113
1920,0.4232672578380392,-0.0627561946529585,-0.9555761857534856
1921,0.4232672578380392,-0.0636789163141801,-0.9696347918143012
1922,0.4232672578380392,-0.06420214324106,-0.9776066879499972
1923,0.4232672578380392,-0.0643720181998896,-0.9801949062894484
1924,0.4242438948758483,-0.0642449064620458,-0.9782582292576274
1925,0.4242438948758483,-0.0638831314381892,-0.9727462176112244
1926,0.4242438948758483,-0.0633521770250619,-0.964656585337364
1927,0.4242438948758483,-0.0627197793508637,-0.955021361467624
1928,0.4232672578380392,-0.0620565346997355,-0.944916152427869
1929,0.4222906208002301,-0.0614368576052779,-0.9354747395706522
1930,0.4213067494139927,-0.0609385611466167,-0.9278826845575048
1931,0.4213067494139927,-0.060639214682173,-0.9233218357163272
1932,0.4213067494139927,-0.060607903566815,-0.9228447789237512
1933,0.4222906208002301,-0.0608920661992656,-0.9271742865908176
1934,0.4232672578380392,-0.0615005251581371,-0.9364447797053106
1935,0.4242438948758483,-0.0623853157317404,-0.9499254669410948
1936,0.4242438948758483,-0.0634260353395856,-0.9657818921247108
1937,0.4222906208002301,-0.0644208268858202,-0.9809385564243503
1938,0.4213067494139927,-0.0650875724923757,-0.9910971060924416
1939,0.4203301123761837,-0.065077473152874,-0.9909432323496916
1940,0.4203301123761837,-0.064001224773107,-0.9745454900720216
1941,0.4222906208002301,-0.0614658740799083,-0.9359168351702746
1942,0.4242438948758483,-0.0571185070874184,-0.8696802629538026
1943,0.4291270800648938,-0.0506914514392316,-0.7717575119378846
1944,0.4359707736779858,-0.0420428637908435,-0.639987454030983
1945,0.4457443784045051,-0.0311865960423972,-0.4745811370663612
1946,0.4565018545172618,-0.0183062025326955,-0.2783351986959037
1947,0.473119152856873,-0.0037498572626724,-0.0565544251032023
1948,0.4907130882342934,0.0119943711896003,0.1833249608959811
1949,0.5102675320357603,0.0283403462365957,0.4323725702925038
1950,0.5288381044509897,0.0446573060588018,0.6809781031320085
1951,0.545455402790601,0.0603273167945625,0.9197267064878172
1952,0.560119427054594,0.0747983908208196,1.1402082856703266
1953,0.5718463058567315,0.0876257868044638,1.335646752652225
1954,0.5796666365076326,0.0984962911111331,1.501269978108465
1955,0.5855336930829155,0.1072334827638759,1.6343900084339011
1956,0.5894402412341518,0.1137854218466936,1.7342154860084145
1957,0.5923773866960075,0.1181991583160324,1.8014632649285915
1958,0.5923773866960075,0.1205883593255392,1.837865180267059
1959,0.5923773866960075,0.1211009013945066,1.845674281689549
1960,0.5923773866960075,0.1198924708923552,1.827262609897724
1961,0.5914007496581983,0.1171102995445255,1.7848733904650258
1962,0.5884636041963428,0.1128885599993949,1.7205508806002623
1963,0.5845570560451063,0.1073542383275608,1.6362298426665236
1964,0.5786899994698235,0.1006400799077013,1.53393278796235
1965,0.5718463058567315,0.0928999049377542,1.4160033241626082
1966,0.5620727011302122,0.0843213942800948,1.2853009607165455
1967,0.5513224593658839,0.075132309719854,1.1452958808304652
1968,0.539588346215318,0.0655977920044746,1.0000277743432655
1969,0.5278614674131806,0.0560084646402045,0.8539245869270393
1970,0.517103991300424,0.046661064722264,0.7115074110202254
1971,0.5083070236117138,0.0378347819698283,0.5770299868817417
1972,0.4995100559230035,0.0297671587393782,0.4541115147025754
1973,0.4926663623099116,0.0226332762311986,0.3454195352232372
1974,0.4868065400830569,0.0165312123515627,0.2524483654252304
1975,0.4809394835077741,0.0114756731275932,0.1754220666379098
1976,0.4760490639703003,0.0074005130473453,0.1133328444914196
1977,0.473119152856873,0.0041697250574345,0.0641084927448298
1978,0.4721425158190639,0.0015954626024745,0.0248869774467959
1979,0.4701892417434457,-0.00053920473915,-0.0076368577334207
1980,0.4672520962815901,-0.0024556919373689,-0.0368364957961981
1981,0.4643221851681628,-0.0043565030643,-0.0657972929169251
1982,0.4623689110925446,-0.0064057443605652,-0.0970195751267154
1983,0.459431765630689,-0.008715528670918,-0.1322114960161761
1984,0.4555252174794526,-0.0113393661440477,-0.1721883373027458
1985,0.4525880720175971,-0.0142727397780067,-0.2168812778525703
1986,0.4486815238663607,-0.0174602412104919,-0.2654461147268532
1987,0.444767741366696,-0.0208079509372931,-0.3164518884427856
1988,0.4408611932154596,-0.0241992341193981,-0.368121548212952
1989,0.4359707736779858,-0.0275118086991084,-0.4185920021107869
1990,0.4320642255267494,-0.0306338431237351,-0.4661593823173197
1991,0.4291270800648938,-0.0334769962978213,-0.509477722099348
1992,0.4261971689514665,-0.035984766416341,-0.5476861588024352
1993,0.4242438948758483,-0.038135256994155,-0.5804510771321477
1994,0.4222906208002301,-0.0399383936248527,-0.6079237036349704
1995,0.4222906208002301,-0.0414285654661242,-0.6306279922192662
1996,0.4213067494139927,-0.0426544428582461,-0.6493054851827295
1997,0.4203301123761837,-0.0436681699852044,-0.6647506523767033
1998,0.4183768383005654,-0.0445161120464135,-0.6776699149256636
1999,0.4154469271871381,-0.0452328097823766,-0.6885895362568071
2000,0.4134864187630917,-0.0458388908943878,-0.6978238004480106
2001,0.4125097817252826,-0.0463426975899199,-0.7054998095425733
2002,0.4115331446874735,-0.0467446368749946,-0.7116237646925476
2003,0.4115331446874735,-0.0470429429245334,-0.7161687617510019
2004,0.4125097817252826,-0.0472396478216927,-0.7191657615783764
2005,0.4125097817252826,-0.0473459118404216,-0.7207848023363129
2006,0.4115331446874735,-0.0473862283465091,-0.7213990654458212
2007,0.4105565076496644,-0.0474011950307705,-0.7216270981526605
2008,0.4095798706118552,-0.0474484764294335,-0.7223474785075852
2009,0.4086032335740461,-0.0476013877913237,-0.7246772391378831
2010,0.4066499594984279,-0.0479444074980957,-0.7299034943904361
2011,0.4056660881121906,-0.0485650364013861,-0.7393594090264536
2012,0.4046894510743815,-0.0495418412746359,-0.754242028009434
2013,0.4046894510743815,-0.0509292333932048,-0.7753803626411556
2014,0.4027361769987633,-0.0527404258164783,-0.8029757273640618
2015,0.400782902923145,-0.0549308583674818,-0.8363492024124053
2016,0.3988296288475269,-0.0573849197850722,-0.8737393322520733
2017,0.3968691204234804,-0.0599088618302999,-0.912194164760512
2018,0.3939392093100531,-0.0622323487554766,-0.9475948589690658
2019,0.3919859352344348,-0.0640201570001456,-0.9748339418695412
2020,0.3900326611588167,-0.0648942233675317,-0.988151234880546
2021,0.3890487897725793,-0.0644646931029401,-0.9816069030035892
2022,0.3890487897725793,-0.0623670737223588,-0.949647531313883
2023,0.3919859352344348,-0.0583013284469287,-0.8877017533257295
2024,0.3968691204234804,-0.0520680123842721,-0.7927308225886902
2025,0.4056660881121906,-0.0435965659191406,-0.6636596913648952
2026,0.4154469271871381,-0.0329616921664817,-0.5016265378381883
2027,0.4281504430270847,-0.0203852439389005,-0.3100115159888825
2028,0.4428144672910778,-0.0062229898231672,-0.094235123265356
2029,0.4604084026684982,0.00906226472843,0.1386513270166251
2030,0.4780023380459186,0.0249377500260075,0.3805305449894967
2031,0.4956035077717671,0.0408430311572625,0.6228637328923372
2032,0.5102675320357603,0.0562318575115283,0.8573282052734189
2033,0.5229710478757068,0.0706082277004645,1.0763668748578388
2034,0.5347051610262725,0.0835526982721588,1.2735890926524682
2035,0.5444787657527919,0.0947370094270986,1.443993485652971
2036,0.5522990964036929,0.1039273073820866,1.584017052846182
2037,0.5581589186305476,0.1109781341458304,1.6914435933083365
2038,0.5610960640924031,0.1158206295020864,1.7652239513794812
2039,0.5630493381680214,0.1184489073831433,1.8052684468118476
2040,0.5630493381680214,0.1189082876581919,1.8122675740572916
2041,0.5630493381680214,0.1172880244547658,1.7875812108243685
2042,0.5610960640924031,0.1137195379101285,1.733211677006382
2043,0.5581589186305476,0.1083792576767878,1.6518470583894294
2044,0.5522990964036929,0.1014934854942766,1.5469352928952866
2045,0.5444787657527919,0.0933416464627523,1.4227337070523198
2046,0.5366584351018908,0.0842542301977472,1.2842776473872466
2047,0.524924321951325,0.0746026702295514,1.1372262827475963
2048,0.5131974431491875,0.0647801739468145,0.9875705289312148
2049,0.5004866929608127,0.0551747192704408,0.8412216254586601
2050,0.4897364511964843,0.0461375744743249,0.7035315029194975
2051,0.479962846469965,0.0379522245433281,0.5788193443282941
2052,0.473119152856873,0.0308090684864772,0.4699860728721499
2053,0.4672520962815901,0.0247905316333516,0.3782875225546319
2054,0.4643221851681628,0.0198694796672452,0.3033102743726623
2055,0.4623689110925446,0.0159214351867285,0.2431577880977884
2056,0.4613850397063073,0.0127486132141394,0.1948166077740536
2057,0.459431765630689,0.010111745881472,0.1546412432816606
2058,0.4565018545172618,0.0077644874322369,0.1188783656474357
2059,0.4545485804416435,0.0054850819575629,0.0841492973183333
2060,0.451611434979788,0.0031008546324421,0.0478231611366715
2061,0.4477048868285516,0.000502651977916,0.0082368924694887
2062,0.4437911043288869,-0.0023517588161117,-0.0352529686397081
2063,0.4389079191398414,-0.0054444535723084,-0.0823733290592921
2064,0.4349941366401767,-0.008711848072605,-0.1321554183451674
2065,0.4310875884889403,-0.0120635174167908,-0.1832215208723774
2066,0.4291270800648938,-0.0154016682576192,-0.2340816552065553
2067,0.4261971689514665,-0.0186380437830971,-0.2833911387590732
2068,0.4232672578380392,-0.0217060079075479,-0.3301347027686862
2069,0.4213067494139927,-0.0245667453159363,-0.3737209563033931
2070,0.4193534753383746,-0.0272096581370641,-0.4139884299813421
2071,0.4174002012627563,-0.0296479689666128,-0.4511385835401766
2072,0.4154469271871381,-0.0319111630867912,-0.4856206553413507
2073,0.4134864187630917,-0.0340361668311575,-0.5179972557565315
2074,0.4115331446874735,-0.0360590558183884,-0.5488180336480905
2075,0.4086032335740461,-0.0380086711501565,-0.5785224126296858
2076,0.4066499594984279,-0.0399029028060208,-0.6073829647949687
2077,0.4037128140365724,-0.0417477224649917,-0.6354906747672081
2078,0.4017595399609542,-0.0435384728351425,-0.6627745839515655
2079,0.400782902923145,-0.0452625841724896,-0.6890431794721896
2080,0.3988296288475269,-0.0469028580188149,-0.714034425268692
2081,0.3988296288475269,-0.0484407008350065,-0.7374650297997158
2082,0.3978529918097178,-0.0498590842100957,-0.7590755478482349
2083,0.3978529918097178,-0.0511453891074837,-0.7786737155151069
2084,0.3968691204234804,-0.052294502541,-0.7961816312386947
2085,0.3958924833856713,-0.053312465688785,-0.8116913385324308
2086,0.3939392093100531,-0.0542205970101162,-0.8255276458769237
2087,0.3919859352344348,-0.055059422315769,-0.838308005352178
2088,0.3900326611588167,-0.0558911364707255,-0.8509800191903026
2089,0.3890487897725793,-0.0567989553787151,-0.8648115665987474
2090,0.3880721527347702,-0.0578818112321259,-0.8813099804796961
2091,0.3880721527347702,-0.0592434821007,-0.9020564256215906
2092,0.3870955156969611,-0.0609763286289936,-0.9284581106897388
2093,0.386118878659152,-0.0631410852391124,-0.9614403865787816
2094,0.3841656045835338,-0.0657453144643603,-1.0011184762004688
2095,0.3822123305079156,-0.0687239229300867,-1.0465006155702312
2096,0.3812284591216783,-0.0719254039657282,-1.0952784459634926
2097,0.3782985480082509,-0.0751071542793986,-1.143755658674147
2098,0.3753686368948236,-0.0779422947919323,-1.1869519173812433
2099,0.3724314914329681,-0.08003894219427,-1.218896479990594
2100,0.3704782173573498,-0.0809709827616034,-1.2330970690951046
2101,0.3685249432817316,-0.0803174081900093,-1.223139193584473
2102,0.3704782173573498,-0.0777055942647202,-1.1833455433181734
2103,0.3743919998570145,-0.0728529277903442,-1.109410217883785
2104,0.3822123305079156,-0.0656011858540696,-0.998922529752775
2105,0.3939392093100531,-0.0559391057205817,-0.8517108796600442
2106,0.4095798706118552,-0.0440104546388496,-0.6699657083448161
2107,0.4242438948758483,-0.0301071800169141,-0.4581351324739172
2108,0.4389079191398414,-0.0146493294733823,-0.2226190061365675
2109,0.4555252174794526,0.0018450959755852,0.0286903966139038
2110,0.4740957898946821,0.0187965126326237,0.2869625267365934
2111,0.4916897252721025,0.0356024557696687,0.5430182193399111
2112,0.5073303865739046,0.0516750609163464,0.7879007593563968
2113,0.5210177738000886,0.0664744013395876,1.013383812062453
2114,0.5337212896400352,0.0795356324847941,1.212384996337906
2115,0.545455402790601,0.0904888747512699,1.3792688190382327
2116,0.5542523704793112,0.0990716238575443,1.5100357595738896
2117,0.5610960640924031,0.1051340601051467,1.602403161961533
2118,0.5650026122436396,0.1086379498924669,1.655788498266778
2119,0.5659792492814486,0.1096500102295797,1.6712082702166506
2120,0.5650026122436396,0.1083307360555098,1.651107781977433
2121,0.5610960640924031,0.1049197939523504,1.599138598484892
2122,0.5562056445549294,0.099719126569876,1.5199011241128877
2123,0.5513224593658839,0.0930748313785511,1.4186685069844014
2124,0.5444787657527919,0.0853586513671478,1.30110463086271
2125,0.5376350721396999,0.0769496094939502,1.1729842972751416
2126,0.5288381044509897,0.0682160901401454,1.0399202181712677
2127,0.5190644997244704,0.0594986783331154,0.9071015539787688
2128,0.5102675320357603,0.0510943450746521,0.7790529609413834
2129,0.5024472013848591,0.0432429696579702,0.6594292448658668
2130,0.4956035077717671,0.0361174687444928,0.5508649675344588
2131,0.4897364511964843,0.0298187608836971,0.454897726026489
2132,0.4848460316590105,0.0243763972644955,0.3719777628592928
2133,0.4809394835077741,0.0197550364054241,0.301566614500055
2134,0.4780023380459186,0.0158661833129049,0.2423159694206594
2135,0.4760490639703003,0.0125838951092156,0.1923069593659497
2136,0.473119152856873,0.0097626003392394,0.1493216546750168
2137,0.4721425158190639,0.0072548916413016,0.1111141537771689
2138,0.4701892417434457,0.0049271905701822,0.0756492527550319
2139,0.4672520962815901,0.0026715469397316,0.0412822203694371
2140,0.4652988222059719,0.0004124647769321,0.0068627984348026
2141,0.4633455481303537,-0.0018915680284981,-0.0282414924082834
2142,0.4604084026684982,-0.0042513826778476,-0.064195676563692
2143,0.4584551285928799,-0.0066541583638457,-0.1008044159502061
2144,0.4565018545172618,-0.0090726573066149,-0.137652715197757
2145,0.4545485804416435,-0.0114749907711448,-0.1742547168889569
2146,0.451611434979788,-0.0138333293003366,-0.2101864108475189
2147,0.4496581609041697,-0.0161302574381096,-0.2451824548291914
2148,0.4486815238663607,-0.0183619166121162,-0.2791840595469426
2149,0.4477048868285516,-0.0205376557052263,-0.3123336647709657
2150,0.4467282497907424,-0.0226765583259482,-0.3449220287499417
2151,0.444767741366696,-0.0248017968726575,-0.3773022066184122
2152,0.4428144672910778,-0.0269341061099924,-0.4097901136735495
2153,0.4408611932154596,-0.0290856893185999,-0.4425716793483297
2154,0.4389079191398414,-0.0312556193293656,-0.4756327772752046
2155,0.4369474107157949,-0.0334274054474783,-0.5087221548914967
2156,0.4349941366401767,-0.0355689873193501,-0.5413513399956695
2157,0.4330408625645585,-0.0376350600844049,-0.5728300668074263
2158,0.4320642255267494,-0.0395713642323612,-0.6023316363208172
2159,0.4301109514511312,-0.0413203993527989,-0.6289799711092419
2160,0.4291270800648938,-0.04282793474806,-0.65194881115647
2161,0.4281504430270847,-0.0440496698275466,-0.6705631917600875
2162,0.4281504430270847,-0.0449574276820493,-0.6843938089563599
2163,0.4281504430270847,-0.0455443392405754,-0.6933360054394617
2164,0.4281504430270847,-0.0458285708510098,-0.6976665640564972
2165,0.4281504430270847,-0.045855221518859,-0.698072614175721
2166,0.4291270800648938,-0.0456960368776506,-0.6956472737337092
2167,0.4291270800648938,-0.0454465690999838,-0.6918463775821638
2168,0.4291270800648938,-0.0452204004261584,-0.6884004670522227
2169,0.4281504430270847,-0.0451400923084699,-0.6871768909322327
2170,0.4281504430270847,-0.0453246838525694,-0.6899893314651848
2171,0.4281504430270847,-0.0458739270774931,-0.6983576124488038
2172,0.4281504430270847,-0.0468500724674304,-0.7132301835305765
2173,0.4281504430270847,-0.0482588578033745,-0.7346944656588089
2174,0.4281504430270847,-0.0500322220314803,-0.7617134792281609
2175,0.4281504430270847,-0.0520159022316599,-0.7919368712400529
2176,0.4271738059892756,-0.0539652204067581,-0.8216367227365615
2177,0.4252205319136574,-0.0555518448551368,-0.8458105652110992
2178,0.4242438948758483,-0.0563830716153005,-0.8584751530922142
2179,0.4242438948758483,-0.0560333598791911,-0.8531469379441088
2180,0.4252205319136574,-0.0540857888690289,-0.8234737062882204
2181,0.4281504430270847,-0.0501791617724208,-0.7639522561198033
2182,0.4320642255267494,-0.0440549979414061,-0.6706443710115843
2183,0.4389079191398414,-0.0355978908211666,-0.541791714339194
2184,0.4486815238663607,-0.024862881651678,-0.3782328955581562
2185,0.4623689110925446,-0.0120847562492513,-0.1835451161571771
2186,0.4789862094321558,0.0023334944233937,0.0361316453317059
2187,0.4985334188851945,0.0178526686425491,0.2725821004423197
2188,0.517103991300424,0.0338460289265225,0.5162572641134531
2189,0.5356817980640817,0.0496579685818383,0.7571682993840176
2190,0.5522990964036929,0.0646642326717188,0.9858040452977852
2191,0.5650026122436396,0.0783250949950644,1.1939412224403392
2192,0.5757600883563961,0.0902243484997545,1.3752384916718243
2193,0.5835804190072973,0.1000896901776289,1.5255470388028882
2194,0.590416878271961,0.1077934514659102,1.6429217030056575
2195,0.5933540237338165,0.1133359310836632,1.7273670355699
2196,0.5953072978094348,0.1168162267291149,1.7803928910481388
2197,0.5953072978094348,0.118397040039759,1.8044781949095612
2198,0.5962839348472438,0.1182702446891522,1.80254633836014
2199,0.5962839348472438,0.1166290432348534,1.7775409595096232
2200,0.5953072978094348,0.1136505124029793,1.7321600029708186
2201,0.5933540237338165,0.1094897217545091,1.668766111739388
2202,0.590416878271961,0.1042840225890536,1.5894519730191974
2203,0.5845570560451063,0.0981641067941859,1.4962088110764058
2204,0.5786899994698235,0.0912673939699272,1.3911303537413269
2205,0.5708696688189224,0.0837493299399971,1.2765849767564137
2206,0.5610960640924031,0.075789142605562,1.1553034000814295
2207,0.5522990964036929,0.067588199079184,1.030353657152772
2208,0.5435021287149827,0.0593609448925121,0.9050030444669416
2209,0.5337212896400352,0.0513200795170017,0.7824922555116978
2210,0.524924321951325,0.0436588181470531,0.6657651209319624
2211,0.5180806283382331,0.0365336280876363,0.5572055797793654
2212,0.5131974431491875,0.0300506449385172,0.4584307162179021
2213,0.5083070236117138,0.0242581280499008,0.3701758106921489
2214,0.5034238384226682,0.0191460376666664,0.2922878972882004
2215,0.5004866929608127,0.0146524666213364,0.2238237571389973
2216,0.4965801448095762,0.0106755616958432,0.163231552535492
2217,0.4926663623099116,0.0070888969949273,0.1085850559574741
2218,0.4887598141586752,0.0037580444550883,0.0578361186861109
2219,0.4858226686968196,0.0005562538152834,0.009053571157498
2220,0.4828927575833923,-0.0026224389669517,-0.0393770569418118
2221,0.479962846469965,-0.0058538605148359,-0.0886110615906137
2222,0.4760490639703003,-0.0091787822451941,-0.1392696369276944
2223,0.4721425158190639,-0.0126025880125583,-0.1914348114705747
2224,0.4682287333193992,-0.0160991455835297,-0.2447084339778968
2225,0.4652988222059719,-0.0196180239292604,-0.2983221362649629
2226,0.4613850397063073,-0.0230938722385268,-0.3512802320383233
2227,0.4584551285928799,-0.0264566439261816,-0.4025154900971981
2228,0.4545485804416435,-0.0296413784738643,-0.451038170658165
2229,0.451611434979788,-0.0325963887684265,-0.4960607678104899
2230,0.4486815238663607,-0.0352889145017158,-0.5370841448306071
2231,0.4457443784045051,-0.0377076016640914,-0.5739353117959222
2232,0.444767741366696,-0.0398615666389918,-0.6067531661105469
2233,0.4428144672910778,-0.0417762832236409,-0.635925827068841
2234,0.4408611932154596,-0.043487025388793,-0.6619907296090708
2235,0.4398845561776505,-0.0450310050712845,-0.685514835560278
2236,0.4389079191398414,-0.0464395747809976,-0.7069758324028544
2237,0.437924047753604,-0.0477318820363692,-0.7266654521184577
2238,0.4359707736779858,-0.0489111583784704,-0.7446329305327946
2239,0.4340174996023676,-0.0499644017018132,-0.7606801673013096
2240,0.4330408625645585,-0.0508656185162528,-0.7744111250776943
2241,0.4320642255267494,-0.0515821640493539,-0.7853284274429263
2242,0.4310875884889403,-0.052083207465659,-0.7929623351587947
2243,0.4310875884889403,-0.0523490457448849,-0.7970126526061755
2244,0.4310875884889403,-0.0523798942353695,-0.7974826608367395
2245,0.4310875884889403,-0.052202848858039,-0.7947851938546782
2246,0.4310875884889403,-0.0518758868594057,-0.7898035941710241
2247,0.4310875884889403,-0.0514880008308842,-0.7838937547246859
2248,0.4310875884889403,-0.051154826653092,-0.7788175061525916
2249,0.4301109514511312,-0.0510094491932629,-0.7766025322078448
2250,0.4301109514511312,-0.0511884848128751,-0.7793303225619259
2251,0.4291270800648938,-0.0518140735374538,-0.7888618051363094
2252,0.4281504430270847,-0.0529730628047906,-0.8065201892655274
2253,0.4271738059892756,-0.054695372080945,-0.832761328545044
2254,0.4252205319136574,-0.0569341772074167,-0.8668718091403845
2255,0.4232672578380392,-0.0595509951024791,-0.9067416999922688
2256,0.4213067494139927,-0.0623088378280382,-0.9487602480395652
2257,0.4203301123761837,-0.06487623097506,-0.9878771024216674
2258,0.4183768383005654,-0.0668439924230532,-1.017857956000385
2259,0.4174002012627563,-0.0677552234985676,-1.0317414912628715
2260,0.4154469271871381,-0.0671470246225181,-1.0224749607755623
2261,0.414470290149329,-0.0646002060275715,-0.9836715806887532
2262,0.4154469271871381,-0.0597911200722822,-0.9104002489325392
2263,0.4213067494139927,-0.0525382614743422,-0.7998955473216071
2264,0.4301109514511312,-0.0428360314547829,-0.6520721727453336
2265,0.4428144672910778,-0.0308693593609901,-0.4697477125144348
2266,0.4584551285928799,-0.017005613693703,-0.2585194006032461
2267,0.4770257010081094,-0.001763902205258,-0.0262963733200568
2268,0.4975567818473854,0.0142342897273647,0.2174524054484991
2269,0.5141740801869966,0.0303259527065208,0.4626253109895485
2270,0.5288381044509897,0.0458698546389854,0.6994525180447722
2271,0.5425254916771737,0.0603031294516606,0.9193581876377606
2272,0.5552290075171202,0.0731835563314914,1.1156046344361858
2273,0.5650026122436396,0.084212662045882,1.283644314177126
2274,0.5728229428945406,0.0932380326452445,1.4211550448142718
2275,0.5767367253942053,0.1002364852955011,1.5277836122145103
2276,0.5786899994698235,0.1052826436355566,1.604666983663077
2277,0.5796666365076326,0.1085096112224216,1.6538331276708962
2278,0.5806432735454417,0.1100694660343942,1.6775991074188492
2279,0.5806432735454417,0.1101009343983617,1.6780785600544486
2280,0.5806432735454417,0.1087098515155548,1.6568839928634775
2281,0.5786899994698235,0.1059652196817281,1.6150667262322174
2282,0.5777133624320144,0.1019104082690554,1.5532875368001682
2283,0.5737995799323498,0.0965859352558306,1.4721637573114874
2284,0.5698930317811133,0.0900578961645143,1.3727024204952285
2285,0.5630493381680214,0.082444900122885,1.256710657442741
2286,0.5542523704793112,0.0739365879949361,1.1270778402279238
2287,0.5435021287149827,0.0647984526161092,0.987849023109611
2288,0.5307913785266078,0.0553604800382759,0.8440518803083088
2289,0.5180806283382331,0.0459905396450126,0.7012912772594819
2290,0.5063537495360956,0.037056751679682,0.5651759015034188
2291,0.4956035077717671,0.0288855229692298,0.4406788941166116
2292,0.487783177120866,0.0217230113075841,0.3315507202708144
2293,0.4819161205455832,0.015707219386056,0.2398939917871331
2294,0.479962846469965,0.0108558582468475,0.1659785544659955
2295,0.4780023380459186,0.007072015592238,0.1083278505615927
2296,0.4780023380459186,0.0041662100938176,0.0640549386874311
2297,0.4770257010081094,0.0018903809437282,0.0293803593126836
2298,0.4760490639703003,-2.260256854637076e-05,0.0002341034804554
2299,0.473119152856873,-0.0018208697875798,-0.0271643325668777
2300,0.4692053703572084,-0.0037029941640874,-0.0558404179768025
2301,0.4652988222059719,-0.0057990514547356,-0.0877759896324096
2302,0.4613850397063073,-0.0081648466220515,-0.1238212930816016
2303,0.4574784915550708,-0.0107883734185772,-0.1637934008930927
2304,0.4525880720175971,-0.0136056114802422,-0.206716897493409
2305,0.4496581609041697,-0.0165216080132031,-0.2511450801778032
2306,0.4467282497907424,-0.0194325104393777,-0.2954956489472434
2307,0.444767741366696,-0.0222447458737179,-0.3383429254155479
2308,0.4428144672910778,-0.0248886820644107,-0.3786259911730736
2309,0.4408611932154596,-0.0273255370384129,-0.4157539632870912
2310,0.4389079191398414,-0.0295476891172072,-0.4496107177081718
2311,0.4369474107157949,-0.0315736137784449,-0.4804777471908487
2312,0.4349941366401767,-0.0334393107000191,-0.5089035435621648
2313,0.4330408625645585,-0.0351882745273285,-0.5355507921270318
2314,0.4301109514511312,-0.0368618741682567,-0.5610497904102001
2315,0.4281504430270847,-0.038491548466562,-0.5858795412767593
2316,0.4261971689514665,-0.0400936405615425,-0.6102890491305781
2317,0.4242438948758483,-0.0416671239879519,-0.6342626747262162
2318,0.4213067494139927,-0.0431940249790666,-0.6575265693870732
2319,0.4203301123761837,-0.0446420604464658,-0.6795888673191525
2320,0.4193534753383746,-0.0459688999281312,-0.6998046207392845
2321,0.4183768383005654,-0.0471275132793142,-0.7174572774023117
2322,0.4174002012627563,-0.0480722202956087,-0.731850852781684
2323,0.4174002012627563,-0.0487651923214828,-0.742408988709729
2324,0.4164235642249472,-0.0491831582877105,-0.7487771267008151
2325,0.4154469271871381,-0.0493238967549851,-0.7509214208603314
2326,0.414470290149329,-0.0492117848234881,-0.7492132811841187
2327,0.4134864187630917,-0.0489013303025758,-0.744483189767898
2328,0.4134864187630917,-0.0484774033938995,-0.7380242307360171
2329,0.414470290149329,-0.0480509773777717,-0.7315271952520046
2330,0.414470290149329,-0.0477496617011596,-0.7269363434540428
2331,0.414470290149329,-0.0477030978855833,-0.7262268962096712
2332,0.414470290149329,-0.0480242134902544,-0.731119420115607
2333,0.414470290149329,-0.0487882063715883,-0.7427596312467958
2334,0.4134864187630917,-0.0500118240670468,-0.7614026954257807
2335,0.4125097817252826,-0.0516359058914653,-0.7861472392460722
2336,0.4105565076496644,-0.0535141729633076,-0.8147645546833985
2337,0.4086032335740461,-0.0554108269825975,-0.843662014027268
2338,0.407626596536237,-0.0570086695414341,-0.868006775861676
2339,0.4056660881121906,-0.0579282682044491,-0.8820177998580832
2340,0.4046894510743815,-0.0577573028761162,-0.8794129686266279
2341,0.4056660881121906,-0.0560877855509701,-0.8539761685900256
2342,0.4086032335740461,-0.0525575600061074,-0.8001895801454165
2343,0.4134864187630917,-0.0468915751272271,-0.7138625189022046
2344,0.4203301123761837,-0.0389380488650433,-0.5926824304599777
2345,0.4281504430270847,-0.0286948644006687,-0.43661706292297
2346,0.4408611932154596,-0.0163223796040834,-0.2481096320707015
2347,0.4565018545172618,-0.0021402930982535,-0.0320310726469337
2348,0.4740957898946821,0.0133917653560508,0.2046156869333437
2349,0.4926663623099116,0.0297079250073209,0.453209028352138
2350,0.5102675320357603,0.0461798992583915,0.7041763641932793
2351,0.5268848303753715,0.0621653568810996,0.947731122756101
2352,0.5415416202909363,0.077054861003109,1.1745879114166051
2353,0.553275733441502,0.0903121063640136,1.3765755722825948
2354,0.5630493381680214,0.1015037583914204,1.5470918109658136
2355,0.5708696688189224,0.1103172239433531,1.6813739519758666
2356,0.5747834513185871,0.1165666971096661,1.776591052673941
2357,0.5777133624320144,0.1201894192078349,1.8317869204923447
2358,0.5786899994698235,0.1212350000020517,1.8477174108107235
2359,0.5786899994698235,0.1198507590645494,1.82662708763804
2360,0.5767367253942053,0.116265440001621,1.7720010932278611
2361,0.5728229428945406,0.110772605247371,1.6883121508170778
2362,0.566963120667686,0.1037139500590037,1.5807663363176014
2363,0.5581589186305476,0.0954620789526703,1.4550406597414385
2364,0.5483853139040282,0.0864021935878816,1.3170040614338991
2365,0.5376350721396999,0.0769126270713938,1.1724208323303535
2366,0.5268848303753715,0.0673449799025945,1.0266479648147588
2367,0.517103991300424,0.0580054116064863,0.8843501116580058
2368,0.5073303865739046,0.0491391023721937,0.7492628432251099
2369,0.4995100559230035,0.0409198441580185,0.624034057339417
2370,0.4936429993477207,0.0334461389343266,0.5101645320316011
2371,0.4887598141586752,0.0267442083882041,0.4080537814612248
2372,0.4838693946212014,0.0207772169038945,0.3171405774348995
2373,0.4780023380459186,0.0154591160249076,0.2361138839135065
2374,0.4701892417434457,0.010671111272283,0.1631637457913068
2375,0.4652988222059719,0.0062788720093031,0.0962434987459182
2376,0.4633455481303537,0.002148999812855,0.0333206816804643
2377,0.4604084026684982,-0.001836421295731,-0.0274012756624368
2378,0.4574784915550708,-0.0057683047436965,-0.0873075321155543
2379,0.4535647090554062,-0.0097031824488804,-0.1472594091327566
2380,0.4486815238663607,-0.0136608333152795,-0.2075582584989769
2381,0.4437911043288869,-0.0176271644116724,-0.2679893600265247
2382,0.4389079191398414,-0.0215617301406992,-0.3279364837686307
2383,0.4349941366401767,-0.0254084655283525,-0.3865454226371724
2384,0.4320642255267494,-0.0291077214348806,-0.4429073611216028
2385,0.4291270800648938,-0.0326076477424435,-0.4962323097683804
2386,0.4261971689514665,-0.0358733171184389,-0.5459881150251972
2387,0.4232672578380392,-0.0388925336574295,-0.5919889598279222
2388,0.4203301123761837,-0.0416778398654799,-0.6344259420549171
2389,0.4183768383005654,-0.0442647232392386,-0.6738397499293295
2390,0.4154469271871381,-0.0467064240660791,-0.7110415535560832
2391,0.414470290149329,-0.0490660852124538,-0.7469933989370352
2392,0.4115331446874735,-0.0514072672210845,-0.7826636957982065
2393,0.4095798706118552,-0.0537840509821724,-0.8188764216863585
2394,0.407626596536237,-0.0562320308733068,-0.8561738932648341
2395,0.4056660881121906,-0.0587614490651225,-0.8947121604544421
2396,0.4037128140365724,-0.0613535397153482,-0.9342053064993734
2397,0.400782902923145,-0.0639608333524908,-0.9739300855632252
2398,0.3978529918097178,-0.0665117037341915,-1.012795198755707
2399,0.3958924833856713,-0.0689188500163845,-1.0494705286350392
2400,0.392962572272244,-0.0710907929053857,-1.082562294815788
2401,0.3910092981966258,-0.0729449518833207,-1.1108122988423568
2402,0.3900326611588167,-0.0744205617489381,-1.1332947208684132
2403,0.3890487897725793,-0.0754896317447481,-1.149583093141621
2404,0.3890487897725793,-0.0761643492274669,-1.1598631024776225
2405,0.3890487897725793,-0.0764997253560562,-1.1649729000169975
2406,0.3890487897725793,-0.076590776873474,-1.1663601627945093
2407,0.3890487897725793,-0.076564045915676,-1.165952889375987
2408,0.3890487897725793,-0.0765637311199317,-1.1659480931416026
2409,0.3880721527347702,-0.0767331406412411,-1.1685292200654975
2410,0.3880721527347702,-0.0771926190360371,-1.175529842265415
2411,0.3870955156969611,-0.0780155910296311,-1.1880686603546151
2412,0.3870955156969611,-0.0792049245919759,-1.206189370781826
2413,0.3870955156969611,-0.0806723982223339,-1.22854782896143
2414,0.3870955156969611,-0.0822245326681938,-1.2521961810537363
2415,0.3880721527347702,-0.0835582146891186,-1.272516187541664
2416,0.3880721527347702,-0.0842691787962303,-1.2833484511866189
2417,0.3890487897725793,-0.0838753548104401,-1.277348140902156
2418,0.3910092981966258,-0.0818553004275994,-1.2465705511009333
2419,0.392962572272244,-0.0776995716736427,-1.1832537829976106
2420,0.3968691204234804,-0.0709702819164518,-1.080726186929063
2421,0.4027361769987633,-0.0613617530303711,-0.9343304447346754
2422,0.4134864187630917,-0.0487536488761809,-0.7422331125415365
2423,0.4291270800648938,-0.0332478492860467,-0.5059864335516324
2424,0.4486815238663607,-0.0151818894450052,-0.2307331007324321
2425,0.4711658787812548,0.004885049541916,0.075007191188375
2426,0.4956035077717671,0.026213414418408,0.3999665937052329
2427,0.5210177738000886,0.0479472328217233,0.7311034944310639
2428,0.5444787657527919,0.0691924201658944,1.0547956023680352
2429,0.5679397577054951,0.0890987306311186,1.35808855485424
2430,0.5865103301207246,0.1069340448828361,1.6298277667676
2431,0.6011743543847177,0.122141002292972,1.861521280204428
2432,0.6099713220734279,0.1343690214236681,2.047827629223025
2433,0.6158383786487107,0.1434789864768477,2.1866272426848896
2434,0.618768289762138,0.1495224841436742,2.278706096469342
2435,0.6207215638377562,0.1527014905487736,2.327141502933013
2436,0.6216982008755654,0.1533170189964746,2.336519706923583
2437,0.6207215638377562,0.1517160478986423,2.3121272786051903
2438,0.6168150156865198,0.1482451485126574,2.2592445847279423
2439,0.6129012331868552,0.1432170659339813,2.182636615948633
2440,0.6080180479978096,0.1368936107739504,2.0862923240844857
2441,0.604104265498145,0.1294850566217641,1.9734154418316996
2442,0.598237208922862,0.1211632194238492,1.846623760456368
2443,0.5914007496581983,0.1120829645926819,1.708276812543394
2444,0.5835804190072973,0.102405502427319,1.560830801499107
2445,0.5747834513185871,0.0923168111095748,1.407119294696979
2446,0.5620727011302122,0.0820359233826431,1.2504794794822218
2447,0.5483853139040282,0.0718103889800567,1.094683028646813
2448,0.5347051610262725,0.0618994552810877,0.9436798405519328
2449,0.523947684913516,0.0525486207880974,0.8012103353895689
2450,0.5141740801869966,0.0439613714133669,0.6703748286718756
2451,0.5073303865739046,0.0362745240261587,0.5532578650110263
2452,0.5034238384226682,0.0295425790203238,0.4506898135199518
2453,0.5014633299986218,0.0237342067110988,0.3621933344822364
2454,0.4985334188851945,0.0187411561517916,0.286119114264948
2455,0.494626870733958,0.014397278788488,0.2199357101099731
2456,0.4907130882342934,0.0105036599408724,0.1606124538886716
2457,0.4868065400830569,0.006855328041824,0.1050263946214336
2458,0.4819161205455832,0.0032655142021647,0.0503319177012553
2459,0.4780023380459186,-0.0004154424625044,-0.0057512131607695
2460,0.4740957898946821,-0.0042881331974677,-0.0647556082306101
2461,0.4701892417434457,-0.008399459333627,-0.1273958571430251
2462,0.466275459243781,-0.0127448417576234,-0.19360219243343
2463,0.4623689110925446,-0.017276133339047,-0.2626410434403372
2464,0.4574784915550708,-0.0219137084869943,-0.3332992330357813
2465,0.451611434979788,-0.0265609342674875,-0.4041044598656401
2466,0.4477048868285516,-0.0311190577785808,-0.4735521227005673
2467,0.4428144672910778,-0.0355005286571157,-0.540308302420796
2468,0.4389079191398414,-0.0396390047887463,-0.6033622092182753
2469,0.4349941366401767,-0.0434948026528728,-0.6621092241633051
2470,0.4330408625645585,-0.0470553003590449,-0.7163570398754034
2471,0.4310875884889403,-0.0503306671879513,-0.7662605957226729
2472,0.4281504430270847,-0.053346117952269,-0.8122040651056316
2473,0.4261971689514665,-0.0561324783219259,-0.854657108560376
2474,0.4232672578380392,-0.0587170384325898,-0.894035519150864
2475,0.4203301123761837,-0.061116432309458,-0.9305927332244606
2476,0.4183768383005654,-0.0633327129455073,-0.9643600302240568
2477,0.4154469271871381,-0.0653530724461952,-0.9951422688070262
2478,0.4134864187630917,-0.0671529588579188,-1.0225653749072303
2479,0.4115331446874735,-0.0687018002124715,-1.0461635533931768
2480,0.4105565076496644,-0.0699702454525,-1.0654896109560483
2481,0.4115331446874735,-0.0709378023051376,-1.0802313269082522
2482,0.4115331446874735,-0.0715999473205401,-1.0903197818756498
2483,0.4115331446874735,-0.0719740556865927,-1.0960197045754438
2484,0.4105565076496644,-0.072103648062092,-1.0979941766532078
2485,0.4095798706118552,-0.0720603562043607,-1.097334581025335
2486,0.407626596536237,-0.0719427331346232,-1.0955424735344217
2487,0.407626596536237,-0.0718708126090545,-1.0944466909391386
2488,0.407626596536237,-0.0719754367737429,-1.0960407468474491
2489,0.407626596536237,-0.0723819913708387,-1.1022350209855638
2490,0.4086032335740461,-0.0731892759213463,-1.114534824871758
2491,0.4095798706118552,-0.0744455475581138,-1.1336754051669122
2492,0.407626596536237,-0.0761249550526406,-1.1592628920260322
2493,0.4056660881121906,-0.0781082744110173,-1.189480786244851
2494,0.4046894510743815,-0.0801718504877877,-1.220921473462956
2495,0.4027361769987633,-0.0819879371932936,-1.248591407569835
2496,0.4017595399609542,-0.0831383752556662,-1.2661195053657095
2497,0.4017595399609542,-0.0831419427247594,-1.2661738593976168
2498,0.4027361769987633,-0.0814939178554616,-1.2410645188569265
2499,0.4046894510743815,-0.0777145709214261,-1.1834823118429356
2500,0.4086032335740461,-0.071401662483553,-1.0872987100528162
2501,0.4164235642249472,-0.0622808418044661,-0.948333700053092
2502,0.4271738059892756,-0.0502474178172072,-0.7649922066111042
2503,0.4428144672910778,-0.0353935633326848,-0.5386785765548718
2504,0.4623689110925446,-0.0180166577444757,-0.2739236883937013
2505,0.4848460316590105,0.0013930651884916,0.021803246316927
2506,0.5044004754604773,0.0221846195632942,0.3385837930750844
2507,0.523947684913516,0.0435946775628409,0.6647878736819562
2508,0.545455402790601,0.0648070491963794,0.9879800007820424
2509,0.5689163947433042,0.0850169389852836,1.2958982940391313
2510,0.5894402412341518,0.1034931779966534,1.5774026486702262
2511,0.6070414109600005,0.119631605233861,1.8232880554012896
2512,0.6207215638377562,0.1329934706934166,2.0268697102253603
2513,0.6285418944886573,0.1433244384047326,2.184272545104204
2514,0.6334323140261311,0.150552461179681,2.294398847609199
2515,0.6353855881017493,0.1547660460540289,2.3585971127435013
2516,0.6344089510639401,0.1561775400365267,2.380102663865902
2517,0.6304951685642756,0.1550783547022269,2.3633554536808847
2518,0.6265886204130391,0.1517940431302452,2.31331561554558
2519,0.6216982008755654,0.1466466522787765,2.2348898634872194
2520,0.6158383786487107,0.1399298760236692,2.132552923391787
2521,0.6109479591112369,0.1318995718581499,2.0102030452474957
2522,0.605080902535954,0.1227787567359359,1.8712381199124
2523,0.5992210803090994,0.112772981652839,1.7187899265534716
2524,0.590416878271961,0.1020897261747952,1.5560196280714502
2525,0.5786899994698235,0.0909547437828315,1.3863668091103278
2526,0.5640259752058304,0.0796193976108703,1.2136612435082397
2527,0.5483853139040282,0.0683557335171029,1.0420478275123644
2528,0.5337212896400352,0.0574396075230402,0.8757295090959737
2529,0.5210177738000886,0.0471255770318605,0.7185847300487731
2530,0.5102675320357603,0.0376195105442374,0.5737501070482869
2531,0.5034238384226682,0.0290554121260985,0.4432673287776763
2532,0.4975567818473854,0.021481792827869,0.3278755105912088
2533,0.4926663623099116,0.0148605314191904,0.2269938366451834
2534,0.4897364511964843,0.0090783027611578,0.138895682810562
2535,0.4848460316590105,0.0039680792371676,0.0610362129121561
2536,0.479962846469965,-0.0006635052401394,-0.0095307027031577
2537,0.4740957898946821,-0.0050077434460779,-0.0757196046638819
2538,0.4692053703572084,-0.0092287806905302,-0.1400314142611786
2539,0.4652988222059719,-0.0134451372199908,-0.20427190838934
2540,0.4604084026684982,-0.017719674887851,-0.2693988515294894
2541,0.4545485804416435,-0.0220584540379956,-0.3355045792047321
2542,0.4496581609041697,-0.0264176631887709,-0.4019215787865093
2543,0.4437911043288869,-0.0307167505283237,-0.4674225612255646
2544,0.4389079191398414,-0.0348551537979378,-0.5304753578958735
2545,0.4349941366401767,-0.0387297415321315,-0.5895086556847015
2546,0.4320642255267494,-0.0422503046181058,-0.6431480267085002
2547,0.4291270800648938,-0.0453511136039003,-0.6903920156958275
2548,0.4271738059892756,-0.0479975041521383,-0.7307124760949992
2549,0.4252205319136574,-0.0501874257289593,-0.7640781659302707
2550,0.4232672578380392,-0.0519486678400289,-0.790912486677077
2551,0.4213067494139927,-0.0533329348024487,-0.8120032063659345
2552,0.4193534753383746,-0.0544080525238556,-0.8283837219097558
2553,0.4174002012627563,-0.0552494363981087,-0.8412030637884182
2554,0.4164235642249472,-0.0559316742108603,-0.8515976530262704
2555,0.4154469271871381,-0.0565208390035123,-0.8605741798304973
2556,0.4154469271871381,-0.0570680453317558,-0.868911426614729
2557,0.4154469271871381,-0.0576047983321026,-0.8770894062818001
2558,0.414470290149329,-0.0581407597195781,-0.8852553249190093
2559,0.414470290149329,-0.0586645247496785,-0.8932354196063544
2560,0.4134864187630917,-0.0591477598763316,-0.9005979998576623
2561,0.4115331446874735,-0.0595525713387045,-0.906765715559566
2562,0.4095798706118552,-0.0598413350653567,-0.9111653255917852
2563,0.4086032335740461,-0.0599875781454327,-0.9133934881442788
2564,0.4095798706118552,-0.0599860775367128,-0.9133706248391986
2565,0.4095798706118552,-0.0598603058851628,-0.9114543653894978
2566,0.4095798706118552,-0.05966571156001,-0.908489522280286
2567,0.4095798706118552,-0.0594878975184998,-0.9057803439150962
2568,0.407626596536237,-0.0594353569849397,-0.9049798352735536
2569,0.407626596536237,-0.0596269449731144,-0.9078988737712154
2570,0.4066499594984279,-0.0601747589532584,-0.9162453787522036
2571,0.4056660881121906,-0.0611636538549225,-0.9313122016548314
2572,0.4037128140365724,-0.0626292408741137,-0.9536419153881972
2573,0.4027361769987633,-0.0645368305252978,-0.9827059902427756
2574,0.400782902923145,-0.066764246181779,-1.01664294064091
2575,0.3998062658853359,-0.069091627690736,-1.0521029728074192
2576,0.3978529918097178,-0.0712011424401386,-1.0842435825792416
2577,0.3958924833856713,-0.0726888113610081,-1.106909736617214
2578,0.3949158463478622,-0.0730893965015245,-1.1130130599930637
2579,0.3958924833856713,-0.071913575922723,-1.0950982336588844
2580,0.3968691204234804,-0.0686946774977673,-1.0460550315665866
2581,0.3998062658853359,-0.0630403529529585,-0.9599056274112464
2582,0.4056660881121906,-0.0546830645128137,-0.8325738101858288
2583,0.414470290149329,-0.0435224676277496,-0.662530728285101
2584,0.4271738059892756,-0.0296530309577713,-0.4512157081407701
2585,0.4437911043288869,-0.0133717311423779,-0.2031534918927953
2586,0.4652988222059719,0.0048366758827948,0.0742701691308189
2587,0.487783177120866,0.0243358613495152,0.3713601568314162
2588,0.5102675320357603,0.0443911125663595,0.6769223736488137
2589,0.5307913785266078,0.0642321651130906,0.9792210551571068
2590,0.5493619509418374,0.08311687876959,1.2669489378173429
2591,0.566963120667686,0.1003871660850176,1.530079387798602
2592,0.5816199105832508,0.1155102980074889,1.7604957343947034
2593,0.5923773866960075,0.1281014935697691,1.9523354469364396
2594,0.598237208922862,0.1379270410978292,2.102037689588833
2595,0.6001977173469085,0.1448905809786168,2.2081343253209598
2596,0.6011743543847177,0.1490080173561128,2.2708676699950754
2597,0.6021509914225267,0.1503781660742852,2.2917432838264613
2598,0.6021509914225267,0.1491561833722022,2.273125130439912
2599,0.6021509914225267,0.1455349963878925,2.2179526516475923
2600,0.5992210803090994,0.1397368916988975,2.129612610281238
2601,0.5943306607716257,0.1320140385928576,2.0119470627534817
2602,0.5865103301207246,0.1226540109628966,1.869337490768624
2603,0.5757600883563961,0.1119850350634231,1.70678475623711
2604,0.5620727011302122,0.1003759934412769,1.529909161170563
2605,0.545455402790601,0.0882279597400877,1.3448214717882354
2606,0.5298147414887988,0.075956642767094,1.157855435960791
2607,0.5180806283382331,0.0639677639187936,0.97519263316503
2608,0.5063537495360956,0.0526292861685229,0.8024393547719106
2609,0.4956035077717671,0.0422451082425243,0.6442258079762755
2610,0.4868065400830569,0.0330343885159354,0.5038910942541958
2611,0.4789862094321558,0.0251194549188506,0.3832990044449969
2612,0.473119152856873,0.0185237043931519,0.2828060148326666
2613,0.4692053703572084,0.0131793021321328,0.2013785929178856
2614,0.4652988222059719,0.0089430876996429,0.1368355433739195
2615,0.4613850397063073,0.0056180866170557,0.0861757590246583
2616,0.4584551285928799,0.0029775594512512,0.0459446332399004
2617,0.4555252174794526,0.0007886129958838,0.0125938003749959
2618,0.4535647090554062,-0.0011670836309603,-0.0172032333424814
2619,0.4506347979419788,-0.0030771956661404,-0.0463057392910986
2620,0.4486815238663607,-0.0050881605315327,-0.076944841018983
2621,0.4467282497907424,-0.0073003579398313,-0.1106499258772411
2622,0.4428144672910778,-0.0097685676174463,-0.1482556188953745
2623,0.4398845561776505,-0.0125067536190077,-0.1899746766946973
2624,0.4359707736779858,-0.0154958337649411,-0.2355163627977944
2625,0.4320642255267494,-0.0186928971701235,-0.2842268860832279
2626,0.4291270800648938,-0.0220403914988013,-0.3352293779889564
2627,0.4271738059892756,-0.025474143797616,-0.3875460980880004
2628,0.4252205319136574,-0.0289296350626383,-0.4401940335198213
2629,0.4213067494139927,-0.0323465285568016,-0.4922538925271504
2630,0.4154469271871381,-0.0356718041602301,-0.542917859481552
2631,0.4115331446874735,-0.0388618322240488,-0.5915211921623944
2632,0.4086032335740461,-0.0418834435574129,-0.6375585241010658
2633,0.4066499594984279,-0.0447138182906358,-0.680682171297325
2634,0.4037128140365724,-0.0473390512746294,-0.720680274615896
2635,0.400782902923145,-0.0497515303895841,-0.7574368556440155
2636,0.3988296288475269,-0.0519466029246029,-0.7908810255835067
2637,0.3978529918097178,-0.053919263773418,-0.8209365265331316
2638,0.3968691204234804,-0.0556617407568198,-0.8474849414118422
2639,0.3949158463478622,-0.0571628507388546,-0.8703558837320277
2640,0.392962572272244,-0.058409783794835,-0.8893541812197325
2641,0.3919859352344348,-0.0593925005168565,-0.9043268732512446
2642,0.3900326611588167,-0.0601102806421393,-0.9152629858881518
2643,0.3890487897725793,-0.0605793186690001,-0.922409258837297
2644,0.3890487897725793,-0.0608398024710089,-0.9263779953605265
2645,0.3890487897725793,-0.0609607460256601,-0.9282206938273478
2646,0.3890487897725793,-0.0610409998125478,-0.929443442162148
2647,0.3880721527347702,-0.0612052649745017,-0.9319461895219192
2648,0.3870955156969611,-0.0615944828736764,-0.9378763213767096
2649,0.386118878659152,-0.0623505972453113,-0.9493964953733436
2650,0.3841656045835338,-0.0635964034594341,-0.96837762427551
2651,0.3841656045835338,-0.0654120387034197,-0.9960406799054524
2652,0.3831889675457247,-0.0678105924325464,-1.0325850934709144
2653,0.3812284591216783,-0.070716173938633,-1.076854592593307
2654,0.3782985480082509,-0.0739483055771791,-1.1260994161979248
2655,0.3763452739326327,-0.0772164597017629,-1.1758930791349418
2656,0.3743919998570145,-0.0801278017876533,-1.2202503465687844
2657,0.3724314914329681,-0.0822097817693715,-1.2519714360582512
2658,0.3704782173573498,-0.0829472595916644,-1.263207663208785
2659,0.3695015803195408,-0.0818315444719929,-1.2462086048765126
2660,0.3695015803195408,-0.0784163699437786,-1.1941749360694625
2661,0.3734081284707772,-0.072373870668842,-1.102111293804219
2662,0.3802518220838691,-0.0635425987425076,-0.967557854510398
2663,0.3919859352344348,-0.0519599455830459,-0.7910843145998345
2664,0.407626596536237,-0.0378731752877388,-0.5764579949047579
2665,0.4271738059892756,-0.021726410004657,-0.3304455495365963
2666,0.4486815238663607,-0.0041247665657199,-0.0622665508953959
2667,0.4701892417434457,0.0142193806613236,0.2172252506140402
2668,0.4897364511964843,0.0325501895485178,0.4965138289053302
2669,0.5053771124982864,0.0501330946651482,0.7644073300854634
2670,0.5219944108378977,0.0663119125448333,1.0109081294695863
2671,0.5356817980640817,0.0805517120885466,1.2278660059163242
2672,0.545455402790601,0.0924637329843409,1.4093577993792237
2673,0.553275733441502,0.1018117521695409,1.551784410454641
2674,0.5581589186305476,0.108502152497478,1.6537194863854414
2675,0.5610960640924031,0.11256214957572,1.7155776847239306
2676,0.5620727011302122,0.1141118735414615,1.7391893106919614
2677,0.5610960640924031,0.1133361188975591,1.7273698971062508
2678,0.5591427900167849,0.1104606071536706,1.6835585414943572
2679,0.5571822815927384,0.1057357812946956,1.611570998285126
2680,0.553275733441502,0.0994288428153979,1.5154783549056934
2681,0.5474086768662192,0.091822439185057,1.3995870339661305
2682,0.5415416202909363,0.0832166395567065,1.268468895205718
2683,0.5327446526022261,0.0739300276316487,1.1269778863989963
2684,0.5219944108378977,0.0642960942262403,0.9801950804296892
2685,0.5102675320357603,0.054652552692067,0.833265884814442
2686,0.4985334188851945,0.0453233748453583,0.6911263407567827
2687,0.487783177120866,0.0365956722710992,0.5581508862247728
2688,0.479962846469965,0.0286953759391691,0.4377818100861811
2689,0.4721425158190639,0.0217665012083611,0.332213333286573
2690,0.4672520962815901,0.0158584480301779,0.2421981144951731
2691,0.4633455481303537,0.0109244226753106,0.167023203497288
2692,0.4613850397063073,0.0068320317157074,0.1046714513213013
2693,0.4604084026684982,0.0033848320431883,0.0521498467620698
2694,0.459431765630689,0.0003515814763862,0.0059351792252093
2695,0.4565018545172618,-0.0025014530093413,-0.0375337124226387
2696,0.4545485804416435,-0.0053802106756707,-0.0813945229750831
2697,0.4506347979419788,-0.0084390783233988,-0.1279994928797128
2698,0.4457443784045051,-0.0117667530361633,-0.1787000127129175
2699,0.4418378302532686,-0.0153829536132959,-0.2337965185037264
2700,0.4369474107157949,-0.0192453003126026,-0.2926433116352071
2701,0.4330408625645585,-0.0232641103676044,-0.3538739836470844
2702,0.4281504430270847,-0.0273218641316735,-0.4156980028050549
2703,0.4242438948758483,-0.0312937648868039,-0.47621396376679
2704,0.4213067494139927,-0.0350661056304244,-0.533689424320639
2705,0.4193534753383746,-0.0385499639261927,-0.5867695604118063
2706,0.4174002012627563,-0.0416889014333729,-0.6345944763290738
2707,0.4164235642249472,-0.044460596244557,-0.6768240750356391
2708,0.414470290149329,-0.0468733898443778,-0.7135854475615965
2709,0.4115331446874735,-0.0489593481872242,-0.7453671514424011
2710,0.4086032335740461,-0.0507655312718259,-0.7728861937790755
2711,0.4066499594984279,-0.0523448497175008,-0.7969487218473209
2712,0.4056660881121906,-0.0537474307746124,-0.8183184754566475
2713,0.4056660881121906,-0.0550131013121312,-0.8376022575954565
2714,0.4056660881121906,-0.0561655416916074,-0.8551608627355841
2715,0.4056660881121906,-0.0572087729528182,-0.8710555555211347
2716,0.4046894510743815,-0.0581266866958895,-0.8850409080428946
2717,0.4037128140365724,-0.0588861227708273,-0.8966116915788392
2718,0.4027361769987633,-0.0594435027350991,-0.9051039440892166
2719,0.4027361769987633,-0.0597543566615582,-0.9098401208564992
2720,0.4017595399609542,-0.0597844384861499,-0.9102984481498732
2721,0.4017595399609542,-0.059520688942522,-0.9062799547206896
2722,0.4027361769987633,-0.0589801817248426,-0.8980447757217246
2723,0.4046894510743815,-0.0582154201909265,-0.8863928533841072
2724,0.4066499594984279,-0.0573149092467465,-0.8726726502614028
2725,0.4095798706118552,-0.0563986745893518,-0.8587128803232775
2726,0.4105565076496644,-0.0556091107298418,-0.8466830692467581
2727,0.4095798706118552,-0.0550979805887368,-0.8388954799859933
2728,0.4086032335740461,-0.0550104571184606,-0.8375619706067299
2729,0.4056660881121906,-0.055466900859902,-0.8445163567662072
2730,0.4046894510743815,-0.0565429140332654,-0.8609105154343117
2731,0.4046894510743815,-0.0582484478021659,-0.8868960627429616
2732,0.4046894510743815,-0.0605075287074363,-0.9213154655178571
2733,0.4056660881121906,-0.0631413486342208,-0.9614443996720284
2734,0.4056660881121906,-0.065858560384304,-1.0028438933477974
2735,0.4046894510743815,-0.0682570521189928,-1.039387362364738
2736,0.4027361769987633,-0.0698407861166237,-1.0635171658726956
2737,0.400782902923145,-0.0700533543556199,-1.0667558599000282
2738,0.3998062658853359,-0.0683270033568622,-1.0404531408524462
2739,0.400782902923145,-0.064142633515906,-0.9766999965631062
2740,0.4056660881121906,-0.057093464911716,-0.8692987198537526
2741,0.4154469271871381,-0.0469433997767093,-0.714652120319327
2742,0.4291270800648938,-0.0336710557537153,-0.5124344159296176
2743,0.4457443784045051,-0.0174920569295758,-0.2659308596720948
2744,0.4643221851681628,0.0011448712054064,0.0180217577256219
2745,0.4887598141586752,0.0215887020322848,0.3295043814114377
2746,0.5131974431491875,0.0430405441363009,0.6563450854867144
2747,0.538611709177509,0.0646248705898713,0.9852043238154752
2748,0.5610960640924031,0.0854680881479077,1.3027720118876989
2749,0.5806432735454417,0.1047739044516428,1.5969158230748708
2750,0.597260571885053,0.1218856628364641,1.8576309230342327
2751,0.6099713220734279,0.136328179500187,2.077677401658387
2752,0.6207215638377562,0.1478251105330604,2.252844877498877
2753,0.6265886204130391,0.1562917907622693,2.381843390254888
2754,0.6295185315264664,0.1618071422465811,2.4658753980244037
2755,0.6314790399505128,0.1645710991604705,2.507987101969876
2756,0.6314790399505128,0.1648556428601409,2.51232241558488
2757,0.6295185315264664,0.162957780251831,2.483406542154037
2758,0.6256119833752299,0.1591616789035433,2.425569064542584
2759,0.6216982008755654,0.1537149837643244,2.342583106248009
2760,0.6158383786487107,0.1468214937928007,2.2375537523629707
2761,0.6109479591112369,0.1386493031788816,2.113042089395312
2762,0.604104265498145,0.1293506533502592,1.971367670844216
2763,0.5962839348472438,0.1190875607948993,1.8149989832266815
2764,0.5865103301207246,0.1080562107612457,1.64692510899165
2765,0.5747834513185871,0.0965034193781692,1.4709065437154951
2766,0.5610960640924031,0.0847301822301561,1.29152926226602
2767,0.54643203982841,0.0730801402324095,1.11402898464011
2768,0.5327446526022261,0.0619141141327834,0.9439031831155188
2769,0.5210177738000886,0.0515749428476257,0.7863753584182086
2770,0.5102675320357603,0.0423490145604037,0.6458089267559542
2771,0.5014633299986218,0.0344316670769466,0.5251800589247259
2772,0.4956035077717671,0.0279029649774464,0.4257086205022466
2773,0.4926663623099116,0.02271843339458,0.3467169915023611
2774,0.4916897252721025,0.0187165389987802,0.2857440468192918
2775,0.4907130882342934,0.015641615880984,0.2388944554450525
2776,0.4907130882342934,0.0131781949278311,0.2013617235305496
2777,0.4887598141586752,0.010990907455682,0.1680361669678148
2778,0.4858226686968196,0.0087636471736656,0.1341015838581967
2779,0.4809394835077741,0.0062324914598732,0.0955368437482931
2780,0.4760490639703003,0.0032086717846287,0.0494658654676651
2781,0.4711658787812548,-0.0004099177174904,-0.00566703803299
2782,0.4672520962815901,-0.0046381806999907,-0.0700889391226453
2783,0.4623689110925446,-0.009412380104639,-0.1428287386813455
2784,0.4584551285928799,-0.0146053141088402,-0.2219483871441604
2785,0.4535647090554062,-0.0200456074858393,-0.3048368080589108
2786,0.4486815238663607,-0.0255389276694548,-0.3885331464814133
2787,0.4428144672910778,-0.0308892912773448,-0.4700513955987755
2788,0.437924047753604,-0.0359188638493186,-0.5466820659463751
2789,0.4320642255267494,-0.0404847453161041,-0.6162479291525493
2790,0.4271738059892756,-0.0444912675736016,-0.6772913840308878
2791,0.4222906208002301,-0.0478964614326753,-0.7291729871592316
2792,0.4193534753383746,-0.0507117373932914,-0.7720665891479253
2793,0.4193534753383746,-0.05299458113927,-0.806848043048791
2794,0.4193534753383746,-0.0548351754076775,-0.834891374884177
2795,0.4193534753383746,-0.0563391003345117,-0.8578052057607721
2796,0.4183768383005654,-0.0576092288340788,-0.877156909500325
2797,0.4164235642249472,-0.0587302267707604,-0.8942364569403723
2798,0.414470290149329,-0.0597585322286603,-0.9099037398820796
2799,0.4125097817252826,-0.0607194821102173,-0.9245447918880676
2800,0.4105565076496644,-0.0616117421424225,-0.9381392839475436
2801,0.4095798706118552,-0.0624177675210528,-0.9504199030653184
2802,0.407626596536237,-0.0631179571256271,-0.9610880061697324
2803,0.407626596536237,-0.0637055981724645,-0.9700413171516324
2804,0.4066499594984279,-0.0641996432524863,-0.9775685980730698
2805,0.4056660881121906,-0.0646527523256103,-0.9844721771580108
2806,0.4056660881121906,-0.065152759818591,-0.9920903015249684
2807,0.4056660881121906,-0.0658166721507525,-1.0022056833665725
2808,0.4046894510743815,-0.0667773456212662,-1.016842523968264
2809,0.4027361769987633,-0.0681640059499345,-1.0379697090341262
2810,0.400782902923145,-0.0700786142158962,-1.0671407196466884
2811,0.3978529918097178,-0.0725706848890536,-1.1051099592798492
2812,0.3949158463478622,-0.0756135327488032,-1.1514708513679146
2813,0.392962572272244,-0.0790851093847352,-1.204363863839178
2814,0.3900326611588167,-0.0827565803951257,-1.2603024710790358
2815,0.3870955156969611,-0.0862915023022608,-1.314160613395068
2816,0.3841656045835338,-0.0892577456609651,-1.359354357741901
2817,0.3822123305079156,-0.0911530865907075,-1.3882318108266278
2818,0.3802518220838691,-0.0914437002289307,-1.3926596061492946
2819,0.3812284591216783,-0.0896128365638692,-1.3647645299850657
2820,0.3831889675457247,-0.0852150461507094,-1.2977597055022512
2821,0.3880721527347702,-0.0779297999393386,-1.1867615455521368
2822,0.3968691204234804,-0.0676075537367884,-1.029491591758833
2823,0.4095798706118552,-0.0543015161765451,-0.8267605319479924
2824,0.4252205319136574,-0.0382797225522247,-0.5826521573230787
2825,0.444767741366696,-0.0200144134729204,-0.3043615354414866
2826,0.4672520962815901,-0.0001488473058645,-0.0016893639136631
2827,0.4907130882342934,0.0205549661726378,0.3137543607578905
2828,0.5131974431491875,0.0412811447010253,0.6295388397859097
2829,0.5337212896400352,0.0612289628570797,0.933464204296672
2830,0.553275733441502,0.0796769916806302,1.2145387479304524
2831,0.5689163947433042,0.0960342704260886,1.4637585807074378
2832,0.5796666365076326,0.1098727306830295,1.6746016435905795
2833,0.5884636041963428,0.1209382910473215,1.843196747121366
2834,0.5943306607716257,0.1291415459507747,1.968181706238311
2835,0.597260571885053,0.1345321164054754,2.050312547694202
2836,0.5992210803090994,0.1372629241758536,2.091919190612646
2837,0.5992210803090994,0.1375515509960702,2.0963167147356185
2838,0.5962839348472438,0.1356454085257234,2.0672746891578107
2839,0.5933540237338165,0.1317958778714225,2.0086231615495813
2840,0.590416878271961,0.1262442356546716,1.9240382274400212
2841,0.5845570560451063,0.1192194959906483,1.8170091505615813
2842,0.5777133624320144,0.1109457435042342,1.6909500888319646
2843,0.5708696688189224,0.1016546023636188,1.549390072804577
2844,0.5610960640924031,0.0915975665220093,1.3961608694828465
2845,0.5493619509418374,0.0810531864305837,1.2355064792254398
2846,0.5366584351018908,0.0703255174777348,1.07205949613492
2847,0.5229710478757068,0.0597324939262539,0.910663973127419
2848,0.5102675320357603,0.0495854710861287,0.7560637260598936
2849,0.4995100559230035,0.0401634308323727,0.6125093284733719
2850,0.4907130882342934,0.0316867152685905,0.4833579171550057
2851,0.4838693946212014,0.0242953574957023,0.3707430392881405
2852,0.4770257010081094,0.0180361764951778,0.2753780298299072
2853,0.473119152856873,0.0128611222161541,0.1965307972247772
2854,0.4701892417434457,0.0086373225034837,0.1321768986053345
2855,0.4682287333193992,0.0051672859931967,0.0793073515198284
2856,0.4652988222059719,0.0022160861961951,0.0343428111860995
2857,0.4623689110925446,-0.0004586336720062,-0.0064092753101636
2858,0.459431765630689,-0.0030781872243948,-0.0463208466928978
2859,0.4565018545172618,-0.0058196984388324,-0.0880905675034617
2860,0.4525880720175971,-0.0088009803701952,-0.1335134398502191
2861,0.4477048868285516,-0.0120747519296144,-0.1833926901390261
2862,0.4437911043288869,-0.015632061293047,-0.2375919281960793
2863,0.4398845561776505,-0.0194134884175897,-0.2952058290350894
2864,0.4349941366401767,-0.0233257259194844,-0.3548127594529475
2865,0.4291270800648938,-0.0272605784253548,-0.4147642525328951
2866,0.4252205319136574,-0.0311132855759771,-0.4734641773039011
2867,0.4213067494139927,-0.0347973661680967,-0.5295949043883134
2868,0.4183768383005654,-0.0382539138912225,-0.5822589360373589
2869,0.4164235642249472,-0.0414543849470197,-0.6310213783571011
2870,0.414470290149329,-0.0443971998139518,-0.6758581657251757
2871,0.4115331446874735,-0.0470996407293926,-0.7170326106628971
2872,0.4095798706118552,-0.0495872904609601,-0.7549344927397738
2873,0.4066499594984279,-0.0518834753470455,-0.7899192125235661
2874,0.4037128140365724,-0.0540008579399507,-0.822179696919557
2875,0.400782902923145,-0.0559366131882679,-0.8516729033868448
2876,0.3978529918097178,-0.0576717238591801,-0.8781090849781357
2877,0.3958924833856713,-0.0591740693562703,-0.9009988516309192
2878,0.3949158463478622,-0.0604043506525716,-0.9197434425683324
2879,0.3939392093100531,-0.0613235980647957,-0.9337491149005211
2880,0.392962572272244,-0.0619010297544768,-0.94254687590844
2881,0.3939392093100531,-0.0621212525921163,-0.9459021955569132
2882,0.3939392093100531,-0.0619900857735357,-0.9439037352322324
2883,0.392962572272244,-0.0615385321439383,-0.9370238549166052
2884,0.392962572272244,-0.0608245603786265,-0.9261457665299352
2885,0.3949158463478622,-0.0599324102191727,-0.912552948493942
2886,0.3958924833856713,-0.058969190981303,-0.8978773205288617
2887,0.3968691204234804,-0.0580586871666722,-0.8840048658280394
2888,0.3968691204234804,-0.0573324715628977,-0.8729402300686854
2889,0.3958924833856713,-0.0569185531460037,-0.866633760621848
2890,0.3939392093100531,-0.0569278364624377,-0.8667752014204857
2891,0.3939392093100531,-0.057438760804539,-0.8745596551234301
2892,0.392962572272244,-0.0584807983246385,-0.8904361600450477
2893,0.392962572272244,-0.060018108644116,-0.9138586514452688
2894,0.392962572272244,-0.0619354624644132,-0.9430714933797166
2895,0.3919859352344348,-0.0640292597787365,-0.974972631989917
2896,0.3910092981966258,-0.0660067197772383,-1.0051012528821073
2897,0.3880721527347702,-0.0674958396928196,-1.02778951430512
2898,0.3870955156969611,-0.0680674450014045,-1.0364985044517554
2899,0.386118878659152,-0.0672687735062756,-1.024329929253082
2900,0.3880721527347702,-0.0646659368988755,-0.9846730575853436
2901,0.3900326611588167,-0.0598907253183233,-0.9119178364939158
2902,0.3949158463478622,-0.0526859324455524,-0.8021454652525611
2903,0.4046894510743815,-0.0429429490738401,-0.6537011717712105
2904,0.4183768383005654,-0.0307259734371559,-0.4675630816527485
2905,0.4330408625645585,-0.0162788177174307,-0.2474459222766717
2906,0.4477048868285516,-1.2686257001666258e-05,0.0003851886055177
2907,0.4682287333193992,0.0175239957648854,0.2675744337708435
2908,0.4897364511964843,0.0356900421881935,0.5443526877999748
2909,0.5102675320357603,0.0538044528327385,0.8203442180501143
2910,0.5288381044509897,0.0712006962771435,1.0853937381829228
2911,0.5444787657527919,0.0872750221542836,1.3303024952838496
2912,0.5571822815927384,0.1015227580626779,1.5473812903448287
2913,0.5659792492814486,0.1135590342545203,1.7307662400340569
2914,0.5728229428945406,0.1231235197290763,1.8764909359116384
2915,0.5777133624320144,0.1300717916609129,1.9823549488619665
2916,0.5806432735454417,0.1343581878543038,2.047662568739105
2917,0.5816199105832508,0.1360159366967536,2.072920063933181
2918,0.5816199105832508,0.1351398900963848,2.05957260005204
2919,0.5806432735454417,0.1318754984028964,2.009836261591974
2920,0.5786899994698235,0.1264152023675842,1.9266430797669607
2921,0.5737995799323498,0.119000780320952,1.8136767941546483
2922,0.5659792492814486,0.109928053088348,1.6754445368870043
2923,0.5562056445549294,0.099549290557014,1.5173134991549937
2924,0.5444787657527919,0.0882689630005517,1.3454461983014392
2925,0.5298147414887988,0.0765300302911529,1.166591579978759
2926,0.5151507172248058,0.0647903303329791,0.9877252718380852
2927,0.5034238384226682,0.0534911897341161,0.8155713350865865
2928,0.4916897252721025,0.0430224732819833,0.6560697575815505
2929,0.4819161205455832,0.0336894158090268,0.5138711034592063
2930,0.4740957898946821,0.0256865673681377,0.391939541295683
2931,0.4682287333193992,0.0190831629166092,0.2913299363132123
2932,0.4633455481303537,0.0138224896508157,0.2111782110783881
2933,0.4604084026684982,0.0097357023971391,0.1489118370802568
2934,0.4584551285928799,0.00656836555648,0.1006542283385453
2935,0.4584551285928799,0.0040160863882585,0.061767650845883
2936,0.4574784915550708,0.0017642177868856,0.027458134880355
2937,0.4565018545172618,-0.0004740113992386,-0.0066435706760974
2938,0.4525880720175971,-0.0029262567716114,-0.0440060312137691
2939,0.4486815238663607,-0.0057407437310391,-0.0868876119642547
2940,0.4437911043288869,-0.0089788996370166,-0.1362242214303975
2941,0.4389079191398414,-0.0126206680854933,-0.1917102798307815
2942,0.4340174996023676,-0.016580200316868,-0.2520377937121641
2943,0.4291270800648938,-0.0207282302560335,-0.3152372625162145
2944,0.4261971689514665,-0.0249168999913948,-0.3790559200844607
2945,0.4232672578380392,-0.0290030992644613,-0.4413133355980174
2946,0.4203301123761837,-0.0328673227972149,-0.5001887242021965
2947,0.4174002012627563,-0.0364263095080683,-0.5544135183587834
2948,0.414470290149329,-0.039638961885076,-0.603361555537079
2949,0.4125097817252826,-0.04250601288097,-0.6470440030198659
2950,0.4095798706118552,-0.0450645288604105,-0.6860256046955385
2951,0.4066499594984279,-0.0473786352465311,-0.7212833768196002
2952,0.4046894510743815,-0.0495279017166335,-0.7540296446192378
2953,0.4027361769987633,-0.0515947350639039,-0.785519959677153
2954,0.400782902923145,-0.0536520177603661,-0.8168647608244497
2955,0.3998062658853359,-0.0557521653408977,-0.8488626522201927
2956,0.3978529918097178,-0.0579187375562988,-0.8818725907083683
2957,0.3958924833856713,-0.0601416510468476,-0.9157409460144792
2958,0.3939392093100531,-0.0623768265046007,-0.9497961249031504
2959,0.3919859352344348,-0.0645507270065499,-0.982917717314725
2960,0.3910092981966258,-0.0665697334198901,-1.0136793402312516
2961,0.3890487897725793,-0.06833371409461,-1.0405553857897212
2962,0.3880721527347702,-0.0697525221206117,-1.0621723738282092
2963,0.386118878659152,-0.070763523760278,-1.0775760154421818
2964,0.3851422416213429,-0.0713476852556331,-1.0864763119066885
2965,0.3831889675457247,-0.0715413413778775,-1.0894268605372417
2966,0.3822123305079156,-0.0714407059605493,-1.0878935772651117
2967,0.3831889675457247,-0.0711966362966399,-1.084174926884936
2968,0.3841656045835338,-0.0709982408252156,-1.0811521694335595
2969,0.3841656045835338,-0.0710455813524109,-1.0818734506720094
2970,0.3851422416213429,-0.0715137319194813,-1.0890062022656768
2971,0.3870955156969611,-0.072512464867318,-1.1042229178405605
2972,0.3890487897725793,-0.0740474848170199,-1.1276105131201395
2973,0.3890487897725793,-0.0759900767949478,-1.1572078841392968
2974,0.3880721527347702,-0.0780619187932777,-1.1887745111069683
2975,0.386118878659152,-0.0798403706999548,-1.2158710406508595
2976,0.3831889675457247,-0.0807868148175729,-1.2302910825414484
2977,0.3822123305079156,-0.0802969763963861,-1.222827894359868
2978,0.3812284591216783,-0.0777682516466669,-1.1843001924681935
2979,0.3841656045835338,-0.0726756615956933,-1.106709386524524
2980,0.3890487897725793,-0.0646458086847302,-0.9843663837038596
2981,0.3988296288475269,-0.0535176350237309,-0.81481730270666
2982,0.414470290149329,-0.0393801110316621,-0.5994176986519658
2983,0.4340174996023676,-0.0225801475188326,-0.3434531117252248
2984,0.4574784915550708,-0.0036985694416498,-0.0557730028154457
2985,0.4809394835077741,0.016502907739794,0.2520171157826961
2986,0.5044004754604773,0.0371561205035885,0.5666898869323276
2987,0.5268848303753715,0.0573714903300922,0.8746916741541163
2988,0.5474086768662192,0.0763215193989454,1.1634147037698992
2989,0.5640259752058304,0.0933113891314858,1.422272705735667
2990,0.5767367253942053,0.1078278905366202,1.6434464173898105
2991,0.5855336930829155,0.1195618133435513,1.8222247047362528
2992,0.5923773866960075,0.128403413822795,1.95693551007298
2993,0.5962839348472438,0.1344148436777303,2.0485257780210344
2994,0.597260571885053,0.1377866971390228,2.0998994061683898
2995,0.598237208922862,0.1387876107241936,2.1151493459781965
2996,0.598237208922862,0.1377159380878771,2.098821319821118
2997,0.597260571885053,0.1348610325873369,2.055323921353401
2998,0.5943306607716257,0.1304789937972927,1.988559088921827
2999,0.590416878271961,0.1247844716067753,1.9017972326161372
3000,0.5865103301207246,0.1179569168227835,1.7977724685939078
3001,0.5816199105832508,0.1101570473158497,1.6789334976104202
3002,0.5747834513185871,0.1015476383883635,1.54776036749472
3003,0.5659792492814486,0.0923123045926167,1.407050633312639
3004,0.5542523704793112,0.0826668272331155,1.2600919434231903
3005,0.5425254916771737,0.0728596407562451,1.1106694501214258
3006,0.5307913785266078,0.0631608411006771,0.9628983406409288
3007,0.5200411367622795,0.0538418257001309,0.8209136318203918
3008,0.5102675320357603,0.0451497508832869,0.6884810025274317
3009,0.5034238384226682,0.0372819728335444,0.5686073755998672
3010,0.4975567818473854,0.030365421819136,0.4632266631948196
3011,0.4926663623099116,0.0244446366033682,0.3730174588189517
3012,0.4887598141586752,0.0194803475883497,0.2973814500773972
3013,0.487783177120866,0.0153584992195286,0.2345808842134145
3014,0.4848460316590105,0.0119078413452132,0.1820065904210414
3015,0.4819161205455832,0.0089229909984419,0.1365293496242977
3016,0.4789862094321558,0.0061893521755225,0.0948795727315609
3017,0.4760490639703003,0.0035064887991762,0.0540034115790118
3018,0.473119152856873,0.0007072803875537,0.0113546150946832
3019,0.4701892417434457,-0.0023288405160048,-0.0349037849515741
3020,0.4672520962815901,-0.005669303780135,-0.085799151414369
3021,0.4633455481303537,-0.0093283648775702,-0.1415486809671844
3022,0.459431765630689,-0.0132728329731653,-0.2016466773684077
3023,0.4555252174794526,-0.0174322677751247,-0.2650199108947306
3024,0.451611434979788,-0.0217120093818584,-0.3302261413537561
3025,0.4467282497907424,-0.0260072546348781,-0.3956685856839856
3026,0.4428144672910778,-0.0302164324462413,-0.4597997047167154
3027,0.4389079191398414,-0.0342523492283572,-0.5212910151720087
3028,0.4359707736779858,-0.0380499677179828,-0.5791516079798472
3029,0.4330408625645585,-0.0415702248134169,-0.632786316925531
3030,0.4310875884889403,-0.04479990873688,-0.6819938470931924
3031,0.4281504430270847,-0.0477481739474375,-0.7269136760079715
3032,0.4252205319136574,-0.0504406439928565,-0.7679362045665603
3033,0.4222906208002301,-0.0529121716833553,-0.8055924508967036
3034,0.4203301123761837,-0.0551992323616957,-0.8404381540650909
3035,0.4183768383005654,-0.0573327443316459,-0.8729443859788997
3036,0.4164235642249472,-0.0593319633920622,-0.9034045283824672
3037,0.414470290149329,-0.0612000315380938,-0.931866452778007
3038,0.414470290149329,-0.0629217477846922,-0.958098556647106
3039,0.4134864187630917,-0.0644641204379115,-0.9815981778675268
3040,0.4134864187630917,-0.065780183194184,-1.0016497368796464
3041,0.4125097817252826,-0.0668163065359311,-1.0174361332591932
3042,0.4105565076496644,-0.0675227163161057,-1.0281990070859917
3043,0.4095798706118552,-0.0678661527092204,-1.0334316109801658
3044,0.4086032335740461,-0.0678427316427754,-1.0330747671338445
3045,0.4086032335740461,-0.0674883840906665,-1.027675920598565
3046,0.4086032335740461,-0.0668840075517948,-1.0184676273185012
3047,0.4086032335740461,-0.0661528057444234,-1.007327021659389
3048,0.4086032335740461,-0.0654482158932134,-0.9965918763074352
3049,0.4105565076496644,-0.0649322443126979,-0.9887305227770106
3050,0.4125097817252826,-0.0647458163624935,-0.985890102723168
3051,0.4154469271871381,-0.0649746718264269,-0.9893769492420252
3052,0.4164235642249472,-0.0656160339491011,-0.9991487556316874
3053,0.4174002012627563,-0.066552285863051,-1.0134135088991898
3054,0.4174002012627563,-0.0675378042457302,-1.0284288870896576
3055,0.4164235642249472,-0.0682037589355539,-1.0385753863342824
3056,0.4154469271871381,-0.0680832065109521,-1.0367386471328754
3057,0.414470290149329,-0.0666555473269293,-1.014986802670148
3058,0.414470290149329,-0.0634059173021326,-0.965475373295518
3059,0.4174002012627563,-0.0578919876675732,-0.8814650288578467
3060,0.4232672578380392,-0.0498085863945083,-0.7583061620994112
3061,0.4320642255267494,-0.0390400372377289,-0.5942363273875433
3062,0.4457443784045051,-0.0256913788585683,-0.3908558959098944
3063,0.4643221851681628,-0.0100925941235652,-0.1531924933551733
3064,0.4858226686968196,0.0072257702719093,0.1106704599988134
3065,0.5083070236117138,0.0255824213226255,0.3903527700208986
3066,0.5307913785266078,0.0442130399600026,0.6742092557843431
3067,0.5513224593658839,0.0623454119938211,0.9504744461280008
3068,0.566963120667686,0.079270603329071,1.208347006712726
3069,0.5777133624320144,0.0944001972236996,1.4388618080484887
3070,0.5884636041963428,0.1073028533651084,1.63544694032996
3071,0.597260571885053,0.1177176550426627,1.794127071229252
3072,0.604104265498145,0.1255458013117845,1.9133968675384936
3073,0.6080180479978096,0.1308253397259198,1.9938360225584444
3074,0.6099713220734279,0.1336954691687939,2.037565373322244
3075,0.6109479591112369,0.13435749564714,2.0476520222566306
3076,0.6099713220734279,0.133038969412912,2.027562929644107
3077,0.6070414109600005,0.1299660946177624,1.980744546555513
3078,0.6031276284603359,0.1253474718745694,1.9103751161856768
3079,0.598237208922862,0.1193699414345197,1.8193013404146217
3080,0.5933540237338165,0.1122050557239403,1.710136995510822
3081,0.5865103301207246,0.1040228102485793,1.5854721364690398
3082,0.5786899994698235,0.0950079817055037,1.4481220248166182
3083,0.5698930317811133,0.0853740122601893,1.3013386697425675
3084,0.5591427900167849,0.0753699699038295,1.1489168762435662
3085,0.5474086768662192,0.0652776398857984,0.9951499301296104
3086,0.5356817980640817,0.055397987048335,0.8446233378789936
3087,0.5229710478757068,0.0460286324478707,0.7018716599812068
3088,0.5131974431491875,0.0374360822605216,0.5709553899742801
3089,0.5053771124982864,0.0298277407441937,0.4550345433642717
3090,0.4995100559230035,0.0233289221719284,0.3560184109725916
3091,0.494626870733958,0.0179691395466791,0.2743566535145244
3092,0.4907130882342934,0.0136801851259435,0.2090100564333556
3093,0.4897364511964843,0.010306383495784,0.1576067459453855
3094,0.4887598141586752,0.0076253298364228,0.1167581576777533
3095,0.4868065400830569,0.0053757811787655,0.0824839884220204
3096,0.4848460316590105,0.0032884331002073,0.0506811104995498
3097,0.4809394835077741,0.0011152510267745,0.0175704640795125
3098,0.4770257010081094,-0.0013462293563814,-0.0199327012709139
3099,0.4740957898946821,-0.0042359631810497,-0.0639607447958058
3100,0.4701892417434457,-0.007622786837976,-0.1155624591493418
3101,0.466275459243781,-0.0115039546117666,-0.1746960105557503
3102,0.4613850397063073,-0.0158118264229044,-0.2403308333831438
3103,0.4565018545172618,-0.0204262086662038,-0.3106356554100633
3104,0.451611434979788,-0.0251905854198774,-0.3832257968580573
3105,0.4477048868285516,-0.029930409442378,-0.4554418523928395
3106,0.4428144672910778,-0.0344717199347245,-0.5246333517310288
3107,0.4389079191398414,-0.0386585530360564,-0.5884240263057219
3108,0.4340174996023676,-0.0423678233470776,-0.6449385444613782
3109,0.4301109514511312,-0.0455205291629662,-0.6929732346111037
3110,0.4271738059892756,-0.0480883044710249,-0.7320959116065631
3111,0.4252205319136574,-0.0500946058149548,-0.7626639598262756
3112,0.4242438948758483,-0.0516102638199964,-0.7857565561218816
3113,0.4222906208002301,-0.052743734643328,-0.8030261407174687
3114,0.4222906208002301,-0.0536270448273313,-0.8164842727070963
3115,0.4213067494139927,-0.0543989972025946,-0.8282457548502267
3116,0.4193534753383746,-0.0551876009263272,-0.8402609372784479
3117,0.4193534753383746,-0.0560938666362742,-0.8540688201298187
3118,0.4193534753383746,-0.0571790726562596,-0.870603041196659
3119,0.4183768383005654,-0.0584573751618955,-0.8900792842594872
3120,0.4164235642249472,-0.0598951723731184,-0.9119855919115272
3121,0.414470290149329,-0.0614178668682285,-0.935185396313414
3122,0.4115331446874735,-0.0629235964149664,-0.95812672241569
3123,0.4095798706118552,-0.0643022703960974,-0.9791322273274922
3124,0.4066499594984279,-0.0654571091882631,-0.9967273747323024
3125,0.4046894510743815,-0.0663250894774454,-1.0099519401315926
3126,0.4027361769987633,-0.0668924371995712,-1.0185960616040506
3127,0.4017595399609542,-0.0672016930394128,-1.023307889891016
3128,0.4027361769987633,-0.0673479299012349,-1.0255359577020662
3129,0.4027361769987633,-0.0674633379743664,-1.0272943174594882
3130,0.4037128140365724,-0.067691375922196,-1.0307687082863046
3131,0.4037128140365724,-0.0681536661727664,-1.037812171978184
3132,0.4046894510743815,-0.0689144239314707,-1.0494030927149671
3133,0.4046894510743815,-0.0699481693642441,-1.0651532592248636
3134,0.4037128140365724,-0.0711165986653047,-1.082955471900545
3135,0.4027361769987633,-0.0721596933043122,-1.098848083107418
3136,0.4017595399609542,-0.0727044570353458,-1.1071481144307125
3137,0.400782902923145,-0.0722922708794237,-1.100868037747394
3138,0.3998062658853359,-0.0704230691731287,-1.0723888424045478
3139,0.4017595399609542,-0.0666117748839732,-1.014319884835983
3140,0.4066499594984279,-0.0604501442401884,-0.9204411546037946
3141,0.414470290149329,-0.0516657842551849,-0.7866024666054469
3142,0.4232672578380392,-0.0401698922888804,-0.6114508220044056
3143,0.4340174996023676,-0.0260862750383555,-0.3968725421639762
3144,0.451611434979788,-0.0097563514366026,-0.1480694929147382
3145,0.4740957898946821,0.0082819908444417,0.1267630581967394
3146,0.4965801448095762,0.0273398956091672,0.4171296841163061
3147,0.5180806283382331,0.0466415542171172,0.7112101485656481
3148,0.538611709177509,0.0653976512765076,0.996978426127588
3149,0.5571822815927384,0.0828775527747272,1.263302562075568
3150,0.5728229428945406,0.0984699491555299,1.5008686315353212
3151,0.5835804190072973,0.1117239122587435,1.7028062838561475
3152,0.5914007496581983,0.1223659404344768,1.86494844231882
3153,0.5953072978094348,0.1302928771848094,1.9857234124158565
3154,0.597260571885053,0.1355447881858847,2.0657416356066185
3155,0.597260571885053,0.1382651512761769,2.1071891431661225
3156,0.5953072978094348,0.1386574115572533,2.113165628813655
3157,0.5943306607716257,0.1369467602772346,2.087102111001172
3158,0.5933540237338165,0.1333539721706904,2.032362318090038
3159,0.5914007496581983,0.1280847186222865,1.9520798634942595
3160,0.5884636041963428,0.1213337333373345,1.8492217139219929
3161,0.5835804190072973,0.1132995052652608,1.726812051057361
3162,0.5757600883563961,0.1042027125800082,1.5882131320620474
3163,0.5650026122436396,0.0943009772992935,1.4373500912554065
3164,0.5513224593658839,0.0838938281282531,1.2787865541015289
3165,0.5366584351018908,0.0733146212712686,1.1176015425333392
3166,0.5219944108378977,0.0629097799880805,0.9590731684058774
3167,0.5112441690735693,0.0530090696331839,0.808225743389917
3168,0.5024472013848591,0.0438928407919646,0.6693306947256513
3169,0.4936429993477207,0.0357627879396802,0.5454610435541851
3170,0.4868065400830569,0.0287218699045758,0.4381854726837932
3171,0.4819161205455832,0.0227670898241322,0.3474583218559746
3172,0.4780023380459186,0.0177963834145313,0.2717245375595996
3173,0.4760490639703003,0.0136283685870947,0.2082205785900092
3174,0.4740957898946821,0.010031548348229,0.1534193520285391
3175,0.4711658787812548,0.0067580866973526,0.1035448235126146
3176,0.4672520962815901,0.0035767696460542,0.0550742119963015
3177,0.4623689110925446,0.0003003073851542,0.0051539661248225
3178,0.4574784915550708,-0.0031964494017178,-0.0481226916400265
3179,0.4525880720175971,-0.0069689204645302,-0.105600137739743
3180,0.4477048868285516,-0.0110054955698124,-0.1671014784202327
3181,0.4428144672910778,-0.0152386817358269,-0.2315983892343802
3182,0.437924047753604,-0.0195619190441067,-0.2974673210898007
3183,0.4330408625645585,-0.0238489379386951,-0.3627844284550915
3184,0.4301109514511312,-0.027972707129202,-0.4256142599974782
3185,0.4261971689514665,-0.0318216083982706,-0.4842561982794635
3186,0.4232672578380392,-0.0353113130416614,-0.5374254094423164
3187,0.4203301123761837,-0.0383917247847434,-0.5843586256234192
3188,0.4183768383005654,-0.0410491099080857,-0.6248465995932518
3189,0.4154469271871381,-0.0433040421493078,-0.6592027932380436
3190,0.4125097817252826,-0.0452060130009599,-0.6881812599482869
3191,0.4095798706118552,-0.0468255359438542,-0.7128563445566404
3192,0.407626596536237,-0.0482444291227823,-0.7344746299868528
3193,0.4066499594984279,-0.0495448791295232,-0.7542883128284918
3194,0.4056660881121906,-0.0507980156675062,-0.7733811266945858
3195,0.4056660881121906,-0.0520530680104844,-0.7925031298046836
3196,0.4056660881121906,-0.0533285773455304,-0.8119368160634023
3197,0.4046894510743815,-0.0546073702272475,-0.831420530506211
3198,0.4027361769987633,-0.0558368424102704,-0.8501527937772027
3199,0.400782902923145,-0.0569354571496188,-0.8668913103658962
3200,0.3988296288475269,-0.0578053072584346,-0.8801443643752805
3201,0.3968691204234804,-0.0583493773849504,-0.8884338279259869
3202,0.3968691204234804,-0.058491090252839,-0.8905929680731431
3203,0.3968691204234804,-0.0581930838870907,-0.8860525370030368
3204,0.3968691204234804,-0.0574720618502533,-0.8750670305355244
3205,0.3978529918097178,-0.0564069565878624,-0.8588390650215999
3206,0.3998062658853359,-0.0551384362200808,-0.8395118628107489
3207,0.400782902923145,-0.0538588437139777,-0.8200159652744768
3208,0.4017595399609542,-0.0527928587147735,-0.8037745960725118
3209,0.4027361769987633,-0.0521703778857632,-0.7942904654584328
3210,0.4037128140365724,-0.0521941938896877,-0.7946533265802516
3211,0.4027361769987633,-0.0530059222297157,-0.807020836134265
3212,0.400782902923145,-0.0546541913665152,-0.8321338983395961
3213,0.3998062658853359,-0.0570692912363646,-0.8689304092427744
3214,0.3978529918097178,-0.0600482295095145,-0.9143175735651718
3215,0.3949158463478622,-0.0632534740532521,-0.9631527448445888
3216,0.392962572272244,-0.0662275490498491,-1.008465812186179
3217,0.3910092981966258,-0.068424077338642,-1.0419321620198807
3218,0.3890487897725793,-0.06925386752577,-1.0545748622449067
3219,0.3870955156969611,-0.0681423944041223,-1.0376404350810935
3220,0.3880721527347702,-0.0645928111890722,-0.9835589127784676
3221,0.3919859352344348,-0.0582468990395881,-0.88687246576472
3222,0.3998062658853359,-0.0489356128210717,-0.7450055189193221
3223,0.4125097817252826,-0.0367115176636086,-0.5587589556369811
3224,0.4281504430270847,-0.0218575212785306,-0.3324431635809878
3225,0.4477048868285516,-0.0048696191840179,-0.0736151405883648
3226,0.4701892417434457,0.0135846862415298,0.2075550334815349
3227,0.4926663623099116,0.0327267937993914,0.4992045748756917
3228,0.5131974431491875,0.0517377718962559,0.7888562251260722
3229,0.5327446526022261,0.0698295601189178,1.064503079694734
3230,0.5483853139040282,0.0863070518910527,1.3155544805994095
3231,0.5591427900167849,0.1006136195942326,1.533529638086352
3232,0.5689163947433042,0.1123559968703617,1.71243673789803
3233,0.5747834513185871,0.1213082580010722,1.8488335711788124
3234,0.5796666365076326,0.127398083900727,1.94161828286408
3235,0.5826037819694881,0.1306808867973557,1.9916351347909185
3236,0.5835804190072973,0.1313083340022982,2.001194933210052
3237,0.5826037819694881,0.129497401587912,1.973603529987859
3238,0.5796666365076326,0.1255046249914249,1.9127695042811887
3239,0.5757600883563961,0.1196081565246256,1.8229307903888496
3240,0.5689163947433042,0.1120980559951928,1.7085067454600282
3241,0.5610960640924031,0.1032733263707878,1.5740529848119156
3242,0.553275733441502,0.0934428489900437,1.424275630823422
3243,0.5444787657527919,0.082926732994594,1.2640518729091037
3244,0.5327446526022261,0.0720547322608972,1.0984058478601344
3245,0.5200411367622795,0.0611592931321566,0.9324027149459586
3246,0.5083070236117138,0.0505623469400425,0.7709474265057191
3247,0.4975567818473854,0.0405568117335419,0.618502887911507
3248,0.4868065400830569,0.0313854327860498,0.4787675711025931
3249,0.4780023380459186,0.0232206547069282,0.3543688456663802
3250,0.4711658787812548,0.0161494719461186,0.2466321608175164
3251,0.4652988222059719,0.0101666326925812,0.1554774998558231
3252,0.4613850397063073,0.0051782935492789,0.0794750628689335
3253,0.459431765630689,0.0010164769014709,0.0160655394906538
3254,0.4565018545172618,-0.0025372019806131,-0.038078384478483
3255,0.4545485804416435,-0.0057217354875482,-0.0865980019785166
3256,0.4535647090554062,-0.0087651784889165,-0.1329679616564299
3257,0.451611434979788,-0.011856077559491,-0.1800609629732286
3258,0.4477048868285516,-0.0151221786336384,-0.2298233455918991
3259,0.4428144672910778,-0.018619521883621,-0.2831089387206696
3260,0.437924047753604,-0.0223332259851213,-0.339691010198548
3261,0.4330408625645585,-0.026189199170046,-0.3984406963348371
3262,0.4281504430270847,-0.0300741556757333,-0.4576319729377422
3263,0.4242438948758483,-0.0338600583458813,-0.5153140632809293
3264,0.4213067494139927,-0.0374286515196036,-0.5696852217018307
3265,0.4183768383005654,-0.0406920895713985,-0.6194070304575928
3266,0.4164235642249472,-0.0436066448347919,-0.663813253929444
3267,0.414470290149329,-0.0461778394292963,-0.702988027242969
3268,0.4134864187630917,-0.0484568168922574,-0.737710574376879
3269,0.4125097817252826,-0.0505291201209043,-0.7692842286590732
3270,0.4105565076496644,-0.0524980938815616,-0.7992835530582816
3271,0.4086032335740461,-0.0544657596424938,-0.8292629487469855
3272,0.407626596536237,-0.0565141748805936,-0.8604726451177099
3273,0.4056660881121906,-0.0586900419514393,-0.8936242002131243
3274,0.4037128140365724,-0.060994775852937,-0.9287391729702024
3275,0.400782902923145,-0.0633814590279499,-0.965102726530938
3276,0.3978529918097178,-0.0657591707623654,-1.001329591039647
3277,0.3958924833856713,-0.068004185242232,-1.0355346774700294
3278,0.3949158463478622,-0.0699766420831317,-1.0655870701508925
3279,0.392962572272244,-0.0715406382639452,-1.0894161478790203
3280,0.3919859352344348,-0.0725853052463151,-1.1053327153414505
3281,0.3919859352344348,-0.0730442757626845,-1.112325599495296
3282,0.3919859352344348,-0.0729109745713237,-1.1102946198233783
3283,0.3919859352344348,-0.0722473941007809,-1.1001842942321691
3284,0.3919859352344348,-0.0711844634491498,-1.0839894611321597
3285,0.3939392093100531,-0.0699128179732319,-1.0646146447099682
3286,0.3958924833856713,-0.0686637682208168,-1.0455840971921877
3287,0.3988296288475269,-0.0676815460874004,-1.0306189407227564
3288,0.400782902923145,-0.0671893288196227,-1.023119508385971
3289,0.400782902923145,-0.0673528194191633,-1.0256104544970062
3290,0.400782902923145,-0.0682459806995711,-1.039218677992489
3291,0.3998062658853359,-0.0698236888360494,-1.063256671356953
3292,0.3978529918097178,-0.071905583317154,-1.094976458157326
3293,0.3968691204234804,-0.0741743588586507,-1.1295435686076087
3294,0.3958924833856713,-0.0761903098535539,-1.1602586391064758
3295,0.3939392093100531,-0.077422210716423,-1.1790279057931672
3296,0.3939392093100531,-0.0772926894918954,-1.17705451777306
3297,0.3949158463478622,-0.0752342587708628,-1.1456922252999806
3298,0.3968691204234804,-0.0707503355955978,-1.0773750802959767
3299,0.4027361769987633,-0.0634742298477043,-0.9665161846339368
3300,0.4115331446874735,-0.0532185504503068,-0.8102604440424017
3301,0.4242438948758483,-0.0400080494027153,-0.6089849804879853
3302,0.4418378302532686,-0.0240907124934966,-0.3664681105060616
3303,0.4643221851681628,-0.0059247742121425,-0.0896915041299483
3304,0.487783177120866,0.0138571566693119,0.2117063984796634
3305,0.5092836606495229,0.0345022288307663,0.5262551392459118
3306,0.5288381044509897,0.0552025062574982,0.8416449885605297
3307,0.5503385879796465,0.0751626982800665,1.1457588815540172
3308,0.5708696688189224,0.0936622001332885,1.427617669318309
3309,0.5884636041963428,0.1101044629679873,1.6781323214132735
3310,0.6011743543847177,0.1240487509006847,1.89058777692392
3311,0.6099713220734279,0.1352219662674253,2.0608231142689823
3312,0.6158383786487107,0.1435112294917513,2.18711849791796
3313,0.618768289762138,0.1489408402599282,2.2698441583866904
3314,0.6207215638377562,0.1516394969580279,2.310960946911776
3315,0.6216982008755654,0.1518046792589455,2.3134776678195146
3316,0.6207215638377562,0.1496706978468198,2.28096428347514
3317,0.6168150156865198,0.1454852699640595,2.2171950188392806
3318,0.6129012331868552,0.1394970580304336,2.125958499614116
3319,0.6080180479978096,0.1319539583531082,2.0110316789945726
3320,0.6021509914225267,0.1231095251274232,1.8762777138752569
3321,0.5943306607716257,0.1132331636539325,1.7258012689132969
3322,0.5835804190072973,0.102618979947777,1.5640833493573478
3323,0.5718463058567315,0.0915886503114616,1.3960250219169843
3324,0.5581589186305476,0.0804853035633151,1.2268542042706652
3325,0.545455402790601,0.0696577773998809,1.0618857946818314
3326,0.5347051610262725,0.0594370832124059,0.9061630894626364
3327,0.524924321951325,0.050108861370257,0.76403811110996
3328,0.5161273542626148,0.0418866261796585,0.6387639679507291
3329,0.5092836606495229,0.0348905949537727,0.5321722934216193
3330,0.5034238384226682,0.029136012813173,0.4444953624908019
3331,0.5004866929608127,0.0245333574036752,0.3743692107429989
3332,0.4985334188851945,0.0209008882220613,0.3190248361623114
3333,0.4975567818473854,0.0179879865212999,0.2746438064044666
3334,0.4965801448095762,0.015505964640019,0.236827670369407
3335,0.494626870733958,0.0131618597496491,0.2011128404224085
3336,0.4926663623099116,0.0106904067243954,0.1634577316934632
3337,0.4887598141586752,0.0078799487166681,0.1206375361333057
3338,0.4848460316590105,0.0045893254927211,0.0705015335398527
3339,0.479962846469965,0.0007544675920032,0.0120735603046487
3340,0.4740957898946821,-0.0036148471801214,-0.0544974087302368
3341,0.4692053703572084,-0.0084461864653544,-0.1281077926756078
3342,0.4643221851681628,-0.0136208249086024,-0.2069486895983731
3343,0.459431765630689,-0.0189922468895738,-0.2887877845177524
3344,0.4545485804416435,-0.0244041009718595,-0.3712429037578744
3345,0.4496581609041697,-0.0297056468867132,-0.4520173655078885
3346,0.4467282497907424,-0.0347636196921785,-0.5290807423925424
3347,0.4428144672910778,-0.039470264259572,-0.6007912750722032
3348,0.437924047753604,-0.0437478936947227,-0.6659653244418858
3349,0.4330408625645585,-0.0475505668134485,-0.7239029296818473
3350,0.4281504430270847,-0.0508633516054131,-0.7743765863778787
3351,0.4252205319136574,-0.0536993239231488,-0.8175855184860075
3352,0.4232672578380392,-0.0560942417284483,-0.854074535041838
3353,0.4213067494139927,-0.0580989609063567,-0.8846184773477588
3354,0.4222906208002301,-0.059770132110545,-0.9100804759191996
3355,0.4213067494139927,-0.0611603494553302,-0.9312618557552086
3356,0.4203301123761837,-0.0623094259897949,-0.9487692092840933
3357,0.4193534753383746,-0.0632385941654426,-0.962926034570262
3358,0.4183768383005654,-0.0639490643404744,-0.9737507726559672
3359,0.4174002012627563,-0.0644256064853358,-0.9810113785001098
3360,0.4174002012627563,-0.0646448584729011,-0.98435190625704
3361,0.4164235642249472,-0.0645871206061343,-0.9834722109406951
3362,0.4154469271871381,-0.0642496245847585,-0.9783301146715632
3363,0.4164235642249472,-0.0636587766652253,-0.969327943711826
3364,0.4174002012627563,-0.0628787642612992,-0.957443658807504
3365,0.4174002012627563,-0.0620142377013151,-0.9442717144967598
3366,0.4183768383005654,-0.0612054953628263,-0.9319496997231344
3367,0.4193534753383746,-0.0606155912140599,-0.92296190807406
3368,0.4193534753383746,-0.0604099224716229,-0.9198283349171048
3369,0.4203301123761837,-0.0607300322230326,-0.9247055336222232
3370,0.4193534753383746,-0.0616644511755094,-0.9389423598513152
3371,0.4183768383005654,-0.0632202544507671,-0.9626466103031982
3372,0.4174002012627563,-0.065299485117352,-0.9943258111711876
3373,0.4164235642249472,-0.0676845982816028,-1.0306654440159118
3374,0.414470290149329,-0.0700365469010377,-1.0664997811790156
3375,0.4115331446874735,-0.071908022760496,-1.0950136255658676
3376,0.4105565076496644,-0.0727726995003651,-1.1081878580204048
3377,0.4115331446874735,-0.0720692488908184,-1.097470070177682
3378,0.4134864187630917,-0.0692566985052934,-1.0546179951066983
3379,0.4164235642249472,-0.0638756690960046,-0.972632521213412
3380,0.4213067494139927,-0.0556084186849825,-0.8466725252371589
3381,0.4291270800648938,-0.0443296860498599,-0.6748295246376843
3382,0.4418378302532686,-0.0301404184670176,-0.4586415541780078
3383,0.4604084026684982,-0.0133779355153674,-0.2032480218462791
3384,0.4819161205455832,0.0054009778532853,0.0828678854692052
3385,0.5053771124982864,0.025463501083576,0.3885408988318755
3386,0.5288381044509897,0.0459658238106685,0.7009147063030269
3387,0.5513224593658839,0.0660312248866919,1.0066315665820105
3388,0.5708696688189224,0.0848304217805762,1.2930565141018593
3389,0.5884636041963428,0.1016531602796544,1.5493681011838665
3390,0.6011743543847177,0.1159616471162726,1.7673724986270394
3391,0.6099713220734279,0.127419596873321,1.9419460549535488
3392,0.6158383786487107,0.1358947619314099,2.07107384273553
3393,0.6177916527243289,0.1414370914847196,2.155516888914852
3394,0.618768289762138,0.1442383512206971,2.198196939418916
3395,0.6177916527243289,0.1445814873385531,2.2034249683131204
3396,0.6158383786487107,0.1427888667965906,2.1761125651528745
3397,0.6129012331868552,0.1391777414369704,2.1210933854796568
3398,0.6080180479978096,0.1340291540241601,2.042649402588277
3399,0.6031276284603359,0.1275735207925819,1.9442912429286103
3400,0.598237208922862,0.1199928430105055,1.8287918815382056
3401,0.5914007496581983,0.1114364460176375,1.6984264423401894
3402,0.5835804190072973,0.1020447930339189,1.555335025820086
3403,0.5737995799323498,0.0919746670668714,1.4019063810800452
3404,0.5630493381680214,0.0814190788799253,1.2410812240505589
3405,0.5522990964036929,0.0706166029474169,1.0764944802913232
3406,0.539588346215318,0.0598471830830895,0.9124113794614852
3407,0.524924321951325,0.0494143557747569,0.7534566096837969
3408,0.5122208061113784,0.0396168058637541,0.6041809392962495
3409,0.5004866929608127,0.0307146193007241,0.4685470431505438
3410,0.4916897252721025,0.0228969445304049,0.3494367908107554
3411,0.4868065400830569,0.0162576156055608,0.2482798398197196
3412,0.4838693946212014,0.0107836193379099,0.1648779209752066
3413,0.4819161205455832,0.0063585506086437,0.0974574835115126
3414,0.479962846469965,0.0027801559584758,0.0429369895954624
3415,0.4760490639703003,-0.0002114789804291,-0.0026436213854853
3416,0.473119152856873,-0.0029000376730028,-0.0436065564923022
3417,0.4701892417434457,-0.0055586339482592,-0.0841129835974146
3418,0.466275459243781,-0.0084196598731835,-0.1277036329759505
3419,0.4623689110925446,-0.0116522658266764,-0.1769556832527772
3420,0.4584551285928799,-0.015349493498222,-0.2332867195076231
3421,0.4535647090554062,-0.0195256423491169,-0.2969146086246194
3422,0.4477048868285516,-0.0241231372137924,-0.3669621342061959
3423,0.4418378302532686,-0.0290270727851444,-0.4416785966483846
3424,0.4359707736779858,-0.0340848197942145,-0.5187385332945534
3425,0.4310875884889403,-0.0391276764808202,-0.5955716006837803
3426,0.4261971689514665,-0.043991596863507,-0.6696783908948561
3427,0.4213067494139927,-0.0485344902182923,-0.7388940067574652
3428,0.4164235642249472,-0.052648332663983,-0.8015725942132522
3429,0.4134864187630917,-0.0562652066827494,-0.8566793605745369
3430,0.4105565076496644,-0.059357278884442,-0.9037902357409916
3431,0.4086032335740461,-0.0619315662996703,-0.9430121313341828
3432,0.4066499594984279,-0.0640210290466289,-0.9748472283875572
3433,0.4046894510743815,-0.06567393451008,-1.0000309297603678
3434,0.4027361769987633,-0.0669434724478934,-1.0193736356889895
3435,0.4017595399609542,-0.0678792653064218,-1.0336313947787217
3436,0.3988296288475269,-0.0685218160202062,-1.043421310566795
3437,0.3978529918097178,-0.06890022783013,-1.0491868006252334
3438,0.3978529918097178,-0.0690328964511474,-1.0512081424424895
3439,0.3968691204234804,-0.0689304720331122,-1.0496476019190788
3440,0.3988296288475269,-0.0686002900780597,-1.0446169429137104
3441,0.3998062658853359,-0.0680516183292142,-1.0362573689512813
3442,0.400782902923145,-0.0673012943068538,-1.02482541683436
3443,0.400782902923145,-0.0663794370011914,-1.0107799801124835
3444,0.400782902923145,-0.0653347707821348,-0.9948634242799106
3445,0.400782902923145,-0.064238716367324,-0.978163916848122
3446,0.3998062658853359,-0.063186960657418,-0.9621393453882884
3447,0.3998062658853359,-0.0622969625081087,-0.9485793154227736
3448,0.3998062658853359,-0.0616999960214003,-0.9394839218486905
3449,0.400782902923145,-0.0615269840532388,-0.93684790797104
3450,0.400782902923145,-0.0618884906682904,-0.9423558301354128
3451,0.400782902923145,-0.0628506139196155,-0.957014759627133
3452,0.3998062658853359,-0.0644098297159061,-0.9807710033191144
3453,0.3978529918097178,-0.0664707663093432,-1.0121714753152875
3454,0.3968691204234804,-0.0688312187794848,-1.048135377321301
3455,0.3949158463478622,-0.071178351534549,-1.0838963398765729
3456,0.392962572272244,-0.0730989860020995,-1.113159165819522
3457,0.3910092981966258,-0.0741051908956902,-1.1284897241123972
3458,0.3890487897725793,-0.0736742212504563,-1.1219234618026002
3459,0.3900326611588167,-0.0712994578389205,-1.085741518001454
3460,0.3919859352344348,-0.0665467826150937,-1.013329661301005
3461,0.3968691204234804,-0.0591092381155271,-0.9000110815239121
3462,0.4046894510743815,-0.0488522405921821,-0.7437352579385412
3463,0.4174002012627563,-0.0358422904712805,-0.5455153923959154
3464,0.4340174996023676,-0.0203541135891062,-0.3095372133441239
3465,0.4555252174794526,-0.0028542898345714,-0.0429095414923623
3466,0.4789862094321558,0.0160368213926653,0.2449158146861856
3467,0.4995100559230035,0.0355994658770516,0.5429726652749807
3468,0.517103991300424,0.0550772668039779,0.83973683769087
3469,0.5356817980640817,0.0737395939892922,1.124076435537778
3470,0.553275733441502,0.0909355677058426,1.3860746420099892
3471,0.5679397577054951,0.1061337841675572,1.6176349781782893
3472,0.5786899994698235,0.1189445262037451,1.812819705276878
3473,0.5865103301207246,0.1291241003439967,1.96791590461742
3474,0.590416878271961,0.1365637026080139,2.081265836535676
3475,0.5933540237338165,0.1412674747487076,2.152932604863519
3476,0.5943306607716257,0.1433257263552244,2.184292168344181
3477,0.5943306607716257,0.1428893436207138,2.1776434320956963
3478,0.5923773866960075,0.1401501548374888,2.1359090958944824
3479,0.590416878271961,0.135329783567479,2.062465820852882
3480,0.5865103301207246,0.1286768429483617,1.9611014818101196
3481,0.5796666365076326,0.1204698554923474,1.8360596534461813
3482,0.5718463058567315,0.1110216246525237,1.6921062155558482
3483,0.5610960640924031,0.1006803510862682,1.5345463604608296
3484,0.5474086768662192,0.0898236801715007,1.3691339008459102
3485,0.5337212896400352,0.078843841932724,1.2018448613688493
3486,0.5210177738000886,0.0681245607715885,1.0385256748440488
3487,0.5083070236117138,0.0580127746676468,0.884462295408109
3488,0.4995100559230035,0.0487897804323811,0.7439405670213374
3489,0.4916897252721025,0.0406468594728123,0.61987485710468
3490,0.4848460316590105,0.0336697432443874,0.5135713718628926
3491,0.4789862094321558,0.0278347472422025,0.424669253695917
3492,0.4750724269324912,0.0230174626556408,0.3512730074263234
3493,0.473119152856873,0.0190129266624035,0.2902598153107879
3494,0.4701892417434457,0.015564474648517,0.2377191300529256
3495,0.4672520962815901,0.0123972440074909,0.1894631393709897
3496,0.4643221851681628,0.0092517532428843,0.1415383778898379
3497,0.4604084026684982,0.0059132083207122,0.0906722393242652
3498,0.4555252174794526,0.0022330964931528,0.0346019804176847
3499,0.4506347979419788,-0.0018590141923052,-0.0277455014957059
3500,0.444767741366696,-0.006354028670319,-0.0962316338147363
3501,0.4398845561776505,-0.0111713849356511,-0.1696289721835385
3502,0.4349941366401767,-0.0161747077082837,-0.2458597000526829
3503,0.4301109514511312,-0.0211925247805176,-0.3223112633663452
3504,0.4252205319136574,-0.026041314756096,-0.3961875263859435
3505,0.4203301123761837,-0.0305482501648928,-0.4648552862496601
3506,0.4164235642249472,-0.0345712644556788,-0.5261500140837433
3507,0.4125097817252826,-0.0380144386212387,-0.5786102859367939
3508,0.4086032335740461,-0.0408371646478102,-0.6216173972824213
3509,0.4056660881121906,-0.0430561165102283,-0.6554253931414857
3510,0.4046894510743815,-0.0447397767715448,-0.6810776752422022
3511,0.4046894510743815,-0.0459961534441774,-0.7002198558659406
3512,0.4046894510743815,-0.0469553268205712,-0.7148338410030081
3513,0.4046894510743815,-0.0477494023329489,-0.7269323917146915
3514,0.4056660881121906,-0.0484930402003754,-0.7382624734385921
3515,0.4037128140365724,-0.0492677598007744,-0.7500661170803622
3516,0.4017595399609542,-0.0501125948431433,-0.7629380410268667
3517,0.3998062658853359,-0.0510225001113177,-0.7768013762616645
3518,0.3988296288475269,-0.0519544493174158,-0.7910005733845293
3519,0.3958924833856713,-0.0528397738900062,-0.8044893966397787
3520,0.3939392093100531,-0.0536002752099938,-0.8160764102710412
3521,0.3939392093100531,-0.0541651676809856,-0.8246831234871158
3522,0.3958924833856713,-0.0544860428431287,-0.8295719840057882
3523,0.3958924833856713,-0.0545477338336531,-0.830511909196377
3524,0.3968691204234804,-0.054373971321223,-0.8278644600109334
3525,0.3978529918097178,-0.0540277022298854,-0.8225886970688269
3526,0.3978529918097178,-0.0536066138387269,-0.8161729857477742
3527,0.3978529918097178,-0.053234688341614,-0.8105063212836923
3528,0.3968691204234804,-0.0530505830941441,-0.8077012899761128
3529,0.3958924833856713,-0.0531934454088949,-0.8098779431191189
3530,0.3949158463478622,-0.0537866200345815,-0.8189155638212915
3531,0.3939392093100531,-0.0549197678320105,-0.8361802267876345
3532,0.392962572272244,-0.0566302715889667,-0.8622414969357262
3533,0.3919859352344348,-0.0588854081248631,-0.8966008032183446
3534,0.3900326611588167,-0.0615674358814264,-0.9374642328508268
3535,0.3880721527347702,-0.0644642403433315,-0.9816000047489528
3536,0.3870955156969611,-0.0672682729940307,-1.0243223034383049
3537,0.3841656045835338,-0.0695860749078165,-1.0596363806972895
3538,0.3822123305079156,-0.0709596606330738,-1.0805643608387618
3539,0.3822123305079156,-0.0708995353185999,-1.07964829032043
3540,0.3841656045835338,-0.0689273429349016,-1.049599926914885
3541,0.3870955156969611,-0.0646243951408807,-0.9840401265127716
3542,0.3910092981966258,-0.0576808871577584,-0.8782486971822746
3543,0.3988296288475269,-0.04793969601259,-0.7298317101011217
3544,0.4105565076496644,-0.0354285219492644,-0.5392112067504967
3545,0.4261971689514665,-0.0203750302610375,-0.3098559001845262
3546,0.4457443784045051,-0.0032016739414047,-0.048202292833316
3547,0.4682287333193992,0.0155002100421973,0.2367399931995586
3548,0.4897364511964843,0.0350142099430708,0.5340556939212382
3549,0.5112441690735693,0.0545549283043407,0.8317784776507743
3550,0.5307913785266078,0.073328997743718,1.1178205827609662
3551,0.5474086768662192,0.090593366638032,1.3808608595573584
3552,0.5620727011302122,0.1057042766879328,1.6110909934535576
3553,0.5728229428945406,0.1181524648474586,1.800751842288504
3554,0.5796666365076326,0.1275827513296178,1.9444318795792612
3555,0.5835804190072973,0.133798772206186,2.039139300508106
3556,0.5865103301207246,0.1367556684361024,2.084190631809975
3557,0.5874869671585337,0.1365446591380501,2.0809756898386778
3558,0.5855336930829155,0.133373452388023,2.0326591190788603
3559,0.5806432735454417,0.1275455637494583,1.9438652888490455
3560,0.5737995799323498,0.1194402610274064,1.8203727311668905
3561,0.5659792492814486,0.1094935070565805,1.6688237846789962
3562,0.5562056445549294,0.0981792695790741,1.496439831576397
3563,0.5444787657527919,0.085990107330095,1.3107255068006116
3564,0.5298147414887988,0.0734161281471193,1.119148103365302
3565,0.5161273542626148,0.0609222140102165,0.9287905726058868
3566,0.5024472013848591,0.0489245621443132,0.7459941039348927
3567,0.4916897252721025,0.0377686569062692,0.576022504063908
3568,0.4819161205455832,0.0277113366216291,0.4227889669623583
3569,0.4740957898946821,0.0189094582303178,0.288683368167998
3570,0.4672520962815901,0.011416888287929,0.1745264196211343
3571,0.4604084026684982,0.0051904383770103,0.0796601017120947
3572,0.4555252174794526,0.0001041965247529,0.0021660170536157
3573,0.4535647090554062,-0.0040293518823284,-0.0608128108320678
3574,0.4525880720175971,-0.0074339101814707,-0.1126847305563265
3575,0.4506347979419788,-0.010342799832176,-0.1570046326376407
3576,0.4467282497907424,-0.0129745668011442,-0.197102287884627
3577,0.4437911043288869,-0.0155136607684817,-0.2357879753875436
3578,0.4398845561776505,-0.018098037269283,-0.2751635884944181
3579,0.4369474107157949,-0.0208141889794125,-0.3165469313798196
3580,0.4340174996023676,-0.0236988834694331,-0.360498195499179
3581,0.4320642255267494,-0.0267460623527384,-0.4069250751505244
3582,0.4291270800648938,-0.0299170182814619,-0.4552378243918416
3583,0.4261971689514665,-0.0331520132064182,-0.5045262730866378
3584,0.4232672578380392,-0.0363817602331526,-0.5537347646970284
3585,0.4203301123761837,-0.039537520972519,-0.6018159997232051
3586,0.4174002012627563,-0.0425589117414163,-0.6478499711371593
3587,0.414470290149329,-0.0453988646471912,-0.6911195515658871
3588,0.4125097817252826,-0.0480255669775214,-0.7311400418752283
3589,0.4115331446874735,-0.0504216085273744,-0.7676461798260087
3590,0.4095798706118552,-0.052580973569305,-0.8005463096721075
3591,0.4086032335740461,-0.0545048398559144,-0.8298583756761913
3592,0.4066499594984279,-0.0561972804297965,-0.8556444347983415
3593,0.4056660881121906,-0.057661840050679,-0.8779584950701091
3594,0.4037128140365724,-0.0588996060178422,-0.8968171226055177
3595,0.4017595399609542,-0.0599089198170242,-0.912195048247427
3596,0.400782902923145,-0.0606864270530805,-0.9240411643629604
3597,0.4017595399609542,-0.0612288930109099,-0.9323061867668236
3598,0.4027361769987633,-0.0615352257034459,-0.9369734779217868
3599,0.4027361769987633,-0.0616084169353302,-0.938088621024426
3600,0.4037128140365724,-0.0614574522482138,-0.9357885199707088
3601,0.4046894510743815,-0.0610994400142811,-0.9303338382683752
3602,0.4056660881121906,-0.0605621660244693,-0.922147920795183
3603,0.4056660881121906,-0.059887013236238,-0.9118612791355096
3604,0.4056660881121906,-0.0591317743904162,-0.9003544446680314
3605,0.4066499594984279,-0.0583724427253009,-0.8887852519222731
3606,0.4066499594984279,-0.0577027524063763,-0.8785818365564321
3607,0.407626596536237,-0.0572302092458384,-0.8713821593190517
3608,0.4086032335740461,-0.0570676717525101,-0.8689057347537177
3609,0.407626596536237,-0.0573201688042393,-0.8727527849866975
3610,0.407626596536237,-0.0580674555487966,-0.8841384610770275
3611,0.4066499594984279,-0.0593436836041724,-0.9035830977733584
3612,0.4056660881121906,-0.0611163969584751,-0.9305921946161636
3613,0.4056660881121906,-0.0632677815460814,-0.9633707340973162
3614,0.4046894510743815,-0.0655815817862888,-0.9986238417759968
3615,0.4037128140365724,-0.0677391841704188,-1.031497115731874
3616,0.4027361769987633,-0.0693278784363729,-1.0557024939892306
3617,0.4027361769987633,-0.0698631432390151,-1.063857799445704
3618,0.4037128140365724,-0.0688250211315096,-1.048040949830272
3619,0.4066499594984279,-0.0657064507162032,-1.000526347340435
3620,0.4086032335740461,-0.0600691037056432,-0.9146356132433788
3621,0.4134864187630917,-0.0516001830826977,-0.7856029658026757
3622,0.4222906208002301,-0.0401622166593084,-0.6113338759556062
3623,0.4359707736779858,-0.0258276451711039,-0.3929320522285417
3624,0.4545485804416435,-0.008891373093437,-0.1348906652262207
3625,0.4770257010081094,0.0101425334904048,0.1551103239196589
3626,0.5014633299986218,0.0305996335226752,0.4667951174896184
3627,0.5268848303753715,0.0516945547000272,0.7881977670423769
3628,0.5522990964036929,0.0726025618279167,1.106752590323076
3629,0.5728229428945406,0.0925326415213888,1.410407691255937
3630,0.5874869671585337,0.1107915553345887,1.6886008747326506
3631,0.6021509914225267,0.1268304939558935,1.9329704708815048
3632,0.6129012331868552,0.1402696642445456,2.1377299436592883
3633,0.6216982008755654,0.1509003491755634,2.299699276213988
3634,0.6285418944886573,0.1586676959987417,2.41804273092407
3635,0.632455676988322,0.1636400627982226,2.493801812954541
3636,0.6344089510639401,0.165971951434272,2.529330515801409
3637,0.6353855881017493,0.165867425248428,2.527737952700772
3638,0.6344089510639401,0.1635496743194834,2.4924246522478675
3639,0.6314790399505128,0.1592403896629751,2.4267683032795766
3640,0.6265886204130391,0.1531502674091024,2.3339790763353965
3641,0.6207215638377562,0.1454797288286666,2.217110593987354
3642,0.611924596149046,0.1364271743977567,2.0791856899379977
3643,0.6031276284603359,0.1262010116089574,1.9233796649974249
3644,0.5923773866960075,0.1150313905902146,1.7531990912118085
3645,0.5796666365076326,0.1031780193097238,1.5726008844845656
3646,0.5659792492814486,0.0909314864928239,1.386012460565149
3647,0.553275733441502,0.0786069727575719,1.1982359177823243
3648,0.5405649832531272,0.0665307636716418,1.0142425497038452
3649,0.5288381044509897,0.0550212628989757,0.8388835610513569
3650,0.5190644997244704,0.0443670227576488,0.6765553408316847
3651,0.5102675320357603,0.0348046226510109,0.5308624176622607
3652,0.5024472013848591,0.0264991357401605,0.4043198495943121
3653,0.4936429993477207,0.0195296041580378,0.2981319241783686
3654,0.4858226686968196,0.0138815351174983,0.2120778290137346
3655,0.4819161205455832,0.0094479298503551,0.1445273286847373
3656,0.479962846469965,0.0060396000242937,0.0925979458993717
3657,0.4789862094321558,0.003404366973879,0.0524474813647324
3658,0.4789862094321558,0.0012532839438202,0.0196735364205277
3659,0.4780023380459186,-0.0007093439075683,-0.0102291015755571
3660,0.4760490639703003,-0.0027561907071945,-0.0414149011856898
3661,0.473119152856873,-0.0051114458471544,-0.0772996165629903
3662,0.4701892417434457,-0.0079328940898063,-0.1202872595667423
3663,0.4652988222059719,-0.0113033825329782,-0.1716400902701553
3664,0.4604084026684982,-0.0152318873120808,-0.2314948692555274
3665,0.4545485804416435,-0.0196628726027379,-0.2990054515693154
3666,0.4496581609041697,-0.0244915043642434,-0.3725745836279203
3667,0.4457443784045051,-0.0295817325083158,-0.4501294035098429
3668,0.4398845561776505,-0.0347843391740608,-0.529396424841334
3669,0.4349941366401767,-0.0399526478268752,-0.6081408809478779
3670,0.4320642255267494,-0.0449544701065142,-0.6843487472751504
3671,0.4281504430270847,-0.0496798100168515,-0.756344122581428
3672,0.4242438948758483,-0.054044659633518,-0.8228470604166314
3673,0.4193534753383746,-0.0579917286435137,-0.8829846844027404
3674,0.414470290149329,-0.0614890375806892,-0.9362697547408816
3675,0.4105565076496644,-0.0645270344219238,-0.9825567366118552
3676,0.407626596536237,-0.0671145110470996,-1.0219795832769654
3677,0.4056660881121906,-0.0692733835277593,-1.0548722084494888
3678,0.4046894510743815,-0.0710325144697039,-1.081674363380423
3679,0.4046894510743815,-0.0724211559080575,-1.10283173267388
3680,0.4046894510743815,-0.0734630812819756,-1.118706528933989
3681,0.4046894510743815,-0.0741727962836158,-1.1295197611824883
3682,0.4037128140365724,-0.0745551472933406,-1.1353452689694843
3683,0.4017595399609542,-0.0746090846035869,-1.1361670589291226
3684,0.4017595399609542,-0.0743353777595853,-1.1319968558682416
3685,0.400782902923145,-0.0737469941055622,-1.1230322305081055
3686,0.4017595399609542,-0.0728799779098573,-1.109822354056712
3687,0.4037128140365724,-0.0718022546784951,-1.0934021409100396
3688,0.4037128140365724,-0.0706178979815537,-1.07535725810568
3689,0.4046894510743815,-0.0694649343123142,-1.0577906801120398
3690,0.4046894510743815,-0.0685055653383024,-1.043173714845673
3691,0.4046894510743815,-0.0679086525414969,-1.034079139292046
3692,0.4056660881121906,-0.0678254178339709,-1.0328109735895674
3693,0.4056660881121906,-0.0683605517803837,-1.0409642853178591
3694,0.4066499594984279,-0.0695421820955461,-1.0589676289137957
3695,0.4066499594984279,-0.0712952072735122,-1.0856767563001497
3696,0.4056660881121906,-0.0734230321281505,-1.1180963392090066
3697,0.4037128140365724,-0.0756024613328803,-1.1513021670489734
3698,0.4017595399609542,-0.0773952574467756,-1.1786172452267705
3699,0.3988296288475269,-0.0782777196129676,-1.1920624567997191
3700,0.3978529918097178,-0.0776868923330086,-1.1830606003049555
3701,0.3988296288475269,-0.0750791411240301,-1.143328849667274
3702,0.400782902923145,-0.0699943582318757,-1.0658569937546982
3703,0.407626596536237,-0.0621174507711163,-0.9458442709345716
3704,0.4164235642249472,-0.0513283398421112,-0.7814611566414588
3705,0.4281504430270847,-0.0377326168802898,-0.5743164441404192
3706,0.444767741366696,-0.0216672410919277,-0.329544050774763
3707,0.466275459243781,-0.0036790194005814,-0.0554751379907601
3708,0.4897364511964843,0.0155223158222623,0.2370767973157527
3709,0.5122208061113784,0.0351304875299587,0.5358273016079972
3710,0.5327446526022261,0.054319257282893,0.8281877891585406
3711,0.5522990964036929,0.0723182650068613,1.1024210381556885
3712,0.5679397577054951,0.0884775157181512,1.3486237117628248
3713,0.5786899994698235,0.1023121529077672,1.5594085263141853
3714,0.5874869671585337,0.1135228104589235,1.730214333545107
3715,0.5933540237338165,0.121991147428341,1.8592380884287465
3716,0.5953072978094348,0.1277543042356635,1.94704566315674
3717,0.5953072978094348,0.1309652104416343,1.9959670956374824
3718,0.5962839348472438,0.1318473819982043,2.0094078794763
3719,0.5962839348472438,0.1306528126608627,1.991207396674388
3720,0.5943306607716257,0.1276298682176251,1.9451497534464783
3721,0.5914007496581983,0.123005190300056,1.874688066316277
3722,0.5874869671585337,0.1169802331349863,1.7828916959949563
3723,0.5826037819694881,0.1097399266521693,1.6725782386661954
3724,0.5757600883563961,0.1014686446736791,1.546556817645724
3725,0.566963120667686,0.0923675189049237,1.4078918797017344
3726,0.5562056445549294,0.0826673408832464,1.260099769407067
3727,0.5435021287149827,0.0726327501339307,1.1072125399695731
3728,0.5307913785266078,0.0625557515994007,0.9536791846511172
3729,0.5180806283382331,0.0527392497339194,0.8041147618983733
3730,0.5083070236117138,0.0434735701565235,0.6629426787678049
3731,0.5004866929608127,0.035010331544122,0.5339966025557059
3732,0.4936429993477207,0.0275383072715131,0.4201526882528944
3733,0.4868065400830569,0.0211652249527496,0.3230522759855305
3734,0.4809394835077741,0.0159081870126907,0.2429559386477864
3735,0.4770257010081094,0.0116939520207662,0.1787477683088203
3736,0.4750724269324912,0.0083689177979538,0.1280874790344116
3737,0.473119152856873,0.0057173827130137,0.0876886363690596
3738,0.4701892417434457,0.0034856362961986,0.0536857024180976
3739,0.4682287333193992,0.0014088085500382,0.0220431124947337
3740,0.4652988222059719,-0.0007626994585632,-0.0110420278393689
3741,0.4623689110925446,-0.0032400151674581,-0.0487864605359142
3742,0.4584551285928799,-0.0061779563607734,-0.0935489925133037
3743,0.4545485804416435,-0.0096638717528418,-0.1466604705656794
3744,0.4506347979419788,-0.0137136676125576,-0.208363242930522
3745,0.4457443784045051,-0.0182748202255719,-0.277857057224134
3746,0.4398845561776505,-0.0232356017399702,-0.3534396256146599
3747,0.4349941366401767,-0.0284392925236149,-0.432723164588595
3748,0.4291270800648938,-0.0337017968808457,-0.512902788369926
3749,0.4232672578380392,-0.038830829385817,-0.5910488322864043
3750,0.4174002012627563,-0.0436447181779406,-0.6643933401626393
3751,0.4125097817252826,-0.0479889066399377,-0.7305814842236571
3752,0.4086032335740461,-0.0517484716182274,-0.7878622929562047
3753,0.4056660881121906,-0.0548554565650626,-0.835200379011984
3754,0.4037128140365724,-0.0572905188213024,-0.8723010372415888
3755,0.4027361769987633,-0.0590791937482311,-0.8995533249306598
3756,0.400782902923145,-0.0602838047752673,-0.917906803121684
3757,0.3998062658853359,-0.0609925271480544,-0.9287049116567206
3758,0.3988296288475269,-0.0613072578699393,-0.9335001553582264
3759,0.3978529918097178,-0.0613317919384595,-0.9338739569268794
3760,0.3978529918097178,-0.0611614835436152,-0.9312791347474628
3761,0.3978529918097178,-0.0608752203657773,-0.9269176231280084
3762,0.3978529918097178,-0.0605302482158536,-0.9216616204117516
3763,0.3988296288475269,-0.0601601696741876,-0.9160230961985502
3764,0.3988296288475269,-0.0597762647792274,-0.9101739133843972
3765,0.3988296288475269,-0.059372079954217,-0.9040157451421365
3766,0.3998062658853359,-0.0589309502682299,-0.8972946842440825
3767,0.400782902923145,-0.0584357439859633,-0.889749711221546
3768,0.3998062658853359,-0.0578796619112629,-0.8812772333831651
3769,0.3978529918097178,-0.0572764133286801,-0.8720861256681377
3770,0.3968691204234804,-0.0566676031947854,-0.8628102820438246
3771,0.3958924833856713,-0.0561249048971383,-0.8545417197057573
3772,0.3958924833856713,-0.0557448465048408,-0.8487511422846707
3773,0.3968691204234804,-0.0556349957069884,-0.8470774532868113
3774,0.3978529918097178,-0.0558919304082527,-0.8509921156386694
3775,0.3988296288475269,-0.0565733171767591,-0.8613737383490339
3776,0.3988296288475269,-0.0576682317360496,-0.8780558789188538
3777,0.3988296288475269,-0.0590710843751203,-0.8994297703564516
3778,0.3978529918097178,-0.0605648226701716,-0.9221883975033188
3779,0.3958924833856713,-0.0618183322135365,-0.9412868944870236
3780,0.3949158463478622,-0.0624012035289548,-0.9501675337436836
3781,0.3939392093100531,-0.0618165230980792,-0.9412593307669966
3782,0.3949158463478622,-0.0595494605733433,-0.90671831987504
3783,0.3968691204234804,-0.0551266068843487,-0.8393316308101274
3784,0.400782902923145,-0.0481786991176892,-0.7334731662878692
3785,0.4066499594984279,-0.0384979336437005,-0.585976825965947
3786,0.4164235642249472,-0.0260808629746977,-0.3967900838516394
3787,0.4310875884889403,-0.011149169419272,-0.1692904961226234
3788,0.451611434979788,0.0058564943914588,0.0898081447407708
3789,0.4760490639703003,0.0243101747573092,0.3709687953883665
3790,0.5004866929608127,0.043457556696501,0.6626986973641074
3791,0.5200411367622795,0.0624876929369506,0.9526422414811202
3792,0.5366584351018908,0.0806085408268939,1.2287318497335165
3793,0.5522990964036929,0.0971152111998494,1.480227816395757
3794,0.5659792492814486,0.1114419235782953,1.6985098985661549
3795,0.5757600883563961,0.1231921635417198,1.8775367944419237
3796,0.5816199105832508,0.1321455490033288,2.01395075805122
3797,0.5845570560451063,0.138243739990227,2.106862920376439
3798,0.5855336930829155,0.1415608534736969,2.157402529104583
3799,0.5845570560451063,0.1422658186167145,2.168143392410176
3800,0.5826037819694881,0.1405845964999915,2.1425282579302425
3801,0.5796666365076326,0.1367691230064759,2.08439562591876
3802,0.5767367253942053,0.1310774699305885,1.997677483502124
3803,0.5718463058567315,0.1237665882270233,1.88628874066978
3804,0.5659792492814486,0.115095796214708,1.754180376620948
3805,0.5581589186305476,0.1053366237985539,1.605489426528104
3806,0.5474086768662192,0.0947832912243325,1.4446986360601226
3807,0.5347051610262725,0.0837582597728309,1.2767210318717046
3808,0.5219944108378977,0.072608839551246,1.1068482378438338
3809,0.5083070236117138,0.0616933214443195,0.940539181208256
3810,0.4965801448095762,0.0513578522135448,0.7830677610870748
3811,0.4848460316590105,0.0419076365796825,0.6390840828342645
3812,0.4760490639703003,0.0335775510002284,0.5121667289494727
3813,0.4682287333193992,0.0265076584281961,0.4044497014431494
3814,0.4623689110925446,0.0207284206572433,0.3163971168251124
3815,0.4584551285928799,0.0161587993979547,0.2467742740640412
3816,0.4574784915550708,0.0126182296655955,0.1928300813676364
3817,0.4565018545172618,0.0098510300112639,0.1506689709626107
3818,0.4555252174794526,0.0075596321337163,0.1157571861385911
3819,0.4545485804416435,0.0054415209427753,0.083485600808058
3820,0.451611434979788,0.0032243065000526,0.0497040763109291
3821,0.4477048868285516,0.0006939837008222,0.0111520265042899
3822,0.4428144672910778,-0.0022870223217101,-0.0342666420898953
3823,0.437924047753604,-0.0057733871386634,-0.0873849675889889
3824,0.4330408625645585,-0.0097413202433172,-0.1478404773470927
3825,0.4281504430270847,-0.0141016332914609,-0.2142742959317027
3826,0.4232672578380392,-0.0187182762705185,-0.2846135625747701
3827,0.4193534753383746,-0.0234289994868898,-0.3563862376334916
3828,0.414470290149329,-0.0280652184946666,-0.4270237650496226
3829,0.4115331446874735,-0.0324689590756858,-0.494119246411371
3830,0.407626596536237,-0.036505705639066,-0.555623199430941
3831,0.4046894510743815,-0.0400728560199532,-0.6099723754307631
3832,0.4017595399609542,-0.0431041363108452,-0.6561570238036488
3833,0.3988296288475269,-0.045570662603067,-0.6937370687275778
3834,0.3958924833856713,-0.0474793551667334,-0.7228179475792442
3835,0.3939392093100531,-0.048869208845327,-0.7439937865897366
3836,0.3919859352344348,-0.0498056628379922,-0.7582616187326693
3837,0.3919859352344348,-0.0503731705892627,-0.7669081784124416
3838,0.3919859352344348,-0.0506661653472252,-0.7713722525240491
3839,0.392962572272244,-0.0507789497663696,-0.7730906382357812
3840,0.392962572272244,-0.0507954831125383,-0.7733425406354119
3841,0.392962572272244,-0.050780405230842,-0.7731128137221851
3842,0.3939392093100531,-0.0507727636666142,-0.7729963866936651
3843,0.3949158463478622,-0.0507837385010753,-0.7731635994954834
3844,0.3939392093100531,-0.0507992019964438,-0.7733992016264891
3845,0.392962572272244,-0.0507872379304568,-0.7732169168729546
3846,0.392962572272244,-0.0507098438235243,-0.7720377386803107
3847,0.3919859352344348,-0.0505371095376828,-0.7694059555761544
3848,0.3919859352344348,-0.050261438253461,-0.7652058222639891
3849,0.3919859352344348,-0.049909036949991,-0.7598366288126903
3850,0.3919859352344348,-0.0495460310071833,-0.7543058628600281
3851,0.3919859352344348,-0.0492771390647255,-0.7502090197373285
3852,0.3919859352344348,-0.0492358121086355,-0.7495793613909614
3853,0.392962572272244,-0.0495659922437143,-0.7546099926671734
3854,0.392962572272244,-0.0503970456271798,-0.7672719389773764
3855,0.392962572272244,-0.0518147815572184,-0.7888725925398918
3856,0.3919859352344348,-0.0538325428453056,-0.8196152447026537
3857,0.3900326611588167,-0.0563669001282853,-0.858228763986031
3858,0.3870955156969611,-0.0592223466067567,-0.901734404804548
3859,0.3841656045835338,-0.0620885479838021,-0.9454039074772188
3860,0.3822123305079156,-0.0645522746519116,-0.9829412972710394
3861,0.3802518220838691,-0.0661243449853835,-1.006893392953844
3862,0.37927518504606,-0.0662799741971861,-1.0092645628008718
3863,0.3812284591216783,-0.0645090572759982,-0.9822828364496644
3864,0.3831889675457247,-0.0603713046624114,-0.9192399531878654
3865,0.3890487897725793,-0.0535499906988399,-0.8153102744329191
3866,0.3968691204234804,-0.0438975664930189,-0.6682457422511746
3867,0.407626596536237,-0.0314667152531764,-0.4788490390783261
3868,0.4222906208002301,-0.016521725880252,-0.2511468760025657
3869,0.4428144672910778,0.0004726472856825,0.0077797403662983
3870,0.4643221851681628,0.0188845681100376,0.2883041417874638
3871,0.4868065400830569,0.0379670388343181,0.5790450551681404
3872,0.5073303865739046,0.0569216138376548,0.8678373467344852
3873,0.5268848303753715,0.0749652770956626,1.1427509683595665
3874,0.5444787657527919,0.0913915673338508,1.393022261648135
3875,0.5571822815927384,0.1056183732688886,1.609782167207926
3876,0.5659792492814486,0.1172174653025802,1.7865061701417326
3877,0.5718463058567315,0.1259242404864265,1.919162774526337
3878,0.5757600883563961,0.131629640101699,2.006090359497577
3879,0.5767367253942053,0.1343590119136522,2.047675124124154
3880,0.5757600883563961,0.1342442513738807,2.0459266301982195
3881,0.5737995799323498,0.1314956212170891,2.00404844503667
3882,0.5708696688189224,0.12637831966558,1.9260811341665407
3883,0.5679397577054951,0.1191965213382677,1.8166591082890555
3884,0.5620727011302122,0.1102848438898845,1.6808806088204231
3885,0.5542523704793112,0.100004725292072,1.524252512072622
3886,0.5425254916771737,0.0887417182539874,1.3526491069905386
3887,0.5298147414887988,0.0768996184724913,1.172222633052002
3888,0.5161273542626148,0.0648885837765026,0.9892222633087164
3889,0.5024472013848591,0.0531064915092454,0.809710065081727
3890,0.4907130882342934,0.0419150412167154,0.6391969000352079
3891,0.479962846469965,0.0316139217264145,0.4822488332608779
3892,0.4701892417434457,0.0224173448771305,0.3421296007060363
3893,0.4613850397063073,0.0144372945531202,0.2205453911165311
3894,0.4545485804416435,0.0076770345699293,0.1175459320526227
3895,0.4506347979419788,0.0020369215236749,0.0316130545792785
3896,0.4486815238663607,-0.0026674302847432,-0.0400625455778434
3897,0.4477048868285516,-0.0066767970451894,-0.1011493393611576
3898,0.4467282497907424,-0.0102539539644916,-0.155650975184479
3899,0.4437911043288869,-0.0136486227977802,-0.2073722188051714
3900,0.4389079191398414,-0.0170672251860303,-0.2594581145576814
3901,0.4340174996023676,-0.0206517895748565,-0.3140726107378384
3902,0.4291270800648938,-0.0244703641094127,-0.3722524902739
3903,0.4242438948758483,-0.0285190081833297,-0.4339377140068071
3904,0.4193534753383746,-0.0327334604899424,-0.4981491953567974
3905,0.4154469271871381,-0.0370072861959569,-0.5632652910317364
3906,0.4115331446874735,-0.0412128086577611,-0.6273407170839886
3907,0.4086032335740461,-0.0452213621348981,-0.6884151196662068
3908,0.4056660881121906,-0.0489201755708221,-0.7447703166594835
3909,0.4037128140365724,-0.0522242682862466,-0.7951115406999663
3910,0.4027361769987633,-0.0550828543857335,-0.8386650168483472
3911,0.400782902923145,-0.0574806917411605,-0.8751985157295009
3912,0.3978529918097178,-0.0594354016821907,-0.904980516281782
3913,0.3958924833856713,-0.0609919495360425,-0.9286961111483196
3914,0.3949158463478622,-0.0622152947778955,-0.9473350242186112
3915,0.3939392093100531,-0.0631819163115841,-0.9620624896322204
3916,0.392962572272244,-0.0639707204979005,-0.9740807263124592
3917,0.3939392093100531,-0.0646538457149788,-0.9844888360607428
3918,0.3939392093100531,-0.0652880518865345,-0.9941516142331284
3919,0.3939392093100531,-0.0659076164899375,-1.0035913131743417
3920,0.3939392093100531,-0.0665198091879913,-1.0129186936152126
3921,0.3939392093100531,-0.0671039650208028,-1.021818903805089
3922,0.3939392093100531,-0.0676148776661692,-1.029603179296342
3923,0.3939392093100531,-0.0679907237163785,-1.0353295773874096
3924,0.3939392093100531,-0.0681650731300119,-1.0379859686115638
3925,0.3939392093100531,-0.0680818153633444,-1.0367174515795348
3926,0.3939392093100531,-0.0677111252980376,-1.0310696101796626
3927,0.3939392093100531,-0.0670640199732431,-1.021210300245291
3928,0.3939392093100531,-0.0662027455178041,-1.0080879050657632
3929,0.3949158463478622,-0.0652443143054836,-0.9934852275556622
3930,0.3968691204234804,-0.0643550846746626,-0.979936906753519
3931,0.3978529918097178,-0.0637353522594652,-0.9704946510283816
3932,0.3988296288475269,-0.0635943809016272,-0.9683468085434886
3933,0.3998062658853359,-0.0641179042567655,-0.9763232210661792
3934,0.3998062658853359,-0.0654316080007226,-0.99633883811852
3935,0.3988296288475269,-0.0675652246529834,-1.0288466649741492
3936,0.3968691204234804,-0.0704224533692524,-1.0723794600041214
3937,0.3949158463478622,-0.0737618282254251,-1.123258243461064
3938,0.3919859352344348,-0.0771928608181504,-1.1755335260626276
3939,0.3890487897725793,-0.0801903303361455,-1.221203032809663
3940,0.3880721527347702,-0.0821276146280758,-1.250719535816644
3941,0.3880721527347702,-0.0823276377682095,-1.2537670924616937
3942,0.3900326611588167,-0.0801275806811346,-1.220246977785353
3943,0.392962572272244,-0.0749511936909355,-1.1413794399655577
3944,0.3978529918097178,-0.066380611491176,-1.0107978746658577
3945,0.4066499594984279,-0.0542183371114186,-0.8254932140142482
3946,0.4203301123761837,-0.0385299827309411,-0.5864651265131866
3947,0.4408611932154596,-0.0196598733393378,-0.298959754730944
3948,0.466275459243781,0.0017850947072926,0.0277762160657218
3949,0.4936429993477207,0.0249832357211045,0.3812235659682439
3950,0.5229710478757068,0.0489721382286421,0.7467189741266368
3951,0.5513224593658839,0.0727390328782088,1.1088318660303595
3952,0.5767367253942053,0.0953145943546135,1.452793581395653
3953,0.5953072978094348,0.1158568315564686,1.765775526618842
3954,0.6099713220734279,0.133713796029142,2.0378446017405123
3955,0.6226748379133744,0.1484579715783938,2.262487161300689
3956,0.6314790399505128,0.1598903751755104,2.4366714958131444
3957,0.6383154992151766,0.1680174007956403,2.560495024013726
3958,0.6412526446770321,0.1730073281303743,2.6365216587176805
3959,0.6422292817148413,0.1751357068107197,2.6689496797263126
3960,0.6432059187526503,0.1747293988631877,2.662759163545985
3961,0.6422292817148413,0.17211803995058,2.622972445862185
3962,0.6383154992151766,0.1675993854843299,2.554126134199953
3963,0.6334323140261311,0.1614219500712683,2.460006602180528
3964,0.6275652574508482,0.1537851046397519,2.3436514693370136
3965,0.6207215638377562,0.1448538398695788,2.2075745370338624
3966,0.6129012331868552,0.13478306314995,2.054135977414213
3967,0.605080902535954,0.1237448223693179,1.8859571156175936
3968,0.5943306607716257,0.1119514728636316,1.706273401876166
3969,0.5816199105832508,0.0996686849398936,1.5191325944090883
3970,0.5659792492814486,0.0872143147987783,1.3293775567764854
3971,0.5513224593658839,0.0749422223446719,1.1423997057029824
3972,0.5366584351018908,0.063213477148992,0.963700304547225
3973,0.524924321951325,0.0523602377888423,0.798340128168492
3974,0.5141740801869966,0.0426492283535599,0.6503829902350954
3975,0.5063537495360956,0.0342518318030462,0.5224400850215909
3976,0.5004866929608127,0.0272264386238107,0.4154010511720409
3977,0.4975567818473854,0.0215162007478021,0.3283997503614892
3978,0.4965801448095762,0.0169622926450673,0.2590163135743379
3979,0.4956035077717671,0.0133298096711864,0.203671728854389
3980,0.494626870733958,0.0103411783820967,0.1581368815433225
3981,0.4916897252721025,0.0077109263229623,0.1180623074934795
3982,0.4868065400830569,0.0051760776564695,0.0794413014808687
3983,0.4819161205455832,0.0025181222556446,0.0389446387516732
3984,0.4770257010081094,-0.0004251050803388,-0.0058984330032843
3985,0.473119152856873,-0.0037569390508984,-0.0566623233731352
3986,0.4692053703572084,-0.0075264052014958,-0.1140939865690211
3987,0.4652988222059719,-0.0117366600777742,-0.1782415157847791
3988,0.4633455481303537,-0.0163545085141483,-0.2485991488001211
3989,0.459431765630689,-0.0213190554200841,-0.3242390867729545
3990,0.4545485804416435,-0.026548688519946,-0.4039178834061927
3991,0.4496581609041697,-0.0319465644201137,-0.4861600307783051
3992,0.444767741366696,-0.0374053229196112,-0.5693297866762681
3993,0.4389079191398414,-0.0428118391434028,-0.6517035781954418
3994,0.4330408625645585,-0.0480525509809635,-0.7315511707023482
3995,0.4271738059892756,-0.0530194321508974,-0.8072266735690931
3996,0.4222906208002301,-0.0576161943787803,-0.8772630366815464
3997,0.4193534753383746,-0.0617639742517702,-0.940458695472242
3998,0.4164235642249472,-0.0654057085527559,-0.9959442336007563
3999,0.4125097817252826,-0.0685086041590066,-1.0432200143799368
4000,0.4095798706118552,-0.071064420889946,-1.082160490250362
4001,0.407626596536237,-0.0730875746149095,-1.1129853016914173
4002,0.4066499594984279,-0.074611321467244,-1.136201139829451
4003,0.4066499594984279,-0.0756825657014342,-1.1525226388429906
4004,0.4066499594984279,-0.0763561468471882,-1.1627853349258062
4005,0.4066499594984279,-0.076689696362433,-1.167867302146988
4006,0.4066499594984279,-0.0767401607761808,-1.1686361789847022
4007,0.4066499594984279,-0.0765627856037228,-1.1659336872373482
4008,0.4066499594984279,-0.0762127767682746,-1.1606009454776538
4009,0.4066499594984279,-0.0757491303160249,-1.1535368186693118
4010,0.4056660881121906,-0.0752394093555442,-1.145770699713297
4011,0.4066499594984279,-0.0747637089376898,-1.1385229184390109
4012,0.4056660881121906,-0.0744158228856329,-1.1332225194503869
4013,0.4056660881121906,-0.0742998019857927,-1.1314548226527248
4014,0.4056660881121906,-0.0745206863918441,-1.1348202219710228
4015,0.4046894510743815,-0.0751691486722098,-1.1447002065081693
4016,0.4046894510743815,-0.0763009839053389,-1.161944871218053
4017,0.4037128140365724,-0.0779136680697233,-1.186515760057467
4018,0.4037128140365724,-0.0799233733487291,-1.2171356707014616
4019,0.4027361769987633,-0.082146650654501,-1.251009569103736
4020,0.4017595399609542,-0.084291233608821,-1.2836844787613342
4021,0.400782902923145,-0.0859598943100885,-1.3091082272590406
4022,0.3988296288475269,-0.0866699125275235,-1.3199260793095775
4023,0.3988296288475269,-0.0858886044660858,-1.308022053740968
4024,0.400782902923145,-0.0830827823496938,-1.2652724907158015
4025,0.4027361769987633,-0.0777774055693351,-1.184439661820775
4026,0.4086032335740461,-0.0696164990275106,-1.0600999232058297
4027,0.4183768383005654,-0.0584180768004358,-0.8894805336223058
4028,0.4301109514511312,-0.0442146652538585,-0.6730770654425199
4029,0.4467282497907424,-0.0272722735871046,-0.4149424402559841
4030,0.4682287333193992,-0.0080832868482544,-0.1225786467035978
4031,0.4926663623099116,0.0126675384214473,0.1935813505780629
4032,0.517103991300424,0.0341605858938733,0.5210498604873316
4033,0.5405649832531272,0.0555151021615714,0.8464077061342901
4034,0.5630493381680214,0.0758690784673613,1.156521304503095
4035,0.5826037819694881,0.0944542262496517,1.4396849953904922
4036,0.598237208922862,0.1106558826357157,1.6865337627238808
4037,0.6099713220734279,0.1240502945318463,1.8906112957198
4038,0.6177916527243289,0.1344155835148626,2.0485370501946805
4039,0.6207215638377562,0.1417171244318262,2.1597834766117407
4040,0.6216982008755654,0.1460722966882841,2.226138969989315
4041,0.6207215638377562,0.1477028057723483,2.2509814396687324
4042,0.618768289762138,0.146884387607012,2.2385120037998
4043,0.6158383786487107,0.1439033692418398,2.1930931471529007
4044,0.6129012331868552,0.1390273485932677,2.1188019970438607
4045,0.6099713220734279,0.1324936552807776,2.019254512398409
4046,0.6060575395737632,0.124515031653922,1.8976920399958683
4047,0.6001977173469085,0.115298036853368,1.7572617191187976
4048,0.5914007496581983,0.1050669096291427,1.6013800559387628
4049,0.5796666365076326,0.0940846709756303,1.4340544436938023
4050,0.5659792492814486,0.0826643056476943,1.2600535244962536
4051,0.5503385879796465,0.071165603689224,1.0848590667972295
4052,0.5356817980640817,0.0599769040689554,0.9143878110494192
4053,0.5229710478757068,0.0494845928572314,0.7545267433057417
4054,0.5141740801869966,0.0400358839732672,0.6105660219251279
4055,0.5063537495360956,0.0319016215490839,0.4866322336303033
4056,0.4985334188851945,0.025245558419718,0.38522031995767
4057,0.4936429993477207,0.020105161634801,0.3069011296400224
4058,0.4907130882342934,0.0163869690152387,0.2502506710093519
4059,0.4897364511964843,0.0138772511572865,0.2120125585085227
4060,0.4887598141586752,0.0122664916014197,0.187470993043759
4061,0.4887598141586752,0.0111842632838865,0.1709821403122478
4062,0.4887598141586752,0.0102397454775349,0.1565914477394268
4063,0.4868065400830569,0.0090625988311686,0.1386564174127686
4064,0.4828927575833923,0.0073392454052553,0.1123993694462169
4065,0.479962846469965,0.0048406591144164,0.0743308577290934
4066,0.4760490639703003,0.0014392676534934,0.0225071880165713
4067,0.4711658787812548,-0.0028858667961558,-0.0433906487234691
4068,0.4652988222059719,-0.0080550598214209,-0.1221485791467196
4069,0.4584551285928799,-0.0139036280391404,-0.2112574838665552
4070,0.4525880720175971,-0.0202047964460639,-0.3072622143055417
4071,0.4457443784045051,-0.0266971228792553,-0.4061794323338035
4072,0.4398845561776505,-0.0331135268334831,-0.5039398939231878
4073,0.4330408625645585,-0.0392090969949418,-0.5968121252985262
4074,0.4261971689514665,-0.044785073382014,-0.6817678153237015
4075,0.4203301123761837,-0.0497066943812763,-0.7567537333064469
4076,0.414470290149329,-0.0539130008430238,-0.8208411043978349
4077,0.4105565076496644,-0.0574173128092447,-0.8742328730294261
4078,0.4086032335740461,-0.060298046191738,-0.9181237856336631
4079,0.407626596536237,-0.0626808139263308,-0.954427683464254
4080,0.4066499594984279,-0.0647141809067024,-0.9854081042731342
4081,0.4056660881121906,-0.0665426796890217,-1.0132671490356415
4082,0.4037128140365724,-0.0682813781147063,-1.039757993731862
4083,0.4017595399609542,-0.0699961882774071,-1.0658848763657611
4084,0.3988296288475269,-0.0716932106248111,-1.0917407434827937
4085,0.3958924833856713,-0.0733189097378182,-1.116509928345026
4086,0.392962572272244,-0.074771128777633,-1.1386359672718056
4087,0.3910092981966258,-0.0759192088940714,-1.1561281393553071
4088,0.3900326611588167,-0.076630086637327,-1.1669590871587876
4089,0.3890487897725793,-0.0767963861961774,-1.1694928306311907
4090,0.3890487897725793,-0.076362251121918,-1.1628783397801623
4091,0.3890487897725793,-0.0753429093068311,-1.1473476270832796
4092,0.3890487897725793,-0.0738346426647694,-1.1243676457448746
4093,0.3910092981966258,-0.0720128778431699,-1.0966111997453174
4094,0.392962572272244,-0.0701174943815474,-1.067733098643997
4095,0.3958924833856713,-0.0684260974701533,-1.0419629407848126
4096,0.3978529918097178,-0.067217753152155,-1.0235525820965028
4097,0.3978529918097178,-0.0667312513514345,-1.0161402307324392
4098,0.3978529918097178,-0.0671230469120426,-1.0221096358894326
4099,0.3968691204234804,-0.0684304438025869,-1.0420291615944688
4100,0.3949158463478622,-0.0705453065215046,-1.074251253138962
4101,0.3919859352344348,-0.0732026772789552,-1.1147390082297752
4102,0.3890487897725793,-0.0759872387830652,-1.1571646441323369
4103,0.3870955156969611,-0.0783586942655625,-1.1932961882591453
4104,0.3851422416213429,-0.0796949798886691,-1.2136558632830476
4105,0.3831889675457247,-0.0793499491207069,-1.20839896746116
4106,0.3831889675457247,-0.0767199691726451,-1.1683285393011722
4107,0.3851422416213429,-0.0713120206689787,-1.0859329255365968
4108,0.3910092981966258,-0.0628047833943657,-0.9563164848091406
4109,0.4017595399609542,-0.051094245614731,-0.7778944922158159
4110,0.4164235642249472,-0.0363168673564816,-0.5527460555037675
4111,0.4359707736779858,-0.0188462256356352,-0.2865630017128149
4112,0.459431765630689,0.0007370278452904,0.0118078479678308
4113,0.4848460316590105,0.0216978671792061,0.3311676238177184
4114,0.5083070236117138,0.0432146074257965,0.6589971173176661
4115,0.5278614674131806,0.0644518090146112,0.982567554123058
4116,0.545455402790601,0.0846283216083515,1.2899773117534843
4117,0.5630493381680214,0.1030720937945645,1.570987001173923
4118,0.5786899994698235,0.1192563223797186,1.817570238176991
4119,0.5914007496581983,0.1328148940997747,2.0241489136003303
4120,0.6001977173469085,0.1435382555547869,2.1875302675659047
4121,0.604104265498145,0.1513535347960377,2.3066040215759203
4122,0.6060575395737632,0.1562947581119106,2.3818886008545794
4123,0.6070414109600005,0.1584701022337194,2.415032188287795
4124,0.6070414109600005,0.1580329815903299,2.408372209244573
4125,0.605080902535954,0.1551622525106799,2.364633722402619
4126,0.6031276284603359,0.1500541592532314,2.286806709288716
4127,0.598237208922862,0.1429254499045596,2.17819354817321
4128,0.5923773866960075,0.1340241165537994,2.042572651587059
4129,0.5835804190072973,0.1236421732011756,1.8843931507969645
4130,0.5708696688189224,0.1121242729639128,1.7089061877304688
4131,0.5562056445549294,0.0998669488776695,1.522153347811113
4132,0.5405649832531272,0.0873055996101041,1.3307683740247402
4133,0.5259009589891341,0.0748894125555535,1.1415950946782585
4134,0.5122208061113784,0.0630474097408862,0.9611700981283042
4135,0.4995100559230035,0.0521510009993578,0.7951521921739062
4136,0.4887598141586752,0.0424794242731869,0.6477958518012554
4137,0.479962846469965,0.0341941607450252,0.5215614076046607
4138,0.4740957898946821,0.0273269758390958,0.416932838235838
4139,0.4692053703572084,0.0217839436173314,0.3324790861856004
4140,0.4672520962815901,0.0173650654993376,0.2651529690015877
4141,0.466275459243781,0.0137963848838931,0.2107804783168223
4142,0.4652988222059719,0.0107693421668533,0.1646603937056269
4143,0.4623689110925446,0.0079809703168657,0.1221767032955147
4144,0.4574784915550708,0.0051686976168143,0.0793288590460739
4145,0.451611434979788,0.0021349946477106,0.0331072986985138
4146,0.4457443784045051,-0.0012405172413048,-0.0183220693282867
4147,0.4398845561776505,-0.0050012708934653,-0.0756209887201877
4148,0.4359707736779858,-0.0091239155651534,-0.1384336870709025
4149,0.4320642255267494,-0.0135348823419117,-0.2056392668984005
4150,0.4281504430270847,-0.0181296114931877,-0.2756446540141811
4151,0.4242438948758483,-0.0227912686181571,-0.3466697571029869
4152,0.4183768383005654,-0.0274066902561188,-0.4169904153681927
4153,0.4134864187630917,-0.031878209424531,-0.4851185726706524
4154,0.4095798706118552,-0.0361307615256577,-0.5499105432673798
4155,0.4056660881121906,-0.0401142854150488,-0.61060359453991
4156,0.4027361769987633,-0.0438019831847824,-0.6667894330162668
4157,0.3988296288475269,-0.0471854741372705,-0.7183403702169702
4158,0.3958924833856713,-0.0502681792412905,-0.7653085280921261
4159,0.392962572272244,-0.0530583196413648,-0.8078191641674509
4160,0.3890487897725793,-0.0555627050053899,-0.845976030681984
4161,0.386118878659152,-0.0577821001768028,-0.8797907808059399
4162,0.3831889675457247,-0.0597085165091306,-0.9091416993586294
4163,0.3822123305079156,-0.0613244258750695,-0.9337617274347464
4164,0.3822123305079156,-0.0626037554577004,-0.9532536190636304
4165,0.3822123305079156,-0.0635145841502713,-0.9671310236113778
4166,0.3802518220838691,-0.0640235682703265,-0.9748859160516328
4167,0.37927518504606,-0.0641020629479678,-0.976081862562056
4168,0.37927518504606,-0.0637335890161654,-0.9704677862174824
4169,0.37927518504606,-0.0629218496407459,-0.958100108528019
4170,0.3812284591216783,-0.0616981562675137,-0.9394558913209295
4171,0.3831889675457247,-0.0601270270389006,-0.9155181343309592
4172,0.3841656045835338,-0.0583088589974133,-0.8878164889465927
4173,0.3851422416213429,-0.0563788348838965,-0.8584106021660818
4174,0.3870955156969611,-0.0545015123397964,-0.8298076775727111
4175,0.3890487897725793,-0.0528608609984301,-0.8048106802540604
4176,0.3900326611588167,-0.0516459204946591,-0.786299821944706
4177,0.3900326611588167,-0.0510327564853368,-0.7769576425855264
4178,0.3900326611588167,-0.0511639196942776,-0.7789560479136618
4179,0.3900326611588167,-0.0521270877483448,-0.7936308960412825
4180,0.3880721527347702,-0.0539349503723101,-0.821175527873976
4181,0.3851422416213429,-0.0565086370030684,-0.8603882699027218
4182,0.3822123305079156,-0.0596670066452749,-0.9085092542258112
4183,0.37927518504606,-0.0631238785791529,-0.9611782255564936
4184,0.3763452739326327,-0.0664948014725378,-1.0125376755522182
4185,0.3734081284707772,-0.0693142758279271,-1.0554952443693548
4186,0.3714548543951589,-0.0710634698679845,-1.0821460004603485
4187,0.3724314914329681,-0.0712074159044561,-1.0843391652096086
4188,0.3743919998570145,-0.069239505202908,-1.0543560376006824
4189,0.3773219109704418,-0.064729904241269,-0.9856476653194648
4190,0.3822123305079156,-0.0573733875632466,-0.8735636270849946
4191,0.3890487897725793,-0.0470311807303917,-0.7159895527210219
4192,0.400782902923145,-0.0337610354414815,-0.513805348288684
4193,0.4174002012627563,-0.0178303097244069,-0.2710844861570357
4194,0.437924047753604,0.0002914456674312,0.0050189488127493
4195,0.4604084026684982,0.0199611087463074,0.3047063368911745
4196,0.4828927575833923,0.0404092432567966,0.6162545315883118
4197,0.5053771124982864,0.0608004227887342,0.9269349590699282
4198,0.5259009589891341,0.0802990557620383,1.2240165289695597
4199,0.5435021287149827,0.0981325372908718,1.4957278174796576
4200,0.5591427900167849,0.1136443708342729,1.732066429904674
4201,0.5698930317811133,0.1263318961196767,1.92537382407377
4202,0.5767367253942053,0.135865999656362,2.070635620125934
4203,0.5806432735454417,0.1420931402667789,2.165512461546624
4204,0.5816199105832508,0.1450226289780567,2.2101462113351955
4205,0.5806432735454417,0.1448038444495338,2.206812805793775
4206,0.5786899994698235,0.1416986088711822,2.1595013731519126
4207,0.5757600883563961,0.1360532668604434,2.073488827068973
4208,0.5698930317811133,0.128273410112738,1.9549547708935004
4209,0.5630493381680214,0.1188022387701239,1.8106518110344945
4210,0.553275733441502,0.108101887467755,1.6476210402241729
4211,0.5405649832531272,0.0966361630616775,1.4729290291863946
4212,0.5268848303753715,0.084853223180094,1.293403916690232
4213,0.5141740801869966,0.0731675897162264,1.1153613667601696
4214,0.5014633299986218,0.0619420801259761,0.9443292735585188
4215,0.4916897252721025,0.0514712245953387,0.7847951050097335
4216,0.4828927575833923,0.0419681635730073,0.6400062733397658
4217,0.4750724269324912,0.0335568247152051,0.511850942847886
4218,0.4682287333193992,0.0262705445487282,0.4008370295366747
4219,0.4613850397063073,0.0200575101742272,0.3061751110142728
4220,0.4555252174794526,0.0147926683864462,0.2259598740933779
4221,0.451611434979788,0.0102951498002938,0.1574355891316452
4222,0.4486815238663607,0.0063497304271495,0.0973230990462692
4223,0.4467282497907424,0.0027303513736516,0.0421781659246938
4224,0.4437911043288869,-0.000776697141778,-0.0112552968264873
4225,0.4398845561776505,-0.0043524706385339,-0.0657358547956611
4226,0.4359707736779858,-0.0081302072749021,-0.1232935272815309
4227,0.4310875884889403,-0.0121868497260445,-0.185100614453071
4228,0.4271738059892756,-0.0165418015752272,-0.2514527497009026
4229,0.4222906208002301,-0.0211624440698296,-0.3218529530444307
4230,0.4174002012627563,-0.0259750764200809,-0.3951783177466586
4231,0.4115331446874735,-0.0308793302009227,-0.4698996284351278
4232,0.4056660881121906,-0.0357637745449936,-0.5443191221406943
4233,0.4017595399609542,-0.0405204119641943,-0.6167913469307188
4234,0.3988296288475269,-0.0450561203518854,-0.6858974924880534
4235,0.3949158463478622,-0.0492998136072105,-0.7505544895293608
4236,0.3919859352344348,-0.0532050108778778,-0.8100541548405645
4237,0.3890487897725793,-0.0567483601696586,-0.8640406969610407
4238,0.386118878659152,-0.059925239741803,-0.9124436989544056
4239,0.3822123305079156,-0.0627437816419694,-0.9553870608647372
4240,0.3802518220838691,-0.0652185699474466,-0.9930929859912324
4241,0.3782985480082509,-0.067364984233593,-1.0257957978579104
4242,0.3763452739326327,-0.0691948341958037,-1.0536754292248176
4243,0.3753686368948236,-0.070713662329236,-1.0768163256612786
4244,0.3743919998570145,-0.0719198923399036,-1.0951944707199504
4245,0.3734081284707772,-0.0728058414287727,-1.1086928091179666
4246,0.3734081284707772,-0.0733604688519853,-1.1171431238565934
4247,0.3734081284707772,-0.0735735928563003,-1.120390285535665
4248,0.3734081284707772,-0.0734411772187974,-1.1183727981803986
4249,0.3753686368948236,-0.0729711731434783,-1.1112118064972285
4250,0.3753686368948236,-0.0721893002055779,-1.0992991744593053
4251,0.3763452739326327,-0.071144051134709,-1.0833737382846251
4252,0.3773219109704418,-0.0699101099659565,-1.0645733854558566
4253,0.3802518220838691,-0.0685893221685095,-1.044449835619976
4254,0.3812284591216783,-0.0673084140410386,-1.0249338932496954
4255,0.3822123305079156,-0.0662128436591681,-1.008241760553663
4256,0.3822123305079156,-0.0654564224405804,-0.9967169114305942
4257,0.3822123305079156,-0.0651866348264647,-0.9926064218362364
4258,0.3812284591216783,-0.0655259535672698,-0.9977762890957904
4259,0.3802518220838691,-0.0665499996301342,-1.0133786758078132
4260,0.3802518220838691,-0.0682641826418936,-1.039496003157171
4261,0.3802518220838691,-0.0705814228816137,-1.0748015227386287
4262,0.37927518504606,-0.073304500991377,-1.1162903963902011
4263,0.3782985480082509,-0.0761171819137323,-1.1591444603229952
4264,0.3773219109704418,-0.078588166375621,-1.196792430010949
4265,0.3763452739326327,-0.080190915824144,-1.2212119533167565
4266,0.3753686368948236,-0.0803404698424123,-1.223490561391116
4267,0.3763452739326327,-0.078445734599344,-1.194622336560916
4268,0.3773219109704418,-0.0739727514297547,-1.1264718737066453
4269,0.3822123305079156,-0.0665116824802862,-1.0127948749307718
4270,0.3890487897725793,-0.0558382765457126,-0.8501746442940671
4271,0.400782902923145,-0.0419599751303044,-0.638724560707459
4272,0.4183768383005654,-0.0251379983609881,-0.3824245793556494
4273,0.4418378302532686,-0.0058798125358038,-0.0890064671116965
4274,0.4672520962815901,0.0150990287216016,0.2306275864118543
4275,0.494626870733958,0.0369394134847154,0.5633881343703283
4276,0.5210177738000886,0.0587205620903932,0.8952461590252454
4277,0.5425254916771737,0.0795471834096825,1.212560986465231
4278,0.560119427054594,0.0986291215963156,1.503293786091444
4279,0.5757600883563961,0.1153425462749472,1.7579398655743044
4280,0.5874869671585337,0.129265516434708,1.970070523061446
4281,0.5962839348472438,0.1401854960960034,2.1364475560304377
4282,0.6011743543847177,0.1480810995420772,2.256745131264353
4283,0.604104265498145,0.1530841993679598,2.3329724623122643
4284,0.605080902535954,0.1554310090651796,2.368728502751626
4285,0.6060575395737632,0.1554115535199977,2.368432077668196
4286,0.605080902535954,0.1533260303357059,2.3366570038720096
4287,0.6031276284603359,0.1494542216119179,2.277666047142436
4288,0.6001977173469085,0.1440408934333551,2.195188468541353
4289,0.5953072978094348,0.1372966956735861,2.0924337338412906
4290,0.590416878271961,0.1294110762521532,1.9722882754105533
4291,0.5835804190072973,0.1205716317500505,1.837610318585545
4292,0.5747834513185871,0.1109834362910143,1.691524376900562
4293,0.5640259752058304,0.1008823457067862,1.5376239546212471
4294,0.5522990964036929,0.0905379671681669,1.3800167921039288
4295,0.539588346215318,0.0802445613465264,1.2231862509427254
4296,0.5278614674131806,0.0703010340945153,1.0716864668085428
4297,0.517103991300424,0.0609837322014291,0.9297278650226346
4298,0.5073303865739046,0.0525174367706114,0.8007352150627643
4299,0.4995100559230035,0.0450504266239532,0.6869676960852635
4300,0.494626870733958,0.0386387056462466,0.5892785844217241
4301,0.4916897252721025,0.0332426358856148,0.5070639554284394
4302,0.4907130882342934,0.0287366881249776,0.4384112433922379
4303,0.4887598141586752,0.02493038625287,0.3804183503916976
4304,0.4868065400830569,0.0215964206217696,0.3296219819983451
4305,0.4828927575833923,0.0185008436033412,0.2824577073725792
4306,0.4789862094321558,0.0154304178172192,0.2356766374355074
4307,0.4750724269324912,0.0122133664823041,0.1866615776447628
4308,0.4701892417434457,0.0087315192549183,0.1336120822325123
4309,0.4652988222059719,0.004923645948475,0.0755952468263642
4310,0.4623689110925446,0.0007812259791714,0.0124812516376152
4311,0.4584551285928799,-0.0036612066714538,-0.0552037428862587
4312,0.4535647090554062,-0.0083386998698658,-0.1264701247132106
4313,0.4486815238663607,-0.0131691996531887,-0.2000677179903471
4314,0.4437911043288869,-0.0180656332873381,-0.2746698807642213
4315,0.4398845561776505,-0.0229453624530699,-0.3490175339163884
4316,0.4349941366401767,-0.0277362276981136,-0.4220112545594611
4317,0.4310875884889403,-0.0323790945927554,-0.4927500693155339
4318,0.4281504430270847,-0.0368274884919345,-0.5605258895440293
4319,0.4252205319136574,-0.0410454544522842,-0.6247909049940615
4320,0.4222906208002301,-0.0450050794633708,-0.6851198324690281
4321,0.4183768383005654,-0.0486850391055101,-0.7411877726754422
4322,0.4134864187630917,-0.0520710015594507,-0.792776365722713
4323,0.407626596536237,-0.0551578080828858,-0.8398070129077772
4324,0.4037128140365724,-0.057952325258384,-0.8823843336227796
4325,0.400782902923145,-0.0604751489203042,-0.920822126420322
4326,0.3998062658853359,-0.0627593121449945,-0.9556236839257664
4327,0.3998062658853359,-0.064844937281907,-0.9874003110741624
4328,0.3998062658853359,-0.0667701542217,-1.016732955657715
4329,0.3998062658853359,-0.0685601090167772,-1.0440047434440152
4330,0.3998062658853359,-0.0702169868122253,-1.0692489673481975
4331,0.3988296288475269,-0.0717142914601581,-1.0920619315203477
4332,0.3968691204234804,-0.0729980153960629,-1.1116207756053906
4333,0.3939392093100531,-0.0739958910859298,-1.1268244299803518
4334,0.3919859352344348,-0.074633947859454,-1.1365458760029106
4335,0.3890487897725793,-0.0748575754759807,-1.1399530709319925
4336,0.3880721527347702,-0.0746527389043913,-1.1368321767470535
4337,0.3890487897725793,-0.074062323504924,-1.127836595671867
4338,0.3900326611588167,-0.0731930303681655,-1.114592027700114
4339,0.392962572272244,-0.0722097269018055,-1.0996103960198866
4340,0.3949158463478622,-0.0713163630263964,-1.0859990857828297
4341,0.3958924833856713,-0.0707250092011684,-1.076989206833602
4342,0.3968691204234804,-0.0706167880688776,-1.0753403474534964
4343,0.3978529918097178,-0.0711001243737281,-1.0827044692578849
4344,0.3988296288475269,-0.0721726647625684,-1.0990457165101246
4345,0.3988296288475269,-0.0736933487752367,-1.1222148891604993
4346,0.3968691204234804,-0.0753703739130671,-1.1477660783843753
4347,0.3949158463478622,-0.0767691420232039,-1.1690777378557808
4348,0.3939392093100531,-0.0773417971590373,-1.177802723191799
4349,0.3949158463478622,-0.0764769774879989,-1.1646263130350496
4350,0.3958924833856713,-0.0735653443004458,-1.1202646103703335
4351,0.3998062658853359,-0.0680737307943885,-1.036594274921937
4352,0.4037128140365724,-0.0596187038124736,-0.9077733112795106
4353,0.4115331446874735,-0.04802927949051,-0.7311966057988858
4354,0.4252205319136574,-0.033388856509342,-0.5081348224833646
4355,0.4437911043288869,-0.0160484648105918,-0.2439362606871471
4356,0.4672520962815901,0.0033927726332089,0.0522708297536713
4357,0.4926663623099116,0.0241389614853788,0.3683601864831999
4358,0.5190644997244704,0.0452741020729497,0.6903756197908312
4359,0.5435021287149827,0.0658531150673712,1.0039178817400636
4360,0.5640259752058304,0.0849936656242231,1.2955437006350623
4361,0.5796666365076326,0.1019552456925378,1.553970680699366
4362,0.5914007496581983,0.1161946014097511,1.7709217949964926
4363,0.5992210803090994,0.1273912136547408,1.94151360765603
4364,0.6031276284603359,0.1354421046854608,2.064177147698646
4365,0.604104265498145,0.1404305722215417,2.1401815408805307
4366,0.6031276284603359,0.1425775176292963,2.17289244492687
4367,0.6031276284603359,0.1421861280755396,2.16692922569855
4368,0.6021509914225267,0.1395904937739058,2.1273820885084485
4369,0.6001977173469085,0.1351164754448218,2.0592158539429914
4370,0.5962839348472438,0.1290594434792169,1.9669307913061496
4371,0.5923773866960075,0.1216793311745554,1.8544872496226787
4372,0.5865103301207246,0.1132097025829565,1.7254438155571246
4373,0.5786899994698235,0.103874921322673,1.583218897775888
4374,0.5689163947433042,0.0939084210691969,1.4313690965225632
4375,0.5562056445549294,0.0835656221491952,1.2737860011067388
4376,0.5435021287149827,0.0731269792026938,1.1147426241472278
4377,0.5327446526022261,0.0628894322054133,0.9587631491739126
4378,0.5210177738000886,0.0531474504293297,0.8103341160240007
4379,0.5092836606495229,0.0441672682348951,0.6735118768465187
4380,0.5004866929608127,0.0361594184902833,0.5515041147174123
4381,0.4936429993477207,0.0292550976325599,0.4463097412292043
4382,0.487783177120866,0.0234912096400821,0.3584910261492631
4383,0.4858226686968196,0.0188072654675674,0.2871263571492341
4384,0.4838693946212014,0.0150550086274735,0.2299568953593785
4385,0.4828927575833923,0.0120192093115084,0.1837033950282569
4386,0.4809394835077741,0.0094460664845168,0.1444989384047983
4387,0.4780023380459186,0.0070745151826566,0.1083659343722209
4388,0.4750724269324912,0.0046656401838183,0.0716642657308018
4389,0.4711658787812548,0.0020262286164555,0.0314501372266682
4390,0.4672520962815901,-0.0009760891768987,-0.0142932379426794
4391,0.4643221851681628,-0.0044070646363587,-0.0665676500606468
4392,0.459431765630689,-0.0082689249550973,-0.1254070326878661
4393,0.4545485804416435,-0.0125107085784275,-0.1900349345371282
4394,0.4486815238663607,-0.0170434521793348,-0.2590959085425211
4395,0.4437911043288869,-0.0217574562826059,-0.3309185712610026
4396,0.4398845561776505,-0.0265388922077967,-0.4037686265943677
4397,0.4349941366401767,-0.0312834862639326,-0.4760573584589618
4398,0.4310875884889403,-0.035905840218298,-0.5464836376383656
4399,0.4271738059892756,-0.0403439209947772,-0.6141023269189403
4400,0.4232672578380392,-0.0445591580137858,-0.6783257641630086
4401,0.4203301123761837,-0.0485332620092943,-0.7388752937401071
4402,0.4164235642249472,-0.052263228664584,-0.7957051418193989
4403,0.4125097817252826,-0.0557559675286044,-0.8489205824296853
4404,0.407626596536237,-0.0590236152685635,-0.8987065300802263
4405,0.4027361769987633,-0.06207996182397,-0.9452730885707948
4406,0.3998062658853359,-0.064937758138496,-0.988814531539394
4407,0.3968691204234804,-0.0676062545786054,-1.0294717977582444
4408,0.3949158463478622,-0.0700883271218022,-1.0672887056792884
4409,0.3939392093100531,-0.0723769775141519,-1.1021586297627637
4410,0.392962572272244,-0.0744516480504203,-1.1337683523921898
4411,0.3910092981966258,-0.076275386489572,-1.1615548684690489
4412,0.3890487897725793,-0.0777941747791656,-1.1846951578439704
4413,0.3870955156969611,-0.0789395684727326,-1.20214639953378
4414,0.386118878659152,-0.0796352392457232,-1.2127456536279668
4415,0.386118878659152,-0.0798072693252726,-1.215366707430685
4416,0.3870955156969611,-0.0793973233358357,-1.2091207619696516
4417,0.3880721527347702,-0.0783772269130911,-1.193578552055096
4418,0.3880721527347702,-0.0767630035719206,-1.1689842122867582
4419,0.3890487897725793,-0.0746260247246367,-1.1364251589591428
4420,0.3900326611588167,-0.072098662299751,-1.0979182134764334
4421,0.3910092981966258,-0.0693718709365064,-1.0563727646190415
4422,0.3939392093100531,-0.0666826761390988,-1.0154001378059938
4423,0.3958924833856713,-0.0642907237756948,-0.9789563027834004
4424,0.3988296288475269,-0.0624448007865104,-0.950831782449512
4425,0.4027361769987633,-0.0613423292346508,-0.9340345033866898
4426,0.4046894510743815,-0.0610868826148613,-0.93014251347455
4427,0.4056660881121906,-0.0616503115858312,-0.9387269287744244
4428,0.4066499594984279,-0.0628466499126693,-0.9569543639364054
4429,0.4056660881121906,-0.0643242992087244,-0.9794678587662302
4430,0.4037128140365724,-0.0655809984203598,-0.9986149536007976
4431,0.4017595399609542,-0.0660029502276994,-1.0050438199484055
4432,0.3988296288475269,-0.0649256045848327,-0.988629359747756
4433,0.3968691204234804,-0.0617096025955264,-0.939630287808122
4434,0.3998062658853359,-0.0558220319058218,-0.8499271406291784
4435,0.4066499594984279,-0.0469112317264346,-0.7141620072488721
4436,0.4183768383005654,-0.0348635082624975,-0.5306026466883988
4437,0.4340174996023676,-0.0198324423993233,-0.3015890204505864
4438,0.4555252174794526,-0.0022356303364724,-0.0334836327540317
4439,0.4809394835077741,0.0172810782142439,0.2638733370119294
4440,0.5044004754604773,0.0379065021582287,0.5781227171358401
4441,0.524924321951325,0.0587446201079084,0.8956127074710711
4442,0.545455402790601,0.078900698408452,1.2027111277933398
4443,0.5650026122436396,0.0975610356350294,1.487020406588322
4444,0.5806432735454417,0.1140561880562447,1.7383408855027966
4445,0.5933540237338165,0.1279007892963936,1.9492775125314172
4446,0.6011743543847177,0.138807084224653,2.115446044628601
4447,0.605080902535954,0.1466735178265341,2.235299187521113
4448,0.6070414109600005,0.1515535636199612,2.3096516648193077
4449,0.6070414109600005,0.1536127969649816,2.3410261860878445
4450,0.605080902535954,0.1530834683481915,2.332961324480156
4451,0.6031276284603359,0.1502252560759525,2.289413543971353
4452,0.6001977173469085,0.1452986150549178,2.2143511408344376
4453,0.597260571885053,0.1385536846035277,2.111585242829884
4454,0.5923773866960075,0.1302338232765181,1.984823665863988
4455,0.5845570560451063,0.1205893681222259,1.8378805503139644
4456,0.5757600883563961,0.1098949571874408,1.6749402870653776
4457,0.5640259752058304,0.0984631992031399,1.5007657891229575
4458,0.5493619509418374,0.0866486877972667,1.320759652238421
4459,0.5347051610262725,0.0748389869159111,1.1408268086036055
4460,0.5190644997244704,0.0634325866688807,0.967038661663727
4461,0.5073303865739046,0.0528070961973632,0.8051484719999797
4462,0.4975567818473854,0.043283300078164,0.6600437199709828
4463,0.4897364511964843,0.0350916622102746,0.5352357582449625
4464,0.4819161205455832,0.0283473795694938,0.432479730296072
4465,0.4770257010081094,0.0230385071018747,0.3515936410386076
4466,0.4740957898946821,0.0190294543515167,0.2905116315194054
4467,0.473119152856873,0.0160796793822697,0.2455687998904228
4468,0.4721425158190639,0.0138749967223836,0.2119782098923348
4469,0.4721425158190639,0.012066920225588,0.1844303194888342
4470,0.4711658787812548,0.0103142343105874,0.1577263611199457
4471,0.4692053703572084,0.0083207760478321,0.1273539903471046
4472,0.4652988222059719,0.005864267932371,0.0899265825687476
4473,0.4604084026684982,0.002812800883478,0.0434343683389973
4474,0.4545485804416435,-0.0008721366309378,-0.0127094148310075
4475,0.4486815238663607,-0.0051448525191563,-0.0778086012993579
4476,0.4428144672910778,-0.0098937657482471,-0.1501631401712365
4477,0.437924047753604,-0.0149646936350816,-0.2274239009400124
4478,0.4340174996023676,-0.020184871563074,-0.3069586383816905
4479,0.4291270800648938,-0.0253842024642238,-0.386175750096959
4480,0.4252205319136574,-0.0304114798414929,-0.4627714508111987
4481,0.4213067494139927,-0.0351446894722602,-0.5348867293385492
4482,0.4164235642249472,-0.0394956432501621,-0.6011779498907558
4483,0.4125097817252826,-0.0434099509623582,-0.6608164220750138
4484,0.4086032335740461,-0.0468636602756497,-0.713437207653899
4485,0.4056660881121906,-0.0498578786590548,-0.7590571800479735
4486,0.4027361769987633,-0.0524124751514491,-0.7979790643390233
4487,0.3998062658853359,-0.0545596667167067,-0.830693718846102
4488,0.3978529918097178,-0.0563379983548755,-0.8577884159765463
4489,0.3958924833856713,-0.0577869828126746,-0.8798651727457251
4490,0.3949158463478622,-0.0589425279901437,-0.8974710826514335
4491,0.3949158463478622,-0.0598332771825955,-0.911042555525594
4492,0.3939392093100531,-0.0604780900766395,-0.9208669379382682
4493,0.392962572272244,-0.0608850131814903,-0.9270668266680586
4494,0.3939392093100531,-0.0610521312144763,-0.9296130404290948
4495,0.3939392093100531,-0.0609706134583263,-0.9283710342328196
4496,0.3949158463478622,-0.0606300793156772,-0.9231826490859673
4497,0.3949158463478622,-0.0600261056139025,-0.913980493440134
4498,0.3958924833856713,-0.0591692675609438,-0.900925691379332
4499,0.3958924833856713,-0.0580945682958147,-0.8845515514438986
4500,0.3958924833856713,-0.0568695662015999,-0.8658873945372106
4501,0.3958924833856713,-0.0555991068041835,-0.846530649231273
4502,0.3958924833856713,-0.0544244810631799,-0.8286340274701663
4503,0.3978529918097178,-0.0535152209912126,-0.8147805224579467
4504,0.3978529918097178,-0.0530526782044457,-0.807733211119424
4505,0.3988296288475269,-0.0532059264482579,-0.8100681044895602
4506,0.3998062658853359,-0.0541021427520133,-0.8237228743831125
4507,0.3998062658853359,-0.0557951289824961,-0.8495172471403666
4508,0.3978529918097178,-0.0582367063036805,-0.8867171690324235
4509,0.3949158463478622,-0.0612560670491419,-0.9327202109678806
4510,0.3919859352344348,-0.0645516473769988,-0.9829317400976668
4511,0.3890487897725793,-0.0676987390167039,-1.0308808925444892
4512,0.386118878659152,-0.0701741098017814,-1.0685956923420616
4513,0.3831889675457247,-0.0713966278278827,-1.0872220019362788
4514,0.3831889675457247,-0.0707805569559506,-1.0778355335590546
4515,0.3841656045835338,-0.0677961053117617,-1.0323643674029923
4516,0.3890487897725793,-0.0620302801304848,-0.9445161372749752
4517,0.3958924833856713,-0.0532404088779932,-0.8105934794927075
4518,0.4056660881121906,-0.0413930033248746,-0.6300861667094527
4519,0.4203301123761837,-0.0266820367403885,-0.4059495796141585
4520,0.4398845561776505,-0.0095231386656212,-0.1445162583767757
4521,0.4623689110925446,0.0094765085725318,0.1449627546790418
4522,0.4858226686968196,0.0295691213116727,0.4510942124126054
4523,0.5092836606495229,0.0499313377543755,0.7613333576755761
4524,0.5298147414887988,0.0697343425293921,1.0630523425575673
4525,0.5483853139040282,0.0882096132920318,1.3445419449312506
4526,0.5630493381680214,0.1047021003961123,1.595821815019467
4527,0.5737995799323498,0.1187053994179953,1.8091763646892136
4528,0.5816199105832508,0.129877010269125,1.9793872556016845
4529,0.5894402412341518,0.1380352735287888,2.1036867211156878
4530,0.5943306607716257,0.1431422764293705,2.1814971215301164
4531,0.5953072978094348,0.145278459933922,2.21404405699963
4532,0.5943306607716257,0.144614778805481,2.2039321977826294
4533,0.5923773866960075,0.1413873166541977,2.1547585185812403
4534,0.5894402412341518,0.135877571406406,2.070811927545755
4535,0.5835804190072973,0.1283995464057216,1.9568765860275248
4536,0.5757600883563961,0.1192927226989661,1.8181248341838852
4537,0.566963120667686,0.1089184093812872,1.6600615847619211
4538,0.5562056445549294,0.097656216382139,1.4884705823936852
4539,0.5435021287149827,0.0858975796172113,1.309315752678856
4540,0.531768015564417,0.0740342845927581,1.1285663475860832
4541,0.5180806283382331,0.0624415163967583,0.9519386947724028
4542,0.5044004754604773,0.0514567422433705,0.7845744515995974
4543,0.4936429993477207,0.0413572923099085,0.6306990263088366
4544,0.4838693946212014,0.032340450058098,0.4933182337490353
4545,0.4760490639703003,0.0245099089009871,0.3740119488775177
4546,0.4711658787812548,0.0178715355079641,0.2728695563888081
4547,0.4682287333193992,0.0123397080984143,0.1885865210861345
4548,0.466275459243781,0.0077534851240969,0.118710734256085
4549,0.4633455481303537,0.0039000248300187,0.0599993345760151
4550,0.459431765630689,0.0005415133071175,0.0088289844742654
4551,0.4545485804416435,-0.0025583452142013,-0.0384005232169134
4552,0.4506347979419788,-0.005611532508768,-0.0849189471448541
4553,0.4477048868285516,-0.0087886740754362,-0.1333259408921303
4554,0.4437911043288869,-0.0122085869624628,-0.1854318034307429
4555,0.4408611932154596,-0.015934333974623,-0.2421973609412013
4556,0.437924047753604,-0.0199751555238956,-0.3037634005289881
4557,0.4340174996023676,-0.0242933745349777,-0.3695558735058935
4558,0.4291270800648938,-0.0288151992281203,-0.4384504868097557
4559,0.4242438948758483,-0.0334441509902249,-0.5089772903225187
4560,0.4193534753383746,-0.0380755882204874,-0.5795419624788577
4561,0.4134864187630917,-0.0426105715170953,-0.6486370605336513
4562,0.4095798706118552,-0.0469672715058346,-0.7150158304714425
4563,0.4056660881121906,-0.0510883839236178,-0.7778051833703927
4564,0.4037128140365724,-0.0549436291103538,-0.8365437777114221
4565,0.400782902923145,-0.0585272909030396,-0.8911445219183642
4566,0.3988296288475269,-0.0618516791774892,-0.941794969510335
4567,0.3958924833856713,-0.064938113647703,-0.9888199480849268
4568,0.3919859352344348,-0.0678073275650553,-1.032535349883192
4569,0.3890487897725793,-0.0704710421088125,-1.0731197590316337
4570,0.3870955156969611,-0.0729259979113668,-1.1105235157388638
4571,0.3851422416213429,-0.0751511712328492,-1.1444263018751963
4572,0.3841656045835338,-0.077108422975522,-1.174247029369176
4573,0.3822123305079156,-0.0787464633815366,-1.1992042464235253
4574,0.3812284591216783,-0.0800076948755232,-1.218420395204488
4575,0.37927518504606,-0.0808371603430055,-1.231058147994366
4576,0.37927518504606,-0.0811924992123439,-1.236472098259184
4577,0.3802518220838691,-0.0810535985305415,-1.2343558046366268
4578,0.3812284591216783,-0.0804306170807663,-1.2248640465543574
4579,0.3822123305079156,-0.0793692660479538,-1.208693280558904
4580,0.3841656045835338,-0.0779525628502301,-1.1871083617270135
4581,0.3870955156969611,-0.0762986327471872,-1.161909048924472
4582,0.3890487897725793,-0.0745544574795464,-1.1353347589524383
4583,0.3900326611588167,-0.0728857237375444,-1.109909897604611
4584,0.3900326611588167,-0.0714630716603309,-1.088234341523412
4585,0.3910092981966258,-0.0704451159409928,-1.0727247474096446
4586,0.3910092981966258,-0.0699587541425258,-1.0653145291227724
4587,0.3910092981966258,-0.07007766672344,-1.06712628363229
4588,0.3919859352344348,-0.0708006223970183,-1.0781412510286474
4589,0.3939392093100531,-0.0720321298918583,-1.09690452435202
4590,0.3949158463478622,-0.0735688638674492,-1.1203182345650229
4591,0.3949158463478622,-0.0750957602841699,-1.1435820595303194
4592,0.3939392093100531,-0.0761953291195947,-1.160335112746304
4593,0.392962572272244,-0.0763723487387719,-1.1630321872766156
4594,0.392962572272244,-0.0750937984755605,-1.1435521693743111
4595,0.3939392093100531,-0.0718410865694254,-1.0939937843927154
4596,0.3978529918097178,-0.0661689346823961,-1.0075727624874922
4597,0.4027361769987633,-0.0577632734589417,-0.879503936548402
4598,0.4125097817252826,-0.0464896578958789,-0.7077388997632572
4599,0.4271738059892756,-0.0324243356823428,-0.4934393634797451
4600,0.4467282497907424,-0.0158622803528217,-0.2410995504890023
4601,0.4711658787812548,0.0027000193584359,0.0417160267218668
4602,0.4936429993477207,0.0226051136810126,0.3449904500338761
4603,0.5131974431491875,0.0430928233665662,0.657141612905925
4604,0.5337212896400352,0.0633679587656096,0.9660539896105944
4605,0.5552290075171202,0.0826684584881102,1.2601167972575795
4606,0.5747834513185871,0.1003254654644725,1.5291393158848217
4607,0.5894402412341518,0.1158084876089371,1.7650389572476728
4608,0.6011743543847177,0.128751173372901,1.9622339816752985
4609,0.6089946850356187,0.1389561846294323,2.117717741438585
4610,0.6138778702246642,0.1463808330900443,2.23083983690299
4611,0.6177916527243289,0.1511080017240928,2.3028630746810514
4612,0.6197449267999471,0.1533088158782652,2.336394724047139
4613,0.6197449267999471,0.153204198222402,2.3348007673074225
4614,0.6168150156865198,0.1510318097070142,2.301702211553953
4615,0.6138778702246642,0.1470231897025795,2.2406267953604697
4616,0.6099713220734279,0.1413935168248747,2.154852984508205
4617,0.6070414109600005,0.1343436818029366,2.047441554244441
4618,0.6021509914225267,0.1260717076800539,1.9214095876978807
4619,0.5943306607716257,0.1167884901721428,1.779970296300078
4620,0.5855336930829155,0.1067319005551259,1.6267478916653466
4621,0.5737995799323498,0.096173822474019,1.4658847985576138
4622,0.560119427054594,0.0854166096845343,1.301987684969195
4623,0.54643203982841,0.074778275165036,1.1399018031282977
4624,0.5347051610262725,0.0645687134159331,0.9843487119673248
4625,0.523947684913516,0.0550616294260609,0.839498586281807
4626,0.5141740801869966,0.0464680067001496,0.7085659750554586
4627,0.5073303865739046,0.0389166667116781,0.5935136048871291
4628,0.5044004754604773,0.0324458905428873,0.4949247271270619
4629,0.5024472013848591,0.0270075902935805,0.4120666735465061
4630,0.5004866929608127,0.022482736096492,0.3431259026586996
4631,0.4975567818473854,0.0187043930489487,0.2855589908797906
4632,0.494626870733958,0.0154834329798328,0.2364843775349952
4633,0.4907130882342934,0.0126320270074949,0.1930402979503849
4634,0.4868065400830569,0.0099812204105316,0.152652554542714
4635,0.4828927575833923,0.0073907673306487,0.1131843585529445
4636,0.4789862094321558,0.0047514026732917,0.0729709447706166
4637,0.4750724269324912,0.0019813717667643,0.0307666973493569
4638,0.4721425158190639,-0.0009799977609241,-0.0143527892086548
4639,0.4701892417434457,-0.0041787498605437,-0.0630890414769955
4640,0.4682287333193992,-0.0076504620644116,-0.1159841194640968
4641,0.4652988222059719,-0.0114209340791385,-0.1734311080263869
4642,0.4623689110925446,-0.0155035112156428,-0.2356333365933631
4643,0.4584551285928799,-0.0198942306676906,-0.3025304277683747
4644,0.4545485804416435,-0.0245666170981534,-0.3737190027746363
4645,0.4506347979419788,-0.0294680824002548,-0.4483978281441109
4646,0.444767741366696,-0.0345195403728105,-0.5253619449016027
4647,0.4389079191398414,-0.0396191187607547,-0.6030592252899711
4648,0.4330408625645585,-0.0446498792558784,-0.6797079948589252
4649,0.4271738059892756,-0.0494904580893626,-0.7534591527500075
4650,0.4222906208002301,-0.0540267793839673,-0.8225746365695857
4651,0.4183768383005654,-0.0581626861309221,-0.8855893961697098
4652,0.4154469271871381,-0.0618275653968861,-0.9414275714569644
4653,0.4125097817252826,-0.0649797494230775,-0.989454311608215
4654,0.4115331446874735,-0.0676054663239547,-1.0294597878943
4655,0.4105565076496644,-0.0697141510685783,-1.061587751696371
4656,0.4105565076496644,-0.0713317720519281,-1.0862338580102902
4657,0.4095798706118552,-0.0724942759026272,-1.1039457904033405
4658,0.4086032335740461,-0.0732431580260349,-1.1153557737183923
4659,0.407626596536237,-0.0736245027364919,-1.121165949509208
4660,0.4066499594984279,-0.0736917443520014,-1.122190444135344
4661,0.4056660881121906,-0.0735111543095026,-1.1194389705624408
4662,0.4046894510743815,-0.0731679759275838,-1.1142102977321129
4663,0.4046894510743815,-0.072770480417681,-1.1081540480313437
4664,0.4056660881121906,-0.0724491857712632,-1.103258796241701
4665,0.4056660881121906,-0.0723491150142141,-1.101734116145107
4666,0.4056660881121906,-0.072614164114161,-1.105772409640888
4667,0.4056660881121906,-0.0733641693496391,-1.1171995047143648
4668,0.4046894510743815,-0.0746668472379838,-1.1370471316055848
4669,0.4046894510743815,-0.0765082072379002,-1.165102130141867
4670,0.4037128140365724,-0.0787661237334793,-1.1995037919469431
4671,0.4037128140365724,-0.081192313995003,-1.2364692762839982
4672,0.4027361769987633,-0.0834078101857009,-1.2702246214582118
4673,0.4017595399609542,-0.0849159730609461,-1.293203021803283
4674,0.4017595399609542,-0.085135113111938,-1.2965418440922964
4675,0.4017595399609542,-0.0834499819662373,-1.2708671515670853
4676,0.4037128140365724,-0.0792781023944081,-1.207304309273059
4677,0.4056660881121906,-0.0721436260467729,-1.0986032820436566
4678,0.4105565076496644,-0.0617487757739764,-0.9402271311544128
4679,0.4222906208002301,-0.048031644417593,-0.7312326378761845
4680,0.4398845561776505,-0.0311998219769743,-0.4747826476754861
4681,0.4633455481303537,-0.0117323098253816,-0.1781752352505476
4682,0.4887598141586752,0.0096528751872953,0.1476498800207803
4683,0.5161273542626148,0.0320621042342379,0.4890773510963602
4684,0.5425254916771737,0.0545117426824901,0.8311205006349479
4685,0.566963120667686,0.0760232849631687,1.1588707978201858
4686,0.5874869671585337,0.0957138999429147,1.4588774094878392
4687,0.6031276284603359,0.1128694840236613,1.7202602386446924
4688,0.6138778702246642,0.1269908897036785,1.9354142637680336
4689,0.6197449267999471,0.1378091564511311,2.10024159670601
4690,0.6226748379133744,0.1452712311843658,2.2139339196238708
4691,0.6236587092996118,0.1495026377605889,2.2784037165716398
4692,0.6246353463374209,0.1507568198456209,2.297512460413909
4693,0.6246353463374209,0.1493618570378764,2.276258778607409
4694,0.6226748379133744,0.1456739571582404,2.220069860780455
4695,0.618768289762138,0.1400441375582007,2.1342938144637014
4696,0.6138778702246642,0.1328007163421743,2.023932900996198
4697,0.6089946850356187,0.124246520326386,1.8936009959298847
4698,0.6011743543847177,0.1146667564100887,1.747643517402138
4699,0.5914007496581983,0.1043417457385183,1.5903314441024268
4700,0.5786899994698235,0.0935584375298187,1.4260367401743077
4701,0.5659792492814486,0.0826157635385581,1.2593139359308314
4702,0.5542523704793112,0.0718210669800607,1.0948457188727851
4703,0.5425254916771737,0.0614773962597129,0.9372493406890964
4704,0.5307913785266078,0.0518637642056758,0.7907758465235821
4705,0.5210177738000886,0.0432121203820319,0.6589592246681143
4706,0.5131974431491875,0.0356855663576722,0.5442844939548118
4707,0.5063537495360956,0.0293621954150127,0.4479414852282532
4708,0.5024472013848591,0.02422791427447,0.3697154729930976
4709,0.5004866929608127,0.0201799135895684,0.3080400519483591
4710,0.4995100559230035,0.0170404485661738,0.2602070987832836
4711,0.4975567818473854,0.0145787136473027,0.2227000553215059
4712,0.4956035077717671,0.0125372851329139,0.1915968088158239
4713,0.4926663623099116,0.0106591493913135,0.1629814943287434
4714,0.4897364511964843,0.0087117388418662,0.1333107074555817
4715,0.4868065400830569,0.0065054057569842,0.0996949715485751
4716,0.4838693946212014,0.0039050030526967,0.0600751828783302
4717,0.479962846469965,0.0008343906956032,0.0132912703421291
4718,0.4760490639703003,-0.0027254372378531,-0.0409463406992028
4719,0.473119152856873,-0.0067433619168092,-0.1021635231035795
4720,0.4692053703572084,-0.0111487973114884,-0.1692848266808387
4721,0.4633455481303537,-0.0158444762371914,-0.2408282866199216
4722,0.4584551285928799,-0.0207198964317221,-0.3151102881989335
4723,0.4525880720175971,-0.0256640019099594,-0.390438780162194
4724,0.4467282497907424,-0.0305757384668532,-0.4652740985792963
4725,0.4418378302532686,-0.0353713175552686,-0.5383396394361779
4726,0.4369474107157949,-0.0399874469676825,-0.6086710813673814
4727,0.4340174996023676,-0.0443804583843308,-0.6756030929618194
4728,0.4320642255267494,-0.0485220947823201,-0.7387051496420329
4729,0.4291270800648938,-0.0523935096618906,-0.7976901057530718
4730,0.4252205319136574,-0.0559794815768232,-0.8523260470297099
4731,0.4203301123761837,-0.0592647022909709,-0.9023797368736092
4732,0.4154469271871381,-0.0622332050213963,-0.9476079050540928
4733,0.4105565076496644,-0.0648708075595061,-0.9877944711516098
4734,0.407626596536237,-0.0671693013710314,-1.022814369770524
4735,0.4056660881121906,-0.0691304580005194,-1.0526945921997086
4736,0.4037128140365724,-0.0707679831688134,-1.0776439590816325
4737,0.4046894510743815,-0.0721062854248633,-1.0980343595662134
4738,0.4046894510743815,-0.0731760725432875,-1.1143336579342058
4739,0.4046894510743815,-0.0740079650416529,-1.1270083890161482
4740,0.4046894510743815,-0.0746261426084479,-1.136426955039296
4741,0.4037128140365724,-0.0750442466669538,-1.142797197007151
4742,0.4027361769987633,-0.0752652816770141,-1.146164890931202
4743,0.4017595399609542,-0.0752862286196495,-1.1464840389766695
4744,0.400782902923145,-0.0751067811881929,-1.1437499742489232
4745,0.3998062658853359,-0.074740353116808,-1.1381670686754215
4746,0.3988296288475269,-0.0742245623904712,-1.1303084706429545
4747,0.3988296288475269,-0.0736279785438585,-1.1212189069811778
4748,0.3978529918097178,-0.0730501425085549,-1.1124149853551029
4749,0.3988296288475269,-0.0726127625015746,-1.105751054642918
4750,0.3998062658853359,-0.072441476935798,-1.1031413442672355
4751,0.3998062658853359,-0.0726394632650222,-1.1061578680197015
4752,0.4017595399609542,-0.0732561565322356,-1.1155538192241334
4753,0.4027361769987633,-0.0742560503514492,-1.1307882218590055
4754,0.4037128140365724,-0.0754936084108838,-1.149643681708019
4755,0.4037128140365724,-0.0767003839133895,-1.1680301378914677
4756,0.4017595399609542,-0.0774893005587786,-1.1800500880004332
4757,0.3988296288475269,-0.0773786798820972,-1.1783646691130238
4758,0.3978529918097178,-0.0758353171268819,-1.1548499626783866
4759,0.3988296288475269,-0.0723323430534216,-1.1014785782081988
4760,0.4017595399609542,-0.066414544959403,-1.0113148856802614
4761,0.407626596536237,-0.0577619324271679,-0.8794835045609293
4762,0.4193534753383746,-0.0462420198788151,-0.7039658818816
4763,0.4359707736779858,-0.0319426524832314,-0.4861004284281335
4764,0.4535647090554062,-0.0151800078385228,-0.2307044325376673
4765,0.4721425158190639,0.0035198775103126,0.0542074022551162
4766,0.494626870733958,0.0234638142496892,0.3580736294221653
4767,0.517103991300424,0.0438527398462441,0.6687197158982937
4768,0.539588346215318,0.0638533968570967,0.9734501342790703
4769,0.5591427900167849,0.082670906776206,1.2601540994249705
4770,0.5757600883563961,0.0996128219859854,1.5182814653033196
4771,0.5894402412341518,0.1141368102383355,1.7395692467144293
4772,0.5992210803090994,0.1258769646284469,1.918442478589378
4773,0.605080902535954,0.1346473387768733,2.052068078096221
4774,0.6080180479978096,0.1404250389198923,2.14009723538368
4775,0.6070414109600005,0.1433184084536476,2.184180672646417
4776,0.605080902535954,0.1435279399246787,2.18737309841506
4777,0.6021509914225267,0.1413081216876778,2.153551902455172
4778,0.5992210803090994,0.1369372979339086,2.0869579425451543
4779,0.5962839348472438,0.1306999666504469,1.991925835821988
4780,0.5933540237338165,0.1228823257944162,1.8728161002009915
4781,0.5874869671585337,0.1137781794315049,1.7341051404227996
4782,0.5796666365076326,0.1036995094231471,1.5805463184949928
4783,0.5679397577054951,0.0929848929884717,1.417298203837734
4784,0.5542523704793112,0.0819998283088443,1.249929534201213
4785,0.538611709177509,0.0711256462628847,1.0842502746340927
4786,0.523947684913516,0.0607372382953756,0.9259722788396788
4787,0.5122208061113784,0.0511732500705933,0.7802551590697973
4788,0.5034238384226682,0.0427046872461476,0.6512279630543389
4789,0.4965801448095762,0.0355084700412616,0.5415862508638866
4790,0.4926663623099116,0.0296513520350478,0.452347081392072
4791,0.4897364511964843,0.0250872782685074,0.3828087603437229
4792,0.4887598141586752,0.0216684306990404,0.3307191290051888
4793,0.487783177120866,0.0191676140696965,0.2926166358050875
4794,0.4848460316590105,0.0173078245219201,0.2642808443015093
4795,0.4828927575833923,0.015794116593929,0.241217959419641
4796,0.4809394835077741,0.0143432343250843,0.2191122875626419
4797,0.4780023380459186,0.0127076142945342,0.1941919473982633
4798,0.4740957898946821,0.0106918920030725,0.1634803614296984
4799,0.4701892417434457,0.0081615744816853,0.1249283920363858
4800,0.466275459243781,0.0050447921473209,0.0774410327842715
4801,0.4633455481303537,0.001328796347704,0.0208240449471207
4802,0.459431765630689,-0.0029469684195908,-0.0443215943050562
4803,0.4555252174794526,-0.0076997228496346,-0.1167346577930439
4804,0.4506347979419788,-0.0128132224370174,-0.1946440418601558
4805,0.4457443784045051,-0.0181482456271024,-0.2759285640587816
4806,0.4398845561776505,-0.023553585607703,-0.3582844343126929
4807,0.4340174996023676,-0.0288773960340054,-0.4393981186135024
4808,0.4271738059892756,-0.0339784488046368,-0.5171178627265816
4809,0.4222906208002301,-0.0387364563987855,-0.5896109635300755
4810,0.4164235642249472,-0.0430602867125487,-0.6554889304291426
4811,0.4125097817252826,-0.046892835904726,-0.7138817281339073
4812,0.4095798706118552,-0.0502116227164798,-0.764446831725933
4813,0.4066499594984279,-0.0530248081126693,-0.8073085818323598
4814,0.4056660881121906,-0.0553632007113857,-0.8429363791871519
4815,0.4056660881121906,-0.0572696779407179,-0.8719835051596931
4816,0.4037128140365724,-0.058788096514627,-0.8951181615389006
4817,0.4017595399609542,-0.0599539612626376,-0.912881300631976
4818,0.3998062658853359,-0.0607887485665805,-0.9256001370307728
4819,0.3978529918097178,-0.0612989217443052,-0.933373145977946
4820,0.3968691204234804,-0.0614796131558237,-0.9361261640113018
4821,0.3978529918097178,-0.061322019440257,-0.9337250629448338
4822,0.3978529918097178,-0.0608229860041717,-0.9261217793286128
4823,0.3988296288475269,-0.0599950782113016,-0.9135077593009148
4824,0.3998062658853359,-0.0588755342008414,-0.8964503639104479
4825,0.400782902923145,-0.0575327203273229,-0.8759912243300446
4826,0.4017595399609542,-0.0560689801812581,-0.853689649593323
4827,0.4037128140365724,-0.0546190685909809,-0.8315987670147875
4828,0.4037128140365724,-0.0533437084467967,-0.8121673538310837
4829,0.4046894510743815,-0.0524182100395965,-0.7980664412118719
4830,0.4046894510743815,-0.0520165468800199,-0.7919466931156215
4831,0.4046894510743815,-0.0522917842092607,-0.7961402146808403
4832,0.4037128140365724,-0.0533542922307927,-0.8123286085800353
4833,0.4017595399609542,-0.0552496925383592,-0.841206966346502
4834,0.3988296288475269,-0.0579388934980008,-0.8821796870474725
4835,0.3958924833856713,-0.0612827855061263,-0.9331272939237518
4836,0.392962572272244,-0.0650341474533509,-0.9902831211075882
4837,0.3900326611588167,-0.0688390420589517,-1.0482545729669122
4838,0.386118878659152,-0.0722494125384998,-1.1002150471904455
4839,0.3841656045835338,-0.0747476828950209,-1.1382787453258558
4840,0.3831889675457247,-0.0757829030916745,-1.154051381368327
4841,0.3831889675457247,-0.0748164592428451,-1.1393266231648589
4842,0.3851422416213429,-0.0713737547856139,-1.0868735077974898
4843,0.3890487897725793,-0.0650967730301295,-0.9912372856734186
4844,0.3958924833856713,-0.0557913224338729,-0.8494592504878613
4845,0.4056660881121906,-0.0434623674986488,-0.6616150414916278
4846,0.4203301123761837,-0.0283314693827974,-0.4310803690146987
4847,0.4389079191398414,-0.0108321748610715,-0.1644607605648139
4848,0.4613850397063073,0.0084178846867701,0.1288335395517086
4849,0.4858226686968196,0.0286658150830666,0.4373314202793402
4850,0.5092836606495229,0.0490872752522681,0.7484732041682615
4851,0.5298147414887988,0.0688567161223502,1.049680808709715
4852,0.5474086768662192,0.0872144380022685,1.3293794339073763
4853,0.5630493381680214,0.1035216954350772,1.5778371409440206
4854,0.5757600883563961,0.1172975049251799,1.7877256554650705
4855,0.5845570560451063,0.1282341968713706,1.9543573171477824
4856,0.5884636041963428,0.1361923888057788,2.0756084918672357
4857,0.5914007496581983,0.1411793185727578,2.1515894555677013
4858,0.5923773866960075,0.143316828632692,2.184156602462097
4859,0.590416878271961,0.1428063135892645,2.1763783848420992
4860,0.5884636041963428,0.139897449920681,2.1320588786249237
4861,0.5855336930829155,0.1348656709499471,2.055394591540787
4862,0.5816199105832508,0.1280005706553668,1.9507977833530212
4863,0.5757600883563961,0.119604340766663,1.8228726534226611
4864,0.5689163947433042,0.10999666878521,1.676489967044669
4865,0.560119427054594,0.0995208813311755,1.516880655610357
4866,0.5483853139040282,0.0885459049570735,1.3496656916026986
4867,0.5337212896400352,0.0774598990053723,1.1807590786849025
4868,0.5190644997244704,0.0666538800464779,1.0161183533033455
4869,0.5073303865739046,0.0564966299914547,0.8613622841809222
4870,0.4975567818473854,0.0473047881914043,0.7213151949328344
4871,0.4897364511964843,0.039313545947488,0.5995604650232421
4872,0.4819161205455832,0.0326535146981194,0.4980880929932682
4873,0.4770257010081094,0.0273383099097262,0.4171055243672628
4874,0.4740957898946821,0.0232655701259822,0.3550531779076983
4875,0.473119152856873,0.0202318877818159,0.3088319318021054
4876,0.4721425158190639,0.0179598068139669,0.2742144598084636
4877,0.4721425158190639,0.0161330195432596,0.2463814916718043
4878,0.4711658787812548,0.0144345538893396,0.2205036343072398
4879,0.4701892417434457,0.0125823486372901,0.1922833972881332
4880,0.466275459243781,0.010357239729062,0.1583815925534578
4881,0.4623689110925446,0.0076198911073325,0.1166752930903426
4882,0.4574784915550708,0.0043152833170275,0.0663262213584691
4883,0.4525880720175971,0.0004655750321375,0.0076719873669597
4884,0.4467282497907424,-0.0038459833802159,-0.0580190045917889
4885,0.4418378302532686,-0.0084962180004971,-0.1288700741660605
4886,0.4369474107157949,-0.0133440598934938,-0.2027318921800961
4887,0.4320642255267494,-0.0182496758337015,-0.2774739567564625
4888,0.4281504430270847,-0.0230880734414117,-0.3511918814471387
4889,0.4261971689514665,-0.0277560983560642,-0.4223140043095069
4890,0.4242438948758483,-0.0321733827049784,-0.4896158387952981
4891,0.4203301123761837,-0.0362791734441488,-0.5521717502862266
4892,0.4164235642249472,-0.040027697060469,-0.6092843326024803
4893,0.4125097817252826,-0.0433845818220601,-0.6604298973357111
4894,0.407626596536237,-0.0463259340239478,-0.7052443995093198
4895,0.4037128140365724,-0.0488402992758561,-0.7435533197993058
4896,0.3998062658853359,-0.0509323908870609,-0.7754284702819837
4897,0.3978529918097178,-0.0526265456976333,-0.8012406475493307
4898,0.3958924833856713,-0.0539676492622258,-0.8216737288280342
4899,0.3958924833856713,-0.0550178411636732,-0.837674474070279
4900,0.3978529918097178,-0.0558485394569099,-0.8503310102185095
4901,0.3998062658853359,-0.0565288960393295,-0.8606969369926322
4902,0.400782902923145,-0.057113259427267,-0.8696003094966442
4903,0.400782902923145,-0.0576310825680837,-0.8774898734376037
4904,0.400782902923145,-0.0580826071867821,-0.8843693117425816
4905,0.3988296288475269,-0.0584425166868522,-0.8898529002305031
4906,0.3958924833856713,-0.0586718314242076,-0.8933467442485907
4907,0.3939392093100531,-0.0587360950354027,-0.8943258659402189
4908,0.3919859352344348,-0.0586259361470351,-0.8926474828689827
4909,0.3910092981966258,-0.0583749251654883,-0.8888230744316287
4910,0.3919859352344348,-0.0580696410984876,-0.8841717601567212
4911,0.3939392093100531,-0.0578480866827091,-0.880796152556548
4912,0.3958924833856713,-0.057884797286004,-0.8813554760575207
4913,0.3968691204234804,-0.0583636845886964,-0.8886518127742353
4914,0.3978529918097178,-0.0594422304945492,-0.9050845602062352
4915,0.3968691204234804,-0.0612125627315691,-0.932057378297527
4916,0.3949158463478622,-0.0636658712194899,-0.9694360364853836
4917,0.3919859352344348,-0.0666664674555855,-1.0151531819732067
4918,0.3890487897725793,-0.0699406479298844,-1.0650386624974657
4919,0.386118878659152,-0.0730836324872887,-1.112925239354538
4920,0.3831889675457247,-0.0755854990043289,-1.1510437286650057
4921,0.3802518220838691,-0.076874502188345,-1.1706830074820085
4922,0.3802518220838691,-0.0763737064435221,-1.163052873293897
4923,0.3812284591216783,-0.0735647639060717,-1.1202557674698053
4924,0.386118878659152,-0.0680512314120797,-1.0362514738739237
4925,0.3939392093100531,-0.0596132949824127,-0.907690902234322
4926,0.4027361769987633,-0.048246287203079,-0.7345029397361721
4927,0.4154469271871381,-0.0341769463239607,-0.5201421749818388
4928,0.4330408625645585,-0.0178539061899705,-0.2714440023879076
4929,0.4555252174794526,8.770717717539517e-05,0.0019147850174185
4930,0.4789862094321558,0.0188837731188694,0.2882920292858013
4931,0.5024472013848591,0.0377131560669486,0.5751768921433859
4932,0.524924321951325,0.0557737832796223,0.8503489769279488
4933,0.5405649832531272,0.0723515839478518,1.1029286862205756
4934,0.5503385879796465,0.0868725627882626,1.3241706161699638
4935,0.5591427900167849,0.0989319207988177,1.5079072409201408
4936,0.5640259752058304,0.1082989836391473,1.6506240015137463
4937,0.5689163947433042,0.114901430390579,1.7512190149579978
4938,0.5718463058567315,0.1187957281293574,1.8105526147789104
4939,0.5728229428945406,0.1201321122031437,1.8309137897993768
4940,0.5737995799323498,0.1191218769240893,1.8155218244713276
4941,0.5728229428945406,0.1160125785130124,1.7681484904271494
4942,0.5718463058567315,0.1110736640622273,1.6928990890640865
4943,0.5689163947433042,0.1045917845711822,1.5941410408595618
4944,0.5630493381680214,0.0968723766112521,1.4765279836482417
4945,0.5552290075171202,0.0882426219822631,1.3450448660092396
4946,0.5435021287149827,0.079050938530135,1.2050001893533275
4947,0.531768015564417,0.0696596147480108,1.0619137885554344
4948,0.5210177738000886,0.0604295494676252,0.9212843255809138
4949,0.5112441690735693,0.0516985261738869,0.7882582764991511
4950,0.5034238384226682,0.0437563278863049,0.667250781309133
4951,0.4975567818473854,0.0368208892619432,0.5615822968933879
4952,0.4916897252721025,0.031019577474348,0.4731933921073118
4953,0.4868065400830569,0.0263788441387501,0.4024870843003724
4954,0.4838693946212014,0.0228242175082936,0.3483287204176909
4955,0.4819161205455832,0.0201911486026525,0.308211228836987
4956,0.4819161205455832,0.0182457268694464,0.2785707436086631
4957,0.4809394835077741,0.0167128688400778,0.2552160873914014
4958,0.4809394835077741,0.0153084454389256,0.2338182637906747
4959,0.4809394835077741,0.013771161330727,0.2103961717460339
4960,0.4789862094321558,0.0118899794307802,0.1817344459282232
4961,0.4760490639703003,0.0095235322755159,0.1456792087773438
4962,0.473119152856873,0.0066091974268612,0.1012763435489497
4963,0.4692053703572084,0.003161129050934,0.0487415034068643
4964,0.4643221851681628,-0.0007417631271392,-0.0107230414665346
4965,0.459431765630689,-0.0049754021924081,-0.0752268526629647
4966,0.4545485804416435,-0.0093941438897986,-0.1425508913398816
4967,0.4486815238663607,-0.0138543356965479,-0.2105064647288823
4968,0.4437911043288869,-0.0182339526584055,-0.2772343981367819
4969,0.4418378302532686,-0.0224452872573063,-0.3413983780284492
4970,0.4408611932154596,-0.0264391451928751,-0.4022488790394349
4971,0.4389079191398414,-0.0302008437294596,-0.4595621947097026
4972,0.4369474107157949,-0.0337400742279785,-0.5134859828119862
4973,0.4340174996023676,-0.0370778586783139,-0.5643405348131357
4974,0.4301109514511312,-0.0402340745102818,-0.612428703639476
4975,0.4261971689514665,-0.0432183536930644,-0.6578972421700319
4976,0.4222906208002301,-0.0460258776137309,-0.7006727339198537
4977,0.4183768383005654,-0.0486381193173897,-0.7404729018261241
4978,0.4164235642249472,-0.0510273458244905,-0.7768752056464541
4979,0.414470290149329,-0.0531629744688878,-0.8094136872553348
4980,0.4125097817252826,-0.0550177779720234,-0.8376735112810131
4981,0.4115331446874735,-0.0565723699041745,-0.8613593056846035
4982,0.4125097817252826,-0.0578171863125097,-0.8803253538855905
4983,0.4125097817252826,-0.0587520984712964,-0.8945696946160855
4984,0.4134864187630917,-0.0593846248124696,-0.9042068788584824
4985,0.4134864187630917,-0.059728222719217,-0.9094419435776604
4986,0.4134864187630917,-0.0598021518665073,-0.9105683295744844
4987,0.4134864187630917,-0.0596338761156483,-0.9080044768003092
4988,0.4134864187630917,-0.059264043523605,-0.9023696998805784
4989,0.4125097817252826,-0.0587529929288484,-0.8945833225896014
4990,0.4115331446874735,-0.0581867506983722,-0.8859560444104773
4991,0.4115331446874735,-0.057679862362872,-0.878233083386472
4992,0.4115331446874735,-0.0573723775569482,-0.8735482386084205
4993,0.4125097817252826,-0.0574190067200614,-0.8742586814891979
4994,0.4134864187630917,-0.057969851311896,-0.8826513609317513
4995,0.4134864187630917,-0.0591439285424401,-0.9005396255763034
4996,0.4134864187630917,-0.0609985819676228,-0.9287971630112284
4997,0.4125097817252826,-0.0634993861039409,-0.966899465867334
4998,0.4115331446874735,-0.0664959935557531,-1.012555838156414
4999,0.4086032335740461,-0.0697093387711209,-1.061514431434103
5000,0.4066499594984279,-0.0727346315521771,-1.1076078539849403
5001,0.4046894510743815,-0.0750627068713606,-1.1430784570582195
5002,0.4027361769987633,-0.0761197443956301,-1.159183502349484
5003,0.400782902923145,-0.0753224427429604,-1.1470357980984742
5004,0.400782902923145,-0.0721428317579052,-1.098591180242259
5005,0.4046894510743815,-0.0661745334622462,-1.0076580656115457
5006,0.4115331446874735,-0.0571910016686745,-0.8707847918732539
5007,0.4232672578380392,-0.0451865422459044,-0.6878846031269118
5008,0.4389079191398414,-0.0303929063860202,-0.4624884652645788
5009,0.459431765630689,-0.013267746328801,-0.2015691771510675
5010,0.4838693946212014,0.0055443288642829,0.0850519843982005
5011,0.5083070236117138,0.0252727873424427,0.3856351803799777
5012,0.5298147414887988,0.0450952711272131,0.6876509478520957
5013,0.5483853139040282,0.0642137595750408,0.978940628003769
5014,0.5640259752058304,0.08192204615195,1.2487444436714323
5015,0.5796666365076326,0.0976560320561332,1.4884677739988992
5016,0.5914007496581983,0.1110218694266309,1.6921099449391406
5017,0.6001977173469085,0.1218008912590142,1.8563393415502305
5018,0.6070414109600005,0.1299338352505306,1.980253042178036
5019,0.6109479591112369,0.1354896531524266,2.064901597111682
5020,0.6129012331868552,0.1386259101380415,2.112685672547679
5021,0.6138778702246642,0.1395482552474258,2.126738541457017
5022,0.6148617416109016,0.138475673523044,2.1103966644156227
5023,0.6129012331868552,0.1356163973370572,2.066832674095246
5024,0.6099713220734279,0.1311568443613454,1.9988868339489696
5025,0.605080902535954,0.1252632752264059,1.9090922943360145
5026,0.6001977173469085,0.1180935072451198,1.7998535630560928
5027,0.5933540237338165,0.1098143145021749,1.6737116134669507
5028,0.5855336930829155,0.1006192821259978,1.5336159125358848
5029,0.5767367253942053,0.0907419738135875,1.383125041516823
5030,0.5640259752058304,0.0804603366699642,1.226473808174059
5031,0.5513224593658839,0.0700901662572478,1.0684736801366497
5032,0.5405649832531272,0.0599678261733884,0.9142495000473032
5033,0.5298147414887988,0.0504247139005362,0.7688504467070546
5034,0.5210177738000886,0.0417576454165431,0.6367988144117278
5035,0.5122208061113784,0.034200084363008,0.5216516599691329
5036,0.5063537495360956,0.0278989448028626,0.4256473690402461
5037,0.5024472013848591,0.0229006940632609,0.3494939187698681
5038,0.5004866929608127,0.0191488825895512,0.292331242591331
5039,0.4995100559230035,0.0164933124979954,0.2518709224828377
5040,0.4985334188851945,0.0147091957216254,0.2246880828686997
5041,0.4985334188851945,0.0135232276675193,0.206618649393695
5042,0.4965801448095762,0.0126427734007433,0.1932040302172246
5043,0.494626870733958,0.0117843854161725,0.1801256133667503
5044,0.4936429993477207,0.0106984948424354,0.163580962424979
5045,0.4926663623099116,0.0091880560832878,0.1405678866663258
5046,0.4916897252721025,0.0071198944736436,0.1090573341757767
5047,0.487783177120866,0.0044283699610152,0.0680492117740815
5048,0.4848460316590105,0.0011117546713697,0.0175171935372131
5049,0.479962846469965,-0.0027775148782035,-0.041739796690356
5050,0.4740957898946821,-0.0071468549450297,-0.1083111511158314
5051,0.4692053703572084,-0.0118794839080525,-0.1804175825775767
5052,0.4652988222059719,-0.0168498609269827,-0.2561463482709709
5053,0.4604084026684982,-0.0219365286351652,-0.3336469212790153
5054,0.4565018545172618,-0.0270310354609959,-0.4112669312435246
5055,0.4525880720175971,-0.0320425639436136,-0.4876226814774599
5056,0.4477048868285516,-0.036898762774935,-0.5616118259743549
5057,0.4428144672910778,-0.041543864085335,-0.6323846843345187
5058,0.4389079191398414,-0.045935375361787,-0.6992938397623116
5059,0.4340174996023676,-0.0500405050889859,-0.7618396800613528
5060,0.4301109514511312,-0.0538331350289289,-0.8196242672244233
5061,0.4261971689514665,-0.0572917274149393,-0.872319451398905
5062,0.4222906208002301,-0.060398166501157,-0.9196492207111764
5063,0.4193534753383746,-0.0631372730332369,-0.9613823037322649
5064,0.4183768383005654,-0.0654966643730144,-0.9973300383343956
5065,0.4164235642249472,-0.0674667764538294,-1.0273467062027573
5066,0.4154469271871381,-0.0690411424096452,-1.0513337780344416
5067,0.414470290149329,-0.0702172851335579,-1.069253512578109
5068,0.414470290149329,-0.0709986803951701,-1.081158866730357
5069,0.4134864187630917,-0.0713981164515683,-1.0872446826371316
5070,0.4134864187630917,-0.0714424266228729,-1.0879197933113884
5071,0.4134864187630917,-0.0711780625316131,-1.0838919366219435
5072,0.4134864187630917,-0.0706764062034595,-1.0762486905686437
5073,0.4125097817252826,-0.0700372132624321,-1.0665099338748196
5074,0.4115331446874735,-0.069388266512518,-1.056622567949747
5075,0.4115331446874735,-0.0688793387126083,-1.0488685336043782
5076,0.4115331446874735,-0.0686690614134517,-1.045664744383194
5077,0.4115331446874735,-0.0689043553575942,-1.0492496877179105
5078,0.4125097817252826,-0.0696936199947438,-1.0612749398364405
5079,0.4134864187630917,-0.071076646664176,-1.0823467623960277
5080,0.4134864187630917,-0.0729958276945212,-1.111587443740056
5081,0.4125097817252826,-0.0752742509682159,-1.1463015472349931
5082,0.4115331446874735,-0.0776063207956719,-1.18183301071783
5083,0.4086032335740461,-0.0795654356953414,-1.2116821253098335
5084,0.4066499594984279,-0.0806310447684274,-1.2279177668937902
5085,0.4046894510743815,-0.0802344105997671,-1.2218746406057697
5086,0.4056660881121906,-0.0778191289649717,-1.1850753603281647
5087,0.4086032335740461,-0.0729094786470743,-1.1102718278909864
5088,0.4125097817252826,-0.0651775347524307,-0.9924677729225444
5089,0.4193534753383746,-0.0544990748976092,-0.8297705406538047
5090,0.4320642255267494,-0.0409889095941446,-0.6239293863815073
5091,0.4496581609041697,-0.0250085363321217,-0.3804520932418445
5092,0.4721425158190639,-0.0071428816133797,-0.1082506133537263
5093,0.4956035077717671,0.0118521522940899,0.1811581109016524
5094,0.5180806283382331,0.0311245630984962,0.474792955219328
5095,0.538611709177509,0.0498127904431861,0.7595271684230401
5096,0.5571822815927384,0.0671311822016211,1.0233905386796516
5097,0.5718463058567315,0.0824420256906679,1.256666862534821
5098,0.5835804190072973,0.0953043357586839,1.4526372812187174
5099,0.590416878271961,0.1054937263981384,1.6078830449414447
5100,0.5943306607716257,0.1129926276437662,1.7221364573536642
5101,0.5953072978094348,0.1179549811473706,1.7977429766038144
5102,0.5943306607716257,0.1206535040474892,1.83885772658013
5103,0.5943306607716257,0.1214199366329922,1.850535109093828
5104,0.5943306607716257,0.1205889600982951,1.837874333653028
5105,0.5943306607716257,0.1184546876811463,1.8053565155501825
5106,0.5943306607716257,0.1152452697585396,1.7564577585851475
5107,0.5923773866960075,0.1111170466000033,1.6935600662949706
5108,0.5894402412341518,0.1061657760305106,1.6181224068551212
5109,0.5855336930829155,0.1004495411121848,1.53102973498544
5110,0.5786899994698235,0.0940164639412324,1.4330152399257812
5111,0.5708696688189224,0.0869304206724772,1.325052140074592
5112,0.560119427054594,0.0792893691358757,1.2086329229281656
5113,0.5493619509418374,0.0712332155834624,1.0858892029976357
5114,0.5405649832531272,0.0629407424722531,0.959544913446598
5115,0.531768015564417,0.054617358734866,0.8327296689643068
5116,0.5229710478757068,0.0464768783940919,0.7087011443654125
5117,0.5151507172248058,0.038721075860728,0.590533578690533
5118,0.5083070236117138,0.0315205675941801,0.4808264877970301
5119,0.5014633299986218,0.0249998750721753,0.3814770834607263
5120,0.4956035077717671,0.0192285477372453,0.2935450224073649
5121,0.4907130882342934,0.0142191366648183,0.217221533078306
5122,0.4868065400830569,0.0099317383126563,0.15189864428968
5123,0.4848460316590105,0.0062838681984788,0.0963196207861589
5124,0.4819161205455832,0.0031636797546632,0.0487803659809359
5125,0.4789862094321558,0.0004441533220757,0.0073456057552945
5126,0.4760490639703003,-0.0020040263832013,-0.0299549101955353
5127,0.4721425158190639,-0.0043025910601841,-0.064975888522006
5128,0.4682287333193992,-0.0065595492216047,-0.099362949128286
5129,0.4652988222059719,-0.0088665083532645,-0.1345118255375253
5130,0.4623689110925446,-0.011298385622663,-0.1715639572426185
5131,0.459431765630689,-0.0139140721240355,-0.2114166101571546
5132,0.4565018545172618,-0.0167567371366334,-0.2547275123007851
5133,0.4545485804416435,-0.0198529618602842,-0.3019016553765375
5134,0.451611434979788,-0.0232105932081608,-0.3530585951136502
5135,0.4486815238663607,-0.0268158975917654,-0.4079890862775024
5136,0.4437911043288869,-0.0306310669644657,-0.4661170846980367
5137,0.4389079191398414,-0.0345932445763223,-0.526484903650427
5138,0.4349941366401767,-0.0386159962833444,-0.5877756307529249
5139,0.4320642255267494,-0.0425936944040532,-0.6483799204949223
5140,0.4271738059892756,-0.0464087683444335,-0.7065064649066815
5141,0.4213067494139927,-0.0499412765693652,-0.7603278323114057
5142,0.4174002012627563,-0.0530797697766306,-0.8081459788661043
5143,0.4154469271871381,-0.055732024047111,-0.8485557790570252
5144,0.4134864187630917,-0.0578340988827522,-0.8805830341509486
5145,0.4115331446874735,-0.0593564130770036,-0.9037770442811912
5146,0.4095798706118552,-0.0603060281487229,-0.9182453988931768
5147,0.4086032335740461,-0.0607248968772481,-0.9246272913890508
5148,0.4095798706118552,-0.0606843799875597,-0.92400997523091
5149,0.4105565076496644,-0.0602768693306663,-0.917801134546208
5150,0.4125097817252826,-0.0596058632279449,-0.9075776718715872
5151,0.4125097817252826,-0.0587761839770652,-0.894936661873504
5152,0.4134864187630917,-0.0578860228405209,-0.8813741486311507
5153,0.4134864187630917,-0.0570220512612862,-0.8682106600184301
5154,0.4134864187630917,-0.0562580249171101,-0.8565699390466947
5155,0.4125097817252826,-0.0556563293295463,-0.8474024927954693
5156,0.4115331446874735,-0.0552710041491914,-0.8415316704840582
5157,0.4095798706118552,-0.0551501537626198,-0.8396903915279988
5158,0.4086032335740461,-0.0553354935611812,-0.8425142324812025
5159,0.4086032335740461,-0.0558572300829058,-0.8504634207735371
5160,0.4086032335740461,-0.0567235491625179,-0.8636626759499144
5161,0.4086032335740461,-0.0579055255572047,-0.8816712924205468
5162,0.4095798706118552,-0.0593199212680282,-0.9032210543349356
5163,0.4086032335740461,-0.0608136703851807,-0.9259798463675574
5164,0.4086032335740461,-0.0621544649860698,-0.9464082202689708
5165,0.407626596536237,-0.0630315175584694,-0.9597710111605025
5166,0.4056660881121906,-0.0630692445285648,-0.9603458200467888
5167,0.4046894510743815,-0.0618544810943952,-0.9418376595734952
5168,0.4056660881121906,-0.0589752940536646,-0.8979703070639115
5169,0.4086032335740461,-0.0540670380953986,-0.8231880191185327
5170,0.4134864187630917,-0.0468595318943681,-0.7133743075524427
5171,0.4213067494139927,-0.0372184913449724,-0.5664832169923057
5172,0.4340174996023676,-0.0251748160407887,-0.3829855342764482
5173,0.4496581609041697,-0.010936952200795,-0.1660571502510847
5174,0.4692053703572084,0.0051158956152982,0.0785243666734177
5175,0.487783177120866,0.0224589601670129,0.3427636521119486
5176,0.5034238384226682,0.0404620460918883,0.6170590366613428
5177,0.5219944108378977,0.0584392374180466,0.8909598905762393
5178,0.5405649832531272,0.0757019616794617,1.1539751097122208
5179,0.5581589186305476,0.0916092395389088,1.3963387198065444
5180,0.5728229428945406,0.1056096609693953,1.6096494264350498
5181,0.5826037819694881,0.1172709564675765,1.7873211626232373
5182,0.5884636041963428,0.1262950090286281,1.9248118116017805
5183,0.5914007496581983,0.1325186125035257,2.019634761153513
5184,0.5923773866960075,0.135902727741815,2.071195209985424
5185,0.5914007496581983,0.1365147563765385,2.0805200907540464
5186,0.5894402412341518,0.1345089190998046,2.0499591130716026
5187,0.5865103301207246,0.1301090301900396,1.9829223158516864
5188,0.5845570560451063,0.1235960489017222,1.8836904000292107
5189,0.5786899994698235,0.1153003338349668,1.7572967159773123
5190,0.5708696688189224,0.1055962921689887,1.6094457391192312
5191,0.5610960640924031,0.0948958442118813,1.4464134956753412
5192,0.545455402790601,0.0836372624686604,1.2748775144761104
5193,0.5298147414887988,0.0722674436963923,1.1016467236322467
5194,0.5180806283382331,0.0612179717563289,0.933296743661332
5195,0.5073303865739046,0.0508775622343248,0.7757500531621605
5196,0.4975567818473854,0.0415648743776065,0.6338617509285146
5197,0.4897364511964843,0.0335059277736449,0.5110754760075955
5198,0.4828927575833923,0.0268196589004697,0.4092033470058598
5199,0.4770257010081094,0.0215138802791829,0.3283643956542521
5200,0.4740957898946821,0.0174923811833038,0.2670927533606916
5201,0.4721425158190639,0.0145723406328455,0.2226029559431787
5202,0.4711658787812548,0.0125097778476587,0.1911777072563207
5203,0.4701892417434457,0.0110296363411059,0.1686262410564931
5204,0.4692053703572084,0.0098564949710127,0.1507522352008695
5205,0.4672520962815901,0.0087419589768122,0.1337711420483364
5206,0.466275459243781,0.0074854910322488,0.1146275708035977
5207,0.4633455481303537,0.0059466342151866,0.0911815169346161
5208,0.4604084026684982,0.0040480158846596,0.0622541293046514
5209,0.4565018545172618,0.0017699540914867,0.027545533334321
5210,0.4535647090554062,-0.0008613190944924,-0.0125445986249665
5211,0.4506347979419788,-0.003789055070509,-0.05715164370333
5212,0.4477048868285516,-0.0069420586552404,-0.1051908706652212
5213,0.4437911043288869,-0.0102488265700121,-0.1555728540975521
5214,0.4408611932154596,-0.0136478676153901,-0.2073607128308645
5215,0.437924047753604,-0.0170932206480397,-0.259854181947359
5216,0.4349941366401767,-0.0205551279700982,-0.3125998725551192
5217,0.4330408625645585,-0.0240166781201908,-0.3653401212835179
5218,0.4291270800648938,-0.0274678652561701,-0.4179224789174032
5219,0.4252205319136574,-0.0308987876367723,-0.4701960823248099
5220,0.4213067494139927,-0.0342935645212417,-0.5219189722154981
5221,0.4164235642249472,-0.0376260640993123,-0.5726930037949699
5222,0.4134864187630917,-0.0408579019505287,-0.6219333512498368
5223,0.4095798706118552,-0.0439386169790779,-0.6688711882945073
5224,0.4066499594984279,-0.0468076160231307,-0.7125833162787965
5225,0.4056660881121906,-0.0493974396147559,-0.7520419213726253
5226,0.4046894510743815,-0.0516380710981414,-0.7861802283791758
5227,0.4027361769987633,-0.0534622327759999,-0.813973192929609
5228,0.3998062658853359,-0.0548116830453688,-0.8345334447726211
5229,0.3978529918097178,-0.0556443145030983,-0.8472194346545151
5230,0.3968691204234804,-0.0559414258983874,-0.8517462299364409
5231,0.3978529918097178,-0.0557141606532975,-0.8482836120243354
5232,0.3988296288475269,-0.0550080250204231,-0.8375249151113976
5233,0.4017595399609542,-0.0539046771538611,-0.8207142844998864
5234,0.4037128140365724,-0.0525206538868478,-0.7996272777592155
5235,0.4046894510743815,-0.05100311612797,-0.7765060414958002
5236,0.4046894510743815,-0.0495228411696981,-0.753952542022857
5237,0.4046894510743815,-0.0482645379610775,-0.7347810086574895
5238,0.4046894510743815,-0.0474142866091983,-0.7218265617087529
5239,0.4046894510743815,-0.0471437997638465,-0.7177054186130123
5240,0.4046894510743815,-0.0475915035039751,-0.7245266419341261
5241,0.4046894510743815,-0.0488411803411562,-0.7435667437281985
5242,0.4037128140365724,-0.0508999473432824,-0.7749341597868828
5243,0.4017595399609542,-0.0536783710482103,-0.8172662800558487
5244,0.3998062658853359,-0.0569762364801842,-0.8675126250785947
5245,0.3978529918097178,-0.0604776498424146,-0.9208602305206336
5246,0.3949158463478622,-0.0637586379056626,-0.9708494316090468
5247,0.3919859352344348,-0.0663091899417546,-1.0097096944813375
5248,0.3900326611588167,-0.0675698492403416,-1.028917125281515
5249,0.3890487897725793,-0.066980714900769,-1.0199410624610272
5250,0.3910092981966258,-0.0640384134474892,-0.9751120974738368
5251,0.3939392093100531,-0.0583546605694512,-0.8885143226328577
5252,0.3998062658853359,-0.0497088416377143,-0.7567864489493565
5253,0.4095798706118552,-0.0380869072226901,-0.5797144190274105
5254,0.4252205319136574,-0.0237000303498245,-0.3605156693922273
5255,0.444767741366696,-0.0069789647915437,-0.1057531733111003
5256,0.4672520962815901,0.0114563810946812,0.1751281328307604
5257,0.4897364511964843,0.0308486415822941,0.4705890093676042
5258,0.5122208061113784,0.0503689369477295,0.7680006279158237
5259,0.531768015564417,0.0691878532998999,1.0547260215045446
5260,0.5483853139040282,0.0865418681893733,1.319132146512636
5261,0.5620727011302122,0.1017870523264675,1.5514080831415125
5262,0.5728229428945406,0.1144346695761387,1.7441074376637635
5263,0.5806432735454417,0.1241667600234824,1.8923857663271368
5264,0.5845570560451063,0.1308331695926921,1.993955318568375
5265,0.5865103301207246,0.1344341546096926,2.0488199997745
5266,0.5874869671585337,0.1350942166701037,2.0588767187971406
5267,0.5874869671585337,0.1330330213809488,2.0274723053077315
5268,0.5845570560451063,0.1285382171556,1.958989376402596
5269,0.5796666365076326,0.121943100700584,1.8585060475041275
5270,0.5728229428945406,0.1136099712816307,1.7315423176186084
5271,0.5650026122436396,0.1039182347117636,1.5838788214559905
5272,0.5552290075171202,0.0932552133754833,1.421416810770806
5273,0.5435021287149827,0.0820073292032917,1.2500438179820883
5274,0.5298147414887988,0.0705498237625522,1.0754770312679285
5275,0.517103991300424,0.0592342619277141,0.9030729002299966
5276,0.5063537495360956,0.0483743487039552,0.7376110407291169
5277,0.4965801448095762,0.0382316153751911,0.5830761487442273
5278,0.487783177120866,0.0290029887640661,0.4424686053639208
5279,0.479962846469965,0.0208121206409909,0.3176723714855983
5280,0.4740957898946821,0.0137058187306562,0.2094006105578761
5281,0.4672520962815901,0.0076562260188113,0.1172288925431383
5282,0.4623689110925446,0.0025687105491753,0.0397154030242876
5283,0.459431765630689,-0.0017051696492086,-0.0254015228975035
5284,0.4555252174794526,-0.0053507657969293,-0.0809459002016828
5285,0.4535647090554062,-0.0085710553521538,-0.1300102975831453
5286,0.4506347979419788,-0.0115668147752774,-0.1756537492898197
5287,0.4477048868285516,-0.0145181738812753,-0.2206207168586673
5288,0.444767741366696,-0.0175693364761961,-0.2671082924214842
5289,0.4428144672910778,-0.0208179113449786,-0.3166036454175489
5290,0.4398845561776505,-0.0243098212030882,-0.3698064552768604
5291,0.4359707736779858,-0.0280401866299851,-0.4266423790484975
5292,0.4310875884889403,-0.0319599162467074,-0.4863634594807642
5293,0.4271738059892756,-0.0359869941641564,-0.5477201008136133
5294,0.4222906208002301,-0.0400207588402196,-0.6091786217371686
5295,0.4183768383005654,-0.0439570004445049,-0.6691512791489137
5296,0.414470290149329,-0.0477016164783518,-0.7262043254588602
5297,0.4125097817252826,-0.0511809047926377,-0.7792148332188996
5298,0.4105565076496644,-0.0543472794257445,-0.827457781746708
5299,0.407626596536237,-0.0571801089931846,-0.8706188308471974
5300,0.4066499594984279,-0.0596822737449217,-0.9087418640675934
5301,0.4046894510743815,-0.0618737103075282,-0.9421306362572096
5302,0.4037128140365724,-0.0637835558605412,-0.9712290820780906
5303,0.4017595399609542,-0.065442501790916,-0.9965048161282216
5304,0.3998062658853359,-0.0668766558055997,-1.018355615963442
5305,0.3978529918097178,-0.0681036756632243,-1.037050515554619
5306,0.3968691204234804,-0.069131329884905,-1.0527078762480009
5307,0.3968691204234804,-0.0699581492886064,-1.065305313556113
5308,0.3968691204234804,-0.0705755924034883,-1.0747126894549246
5309,0.3968691204234804,-0.0709711612534006,-1.08073958452476
5310,0.3968691204234804,-0.0711320562335612,-1.0831909837259512
5311,0.3978529918097178,-0.0710491119513646,-1.0819272429497184
5312,0.3978529918097178,-0.0707208351295589,-1.076925610593377
5313,0.3988296288475269,-0.070157364833169,-1.0683405656585605
5314,0.400782902923145,-0.0693841179123134,-1.056559359792367
5315,0.4017595399609542,-0.0684447927542326,-1.0422477825145688
5316,0.4027361769987633,-0.0674032880933547,-1.026379396246926
5317,0.4037128140365724,-0.0663439397892463,-1.0102391438668787
5318,0.4037128140365724,-0.0653693034632791,-0.9953895649145508
5319,0.4037128140365724,-0.0645945993360967,-0.9835861570230244
5320,0.4046894510743815,-0.0641380208576277,-0.9766297180074452
5321,0.4046894510743815,-0.0641065081002286,-0.9761495889926158
5322,0.4046894510743815,-0.0645773322967421,-0.9833230760590408
5323,0.4046894510743815,-0.0655768392752411,-0.9985515847808912
5324,0.4037128140365724,-0.0670587748248672,-1.0211303850575957
5325,0.4046894510743815,-0.0688855554211052,-1.0489632515019045
5326,0.4046894510743815,-0.070816447933311,-1.0783823692225627
5327,0.4046894510743815,-0.0725066691518563,-1.10413461420151
5328,0.4046894510743815,-0.0735207006820406,-1.1195844192892472
5329,0.4046894510743815,-0.0733615109133383,-1.1171590007246337
5330,0.4046894510743815,-0.0715149506805519,-1.0890247713342205
5331,0.4046894510743815,-0.0675056579447363,-1.0279391053916889
5332,0.407626596536237,-0.0609579123340367,-0.9281775196439452
5333,0.4134864187630917,-0.0516527216621133,-0.786403444670833
5334,0.4252205319136574,-0.0395717035751742,-0.6023368065548412
5335,0.4418378302532686,-0.0249195130969467,-0.3790957334139764
5336,0.4623689110925446,-0.0081196525541981,-0.1231327153414893
5337,0.4858226686968196,0.0102170904199599,0.156246274819881
5338,0.5073303865739046,0.0293476061635103,0.4477192030946325
5339,0.5268848303753715,0.0484669339206855,0.7390216709806526
5340,0.54643203982841,0.0667840650677796,1.0181018549446492
5341,0.5640259752058304,0.0835925602264733,1.2741964302018869
5342,0.5786899994698235,0.0983268407804086,1.4986882294114887
5343,0.5894402412341518,0.110597651665235,1.6856465544692882
5344,0.597260571885053,0.1202035991340712,1.8320029661378583
5345,0.6021509914225267,0.1271193550869555,1.937371564969299
5346,0.604104265498145,0.1314645495508442,2.0035750364956675
5347,0.605080902535954,0.1334600095090636,2.033977905141449
5348,0.604104265498145,0.1333794367770067,2.032750297351542
5349,0.6021509914225267,0.1315046609850821,2.00418617512629
5350,0.6001977173469085,0.1280913160675427,1.9521803823048205
5351,0.5953072978094348,0.1233494517061448,1.8799332401249609
5352,0.5914007496581983,0.1174406345944805,1.789906382027453
5353,0.5874869671585337,0.110490000440196,1.6840063782077015
5354,0.5826037819694881,0.1026089538159561,1.5639305910083163
5355,0.5757600883563961,0.0939222258790283,1.431579426886876
5356,0.5679397577054951,0.0845922033317954,1.2894270129547918
5357,0.5562056445549294,0.0748341039751107,1.1407524120179222
5358,0.5435021287149827,0.0649176544007595,0.9896651839331536
5359,0.5307913785266078,0.0551539993344576,0.840905936091178
5360,0.5190644997244704,0.0458699075084469,0.6994533235649665
5361,0.5092836606495229,0.0373741125132515,0.5700112176402252
5362,0.5014633299986218,0.029922203047591,0.4564737729465725
5363,0.4956035077717671,0.0236865956766493,0.3614679317897416
5364,0.4916897252721025,0.0187369109429804,0.2860544341768665
5365,0.4897364511964843,0.0150339245902943,0.2296356585386437
5366,0.4887598141586752,0.0124376958208631,0.190079464025049
5367,0.4887598141586752,0.0107280068328079,0.1640306077125603
5368,0.487783177120866,0.009633330762332,0.1473521007631866
5369,0.487783177120866,0.0088634829257048,0.1356226834136641
5370,0.4868065400830569,0.0081410096455365,0.1246150657731458
5371,0.4838693946212014,0.007227136206323,0.1106912714034158
5372,0.4819161205455832,0.0059394860682438,0.0910726076219198
5373,0.4789862094321558,0.0041604612338966,0.0639673489403549
5374,0.4760490639703003,0.0018367757418893,0.0285636293635179
5375,0.4721425158190639,-0.0010281335202867,-0.015086186620634
5376,0.4692053703572084,-0.0043863819817044,-0.0662525287122526
5377,0.4652988222059719,-0.0081599806354342,-0.1237471548101978
5378,0.4613850397063073,-0.012254898448806,-0.1861374061817696
5379,0.4574784915550708,-0.0165730704717947,-0.251929163247125
5380,0.4535647090554062,-0.0210212870570415,-0.3197022819169293
5381,0.4477048868285516,-0.0255165844214338,-0.3881927242985954
5382,0.4428144672910778,-0.0299883117374843,-0.4563240529427202
5383,0.4398845561776505,-0.0343774480089054,-0.5231970227453946
5384,0.4359707736779858,-0.0386340229913719,-0.588050286044312
5385,0.4310875884889403,-0.0427136791737275,-0.6502080108942693
5386,0.4261971689514665,-0.0465744293502413,-0.7090304793718962
5387,0.4222906208002301,-0.050174448374246,-0.7638804426890233
5388,0.4183768383005654,-0.0534713474613278,-0.8141120644612728
5389,0.4154469271871381,-0.0564229775532066,-0.859083160776532
5390,0.4125097817252826,-0.0589895221843817,-0.8981870871538777
5391,0.4095798706118552,-0.0611364922711348,-0.930898367209942
5392,0.407626596536237,-0.0628381871295665,-0.9568254248003468
5393,0.4066499594984279,-0.0640812071219746,-0.9757641027716082
5394,0.4056660881121906,-0.064867685125366,-0.9877468976813304
5395,0.4056660881121906,-0.0652180240233971,-0.9930846682812734
5396,0.4056660881121906,-0.0651730230731233,-0.9923990328845448
5397,0.4056660881121906,-0.064795269802449,-0.9866435763435508
5398,0.4056660881121906,-0.0641695206311498,-0.9771096491996596
5399,0.4046894510743815,-0.0634015091270316,-0.9654082102497192
5400,0.4037128140365724,-0.0626142967420716,-0.9534142262874312
5401,0.4037128140365724,-0.0619410790470384,-0.9431570677472146
5402,0.4027361769987633,-0.0615134720151905,-0.9366420382835892
5403,0.4027361769987633,-0.0614448630816984,-0.9355967111727668
5404,0.4027361769987633,-0.0618094225815517,-0.9411511471522798
5405,0.4037128140365724,-0.062618685414487,-0.953481092189914
5406,0.4037128140365724,-0.0637989612406554,-0.9714637987638958
5407,0.4037128140365724,-0.0651738618121408,-0.992411811929332
5408,0.4027361769987633,-0.0664565849681652,-1.0119554081116937
5409,0.4017595399609542,-0.0672560154517582,-1.0241355472740952
5410,0.400782902923145,-0.0670991521173011,-1.021745574309118
5411,0.4017595399609542,-0.0654700373075879,-0.9969243478221655
5412,0.4037128140365724,-0.0618626037059542,-0.9419614158489702
5413,0.4056660881121906,-0.0558420954736391,-0.85023282955789
5414,0.4095798706118552,-0.0471074015865924,-0.717150855241573
5415,0.4203301123761837,-0.0355452154556632,-0.5409891513954116
5416,0.4330408625645585,-0.0212668643809597,-0.3234439030357665
5417,0.444767741366696,-0.0046202344970801,-0.0698155104088622
5418,0.4652988222059719,0.0138275873830256,0.2112558802303701
5419,0.4926663623099116,0.0333368827025309,0.508499901854315
5420,0.5180806283382331,0.0530659156231764,0.8090918500535274
5421,0.539588346215318,0.0721556689407956,1.099943721174932
5422,0.5591427900167849,0.0898156445459014,1.369011469890292
5423,0.5737995799323498,0.1053972292258997,1.60641281205595
5424,0.5826037819694881,0.118443614661756,1.8051878068007796
5425,0.5865103301207246,0.1287100314020087,1.9616071417671783
5426,0.5894402412341518,0.1361539184344659,2.075022356504828
5427,0.590416878271961,0.1409002210576649,2.147337120132063
5428,0.590416878271961,0.1431910493471575,2.1822402267008525
5429,0.590416878271961,0.1433306763100821,2.1843675859574088
5430,0.5894402412341518,0.1416361974376537,2.1585504712770107
5431,0.5884636041963428,0.1384015576996769,2.109267434218283
5432,0.5865103301207246,0.1338788593407286,2.040359509724376
5433,0.5826037819694881,0.1282767971288666,1.9550063755403568
5434,0.5777133624320144,0.1217725689843577,1.8559078227955768
5435,0.5708696688189224,0.114531304404752,1.7455797678845912
5436,0.5620727011302122,0.1067262486651153,1.6266617793538043
5437,0.5522990964036929,0.0985536104357936,1.502143296508737
5438,0.5435021287149827,0.0902378170189539,1.3754436983052054
5439,0.5337212896400352,0.0820254446360734,1.250319825085641
5440,0.5200411367622795,0.0741687885242651,1.130615652231413
5441,0.5102675320357603,0.0669024490822467,1.0199055562049917
5442,0.5024472013848591,0.0604179926668626,0.9211082459286491
5443,0.4965801448095762,0.054842269162608,0.8361564088312438
5444,0.494626870733958,0.0502241141885054,0.7657941054008146
5445,0.4926663623099116,0.0465321490712971,0.7095432495312475
5446,0.4897364511964843,0.0436638379749339,0.6658416031319965
5447,0.4887598141586752,0.0414636143600053,0.6323189512338788
5448,0.4868065400830569,0.0397463081711711,0.6061540390948733
5449,0.4848460316590105,0.0383215113401556,0.5844458055009786
5450,0.4828927575833923,0.0370148470445783,0.56453744162781
5451,0.479962846469965,0.035683146020103,0.5442476176422144
5452,0.4770257010081094,0.0342220069324488,0.5219856726845177
5453,0.473119152856873,0.0325658209469767,0.4967519892112478
5454,0.4701892417434457,0.0306817647624101,0.4680464707343127
5455,0.4672520962815901,0.028560243663636,0.4357229319784467
5456,0.4643221851681628,0.0262046262835169,0.3998326975026883
5457,0.4613850397063073,0.0236228343027814,0.36049646219628
5458,0.459431765630689,0.0208225585797617,0.3178314041337224
5459,0.4565018545172618,0.0178107830980813,0.271943931432029
5460,0.4535647090554062,0.0145971564679647,0.2229810505134841
5461,0.4506347979419788,0.0111997968259598,0.1712188096762774
5462,0.4467282497907424,0.007651535998429,0.117157435296882
5463,0.4428144672910778,0.0040044959394319,0.0615910585310288
5464,0.4389079191398414,0.0003312401873059,0.005625258929667
5465,0.4340174996023676,-0.0032785278501241,-0.0493732405549609
5466,0.4291270800648938,-0.0067257794151153,-0.1018956357489564
5467,0.4242438948758483,-0.0099135198717138,-0.1504641143995074
5468,0.4203301123761837,-0.0127598517830791,-0.1938308854875902
5469,0.4183768383005654,-0.015210394748831,-0.231167408123244
5470,0.4154469271871381,-0.0172477133843051,-0.2622080364299093
5471,0.4134864187630917,-0.0188958895562098,-0.2873196822202061
5472,0.4125097817252826,-0.0202191934194354,-0.3074815668856361
5473,0.4115331446874735,-0.0213147711969503,-0.3241738122618576
5474,0.4105565076496644,-0.0223002204055876,-0.3391881365152112
5475,0.4095798706118552,-0.0232977350944337,-0.3543862906712523
5476,0.4086032335740461,-0.0244170604877844,-0.3714403552069775
5477,0.407626596536237,-0.025739725731259,-0.3915925098488487
5478,0.4056660881121906,-0.0273069033784664,-0.4154700604638799
5479,0.4037128140365724,-0.0291127844993173,-0.4429845020746848
5480,0.400782902923145,-0.0311045977093391,-0.4733318087905069
5481,0.3978529918097178,-0.033189428021768,-0.5050963259768501
5482,0.3949158463478622,-0.0352469530658554,-0.53644481953751
5483,0.3919859352344348,-0.0371462870522721,-0.565383110915215
5484,0.3900326611588167,-0.0387644723377858,-0.5900378149484193
5485,0.3880721527347702,-0.0400038983430972,-0.6089217348589312
5486,0.3870955156969611,-0.0408060971610945,-0.6211440524208112
5487,0.3870955156969611,-0.0411599287767151,-0.6265350381372257
5488,0.3870955156969611,-0.0411030306262101,-0.6256681367549825
5489,0.3880721527347702,-0.0407164274497778,-0.6197778428692552
5490,0.3890487897725793,-0.0401132157210996,-0.6105872966610701
5491,0.3900326611588167,-0.0394230948406546,-0.6000726008429677
5492,0.3910092981966258,-0.0387750894081056,-0.5901995768484796
5493,0.3910092981966258,-0.0382810168264495,-0.5826718769115806
5494,0.3919859352344348,-0.0380220857358824,-0.5787267975315639
5495,0.3919859352344348,-0.038040506248169,-0.5790074528326792
5496,0.3910092981966258,-0.0383372298285687,-0.5835283393590357
5497,0.3900326611588167,-0.0388759984833641,-0.5917370295784202
5498,0.3880721527347702,-0.0395928694403175,-0.6026592901081069
5499,0.386118878659152,-0.0404094402093149,-0.61510057900872
5500,0.3851422416213429,-0.0412473177924987,-0.6278664989650959
5501,0.3831889675457247,-0.0420411266982868,-0.6399609876533394
5502,0.3822123305079156,-0.0427476273436401,-0.6507252459038548
5503,0.3831889675457247,-0.0433493087448678,-0.6598924760117739
5504,0.3841656045835338,-0.0438520143797241,-0.6675517093234101
5505,0.386118878659152,-0.0442775358660956,-0.6740349633735965
5506,0.3870955156969611,-0.0446533299721877,-0.6797605700430343
5507,0.386118878659152,-0.0450022054999214,-0.6850760447032626
5508,0.3851422416213429,-0.0453347345597004,-0.6901424642441425
5509,0.3841656045835338,-0.0456462775014008,-0.6948891388617027
5510,0.3822123305079156,-0.0459191540658203,-0.6990466917659268
5511,0.3802518220838691,-0.0461290645230942,-0.7022448917766998
5512,0.3802518220838691,-0.0462537567019489,-0.7041447043583858
5513,0.3812284591216783,-0.0462814226827686,-0.7045662238067484
5514,0.3812284591216783,-0.0462164960014993,-0.703576999565938
5515,0.3822123305079156,-0.0460812973376279,-0.7015171099641264
5516,0.3841656045835338,-0.0459130721926176,-0.6989540282216947
5517,0.3851422416213429,-0.0457570802675926,-0.6965773320686085
5518,0.386118878659152,-0.0456572939010254,-0.6950569849512003
5519,0.386118878659152,-0.0456467652290392,-0.6948965698899546
5520,0.386118878659152,-0.0457397367816963,-0.6963130863635553
5521,0.386118878659152,-0.0459271354568093,-0.6991682964019156
5522,0.3851422416213429,-0.0461763556206607,-0.7029654199043162
5523,0.3851422416213429,-0.0464353930608116,-0.7069121196287621
5524,0.3851422416213429,-0.0466406069332611,-0.710038762377305
5525,0.3851422416213429,-0.0467267855283129,-0.7113517812102039
5526,0.3851422416213429,-0.0466378372648516,-0.7099965636528959
5527,0.3851422416213429,-0.0463363277924395,-0.7054027591781702
5528,0.3851422416213429,-0.0458102265911954,-0.6973870705396044
5529,0.3870955156969611,-0.0450756208883145,-0.6861946030590445
5530,0.3900326611588167,-0.0441748112596513,-0.6724698491734586
5531,0.3919859352344348,-0.0431700593167438,-0.6571614280668437
5532,0.3939392093100531,-0.042134123594453,-0.641377890261162
5533,0.3949158463478622,-0.0411393373465288,-0.6262213066866875
5534,0.3968691204234804,-0.0402471768616738,-0.6126283313326708
5535,0.3968691204234804,-0.0395000423462794,-0.6012449746089734
5536,0.3978529918097178,-0.0389164564030894,-0.5923534472689999
5537,0.3988296288475269,-0.0384902424506017,-0.5858596427909357
5538,0.3998062658853359,-0.0381936193940961,-0.5813402878486811
5539,0.400782902923145,-0.0379836275524282,-0.5781408478636203
5540,0.400782902923145,-0.0378108979091548,-0.5755091354937264
5541,0.400782902923145,-0.0376294617505623,-0.5727447704787525
5542,0.400782902923145,-0.0374060693746571,-0.5693411596805807
5543,0.400782902923145,-0.0371274150356754,-0.5650955764852168
5544,0.4017595399609542,-0.0368038605294463,-0.5601658934253714
5545,0.4046894510743815,-0.0364687829363826,-0.5550606443793566
5546,0.4066499594984279,-0.0361734975272839,-0.5505616698602916
5547,0.407626596536237,-0.0359786248991094,-0.5475925865205615
5548,0.407626596536237,-0.0359434862986427,-0.5470572140867599
5549,0.407626596536237,-0.0361153968501521,-0.5496764467578219
5550,0.407626596536237,-0.0365205707154212,-0.5558496840376478
5551,0.407626596536237,-0.0371579295577972,-0.5655604963669897
5552,0.4066499594984279,-0.0379966201402854,-0.5783388031973589
5553,0.407626596536237,-0.0389776148898381,-0.593285259221195
5554,0.407626596536237,-0.0400194126534396,-0.6091581112079163
5555,0.407626596536237,-0.0410275352058695,-0.6245178869900001
5556,0.4066499594984279,-0.0419071482282924,-0.637919688950339
5557,0.4056660881121906,-0.0425776577950105,-0.6481355863922805
5558,0.4056660881121906,-0.0429875786198794,-0.6543811484454428
5559,0.4056660881121906,-0.0431274917401018,-0.6565128676004284
5560,0.4056660881121906,-0.0430386927653272,-0.6551599246085974
5561,0.4066499594984279,-0.0428152911384876,-0.6517561728630004
5562,0.407626596536237,-0.042598070069044,-0.6484465882160185
5563,0.407626596536237,-0.0425592997959968,-0.6478558835446669
5564,0.407626596536237,-0.0428788156488412,-0.6527240335991242
5565,0.407626596536237,-0.0437129160560288,-0.6654324044249393
5566,0.407626596536237,-0.0451589106999526,-0.6874636083288994
5567,0.407626596536237,-0.0472193629416947,-0.7188567007327631
5568,0.407626596536237,-0.0497710721680232,-0.7577345945791125
5569,0.407626596536237,-0.0525443959094388,-0.7999890116999274
5570,0.407626596536237,-0.0551183461411174,-0.8392057699576743
5571,0.407626596536237,-0.0569357808017189,-0.8668962415358982
5572,0.407626596536237,-0.0573408466917868,-0.8730678337033553
5573,0.407626596536237,-0.055637706182412,-0.8471187501456793
5574,0.4086032335740461,-0.0511658416444626,-0.7789853307859025
5575,0.4125097817252826,-0.043383489709828,-0.6604132578914556
5576,0.4193534753383746,-0.031947828227199,-0.4861792861688479
5577,0.4330408625645585,-0.0167792732371121,-0.255070872787584
5578,0.4525880720175971,0.0019017189536134,0.0295531054626749
5579,0.4789862094321558,0.0235734315834192,0.3597437613558915
5580,0.5083070236117138,0.0474497896958089,0.7235244408130611
5581,0.5405649832531272,0.0725514128960637,1.105973284153542
5582,0.5708696688189224,0.0978007898192028,1.490673306231172
5583,0.598237208922862,0.1221273220533109,1.861312847793772
5584,0.6216982008755654,0.1445665387527324,2.203197211354493
5585,0.640276007639223,0.164339380109373,2.504456625778547
5586,0.6529795234791697,0.1809016462718274,2.7567996510241644
5587,0.6607998541300707,0.1939595191166701,2.95574966816674
5588,0.6676435477431627,0.203453204318851,3.100395649649557
5589,0.6725339672806364,0.2095159106648841,3.192767167262403
5590,0.6744872413562547,0.212418578789973,3.23699227805246
5591,0.6764405154318729,0.2125115564753896,3.2384088879649098
5592,0.6764405154318729,0.2101729753699542,3.2027782185179
5593,0.6764405154318729,0.2057705337713304,3.1357025284784363
5594,0.6735106043184456,0.1996395625444125,3.0422909257473147
5595,0.6686201847809718,0.1920765258605905,2.9270603444899246
5596,0.6607998541300707,0.1833442503500019,2.794015216606676
5597,0.6510262494035515,0.1736836529067318,2.6468261568123617
5598,0.640276007639223,0.1633266099412126,2.489026038828347
5599,0.6304951685642756,0.1525055815069286,2.3241566287734488
5600,0.618768289762138,0.1414571997466967,2.1558232588046944
5601,0.6070414109600005,0.1304188160806368,1.9876422200027808
5602,0.5962839348472438,0.1196186768307178,1.8230910779871636
5603,0.5855336930829155,0.1092617617589161,1.665292908594439
5604,0.5757600883563961,0.0995142124078004,1.516779047757718
5605,0.566963120667686,0.090489591144094,1.3792797340139205
5606,0.5581589186305476,0.0822399316952408,1.2535877542962603
5607,0.5522990964036929,0.0747537281854305,1.1395278048460855
5608,0.5474086768662192,0.0679617735004989,1.0360454446596463
5609,0.5435021287149827,0.0617502776259858,0.9414069667544568
5610,0.539588346215318,0.0559792520424875,0.8534795031920669
5611,0.5347051610262725,0.0505030869000351,0.7700445393268169
5612,0.5298147414887988,0.0451898641361401,0.6890921688665144
5613,0.523947684913516,0.0399363348953039,0.6090492901417311
5614,0.5190644997244704,0.0346765019635674,0.5289103682537485
5615,0.5131974431491875,0.0293830934976908,0.4482598888424144
5616,0.5063537495360956,0.0240625752194556,0.3671963637767412
5617,0.5004866929608127,0.018745463464451,0.2861847405685281
5618,0.4965801448095762,0.0134743708228299,0.2058742655109612
5619,0.4926663623099116,0.0082923074295791,0.1269202418984285
5620,0.487783177120866,0.003233286759304,0.0498408997241481
5621,0.4838693946212014,-0.0016835520165453,-0.0250721562050836
5622,0.479962846469965,-0.0064560055469484,-0.097785355588155
5623,0.4770257010081094,-0.011097528954132,-0.1685037009418975
5624,0.473119152856873,-0.0156336333077726,-0.2376158794445195
5625,0.4692053703572084,-0.0200971972351691,-0.3056228305325175
5626,0.4633455481303537,-0.0245237917458832,-0.373066514833489
5627,0.4574784915550708,-0.0289476430841646,-0.4404684041032948
5628,0.4525880720175971,-0.0333982337714499,-0.5082776946402071
5629,0.4477048868285516,-0.0378970667595529,-0.5768220058568827
5630,0.4457443784045051,-0.0424540620608533,-0.6462524792643815
5631,0.4428144672910778,-0.0470634906736575,-0.7164818276759848
5632,0.4398845561776505,-0.0517000771391476,-0.7871249536853345
5633,0.4359707736779858,-0.0563165339717896,-0.8574613841978151
5634,0.4310875884889403,-0.0608439597857076,-0.9264413362921162
5635,0.4252205319136574,-0.0651960827823168,-0.992750371084408
5636,0.4203301123761837,-0.0692773903217804,-1.054933256044963
5637,0.4154469271871381,-0.0729940906228754,-1.1115609776810111
5638,0.4115331446874735,-0.0762659963272568,-1.1614117997643847
5639,0.4095798706118552,-0.079037093971637,-1.203632300025339
5640,0.4086032335740461,-0.08128286839834,-1.2378489650212297
5641,0.4086032335740461,-0.0830132776899529,-1.264213516301573
5642,0.4086032335740461,-0.0842713409260203,-1.2833813934402227
5643,0.4086032335740461,-0.0851282460500882,-1.2964372173978134
5644,0.407626596536237,-0.0856764021356664,-1.3047889347041786
5645,0.4066499594984279,-0.0860218155673374,-1.310051660798143
5646,0.4046894510743815,-0.0862766425875479,-1.3139342104784526
5647,0.4037128140365724,-0.0865520137626056,-1.3181297713212694
5648,0.4027361769987633,-0.0869505662384175,-1.3242021249761995
5649,0.4027361769987633,-0.0875578339450423,-1.3334544681471512
5650,0.4017595399609542,-0.0884318546638536,-1.3467710656555387
5651,0.400782902923145,-0.0895909878115551,-1.3644316419489295
5652,0.400782902923145,-0.0910008034707894,-1.3859116221038377
5653,0.3998062658853359,-0.0925617808656727,-1.4096947055479272
5654,0.3998062658853359,-0.0941002453685437,-1.4331347821098854
5655,0.3988296288475269,-0.0953652981476504,-1.452409152068921
5656,0.3978529918097178,-0.0960343065500317,-1.462602177740392
5657,0.3998062658853359,-0.0957287705947508,-1.457947025690507
5658,0.4017595399609542,-0.0940411256586965,-1.4322340330041683
5659,0.4037128140365724,-0.0905714230223197,-1.3793695728283717
5660,0.407626596536237,-0.0849710072732623,-1.2940415241852434
5661,0.4125097817252826,-0.0769884964107504,-1.1724198257809142
5662,0.4193534753383746,-0.0665119172522343,-1.0127984519209643
5663,0.4310875884889403,-0.0536002192461832,-0.8160755576052808
5664,0.4467282497907424,-0.0384980026380099,-0.585977877164653
5665,0.466275459243781,-0.0216293194729095,-0.3289662762135162
5666,0.4868065400830569,-0.0035695939566264,-0.0538079296935618
5667,0.5073303865739046,0.0150015948153751,0.2291430814282049
5668,0.5278614674131806,0.0333607699715625,0.50886384877276
5669,0.5474086768662192,0.0508054721514414,0.7746516871881707
5670,0.5640259752058304,0.0667146552312473,1.0170443252587615
5671,0.5777133624320144,0.080596180597339,1.2285435290237765
5672,0.5874869671585337,0.0921152749026317,1.4040486849351437
5673,0.5933540237338165,0.1011011506011583,1.5409576704571617
5674,0.5953072978094348,0.107532829263403,1.63895085780961
5675,0.5962839348472438,0.111508814978747,1.699529057308523
5676,0.5962839348472438,0.1132078735760275,1.725415948770229
5677,0.597260571885053,0.1128491908315355,1.7199510511553302
5678,0.5953072978094348,0.1106594066747495,1.6865874550545166
5679,0.5923773866960075,0.1068517375821917,1.6285737310552957
5680,0.5894402412341518,0.1016192463372152,1.5488513876647636
5681,0.5865103301207246,0.0951410204100935,1.4501490052347357
5682,0.5806432735454417,0.0875972027138863,1.3352112448648563
5683,0.5737995799323498,0.0791869940227263,1.2070731336150011
5684,0.5640259752058304,0.0701432961589841,1.0692831684037525
5685,0.5513224593658839,0.0607387092248735,0.9259946899515268
5686,0.539588346215318,0.0512798735133316,0.781879676019276
5687,0.5288381044509897,0.0420900467386265,0.6418632877384708
5688,0.5190644997244704,0.0334825716507148,0.5107196216419922
5689,0.5092836606495229,0.0257298963623139,0.392599702735188
5690,0.5014633299986218,0.0190337586778576,0.2905772123233759
5691,0.4956035077717671,0.0135020147596165,0.2062954490959855
5692,0.4916897252721025,0.00913649431097,0.1397822904510448
5693,0.4897364511964843,0.0058343935646474,0.0894714160924497
5694,0.4887598141586752,0.003403388242458,0.0524325693928286
5695,0.487783177120866,0.0015882917635917,0.0247777223992386
5696,0.487783177120866,0.000105152047949,0.0021805754245313
5697,0.4868065400830569,-0.001322471593365,-0.0195707275087594
5698,0.4838693946212014,-0.0029304985776231,-0.044070659456728
5699,0.4828927575833923,-0.004889261511046,-0.0739144114838157
5700,0.4780023380459186,-0.0072895110506962,-0.1104846624530208
5701,0.4711658787812548,-0.0101405919548591,-0.1539237892922829
5702,0.4672520962815901,-0.0133797824725675,-0.2032761621238716
5703,0.4633455481303537,-0.0168900381590695,-0.2567584893989622
5704,0.459431765630689,-0.0205223813832992,-0.3121009448903736
5705,0.4565018545172618,-0.0241190846383413,-0.36690038908392
5706,0.4535647090554062,-0.0275344405590015,-0.4189368215899779
5707,0.4506347979419788,-0.0306509437695846,-0.4664199281064642
5708,0.4477048868285516,-0.0333897951666705,-0.5081491238855773
5709,0.444767741366696,-0.035715554503741,-0.5435844406081192
5710,0.4428144672910778,-0.037635418045785,-0.5728355207143186
5711,0.4408611932154596,-0.0391940012666623,-0.5965821264743937
5712,0.4389079191398414,-0.0404647307504672,-0.6159429868220583
5713,0.4369474107157949,-0.0415390556503939,-0.6323114229216278
5714,0.4369474107157949,-0.0425147182075086,-0.647176637552662
5715,0.4359707736779858,-0.0434843046109127,-0.6619492757817622
5716,0.4340174996023676,-0.0445252275119354,-0.6778087983443791
5717,0.4320642255267494,-0.0456921153570239,-0.6955875253654124
5718,0.4301109514511312,-0.0470122599722251,-0.7157012756634702
5719,0.4281504430270847,-0.048484355136147,-0.7381301476227677
5720,0.4261971689514665,-0.0500803687990243,-0.7624470443610165
5721,0.4242438948758483,-0.0517501253871776,-0.7878874898136794
5722,0.4232672578380392,-0.0534280465497161,-0.8134523308882936
5723,0.4213067494139927,-0.0550414595024113,-0.8380343235612839
5724,0.4193534753383746,-0.0565198510754466,-0.8605591277383272
5725,0.4183768383005654,-0.057804345162912,-0.8801297058682643
5726,0.4154469271871381,-0.0588564825157752,-0.896160092047982
5727,0.4134864187630917,-0.0596651299930756,-0.9084806615146048
5728,0.4115331446874735,-0.0602501532255524,-0.9173940874234836
5729,0.4105565076496644,-0.0606615070396532,-0.9236614825298268
5730,0.4105565076496644,-0.0609727756293592,-0.9284039771148014
5731,0.4105565076496644,-0.0612689706713167,-0.9329168108186664
5732,0.4105565076496644,-0.0616294517869699,-0.9384091084532774
5733,0.4105565076496644,-0.0621079293077213,-0.945699201723976
5734,0.4105565076496644,-0.0627123829038689,-0.9549086690502682
5735,0.4095798706118552,-0.0633881849664234,-0.96520520306678
5736,0.4086032335740461,-0.0640076543064294,-0.9746434505729326
5737,0.4086032335740461,-0.0643686805207369,-0.9801440533417642
5738,0.4086032335740461,-0.0642040364310774,-0.9776355326317376
5739,0.4095798706118552,-0.0632016667689513,-0.9623634080037246
5740,0.4105565076496644,-0.0610347314642356,-0.929347937479342
5741,0.4115331446874735,-0.0573986110860899,-0.8739479331937843
5742,0.414470290149329,-0.0520506267375235,-0.7924659345200311
5743,0.4193534753383746,-0.044847172337181,-0.6827139562719104
5744,0.4281504430270847,-0.0357726545852048,-0.5444544186145717
5745,0.4389079191398414,-0.0249553515385952,-0.379641768642306
5746,0.4535647090554062,-0.0126670496155344,-0.1924169497690188
5747,0.4692053703572084,0.0006942016273871,0.0111553468378801
5748,0.4838693946212014,0.0146362148226901,0.2235761444031637
5749,0.4956035077717671,0.0286154363920515,0.436563849514931
5750,0.5092836606495229,0.0420847731984227,0.6417829399723058
5751,0.523947684913516,0.0545404898691782,0.831558493357986
5752,0.5356817980640817,0.0655625628388366,0.9994910220566656
5753,0.5444787657527919,0.0748438115987583,1.1409003175699253
5754,0.5503385879796465,0.082204605998812,1.253049531264562
5755,0.553275733441502,0.0875919740483085,1.335131580809409
5756,0.5552290075171202,0.0910642865263362,1.3880358045858592
5757,0.5552290075171202,0.0927649181154673,1.4139466621835013
5758,0.5542523704793112,0.0928898999397293,1.415850887808524
5759,0.5513224593658839,0.0916552759326464,1.397040131241018
5760,0.5483853139040282,0.0892695675518204,1.3606914296644073
5761,0.545455402790601,0.0859155140445861,1.3095890019803351
5762,0.5435021287149827,0.0817432741677812,1.2460206700723468
5763,0.5405649832531272,0.076874857810616,1.1718453791023666
5764,0.5376350721396999,0.071417158599516,1.088691762544045
5765,0.5327446526022261,0.0654791241842661,0.9982197490128552
5766,0.5268848303753715,0.0591877989952268,0.9023649900424278
5767,0.5180806283382331,0.0526984341854366,0.803492895368746
5768,0.5092836606495229,0.0461954801573561,0.7044137550878712
5769,0.5004866929608127,0.0398836351604398,0.608246355905872
5770,0.4926663623099116,0.0339705867508246,0.5181550296664339
5771,0.4858226686968196,0.028645014845872,0.4370145074409624
5772,0.4809394835077741,0.0240543892560358,0.3670716422710221
5773,0.4789862094321558,0.0202869532135801,0.3096709098442126
5774,0.4770257010081094,0.0173611889103157,0.2650939052121385
5775,0.4750724269324912,0.0152243902171272,0.2325375967159972
5776,0.4740957898946821,0.0137602068067875,0.2102292683957373
5777,0.473119152856873,0.0128035795677893,0.1956540762599894
5778,0.473119152856873,0.0121605548837632,0.185856939051641
5779,0.4721425158190639,0.0116300556200149,0.1777742414430076
5780,0.4711658787812548,0.0110247377085623,0.16855160539109
5781,0.4692053703572084,0.0101884952496252,0.1558105982211056
5782,0.4682287333193992,0.0090088823588874,0.1378379921448733
5783,0.466275459243781,0.0074235436299741,0.1136837389183487
5784,0.4643221851681628,0.005420543340135,0.0831659856261299
5785,0.4604084026684982,0.0030331799029076,0.0467920675764117
5786,0.4574784915550708,0.0003304463047639,0.0056131633190559
5787,0.4545485804416435,-0.0025952810831196,-0.0389632788695214
5788,0.4506347979419788,-0.0056415389807711,-0.0853761263646505
5789,0.4477048868285516,-0.0087083333683387,-0.1321018682392397
5790,0.444767741366696,-0.0117085370519589,-0.1778130327895365
5791,0.4428144672910778,-0.0145751957847345,-0.2214895037434462
5792,0.4398845561776505,-0.0172653783722687,-0.262477180547021
5793,0.437924047753604,-0.0197607359835641,-0.3004965000367304
5794,0.4349941366401767,-0.0220653060284682,-0.3356089762714046
5795,0.4320642255267494,-0.0242012430049683,-0.368152155634496
5796,0.4291270800648938,-0.0262031114215897,-0.3986526636832711
5797,0.4271738059892756,-0.0281112427416295,-0.4277249914155892
5798,0.4252205319136574,-0.029964577115048,-0.4559624317509164
5799,0.4232672578380392,-0.031793473881084,-0.4838275402014533
5800,0.4222906208002301,-0.0336131758680186,-0.5115525568099588
5801,0.4213067494139927,-0.0354188574182059,-0.5390639577580604
5802,0.4203301123761837,-0.0371833407074361,-0.5659476611614661
5803,0.4183768383005654,-0.0388584896286414,-0.5914702643105532
5804,0.4164235642249472,-0.0403808792174115,-0.6146654231532214
5805,0.4134864187630917,-0.0416815847627722,-0.6344829993864867
5806,0.4115331446874735,-0.0426989771006342,-0.6499840098085872
5807,0.4095798706118552,-0.0433925042237895,-0.6605506032101367
5808,0.4086032335740461,-0.0437548623264671,-0.6660714986573559
5809,0.4086032335740461,-0.0438199096461419,-0.6670625609473744
5810,0.4095798706118552,-0.0436642070437266,-0.6646902729194739
5811,0.4105565076496644,-0.0434010756791369,-0.6606811980787316
5812,0.4105565076496644,-0.0431673143897969,-0.6571196063038637
5813,0.4105565076496644,-0.0431039412269651,-0.6561540515016705
5814,0.4115331446874735,-0.0433333002746458,-0.6596485706327786
5815,0.4115331446874735,-0.0439355087858628,-0.6688238317992515
5816,0.4095798706118552,-0.0449274816225698,-0.683937550183006
5817,0.4086032335740461,-0.0462476327535989,-0.7040513997563508
5818,0.407626596536237,-0.0477488157457156,-0.7269234544596341
5819,0.4056660881121906,-0.0492012019562594,-0.7490520404030523
5820,0.4046894510743815,-0.0503057228600457,-0.7658805434336518
5821,0.4037128140365724,-0.0507175161622075,-0.7721546345890612
5822,0.4046894510743815,-0.0500775968900775,-0.7624048114997354
5823,0.4056660881121906,-0.0480498291898258,-0.7315097014370293
5824,0.407626596536237,-0.0443593188245108,-0.6752810101969963
5825,0.4115331446874735,-0.0388277025972387,-0.5910011924718153
5826,0.4174002012627563,-0.031400636127575,-0.4778422561721533
5827,0.4261971689514665,-0.0221632644622909,-0.3371014729682141
5828,0.437924047753604,-0.0113407328411751,-0.1722091603280697
5829,0.4525880720175971,0.0007171893548982,0.0115055883233613
5830,0.4672520962815901,0.0135658326069745,0.2072677791206947
5831,0.4828927575833923,0.0267057484786786,0.4074678054948236
5832,0.4965801448095762,0.0396274934623079,0.6043437757659224
5833,0.5092836606495229,0.051854632535627,0.790636716212364
5834,0.5190644997244704,0.0629790595994129,0.9601287139779614
5835,0.5278614674131806,0.0726843825256565,1.1079992121435955
5836,0.5337212896400352,0.0807554941804357,1.23097083402703
5837,0.5376350721396999,0.0870750275229388,1.3272553729992898
5838,0.5405649832531272,0.0916096455049965,1.3963449051141414
5839,0.5425254916771737,0.0943906056807887,1.438715671104959
5840,0.5444787657527919,0.0954934880209955,1.4555192089474218
5841,0.5444787657527919,0.0950213411649792,1.4483255698138202
5842,0.5435021287149827,0.0930940106093181,1.4189607221357674
5843,0.5425254916771737,0.089844474057216,1.3694507169130197
5844,0.539588346215318,0.0854210832035421,1.3020558435960912
5845,0.5356817980640817,0.0799931016612489,1.2193550060461738
5846,0.5298147414887988,0.0737561466753145,1.1243286325998123
5847,0.5210177738000886,0.0669342608161814,1.0203902404324188
5848,0.5122208061113784,0.0597763172375531,0.911331665992698
5849,0.5044004754604773,0.0525460028847433,0.8011704489606409
5850,0.4965801448095762,0.0455062603383618,0.6939127878604199
5851,0.4897364511964843,0.0389003587484876,0.593265136427154
5852,0.4828927575833923,0.032932470562698,0.5023382702387799
5853,0.4780023380459186,0.0277507364786385,0.4233892639878062
5854,0.473119152856873,0.0234353973942274,0.3576406696324324
5855,0.4711658787812548,0.0199937723461474,0.3052040001649191
5856,0.4692053703572084,0.0173627990647321,0.265118437557686
5857,0.4682287333193992,0.0154187105627974,0.235498265468221
5858,0.466275459243781,0.0139924199741096,0.2137672729519472
5859,0.4652988222059719,0.0128885223993818,0.1969482669756037
5860,0.4643221851681628,0.0119055761559698,0.1819720779515021
5861,0.4633455481303537,0.0108554386584242,0.1659721616082154
5862,0.4613850397063073,0.0095797826906453,0.1465362412501857
5863,0.459431765630689,0.0079624024277576,0.1218938025581395
5864,0.4584551285928799,0.0059364579663842,0.0910264714001909
5865,0.4555252174794526,0.0034863357464437,0.053696359256306
5866,0.4525880720175971,0.0006442844398046,0.010394807549188
5867,0.4496581609041697,-0.0025175672230022,-0.037779228910827
5868,0.4457443784045051,-0.0058987773778448,-0.0892954158320582
5869,0.4418378302532686,-0.0093843288133179,-0.1424013486343205
5870,0.437924047753604,-0.012858847882026,-0.1953391920714081
5871,0.4340174996023676,-0.0162195089990442,-0.2465422934329923
5872,0.4301109514511312,-0.0193859555123003,-0.2947863371282224
5873,0.4281504430270847,-0.0223059694967198,-0.3392757297850259
5874,0.4261971689514665,-0.0249562960298452,-0.3796561589302657
5875,0.4252205319136574,-0.0273388859848418,-0.4159573481073006
5876,0.4232672578380392,-0.0294736814070986,-0.4484831347266447
5877,0.4222906208002301,-0.0313896936727416,-0.4776755367070035
5878,0.4203301123761837,-0.0331163332339755,-0.5039826522983617
5879,0.4174002012627563,-0.0346766880306118,-0.5277562498228543
5880,0.4154469271871381,-0.0360838040616441,-0.549195098387384
5881,0.4134864187630917,-0.0373401964479593,-0.5683375184251113
5882,0.4125097817252826,-0.038440064281727,-0.5850951271859497
5883,0.4115331446874735,-0.0393731999941802,-0.5993124019438546
5884,0.4105565076496644,-0.0401294437014167,-0.6108345465003542
5885,0.4105565076496644,-0.0407026800085546,-0.6195683865742275
5886,0.4105565076496644,-0.0410937020192465,-0.6255260059089115
5887,0.4105565076496644,-0.0413116686219723,-0.6288469495161954
5888,0.4105565076496644,-0.04137425927684,-0.6298005820110785
5889,0.4115331446874735,-0.0413069027549544,-0.6287743366690511
5890,0.4115331446874735,-0.0411415728446913,-0.6262553667823123
5891,0.4115331446874735,-0.0409155899799005,-0.6228122872426142
5892,0.4115331446874735,-0.0406706535353807,-0.6190804305753698
5893,0.4115331446874735,-0.0404520025325758,-0.6157490594345137
5894,0.4115331446874735,-0.0403072544913263,-0.6135436753240906
5895,0.4105565076496644,-0.0402842063780065,-0.6131925137991957
5896,0.4086032335740461,-0.040426777613134,-0.6153647320471209
5897,0.4086032335740461,-0.0407684022753858,-0.6205697323728949
5898,0.4086032335740461,-0.041322616629811,-0.6290137535870473
5899,0.4095798706118552,-0.0420713767883914,-0.6404218786435019
5900,0.4105565076496644,-0.0429526654663134,-0.653849210925221
5901,0.4105565076496644,-0.0438499086417271,-0.667519626256315
5902,0.4105565076496644,-0.0445862545906996,-0.6787386081618406
5903,0.4105565076496644,-0.0449266031204066,-0.6839241653061194
5904,0.4105565076496644,-0.0445893532269556,-0.6787858190470725
5905,0.4105565076496644,-0.0432683065443255,-0.658658324831259
5906,0.4115331446874735,-0.0406632998858857,-0.6189683902215943
5907,0.414470290149329,-0.0365162952079542,-0.5557845423186282
5908,0.4183768383005654,-0.0306482075180208,-0.4663782385217981
5909,0.4261971689514665,-0.0229910309621563,-0.349713340252809
5910,0.4349941366401767,-0.0136100269290191,-0.2067841713610821
5911,0.4457443784045051,-0.002711876026728,-0.0407397218097504
5912,0.459431765630689,0.0093634005268231,0.1432394381863715
5913,0.4740957898946821,0.0221665705747842,0.3383087983178113
5914,0.4887598141586752,0.0351767188908778,0.5365316835664271
5915,0.5034238384226682,0.0478473666058693,0.7295819307282926
5916,0.517103991300424,0.0596549527061941,0.9094825535161654
5917,0.5278614674131806,0.0701430603074445,1.0692795749648818
5918,0.5356817980640817,0.0789565359801777,1.203561870175658
5919,0.5415416202909363,0.0858614679245539,1.308765554192579
5920,0.5435021287149827,0.0907495264534402,1.3832401136917492
5921,0.5444787657527919,0.0936279103629953,1.427095229678353
5922,0.5435021287149827,0.0945985029399076,1.4418831979875577
5923,0.5425254916771737,0.0938313213717908,1.4301944039594716
5924,0.5405649832531272,0.0915376502660953,1.3952479841849996
5925,0.538611709177509,0.0879473789384289,1.340546536968209
5926,0.5366584351018908,0.0832932987079205,1.2696368755980365
5927,0.5327446526022261,0.0778029531829274,1.1859858591350103
5928,0.5278614674131806,0.0716966368266431,1.092949898516006
5929,0.5219944108378977,0.0651887889707641,0.9937961957749226
5930,0.5151507172248058,0.0584895964023112,0.8917271610881957
5931,0.5083070236117138,0.0518040900305848,0.7898666495740948
5932,0.4995100559230035,0.0453271784528384,0.6911842925979718
5933,0.4916897252721025,0.0392345644760366,0.5983571017123941
5934,0.4858226686968196,0.0336709467441022,0.5135897084091076
5935,0.4809394835077741,0.028737933267668,0.438430214411679
5936,0.4770257010081094,0.0244844305822098,0.373623760692678
5937,0.473119152856873,0.0209019032251633,0.3190403007702871
5938,0.4701892417434457,0.0179260129657388,0.2736995760472123
5939,0.4692053703572084,0.0154449912312157,0.235898678268565
5940,0.4692053703572084,0.0133138685342957,0.2034288493674035
5941,0.4682287333193992,0.0113725640195875,0.1738510941641357
5942,0.466275459243781,0.0094650599534665,0.1447883232853252
5943,0.4643221851681628,0.0074566807292245,0.1141886164387732
5944,0.4613850397063073,0.0052469427263845,0.0805210031322726
5945,0.4584551285928799,0.0027763975202589,0.0428797259540894
5946,0.4545485804416435,2.7076714667437672e-05,0.000991018053331
5947,0.4506347979419788,-0.0029827258142179,-0.0448663946993138
5948,0.4486815238663607,-0.0062077574131968,-0.0940030419561916
5949,0.4457443784045051,-0.0095872019857074,-0.1454923284289813
5950,0.4418378302532686,-0.0130561847681572,-0.1983458208956558
5951,0.437924047753604,-0.0165557138682494,-0.2516647176813039
5952,0.4349941366401767,-0.0200398323381388,-0.3047488177906897
5953,0.4320642255267494,-0.0234792635638559,-0.3571520621359113
5954,0.4291270800648938,-0.0268614024502792,-0.4086823992304591
5955,0.4271738059892756,-0.0301870986199662,-0.4593527739409579
5956,0.4242438948758483,-0.0334651837773868,-0.509297746296944
5957,0.4203301123761837,-0.0367059813552189,-0.5586746043293734
5958,0.4164235642249472,-0.0399150253452043,-0.6075676640493591
5959,0.4134864187630917,-0.0430879415267656,-0.655910279742917
5960,0.4105565076496644,-0.0462070558123229,-0.7034331686509957
5961,0.407626596536237,-0.0492399592942289,-0.7496425479952961
5962,0.4046894510743815,-0.0521400542588676,-0.793828454060222
5963,0.4017595399609542,-0.0548490043426619,-0.8351020728198132
5964,0.400782902923145,-0.0573009655676994,-0.8724602040828855
5965,0.3998062658853359,-0.05942845404723,-0.9048746619737368
5966,0.3968691204234804,-0.0611696669904627,-0.9314038179106352
5967,0.3958924833856713,-0.0624769350917678,-0.9513213813801944
5968,0.3949158463478622,-0.0633256989423507,-0.9642531647288246
5969,0.3939392093100531,-0.0637230374129796,-0.9703070217760118
5970,0.3939392093100531,-0.0637144777430618,-0.9701766064704628
5971,0.3949158463478622,-0.0633877040964614,-0.9651978765222254
5972,0.3949158463478622,-0.0628718991749007,-0.9573390622110372
5973,0.3949158463478622,-0.0623317871383979,-0.9491099042005436
5974,0.3958924833856713,-0.0619559497874261,-0.9433836386512364
5975,0.3958924833856713,-0.0619396241051816,-0.9431349002233926
5976,0.3968691204234804,-0.0624629310211992,-0.9511080150752232
5977,0.3958924833856713,-0.0636662643658648,-0.9694420264715746
5978,0.3939392093100531,-0.0656252488162253,-0.9992891535352444
5979,0.3910092981966258,-0.0683281072580033,-1.0404699599127598
5980,0.3890487897725793,-0.071658387000677,-1.0912101700348231
5981,0.386118878659152,-0.0753858019773817,-1.148001140687121
5982,0.3831889675457247,-0.0791674963007028,-1.2056191125721714
5983,0.37927518504606,-0.0825613081320782,-1.257327298894225
5984,0.3773219109704418,-0.0850515711584039,-1.2952689971833682
5985,0.3773219109704418,-0.0860866673629512,-1.3110397440795778
5986,0.3782985480082509,-0.0851260693016874,-1.2964040524147566
5987,0.3802518220838691,-0.0816931317161586,-1.244099745303963
5988,0.3851422416213429,-0.0754285365658985,-1.148652245749869
5989,0.3910092981966258,-0.0661382352884103,-1.007105025894227
5990,0.400782902923145,-0.0538292621197447,-0.8195652595010565
5991,0.4154469271871381,-0.0387272829267867,-0.5894711963234941
5992,0.4349941366401767,-0.0212714817230186,-0.3235142529536043
5993,0.4584551285928799,-0.0020853720234024,-0.0311942940297005
5994,0.4819161205455832,0.0180740853333386,0.2759556096617498
5995,0.5044004754604773,0.0383829055464712,0.5853812088813053
5996,0.5268848303753715,0.0580230825115754,0.8846193459285623
5997,0.5474086768662192,0.07625203707269,1.1623560696291113
5998,0.5620727011302122,0.0924590806225919,1.409286915900673
5999,0.5728229428945406,0.1062018895574308,1.6186726332882644
6000,0.5806432735454417,0.1172196651645916,1.786539687284232
6001,0.5865103301207246,0.1254238200926365,1.9115383591942232
6002,0.590416878271961,0.1308707565383806,1.9945279940399407
6003,0.5923773866960075,0.1337237945375474,2.0379969392186217
6004,0.5933540237338165,0.1342121836696907,2.045438046002759
6005,0.5923773866960075,0.1325944303656366,2.020789923647888
6006,0.590416878271961,0.1291312370131958,1.9680246390549787
6007,0.5884636041963428,0.1240706738643057,1.8909217956450424
6008,0.5845570560451063,0.1176453431498663,1.7930253257549011
6009,0.5777133624320144,0.1100787967367838,1.6777412701908734
6010,0.5698930317811133,0.1015968073456051,1.5485095067306685
6011,0.5620727011302122,0.0924385431668623,1.4089740068060586
6012,0.5513224593658839,0.0828632465599718,1.2630845922956009
6013,0.5405649832531272,0.0731494301228113,1.1150846868243054
6014,0.5298147414887988,0.0635855309566137,0.9693689239528376
6015,0.5190644997244704,0.0544530101499137,0.8302256505700297
6016,0.5102675320357603,0.0460046368957521,0.7015060632594387
6017,0.5024472013848591,0.0384418148534379,0.5862787522844417
6018,0.4956035077717671,0.0318951178964641,0.4865331438462646
6019,0.4897364511964843,0.0264117160315766,0.4029879211303101
6020,0.4868065400830569,0.0219522361042367,0.3350431939505187
6021,0.4848460316590105,0.0183980241066659,0.2808911474229454
6022,0.4838693946212014,0.0155680092487294,0.2377729832938941
6023,0.4828927575833923,0.0132427339178922,0.2023450409002
6024,0.479962846469965,0.0111919541905231,0.1710993191227152
6025,0.4780023380459186,0.0092017720908378,0.140776864037267
6026,0.4770257010081094,0.0070975478637186,0.108716860770921
6027,0.4750724269324912,0.0047596700892374,0.0730969072886826
6028,0.4721425158190639,0.0021304028448523,0.0330373378964575
6029,0.4682287333193992,-0.000788659740314,-0.0114375592219085
6030,0.4643221851681628,-0.0039476119878626,-0.0595674201318799
6031,0.459431765630689,-0.0072655007445755,-0.1101188409389755
6032,0.4555252174794526,-0.0106506258763579,-0.1616946765287564
6033,0.4525880720175971,-0.0140202484908729,-0.2130343154490835
6034,0.4496581609041697,-0.01731634337564,-0.2632536843784545
6035,0.4477048868285516,-0.0205149332993332,-0.3119874657310709
6036,0.4457443784045051,-0.0236278648289326,-0.3594161540432004
6037,0.4437911043288869,-0.0266973193711356,-0.4061824260881017
6038,0.4408611932154596,-0.0297845958511622,-0.4532202335413846
6039,0.437924047753604,-0.0329555323259925,-0.501532686382788
6040,0.4349941366401767,-0.0362652616167558,-0.5519597894001611
6041,0.4320642255267494,-0.0397448595859332,-0.6049750150684468
6042,0.4281504430270847,-0.0433919539512179,-0.6605422192460061
6043,0.4232672578380392,-0.0471666274014454,-0.7180532209653242
6044,0.4203301123761837,-0.0509930741900698,-0.7763530423250219
6045,0.4154469271871381,-0.054766582872599,-0.8338462976199187
6046,0.4115331446874735,-0.0583646644616786,-0.8886667421389888
6047,0.407626596536237,-0.0616606364309757,-0.9388842383257504
6048,0.4056660881121906,-0.0645377725435231,-0.9827203428516804
6049,0.4037128140365724,-0.0669022633559076,-1.0187457731225191
6050,0.4037128140365724,-0.0686936617440562,-1.0460395555223154
6051,0.4027361769987633,-0.0698920668998386,-1.0642984809322704
6052,0.4017595399609542,-0.0705218187503778,-1.073893392978747
6053,0.4027361769987633,-0.070651762946577,-1.0758732254038743
6054,0.4017595399609542,-0.0703921617007483,-1.0719179355246158
6055,0.400782902923145,-0.0698881520550648,-1.0642388342774045
6056,0.400782902923145,-0.069309445939153,-1.0554216560854268
6057,0.400782902923145,-0.0688359145903029,-1.0482069227907551
6058,0.4017595399609542,-0.0686389841685946,-1.0452064868667497
6059,0.4027361769987633,-0.0688594633437227,-1.0485657120784304
6060,0.4027361769987633,-0.0695834130060506,-1.0595958239076615
6061,0.4027361769987633,-0.0708186847834787,-1.0784164499173663
6062,0.4017595399609542,-0.0724754968189844,-1.1036596719017242
6063,0.400782902923145,-0.0743546583994844,-1.1322906160912138
6064,0.3998062658853359,-0.0761466973853054,-1.15959415865022
6065,0.3978529918097178,-0.0774441897712583,-1.1793627791211754
6066,0.3978529918097178,-0.0777681245815041,-1.1842982565007805
6067,0.3998062658853359,-0.0766073201650522,-1.166612216722602
6068,0.400782902923145,-0.0734679565488527,-1.1187808085996205
6069,0.4037128140365724,-0.0679284355047875,-1.0343805529244623
6070,0.4095798706118552,-0.0596932797261153,-0.9089095514216636
6071,0.4193534753383746,-0.0486389667955746,-0.7404858140210442
6072,0.4349941366401767,-0.0348448282877058,-0.5303180382112609
6073,0.451611434979788,-0.0186036189774163,-0.2828666417171962
6074,0.4682287333193992,-0.0004089038253381,-0.0056515903514665
6075,0.4907130882342934,0.019080448885349,0.2912885852775453
6076,0.5131974431491875,0.0390951562861472,0.5962330756862665
6077,0.5356817980640817,0.058823389649991,0.8968128418217312
6078,0.5571822815927384,0.0774830667877419,1.1811120634898822
6079,0.5757600883563961,0.0943890425550678,1.4386918552895755
6080,0.5894402412341518,0.1090062423136198,1.6613998091113913
6081,0.5992210803090994,0.12098195131739,1.8438619558871263
6082,0.6060575395737632,0.1301539114548467,1.9836061277182016
6083,0.6089946850356187,0.1365349164467963,2.080827249995911
6084,0.6109479591112369,0.1402783988843207,2.1378630248091537
6085,0.6109479591112369,0.1416323061868701,2.158491184100661
6086,0.6099713220734279,0.1408898818198939,2.147179591294386
6087,0.6080180479978096,0.1383456744912444,2.108415996514169
6088,0.604104265498145,0.134263395351742,2.046218308235595
6089,0.5992210803090994,0.1288595576890784,1.96388532732843
6090,0.5962839348472438,0.122303668696904,1.8639996688543503
6091,0.5914007496581983,0.1147325866954327,1.7486465089730707
6092,0.5855336930829155,0.1062739906696744,1.6197711673058113
6093,0.5786899994698235,0.0970722288130928,1.4795729358739704
6094,0.5679397577054951,0.0873095356245427,1.330828343221051
6095,0.5552290075171202,0.0772168829052547,1.1770564804241594
6096,0.5415416202909363,0.0670713099127333,1.022478323264313
6097,0.5288381044509897,0.0571798205364132,0.8717713892661215
6098,0.5190644997244704,0.047852976537122,0.7296674037553433
6099,0.5102675320357603,0.0393733801835284,0.6004721006646209
6100,0.5034238384226682,0.0319649376062548,0.4875969183694816
6101,0.4975567818473854,0.0257682064486582,0.393183395992543
6102,0.4936429993477207,0.0208256478541951,0.3178784723820341
6103,0.4907130882342934,0.0170786836368065,0.2607896490997257
6104,0.4897364511964843,0.014376493473208,0.2196190246221907
6105,0.4887598141586752,0.0124947745813714,0.1909491171849883
6106,0.4868065400830569,0.0111614611569413,0.1706347266407763
6107,0.4848460316590105,0.0100858104252144,0.154246090140842
6108,0.4838693946212014,0.0089873051122131,0.137509240774206
6109,0.4828927575833923,0.0076213278058749,0.116697182658654
6110,0.479962846469965,0.0057992917433594,0.0889366040269653
6111,0.4780023380459186,0.0034016986795343,0.0524068271776434
6112,0.4750724269324912,0.0003833751465421,0.0064195882325339
6113,0.4711658787812548,-0.0032291124961515,-0.0486203472133905
6114,0.4672520962815901,-0.0073471717850561,-0.1113631825784398
6115,0.4623689110925446,-0.0118357135923762,-0.1797506971546898
6116,0.4574784915550708,-0.0165326479489683,-0.2513132848644193
6117,0.451611434979788,-0.0212700792465952,-0.3234928847941963
6118,0.4467282497907424,-0.0258946937184082,-0.3939536052635632
6119,0.4418378302532686,-0.030284844553164,-0.4608420329739098
6120,0.437924047753604,-0.034362172595644,-0.5229642862372109
6121,0.4340174996023676,-0.0380962697815592,-0.5798570671654066
6122,0.4301109514511312,-0.0415018358542212,-0.6317443413475776
6123,0.4291270800648938,-0.0446288759878327,-0.6793879886383568
6124,0.4271738059892756,-0.0475475927585595,-0.7238576169208655
6125,0.4252205319136574,-0.0503305635871736,-0.7662590172591097
6126,0.4222906208002301,-0.0530353449284525,-0.8074691209726627
6127,0.4193534753383746,-0.0556906206863692,-0.847924956607824
6128,0.4164235642249472,-0.0582883850110471,-0.8875045468724942
6129,0.4134864187630917,-0.0607835747767406,-0.925521309063188
6130,0.4105565076496644,-0.0631012897894494,-0.9608340622955904
6131,0.407626596536237,-0.0651504854254722,-0.9920556488249956
6132,0.4046894510743815,-0.0668419657089986,-1.0178270769436892
6133,0.4037128140365724,-0.0681077818641927,-1.0371130777163708
6134,0.4027361769987633,-0.0689188592921501,-1.0494706699607932
6135,0.4017595399609542,-0.0692978764641189,-1.0552453833277031
6136,0.4027361769987633,-0.0693250454113861,-1.0556593299627164
6137,0.4027361769987633,-0.0691353639578734,-1.0527693394660729
6138,0.4027361769987633,-0.0689069742899508,-1.0492895898247414
6139,0.4027361769987633,-0.0688413344878198,-1.0482895004599293
6140,0.4017595399609542,-0.0691368890912977,-1.0527925764300494
6141,0.4017595399609542,-0.069958768356441,-1.0653147456862746
6142,0.4017595399609542,-0.0714077438234194,-1.0873913654711256
6143,0.3998062658853359,-0.073492174994368,-1.1191498013297296
6144,0.3978529918097178,-0.0761068746932415,-1.1589874193012526
6145,0.3949158463478622,-0.0790225448593177,-1.2034106294531313
6146,0.3919859352344348,-0.0818886133451819,-1.2470781073930537
6147,0.3900326611588167,-0.0842509936404551,-1.283071381782114
6148,0.3880721527347702,-0.0855846453901936,-1.3033909270576292
6149,0.3890487897725793,-0.085339009429319,-1.2996484125449277
6150,0.3900326611588167,-0.0829925893056876,-1.263898307656709
6151,0.392962572272244,-0.0781113055514466,-1.1895269687622902
6152,0.3968691204234804,-0.070403941178406,-1.072097407886598
6153,0.4046894510743815,-0.0597672940827415,-0.9100372356696684
6154,0.4164235642249472,-0.0463139167988339,-0.7050613048222429
6155,0.4340174996023676,-0.0303768944376186,-0.4622445068919682
6156,0.4555252174794526,-0.0124890696066743,-0.1897052427218991
6157,0.4780023380459186,0.0066619010777228,0.1020793374490268
6158,0.5014633299986218,0.0262970956806366,0.4012415631242733
6159,0.523947684913516,0.0456195453037057,0.6956387999042626
6160,0.5415416202909363,0.0638864664114615,0.9739539826842394
6161,0.5562056445549294,0.0804702005573125,1.226624094562995
6162,0.5698930317811133,0.0948998577262058,1.446474645661495
6163,0.5796666365076326,0.1068793204809486,1.6289939846636536
6164,0.5865103301207246,0.1162814383579752,1.7722448445117602
6165,0.590416878271961,0.1231221276661271,1.876469726412136
6166,0.5923773866960075,0.1275210937655642,1.943492463675064
6167,0.5933540237338165,0.1296575916665286,1.9760441892947405
6168,0.5933540237338165,0.1297297834438862,1.9771441046878144
6169,0.5923773866960075,0.1279248255862608,1.949643729934355
6170,0.5914007496581983,0.1244041124822162,1.896002073232176
6171,0.5884636041963428,0.119304657761822,1.8183066770451228
6172,0.5845570560451063,0.1127540976930414,1.718502210156621
6173,0.5796666365076326,0.10489393481621,1.5987446081589365
6174,0.5718463058567315,0.0959039608820873,1.4617731818357418
6175,0.5620727011302122,0.086020639751557,1.311190699397097
6176,0.5493619509418374,0.0755436474086313,1.1515630302510502
6177,0.5356817980640817,0.0648274888179671,0.9882914192736744
6178,0.5210177738000886,0.0542585499301575,0.8272628506933771
6179,0.5083070236117138,0.0442212924435752,0.6743349907924678
6180,0.4985334188851945,0.0350597460171525,0.5347494824752245
6181,0.4907130882342934,0.0270414195705718,0.4125820971011165
6182,0.4848460316590105,0.0203300840371956,0.3103280519530106
6183,0.4828927575833923,0.0149718712789728,0.2286902130209963
6184,0.479962846469965,0.0108963955154784,0.1665961811181203
6185,0.4780023380459186,0.0079318362087844,0.1214280950220837
6186,0.4760490639703003,0.0058307279649045,0.0894155669399611
6187,0.4750724269324912,0.0043019365963311,0.0661228704495655
6188,0.473119152856873,0.0030440064006044,0.0469570203162619
6189,0.4711658787812548,0.0017755665144302,0.0276310443248237
6190,0.4692053703572084,0.0002595265472129,0.0045326284457139
6191,0.4672520962815901,-0.0016808896694674,-0.0250315926306728
6192,0.4633455481303537,-0.004154864896918,-0.0627251296837619
6193,0.459431765630689,-0.0072048361927478,-0.1091945545893168
6194,0.4555252174794526,-0.0108138824990025,-0.1641820577630292
6195,0.451611434979788,-0.0149174680162712,-0.2267043704480603
6196,0.4467282497907424,-0.0194171887670402,-0.2952622076348322
6197,0.4428144672910778,-0.0241944058043494,-0.3680479839063362
6198,0.437924047753604,-0.0291221689872007,-0.4431274843235903
6199,0.4330408625645585,-0.0340744824494912,-0.5185810332993898
6200,0.4281504430270847,-0.0389325973845223,-0.5925993715915088
6201,0.4242438948758483,-0.0435885462052468,-0.663537502840347
6202,0.4193534753383746,-0.0479465127335574,-0.7299355698008932
6203,0.4154469271871381,-0.051922854481052,-0.7905191938129188
6204,0.4125097817252826,-0.055445653652373,-0.8441926338786929
6205,0.4095798706118552,-0.0584545839114133,-0.890036756710178
6206,0.4066499594984279,-0.0609016590417796,-0.9273204433351268
6207,0.4046894510743815,-0.0627530909587666,-0.9555288978054394
6208,0.4027361769987633,-0.0639920561353804,-0.9744057965205104
6209,0.400782902923145,-0.0646217282098858,-0.983999493097708
6210,0.3998062658853359,-0.0646676018380781,-0.9846984246330118
6211,0.3988296288475269,-0.0641780456850955,-0.9772395370955512
6212,0.4017595399609542,-0.0632223031208984,-0.962677823883127
6213,0.4066499594984279,-0.0618858508130697,-0.9423156092473972
6214,0.4095798706118552,-0.0602639809541525,-0.9176047669786244
6215,0.4115331446874735,-0.0584553045918061,-0.8900477370113499
6216,0.4125097817252826,-0.0565571124436908,-0.8611268427053071
6217,0.4125097817252826,-0.054663940987404,-0.8322824437624233
6218,0.4125097817252826,-0.052869457221805,-0.8049416524888279
6219,0.4134864187630917,-0.0512703749880188,-0.7805780029415891
6220,0.4134864187630917,-0.0499700571596022,-0.7607663339715965
6221,0.4134864187630917,-0.0490790739145026,-0.7471912950665176
6222,0.414470290149329,-0.0487103760077093,-0.741573806234412
6223,0.4154469271871381,-0.0489678160104837,-0.7454961673703899
6224,0.4154469271871381,-0.0499282941427464,-0.7601300317945028
6225,0.4154469271871381,-0.0516194953380639,-0.7858972077195501
6226,0.4134864187630917,-0.0539966379895562,-0.8221154016692277
6227,0.4115331446874735,-0.0569225395605173,-0.86669449771473
6228,0.4086032335740461,-0.0601554319434665,-0.9159509120365984
6229,0.4056660881121906,-0.0633483065815633,-0.9645976151812332
6230,0.4027361769987633,-0.0660622387503202,-1.0059471410889866
6231,0.400782902923145,-0.067794311939272,-1.0323370435431414
6232,0.3988296288475269,-0.0680186630441009,-1.0357552615547598
6233,0.3998062658853359,-0.066237059029739,-1.0086107064338563
6234,0.4027361769987633,-0.0620335868558796,-0.9445665186105724
6235,0.407626596536237,-0.0551267831879018,-0.8393343169746603
6236,0.414470290149329,-0.0454120939780842,-0.6913211139213504
6237,0.4261971689514665,-0.032988108774801,-0.5020290218216382
6238,0.4418378302532686,-0.0181616611419751,-0.2761329631171592
6239,0.4613850397063073,-0.001429594974398,-0.0212028615282987
6240,0.4828927575833923,0.0165615289248203,0.2529102693540687
6241,0.5044004754604773,0.035072893756746,0.5349498017039835
6242,0.524924321951325,0.0533402101451137,0.8132710069874297
6243,0.5435021287149827,0.0706404063623169,1.076857149606508
6244,0.5581589186305476,0.086349006649545,1.31619370415599
6245,0.5698930317811133,0.0999809016399646,1.5238895344229326
6246,0.5786899994698235,0.1112104303331313,1.6949828627586376
6247,0.5845570560451063,0.119870497523281,1.8269278231980877
6248,0.5874869671585337,0.125934046075926,1.9193121726880595
6249,0.5894402412341518,0.1294838841864662,1.973397578583574
6250,0.5914007496581983,0.1306781529707106,1.9915934821523629
6251,0.590416878271961,0.1297184320090935,1.9769711539956585
6252,0.5894402412341518,0.1268257902046225,1.9328988044311484
6253,0.5874869671585337,0.122227473509083,1.8628387574177565
6254,0.5835804190072973,0.1161540136664473,1.7703033993112216
6255,0.5786899994698235,0.1088439741444678,1.6589274879747036
6256,0.5718463058567315,0.100551847783627,1.532588481519357
6257,0.5630493381680214,0.0915541288547363,1.3954990522978208
6258,0.5513224593658839,0.082149387172706,1.2522082161031327
6259,0.538611709177509,0.0726500642755904,1.1074763385852386
6260,0.5268848303753715,0.063366190975485,0.96602705552418
6261,0.517103991300424,0.0545835920000502,0.8322151983035587
6262,0.5092836606495229,0.0465407213752972,0.7096738573299323
6263,0.5024472013848591,0.0394086804664925,0.6010099364962525
6264,0.4965801448095762,0.0332782470175748,0.5076065273617162
6265,0.4936429993477207,0.0281562376031045,0.4295674873954348
6266,0.4907130882342934,0.0239716864718711,0.3658115809637317
6267,0.487783177120866,0.0205905630764975,0.3142967159115407
6268,0.4858226686968196,0.0178364046332887,0.2723343016653204
6269,0.4838693946212014,0.0155135264005154,0.2369428815066468
6270,0.4809394835077741,0.013429440456802,0.2051897055372436
6271,0.4780023380459186,0.0114136597208736,0.1744772291075913
6272,0.4750724269324912,0.0093309877026537,0.1427455957358618
6273,0.4740957898946821,0.0070884441364462,0.1085781561964144
6274,0.4721425158190639,0.0046359180968233,0.0712114194067925
6275,0.4682287333193992,0.001961363556818,0.0304618518542975
6276,0.4652988222059719,-0.0009181019769339,-0.0134097437806419
6277,0.4613850397063073,-0.0039673989942236,-0.0598688953645994
6278,0.4565018545172618,-0.0071449020653846,-0.1082813970017053
6279,0.4535647090554062,-0.0104119777589649,-0.158058628941945
6280,0.451611434979788,-0.01373895121887,-0.208748464472273
6281,0.4496581609041697,-0.0171066315753414,-0.2600585111094112
6282,0.4467282497907424,-0.0205036173916007,-0.3118150563299291
6283,0.444767741366696,-0.0239206518917319,-0.3638770637070628
6284,0.4418378302532686,-0.0273439831718645,-0.4160350089527993
6285,0.437924047753604,-0.0307498250481321,-0.4679264852843336
6286,0.4340174996023676,-0.034101599604765,-0.5189941908305348
6287,0.4301109514511312,-0.0373508002059945,-0.5684990774989318
6288,0.4252205319136574,-0.0404412747385322,-0.6155856105455381
6289,0.4213067494139927,-0.0433157751818876,-0.6593815579618714
6290,0.4183768383005654,-0.0459230137975374,-0.6991054987171361
6291,0.4174002012627563,-0.0482233921752658,-0.7341541106251799
6292,0.4164235642249472,-0.0501920681999145,-0.7641488987124853
6293,0.4164235642249472,-0.0518189396186349,-0.7889359448484893
6294,0.4154469271871381,-0.0531061272573345,-0.8085475619799992
6295,0.414470290149329,-0.0540642895291684,-0.823146141907358
6296,0.414470290149329,-0.0547093794718411,-0.832974745438593
6297,0.414470290149329,-0.0550612456244715,-0.8383357853207785
6298,0.414470290149329,-0.0551448900430173,-0.8396101933887158
6299,0.4134864187630917,-0.0549943689774377,-0.8373168513617862
6300,0.4115331446874735,-0.0546583826671812,-0.8321977570820772
6301,0.4105565076496644,-0.0542057248068311,-0.8253010526841674
6302,0.4115331446874735,-0.0537282130610593,-0.818025673980767
6303,0.4125097817252826,-0.053338769974298,-0.8120921111633116
6304,0.4125097817252826,-0.053163069873663,-0.8094151408444368
6305,0.4134864187630917,-0.0533244507328851,-0.8118739429089248
6306,0.414470290149329,-0.053923286114917,-0.8209978110102963
6307,0.414470290149329,-0.0550133990682529,-0.8376067942138032
6308,0.4134864187630917,-0.0565791175528332,-0.8614621129972702
6309,0.4115331446874735,-0.0585170159375443,-0.8909879723343914
6310,0.4105565076496644,-0.0606261527558902,-0.9231228239409212
6311,0.4086032335740461,-0.0626097386280132,-0.9533447787686176
6312,0.4066499594984279,-0.0640897924349832,-0.975894908775812
6313,0.4056660881121906,-0.0646346405411169,-0.9841962256398532
6314,0.4056660881121906,-0.0637972721649343,-0.9714380639717394
6315,0.407626596536237,-0.0611608149753887,-0.93126894842832
6316,0.4105565076496644,-0.0563859925362841,-0.8585196563039291
6317,0.4154469271871381,-0.0492545974950915,-0.7498655759223678
6318,0.4232672578380392,-0.0397029525302549,-0.6043365183129139
6319,0.4359707736779858,-0.0278401977303901,-0.4235953440929944
6320,0.4525880720175971,-0.0139481132284241,-0.2119352611183132
6321,0.4721425158190639,0.0015381004661182,0.0240130067666534
6322,0.4907130882342934,0.0180656093835139,0.2758264699172477
6323,0.5063537495360956,0.0350111828351783,0.5340095728436124
6324,0.523947684913516,0.0517331960672227,0.7887865077015412
6325,0.5415416202909363,0.067621475894394,1.0308606633884083
6326,0.5562056445549294,0.0821389634678284,1.2520494003228957
6327,0.5679397577054951,0.0948508528577212,1.445728006485197
6328,0.5767367253942053,0.1054390694698198,1.6070502908661717
6329,0.5816199105832508,0.1137024337397022,1.7329510775167134
6330,0.5865103301207246,0.1195452259342561,1.821971978629724
6331,0.5894402412341518,0.1229586205855753,1.8739785291960775
6332,0.590416878271961,0.1240001778886148,1.889847717520769
6333,0.5884636041963428,0.122776136772759,1.87119820209997
6334,0.5865103301207246,0.119429832626287,1.8202138438346176
6335,0.5845570560451063,0.1141375132183871,1.7395799573328414
6336,0.5806432735454417,0.1071105557896708,1.6325170905462798
6337,0.5737995799323498,0.0986010714235128,1.5028664130861866
6338,0.5650026122436396,0.0889066497642656,1.3551620068469772
6339,0.5542523704793112,0.0783699528777892,1.1946246780569714
6340,0.5405649832531272,0.0673700751312583,1.0270303162308114
6341,0.5278614674131806,0.0563047219632143,0.8584383695462882
6342,0.5141740801869966,0.0455647367923872,0.6948037363073092
6343,0.5024472013848591,0.0355046542770433,0.5415281138023864
6344,0.4936429993477207,0.0264142141550051,0.4030259825898472
6345,0.4858226686968196,0.0184958213870324,0.2823811887824074
6346,0.4809394835077741,0.0118518057531251,0.1811528309964407
6347,0.4780023380459186,0.0064833462661728,0.0993588726963935
6348,0.4770257010081094,0.0023006064198467,0.0356305630385018
6349,0.4750724269324912,-0.0008584455765064,-0.0125008176462904
6350,0.4721425158190639,-0.0032043703669511,-0.0482433756279682
6351,0.4692053703572084,-0.0049718335725325,-0.0751724810977134
6352,0.466275459243781,-0.0063977402884222,-0.0968976249202015
6353,0.4633455481303537,-0.0077038341853518,-0.1167972981879333
6354,0.4604084026684982,-0.0090841693724441,-0.1378281132676632
6355,0.459431765630689,-0.0106967540669666,-0.1623974865822316
6356,0.459431765630689,-0.012658211059912,-0.1922822853551831
6357,0.4574784915550708,-0.0150405023749916,-0.2285789244483481
6358,0.4555252174794526,-0.017869372725629,-0.2716796508408338
6359,0.4535647090554062,-0.0211247989261831,-0.3212793908675893
6360,0.4496581609041697,-0.0247440823478354,-0.3764228669404135
6361,0.4457443784045051,-0.0286281636084627,-0.4356008082917229
6362,0.4408611932154596,-0.0326513063553774,-0.4968974932860045
6363,0.4359707736779858,-0.0366736301822404,-0.5581817011976664
6364,0.4320642255267494,-0.0405552822805717,-0.6173226317826609
6365,0.4281504430270847,-0.0441705429350073,-0.6724048168920768
6366,0.4252205319136574,-0.0474200074721614,-0.7219137248936072
6367,0.4222906208002301,-0.0502392033384206,-0.7648670506446745
6368,0.4203301123761837,-0.0526025115466235,-0.8008744627340684
6369,0.4193534753383746,-0.054521948579057,-0.8301190445311382
6370,0.4174002012627563,-0.0560411065698106,-0.8532649666804781
6371,0.4164235642249472,-0.0572252333658908,-0.8713063467106247
6372,0.4164235642249472,-0.0581489715378241,-0.885380440349388
6373,0.4164235642249472,-0.0588836223200357,-0.8965735946595506
6374,0.4164235642249472,-0.0594859344543774,-0.905750434630066
6375,0.4164235642249472,-0.0599902932846094,-0.9134348560601842
6376,0.4154469271871381,-0.0604057445356999,-0.9197646798001208
6377,0.414470290149329,-0.0607185294758001,-0.9245302775306464
6378,0.4134864187630917,-0.0608998391865616,-0.9272927159838866
6379,0.4134864187630917,-0.0609175131073714,-0.9275619962020254
6380,0.4134864187630917,-0.0607496310177634,-0.925004141258704
6381,0.4134864187630917,-0.0603975311940555,-0.9196395411592128
6382,0.414470290149329,-0.0598957697577906,-0.911994693676584
6383,0.414470290149329,-0.059316869986403,-0.9031745649458248
6384,0.4154469271871381,-0.058769318174488,-0.8948320543653239
6385,0.4154469271871381,-0.0583880679319836,-0.8890233178901622
6386,0.4154469271871381,-0.058317747959545,-0.8879519213550328
6387,0.4154469271871381,-0.0586897666191247,-0.8936200052443601
6388,0.4154469271871381,-0.0595955072466511,-0.9074198879292552
6389,0.414470290149329,-0.061058728184443,-0.9297135519981352
6390,0.414470290149329,-0.0630109962204801,-0.9594583476361082
6391,0.4134864187630917,-0.0652743284118225,-0.9939425230923546
6392,0.4115331446874735,-0.067555026745864,-1.0286912894531643
6393,0.4105565076496644,-0.0694518375776672,-1.0575911379956866
6394,0.4086032335740461,-0.0704800318467721,-1.0732567268626445
6395,0.4086032335740461,-0.0701109127171462,-1.0676328202708651
6396,0.4105565076496644,-0.0678238849364398,-1.032787618331501
6397,0.4125097817252826,-0.0631659097768722,-0.9618186137426966
6398,0.4164235642249472,-0.0558112757123861,-0.8497632590464851
6399,0.4242438948758483,-0.0456134908031392,-0.6943896000578944
6400,0.4359707736779858,-0.0326411127652095,-0.4967421835381807
6401,0.4525880720175971,-0.0171907775456695,-0.2613405608305391
6402,0.473119152856873,0.0002263941263849,0.0040278222058285
6403,0.4956035077717671,0.0189248251269943,0.2889174985193612
6404,0.517103991300424,0.038106437067661,0.5811689294961224
6405,0.538611709177509,0.0569363262515904,0.8680615053734515
6406,0.5581589186305476,0.0746216706603715,1.1375157736993224
6407,0.5747834513185871,0.0904829311735487,1.379178262566779
6408,0.5874869671585337,0.1040078239219683,1.5852438044909611
6409,0.5953072978094348,0.1148815246053816,1.750915730008503
6410,0.6001977173469085,0.1229905793353267,1.874465453359488
6411,0.6031276284603359,0.1284022902276901,1.956918390955032
6412,0.605080902535954,0.1313250794047024,2.001450066502814
6413,0.605080902535954,0.1320578160688215,2.012614057270657
6414,0.604104265498145,0.1309369795281377,1.9955369688633255
6415,0.6011743543847177,0.1282898920837942,1.955205890540869
6416,0.597260571885053,0.1244004212970033,1.895945834258944
6417,0.5943306607716257,0.1194909329353389,1.821144769390237
6418,0.590416878271961,0.1137212674216512,1.733238027879237
6419,0.5874869671585337,0.1072025091747773,1.6339180941983014
6420,0.5816199105832508,0.100020770306061,1.5244969742331973
6421,0.5747834513185871,0.0922645909904424,1.4063236678961957
6422,0.566963120667686,0.0840492173072226,1.281154066803413
6423,0.5571822815927384,0.0755320220506436,1.1513859060595053
6424,0.5474086768662192,0.0669154385750922,1.0201034643830689
6425,0.5366584351018908,0.0584365169314491,0.8909184411869213
6426,0.5268848303753715,0.0503450332631014,0.7676364308890153
6427,0.517103991300424,0.0428744537052842,0.6538145282902533
6428,0.5092836606495229,0.0362115387771336,0.5522982204715083
6429,0.5034238384226682,0.0304707019427079,0.4648307133060653
6430,0.4995100559230035,0.0256783403504096,0.3918141942856848
6431,0.4975567818473854,0.0217704037759088,0.3322727928853714
6432,0.4965801448095762,0.0186038541130613,0.2840271776008617
6433,0.4956035077717671,0.0159799419366311,0.244049198133281
6434,0.4956035077717671,0.0136749603857331,0.208930452184886
6435,0.494626870733958,0.0114727853376539,0.175378068211462
6436,0.4926663623099116,0.0091933291200261,0.14064822676168
6437,0.487783177120866,0.0067120536074845,0.1028434624159639
6438,0.4828927575833923,0.0039677038718627,0.0610304938387104
6439,0.4780023380459186,0.0009579876435483,0.0151743959633255
6440,0.473119152856873,-0.0022745816036293,-0.0340770950553322
6441,0.4682287333193992,-0.0056626365328203,-0.0856975690982204
6442,0.4652988222059719,-0.0091348808254944,-0.1386007540012316
6443,0.4633455481303537,-0.0126335063130015,-0.1919058833270926
6444,0.4604084026684982,-0.0161248999656254,-0.2451008282690895
6445,0.4584551285928799,-0.019602268432807,-0.2980820851994686
6446,0.4565018545172618,-0.0230807135169285,-0.351079745487515
6447,0.4535647090554062,-0.0265868552969539,-0.4044993931995735
6448,0.4506347979419788,-0.0301460507407476,-0.4587273676154987
6449,0.4477048868285516,-0.033770476576303,-0.5139491936114943
6450,0.4428144672910778,-0.0374508523651415,-0.57002347423751
6451,0.437924047753604,-0.0411535094477989,-0.626437233110856
6452,0.4320642255267494,-0.0448231035824209,-0.6823472442332024
6453,0.4271738059892756,-0.0483898532841233,-0.736690315476788
6454,0.4242438948758483,-0.0517791314585118,-0.7883294269084685
6455,0.4203301123761837,-0.0549208332342384,-0.836196459277721
6456,0.4183768383005654,-0.0577562692364099,-0.8793972200709688
6457,0.4174002012627563,-0.0602412430152625,-0.9172583312776716
6458,0.4154469271871381,-0.0623451774039098,-0.9493139185591448
6459,0.4154469271871381,-0.0640473390765053,-0.9752480885396758
6460,0.4154469271871381,-0.0653320907631423,-0.9948225914558484
6461,0.4154469271871381,-0.0661854699051635,-1.007824693479019
6462,0.414470290149329,-0.0665951372157263,-1.0140663929830398
6463,0.4134864187630917,-0.0665548487097582,-1.013452556483922
6464,0.4125097817252826,-0.0660732156144209,-1.0061143848144352
6465,0.4105565076496644,-0.0651849339679869,-0.9925805075217584
6466,0.4095798706118552,-0.0639613078675932,-0.973937315285009
6467,0.4095798706118552,-0.0625161796996384,-0.9519193130265952
6468,0.4115331446874735,-0.0610036404663917,-0.9288742344017028
6469,0.4154469271871381,-0.0596052383406893,-0.9075681510766084
6470,0.4193534753383746,-0.0585066357253872,-0.8908298192101317
6471,0.4213067494139927,-0.0578662601063291,-0.8810730432096965
6472,0.4222906208002301,-0.05778075479023,-0.8797702824686608
6473,0.4232672578380392,-0.0582533656633933,-0.8869709913769837
6474,0.4232672578380392,-0.0591715170045718,-0.9009599639483536
6475,0.4213067494139927,-0.0602987668320203,-0.9181347653237109
6476,0.4193534753383746,-0.0612843022969783,-0.9331504037801268
6477,0.4174002012627563,-0.0616904476320575,-0.9393384423938048
6478,0.4154469271871381,-0.0610357263041413,-0.9293630948804475
6479,0.4154469271871381,-0.0588483424001392,-0.8960360690800324
6480,0.4174002012627563,-0.0547230123012316,-0.8331824555053985
6481,0.4232672578380392,-0.0483732733646625,-0.7364377034855285
6482,0.4340174996023676,-0.0396719259790258,-0.603863797145213
6483,0.4467282497907424,-0.028674061818017,-0.43630011434916
6484,0.4604084026684982,-0.0156198094391971,-0.2374052587007925
6485,0.4750724269324912,-0.0009168825516523,-0.013391164592166
6486,0.4916897252721025,0.0148943330249042,0.2275088385996451
6487,0.5092836606495229,0.0311884027793714,0.4757656178999509
6488,0.5268848303753715,0.0473091351485981,0.7213814252613496
6489,0.5425254916771737,0.062623948756979,0.954718237935714
6490,0.5571822815927384,0.0765719698800038,1.167230572410373
6491,0.5689163947433042,0.0887006008177791,1.3520226408933649
6492,0.5777133624320144,0.0986871428764936,1.5041777995003054
6493,0.5826037819694881,0.1063444177611754,1.6208441959091613
6494,0.5855336930829155,0.1116118360974756,1.701098689175876
6495,0.5874869671585337,0.1145355491105092,1.7456444403081317
6496,0.5874869671585337,0.1152427293875363,1.7564190534406987
6497,0.5855336930829155,0.1139153606650468,1.7361952364965705
6498,0.5826037819694881,0.1107681537682259,1.6882443279899797
6499,0.5796666365076326,0.1060335707690024,1.6161081247928033
6500,0.5767367253942053,0.0999547901107345,1.523491698630712
6501,0.5718463058567315,0.0927852203476983,1.4142559874080909
6502,0.5650026122436396,0.0847913798856191,1.2924616709935457
6503,0.5571822815927384,0.0762550926467899,1.162402624418454
6504,0.54643203982841,0.0674712787847454,1.0285722571606546
6505,0.5356817980640817,0.0587390661604936,0.895528087414917
6506,0.523947684913516,0.0503460952422111,0.7676526112244031
6507,0.5141740801869966,0.0425481138557673,0.6488424076832331
6508,0.5073303865739046,0.0355476126256866,0.5421826280789882
6509,0.5014633299986218,0.0294758749791233,0.4496735093869581
6510,0.4965801448095762,0.0243822931140324,0.3720675921431566
6511,0.4926663623099116,0.0202333776056768,0.3088546307888536
6512,0.4916897252721025,0.0169219967717385,0.2584023648259623
6513,0.4907130882342934,0.0142854469246138,0.218231837549777
6514,0.4897364511964843,0.0121293310464537,0.1853812120291929
6515,0.487783177120866,0.0102532243854068,0.1567968126548339
6516,0.4858226686968196,0.0084739557444611,0.1296878393309588
6517,0.4828927575833923,0.0066430541897904,0.1017921858798709
6518,0.479962846469965,0.0046562878591968,0.0715217735220111
6519,0.4760490639703003,0.0024548984238014,0.0379813591594698
6520,0.4721425158190639,1.973721215781368e-05,0.0008791932433135
6521,0.4682287333193992,-0.0026392833341908,-0.0396336980648181
6522,0.466275459243781,-0.0054954282391034,-0.0831499801228463
6523,0.4643221851681628,-0.0085162185710478,-0.1291748032671326
6524,0.4613850397063073,-0.0116712781899851,-0.1772453560081434
6525,0.459431765630689,-0.0149360061334601,-0.226986817579867
6526,0.4555252174794526,-0.0182912558180256,-0.278107470246168
6527,0.4525880720175971,-0.0217200496549004,-0.3303486431179058
6528,0.4496581609041697,-0.0252028187745827,-0.3834121844999993
6529,0.4457443784045051,-0.0287127458388976,-0.4368895048807409
6530,0.4418378302532686,-0.0322125661392258,-0.4902128383991274
6531,0.437924047753604,-0.0356537202701054,-0.5426423329625651
6532,0.4340174996023676,-0.0389781473755696,-0.5932933721846668
6533,0.4301109514511312,-0.0421223941971376,-0.6411991809242967
6534,0.4271738059892756,-0.0450232280584799,-0.6853963448344778
6535,0.4242438948758483,-0.0476236777349339,-0.7250168491736101
6536,0.4222906208002301,-0.0498784208967893,-0.7593701620013121
6537,0.4203301123761837,-0.0517576625249669,-0.7880023257988512
6538,0.4193534753383746,-0.0532490256619566,-0.8107247649890209
6539,0.4183768383005654,-0.0543574015471879,-0.8276120025955869
6540,0.4174002012627563,-0.0551030836944707,-0.8389732310090967
6541,0.4164235642249472,-0.0555187696577954,-0.8453066308294235
6542,0.4174002012627563,-0.0556461316286099,-0.8472471204158928
6543,0.4174002012627563,-0.0555326552646587,-0.8455181922189633
6544,0.4174002012627563,-0.0552293514448804,-0.8408970490311481
6545,0.4183768383005654,-0.0547897494124173,-0.8341992634933615
6546,0.4183768383005654,-0.0542702645489324,-0.8262843815119176
6547,0.4183768383005654,-0.0537316220402855,-0.818077613257826
6548,0.4183768383005654,-0.0532405746083691,-0.8105960045640969
6549,0.4183768383005654,-0.0528707677712694,-0.8049616200472125
6550,0.4164235642249472,-0.0527013818339054,-0.8023808524487909
6551,0.4154469271871381,-0.0528122180175727,-0.8040695548050354
6552,0.4154469271871381,-0.0532742905422711,-0.8111097012210856
6553,0.4154469271871381,-0.0541358007912517,-0.8242356889558253
6554,0.4154469271871381,-0.0554045585642756,-0.8435665082777928
6555,0.4154469271871381,-0.0570292505882746,-0.8683203491113456
6556,0.4154469271871381,-0.0588830736746677,-0.8965652354875272
6557,0.4134864187630917,-0.060753789498176,-0.9250674999511346
6558,0.4125097817252826,-0.062343983170806,-0.949295723199204
6559,0.4115331446874735,-0.0632841667849202,-0.963620379930646
6560,0.4105565076496644,-0.0631595067521508,-0.9617210571273718
6561,0.4105565076496644,-0.0615486608603625,-0.9371781762467462
6562,0.4115331446874735,-0.0580708521771695,-0.8841902121762337
6563,0.414470290149329,-0.0524352877399642,-0.7983266374031873
6564,0.4203301123761837,-0.0444857750150019,-0.6772076992959735
6565,0.4291270800648938,-0.0342332729728356,-0.5210003689535828
6566,0.4428144672910778,-0.0218703522137293,-0.3326386559715226
6567,0.459431765630689,-0.0077640784665683,-0.1177151812859831
6568,0.4780023380459186,0.0075727061307773,0.1159563818246201
6569,0.4975567818473854,0.0235280345342254,0.3590520909879344
6570,0.5151507172248058,0.0394486299715016,0.6016186079698407
6571,0.5307913785266078,0.0547003370173908,0.8339939277702341
6572,0.5425254916771737,0.0687225507947118,1.0476366630398375
6573,0.553275733441502,0.0810695905059645,1.2357564120527078
6574,0.5630493381680214,0.0914346598884606,1.3936788206895812
6575,0.5698930317811133,0.0996551464145604,1.5189263211608242
6576,0.5747834513185871,0.1057008869702617,1.611039347645945
6577,0.5777133624320144,0.1096492780530967,1.6711971147608138
6578,0.5786899994698235,0.1116525652485425,1.7017192393527112
6579,0.5777133624320144,0.11190324654572,1.7055386247122863
6580,0.5757600883563961,0.1106032507366354,1.6857318620354078
6581,0.5737995799323498,0.1079414448158133,1.6451765327049557
6582,0.5718463058567315,0.1040822042017655,1.586377063951867
6583,0.5689163947433042,0.0991654939048656,1.5114659655305305
6584,0.5650026122436396,0.0933165588288311,1.4223514713499206
6585,0.5591427900167849,0.0866613996436653,1.3209533301895673
6586,0.553275733441502,0.0793431443230019,1.2094522427766374
6587,0.545455402790601,0.0715344335216183,1.090478565650484
6588,0.5356817980640817,0.0634419945229549,0.9671819999203924
6589,0.524924321951325,0.0553014532696131,0.8431525472563736
6590,0.5151507172248058,0.0473627263664678,0.7221979421504752
6591,0.5063537495360956,0.0398685138731735,0.6080159676644948
6592,0.4995100559230035,0.0330299500767996,0.5038234701049451
6593,0.4926663623099116,0.0270040325153749,0.4120124671651602
6594,0.487783177120866,0.0218770103138072,0.3338970522723645
6595,0.4848460316590105,0.0176566773601311,0.2695959732637067
6596,0.4838693946212014,0.0142747923764242,0.2180695046361275
6597,0.4819161205455832,0.0115989855345208,0.1773008569863567
6598,0.479962846469965,0.0094518916184245,0.1445876902638924
6599,0.4780023380459186,0.0076342113584823,0.1168934767291015
6600,0.4770257010081094,0.0059481001568853,0.0912038520522537
6601,0.4750724269324912,0.0042176417731863,0.0648385528038847
6602,0.4721425158190639,0.002303989400634,0.0356821062028153
6603,0.4692053703572084,0.0001138570355695,0.0023132047935643
6604,0.466275459243781,-0.0023987584761074,-0.0359690564185482
6605,0.4623689110925446,-0.005236649957358,-0.0792072289411554
6606,0.4584551285928799,-0.0083674926089079,-0.1269088114728439
6607,0.4545485804416435,-0.0117338038074921,-0.1781979975924717
6608,0.451611434979788,-0.015262709422886,-0.2319644755647577
6609,0.4496581609041697,-0.018873998748306,-0.2869861534242471
6610,0.4477048868285516,-0.0224858170183582,-0.342015890294947
6611,0.444767741366696,-0.0260182784909739,-0.3958365453804306
6612,0.4418378302532686,-0.0293959579013671,-0.4472989378071771
6613,0.437924047753604,-0.0325503848609764,-0.4953598513377554
6614,0.4330408625645585,-0.035423281155033,-0.5391313579026356
6615,0.4291270800648938,-0.0379705287115104,-0.577941273656082
6616,0.4261971689514665,-0.040166071267744,-0.6113926048483939
6617,0.4252205319136574,-0.0420044901776897,-0.6394027928778622
6618,0.4242438948758483,-0.0435010705548514,-0.6622047220457632
6619,0.4242438948758483,-0.0446887556791107,-0.6803003168366633
6620,0.4232672578380392,-0.0456122253704782,-0.694370319900047
6621,0.4232672578380392,-0.0463201149929024,-0.7051557406335603
6622,0.4232672578380392,-0.0468568925723356,-0.7133340947880934
6623,0.4232672578380392,-0.0472560471635017,-0.7194156222848478
6624,0.4222906208002301,-0.0475360200752324,-0.7236812952815243
6625,0.4213067494139927,-0.0476997839224843,-0.726176404600265
6626,0.4213067494139927,-0.047738245081664,-0.7267623996064231
6627,0.4203301123761837,-0.0476368796743591,-0.7252179941921111
6628,0.4213067494139927,-0.0473843950751212,-0.7213711336855426
6629,0.4222906208002301,-0.0469818566564655,-0.7152380501241014
6630,0.4222906208002301,-0.0464506447989694,-0.7071444954225842
6631,0.4232672578380392,-0.0458377338354555,-0.6978061714745054
6632,0.4222906208002301,-0.0452170150457691,-0.6883488873275242
6633,0.4222906208002301,-0.0446856830435608,-0.6802535020987202
6634,0.4232672578380392,-0.0443551229553369,-0.6752170818486355
6635,0.4232672578380392,-0.0443363619366652,-0.674931238585288
6636,0.4232672578380392,-0.0447209993091046,-0.6807915814412622
6637,0.4232672578380392,-0.0455594951414405,-0.6935669210543364
6638,0.4232672578380392,-0.0468395869788419,-0.7130704264124595
6639,0.4232672578380392,-0.0484682259891944,-0.7378844036106422
6640,0.4213067494139927,-0.0502606070177229,-0.76519315753932
6641,0.4203301123761837,-0.0519394727284226,-0.7907723897689942
6642,0.4183768383005654,-0.0531468496768797,-0.8091680095952327
6643,0.4183768383005654,-0.0534688222820426,-0.8140735907781509
6644,0.4193534753383746,-0.0524720944578443,-0.7988874253079417
6645,0.4203301123761837,-0.0497491902131899,-0.7574012006687163
6646,0.4232672578380392,-0.0449674398551454,-0.6845463546299755
6647,0.4271738059892756,-0.0379156188570887,-0.57710466599354
6648,0.4349941366401767,-0.028541534315837,-0.4342809226213904
6649,0.4467282497907424,-0.0169743000658983,-0.2580423055309808
6650,0.4613850397063073,-0.0035267001535373,-0.053154398834341
6651,0.4789862094321558,0.0113241878380072,0.1731140336743413
6652,0.4975567818473854,0.0269765102742865,0.4115931377382771
6653,0.5161273542626148,0.0427583174383952,0.6520450737578816
6654,0.5327446526022261,0.0579898347160781,0.884112781837861
6655,0.5483853139040282,0.0720445072056618,1.0982500587099
6656,0.560119427054594,0.0844003499525387,1.2865039309531887
6657,0.5689163947433042,0.0946749907129412,1.443048567258422
6658,0.5747834513185871,0.1026407697588299,1.5644153393632252
6659,0.5777133624320144,0.1082197768925765,1.649417205906582
6660,0.5786899994698235,0.1114620792423399,1.6988169906748651
6661,0.5777133624320144,0.1125129847537486,1.7148286084930433
6662,0.5757600883563961,0.1115765263380094,1.7005607089600647
6663,0.5737995799323498,0.108882221518164,1.6595102257408725
6664,0.5718463058567315,0.104660625853665,1.595189908044348
6665,0.5689163947433042,0.0991306056081217,1.510934406729357
6666,0.5659792492814486,0.0924982026273843,1.4098829795640722
6667,0.560119427054594,0.0849641768629964,1.2950944092672203
6668,0.5522990964036929,0.0767354540273784,1.1697214202160755
6669,0.5435021287149827,0.0680351865313597,1.037163967096018
6670,0.5327446526022261,0.059106984434822,0.901133697750877
6671,0.5219944108378977,0.050210750753547,0.7655904998330741
6672,0.5122208061113784,0.0416098979427616,0.6345477308860361
6673,0.5024472013848591,0.0335519288905848,0.5117763499640596
6674,0.494626870733958,0.0262459543459827,0.4004623727058197
6675,0.4887598141586752,0.0198414177577324,0.3028827225466519
6676,0.4828927575833923,0.014412065551255,0.220161001529252
6677,0.479962846469965,0.0099481860657704,0.152149242591784
6678,0.4780023380459186,0.0063586213309941,0.0974585610386866
6679,0.4760490639703003,0.0034823670960506,0.0536358928179265
6680,0.4740957898946821,0.0011080550401114,0.0174608258798614
6681,0.4721425158190639,-0.0010014619981672,-0.0146798187653222
6682,0.4701892417434457,-0.003082681238235,-0.0463893175794787
6683,0.4672520962815901,-0.0053463545355207,-0.0808786901328385
6684,0.4643221851681628,-0.0079564074260271,-0.1206455092372508
6685,0.4613850397063073,-0.0110148298861433,-0.1672436962543404
6686,0.4584551285928799,-0.0145537115539187,-0.2211621695642973
6687,0.4545485804416435,-0.0185348587370098,-0.2818190092911381
6688,0.4506347979419788,-0.0228567680264576,-0.3476677074245325
6689,0.4457443784045051,-0.0273681041865782,-0.4164025172252269
6690,0.4408611932154596,-0.0318862098709266,-0.4852404676352049
6691,0.4359707736779858,-0.0362185954665504,-0.5512487829832922
6692,0.4310875884889403,-0.0401849152520086,-0.6116797121772081
6693,0.4271738059892756,-0.0436367552002886,-0.664272016072629
6694,0.4242438948758483,-0.0464727476128512,-0.7074812543459505
6695,0.4232672578380392,-0.0486471414074656,-0.7406103625746389
6696,0.4232672578380392,-0.0501709475611067,-0.7638271042285902
6697,0.4232672578380392,-0.0511059696477467,-0.7780731198221013
6698,0.4232672578380392,-0.0515531378826791,-0.7848861841751176
6699,0.4232672578380392,-0.0516373116023483,-0.7861686566857727
6700,0.4222906208002301,-0.0514909510331509,-0.7839387040666276
6701,0.4222906208002301,-0.0512388256547566,-0.7800973166561632
6702,0.4232672578380392,-0.0509854086462828,-0.7762362499434485
6703,0.4232672578380392,-0.0508060220945336,-0.7735031127801666
6704,0.4232672578380392,-0.0507422808812874,-0.7725319503543485
6705,0.4232672578380392,-0.0508019509959226,-0.7734410854386484
6706,0.4232672578380392,-0.0509629558923149,-0.775894159325789
6707,0.4232672578380392,-0.0511809235169062,-0.7792151185022366
6708,0.4232672578380392,-0.0513993829178004,-0.782543570392471
6709,0.4232672578380392,-0.051561497270525,-0.7850135479789319
6710,0.4232672578380392,-0.0516220473320579,-0.7859360899521225
6711,0.4232672578380392,-0.0515582472592208,-0.7849640307403765
6712,0.4222906208002301,-0.0513778949525122,-0.7822161793148243
6713,0.4222906208002301,-0.0511233729925603,-0.77833827753884
6714,0.4222906208002301,-0.0508701992527339,-0.7744809172722017
6715,0.4222906208002301,-0.0507192643697015,-0.7721812703141163
6716,0.4222906208002301,-0.050782626034284,-0.7731466499287485
6717,0.4232672578380392,-0.0511637076969289,-0.7789528179177305
6718,0.4232672578380392,-0.0519338380366955,-0.7906865394908501
6719,0.4232672578380392,-0.0531080752615642,-0.8085772418121968
6720,0.4222906208002301,-0.0546239654129198,-0.8316733750937805
6721,0.4213067494139927,-0.0563270920617947,-0.857622247472597
6722,0.4213067494139927,-0.0579668836609088,-0.882606145740748
6723,0.4203301123761837,-0.0592051548148668,-0.901472470312472
6724,0.4183768383005654,-0.0596383327979614,-0.9080723789029812
6725,0.4183768383005654,-0.0588323808015029,-0.8957928778374735
6726,0.4193534753383746,-0.0563673078847228,-0.8582349765714341
6727,0.4222906208002301,-0.0518862201614341,-0.7899610325716055
6728,0.4261971689514665,-0.0451425243239205,-0.6872139451692694
6729,0.4340174996023676,-0.0360384661728112,-0.5485043293878931
6730,0.4457443784045051,-0.0246488738719471,-0.3749722686588123
6731,0.4613850397063073,-0.0112258325449797,-0.1704585370704087
6732,0.479962846469965,0.0038171427679104,0.0587365417863173
6733,0.4995100559230035,0.0199395528651264,0.3043779110455991
6734,0.517103991300424,0.0365220546573043,0.5570292467586422
6735,0.531768015564417,0.0529213412648623,0.8068891121798524
6736,0.5483853139040282,0.0685242027534282,1.0446146282350526
6737,0.5630493381680214,0.0827939631625227,1.262028989038165
6738,0.5757600883563961,0.0953041889275499,1.4526350440965632
6739,0.5845570560451063,0.1057567657048932,1.611890717187136
6740,0.5914007496581983,0.1139838525886472,1.7372387808422949
6741,0.5953072978094348,0.1199356053895286,1.8279198079769248
6742,0.597260571885053,0.1236575900705567,1.8846280425334747
6743,0.598237208922862,0.1252631097552827,1.9090897732146044
6744,0.598237208922862,0.1249059664009001,1.903648329778828
6745,0.597260571885053,0.1227584068090197,1.8709280680106135
6746,0.5943306607716257,0.1189973487093935,1.8136245100509123
6747,0.590416878271961,0.1137998334124441,1.734435060918293
6748,0.5865103301207246,0.1073464684323161,1.636111460384011
6749,0.5816199105832508,0.0998298212813993,1.5215876709966591
6750,0.5737995799323498,0.0914636366244027,1.3941203108297378
6751,0.5650026122436396,0.0824886247827202,1.257376847252301
6752,0.553275733441502,0.0731715102450976,1.1154211000180596
6753,0.5415416202909363,0.0637958613443532,0.9725735220327542
6754,0.5307913785266078,0.0546454748737158,0.8331580470296025
6755,0.5200411367622795,0.0459831324020615,0.7011784203547157
6756,0.5122208061113784,0.0380288195296458,0.5799863471029427
6757,0.5053771124982864,0.0309417020603543,0.4720068807104612
6758,0.5014633299986218,0.024809299050401,0.3785734633037926
6759,0.4975567818473854,0.0196456731920116,0.2999003543486723
6760,0.494626870733958,0.0153985415823502,0.235190970470529
6761,0.4916897252721025,0.0119634937549712,0.1828545116718409
6762,0.4897364511964843,0.0092023617771219,0.1407858485095256
6763,0.487783177120866,0.0069623764474616,0.1066573863143185
6764,0.4848460316590105,0.0050930291584291,0.0781759728699129
6765,0.4828927575833923,0.0034583904641169,0.0532705843644815
6766,0.4809394835077741,0.0019437967620665,0.0301942038109693
6767,0.4780023380459186,0.0004570500791527,0.0075421010093103
6768,0.4760490639703003,-0.0010746603867909,-0.015795070908189
6769,0.4740957898946821,-0.0027101947921014,-0.0407141064846697
6770,0.4721425158190639,-0.0045000855907821,-0.067984919220567
6771,0.4701892417434457,-0.0064904084178364,-0.0983095184310812
6772,0.4682287333193992,-0.0087236105427398,-0.1323346315801838
6773,0.4672520962815901,-0.0112359271664629,-0.1706123389293328
6774,0.466275459243781,-0.0140520273244966,-0.2135184984067008
6775,0.4643221851681628,-0.0171784143710548,-0.2611521952498081
6776,0.4604084026684982,-0.0205976102153621,-0.3132471329109164
6777,0.4555252174794526,-0.0242650770369281,-0.3691247322481285
6778,0.4506347979419788,-0.0281101603038752,-0.4277084993718749
6779,0.4467282497907424,-0.0320413009839083,-0.4876034389976161
6780,0.4418378302532686,-0.0359547227466835,-0.5472284128384174
6781,0.437924047753604,-0.0397450468572119,-0.6049778683374708
6782,0.4340174996023676,-0.0433159482274909,-0.6593841944882146
6783,0.4310875884889403,-0.0465890328666118,-0.7092529788453384
6784,0.4281504430270847,-0.0495095237669822,-0.7537496378033026
6785,0.4261971689514665,-0.0520479912211197,-0.7924257797383184
6786,0.4242438948758483,-0.054198128599616,-0.8251853167160186
6787,0.4232672578380392,-0.0559713207237061,-0.8522017081050752
6788,0.4222906208002301,-0.0573893575226861,-0.8738069457129217
6789,0.4222906208002301,-0.0584770107778567,-0.8903784529049859
6790,0.4213067494139927,-0.0592562392310449,-0.9022507935198668
6791,0.4203301123761837,-0.0597434731248139,-0.9096742990685572
6792,0.4203301123761837,-0.059950772241659,-0.9128327126432662
6793,0.4193534753383746,-0.0598907597890875,-0.9119183616911826
6794,0.4183768383005654,-0.0595842858380006,-0.9072489183180552
6795,0.4183768383005654,-0.059068963440777,-0.8993974557575141
6796,0.4183768383005654,-0.0584062268474769,-0.8892999874971961
6797,0.4193534753383746,-0.0576845233013119,-0.8783040975396604
6798,0.4203301123761837,-0.0570167168345001,-0.8681293845830548
6799,0.4203301123761837,-0.0565306771579199,-0.8607240741518236
6800,0.4213067494139927,-0.056353177766592,-0.8580196898032328
6801,0.4213067494139927,-0.0565884448327924,-0.8616042236250749
6802,0.4213067494139927,-0.0572938228213468,-0.8723513770536917
6803,0.4213067494139927,-0.0584559189033278,-0.890057096674231
6804,0.4213067494139927,-0.0599711219411809,-0.9131427610804684
6805,0.4193534753383746,-0.0616344290147329,-0.9384849415970472
6806,0.4183768383005654,-0.0631399477003715,-0.9614230550153108
6807,0.4174002012627563,-0.0640952539668116,-0.9759781207862056
6808,0.4174002012627563,-0.064050080778517,-0.9752898611674772
6809,0.4193534753383746,-0.0625378001857594,-0.9522487231943548
6810,0.4203301123761837,-0.0591260744689083,-0.9002676005476159
6811,0.4222906208002301,-0.0534711170448445,-0.8141085538310311
6812,0.4271738059892756,-0.0453685053076033,-0.6906569960483676
6813,0.4359707736779858,-0.0347928319011016,-0.529525820203843
6814,0.4496581609041697,-0.021919115363391,-0.3333816123149023
6815,0.466275459243781,-0.0071210478062327,-0.1079179530224611
6816,0.4858226686968196,0.0090553821846354,0.1385464644389151
6817,0.5053771124982864,0.0259402616678615,0.3958048328235415
6818,0.524924321951325,0.0428036668994522,0.6527360190720152
6819,0.5435021287149827,0.0589259374295436,0.8983752618837384
6820,0.560119427054594,0.0736640487401043,1.1229254265794613
6821,0.5718463058567315,0.0865045913218445,1.3185641953982397
6822,0.5796666365076326,0.0970963654849974,1.479940682699678
6823,0.5835804190072973,0.1052593982460303,1.6043128164338738
6824,0.5855336930829155,0.1109715294254308,1.6913429636535422
6825,0.5874869671585337,0.1143376441640724,1.7426291565054752
6826,0.5865103301207246,0.1155492660468394,1.761089452237488
6827,0.5865103301207246,0.1148430545535395,1.750329599513559
6828,0.5855336930829155,0.1124657521818642,1.7141089720639138
6829,0.5845570560451063,0.108650695086317,1.6559826843003755
6830,0.5826037819694881,0.1036077899207636,1.579148878284912
6831,0.5777133624320144,0.0975256359538047,1.4864810563227635
6832,0.5718463058567315,0.0905819535760967,1.3806869699128002
6833,0.5650026122436396,0.082957150287607,1.264515311406191
6834,0.5562056445549294,0.074845846482151,1.140931321094823
6835,0.54643203982841,0.0664623184035287,1.0131997162020772
6836,0.5366584351018908,0.0580377306939655,0.8848425259343907
6837,0.524924321951325,0.0498092704913298,0.7594735383647241
6838,0.5161273542626148,0.0420033654527369,0.6405426098977084
6839,0.5083070236117138,0.0348166073087578,0.5310450161522694
6840,0.5024472013848591,0.0283984884297266,0.4332584259335831
6841,0.4965801448095762,0.0228395224729589,0.3485619071716675
6842,0.4936429993477207,0.0181669732805362,0.2773708523208633
6843,0.4916897252721025,0.0143486434948706,0.2191947017838936
6844,0.4916897252721025,0.0113033956360466,0.1727972432609527
6845,0.4897364511964843,0.0089156977174985,0.1364182290470064
6846,0.4868065400830569,0.0070508644179209,0.1080055908380548
6847,0.4838693946212014,0.0055680024034732,0.0854126749244217
6848,0.479962846469965,0.0043288470954946,0.0665328793639967
6849,0.4770257010081094,0.0032022564394927,0.0493681211382519
6850,0.4760490639703003,0.0020655289874513,0.0320489184811826
6851,0.4750724269324912,0.0008044812492465,0.0128355694070614
6852,0.4750724269324912,-0.0006858114951756,-0.0098705612601042
6853,0.473119152856873,-0.002498375035059,-0.0374868163436598
6854,0.4711658787812548,-0.0047095065719583,-0.0711756615635264
6855,0.4692053703572084,-0.0073723391633316,-0.1117466332674486
6856,0.466275459243781,-0.0105099891982936,-0.1595519332317256
6857,0.4623689110925446,-0.0141097618816473,-0.2143981432976669
6858,0.4584551285928799,-0.0181198691041066,-0.2754962187753236
6859,0.4545485804416435,-0.0224498234902881,-0.341467492166733
6860,0.4496581609041697,-0.0269751755858134,-0.4104158490452835
6861,0.444767741366696,-0.0315466322018729,-0.4800666553395711
6862,0.4398845561776505,-0.0360028979042292,-0.5479624105219182
6863,0.4349941366401767,-0.0401858930219645,-0.6116946095002099
6864,0.4291270800648938,-0.0439564269730708,-0.6691425417264405
6865,0.4252205319136574,-0.047208077913433,-0.7186847618118686
6866,0.4232672578380392,-0.0498770890906842,-0.759349870576316
6867,0.4222906208002301,-0.051946637032126,-0.7908815452464247
6868,0.4213067494139927,-0.0534448129796206,-0.8137077845564795
6869,0.4213067494139927,-0.0544368490419423,-0.8288224662469897
6870,0.4213067494139927,-0.0550131807609274,-0.8376034680789368
6871,0.4213067494139927,-0.0552756038992313,-0.8416017523695355
6872,0.4203301123761837,-0.0553239398224597,-0.8423381994822587
6873,0.4203301123761837,-0.0552452916180651,-0.8411399138350893
6874,0.4193534753383746,-0.0551072811484366,-0.8390371835033806
6875,0.4193534753383746,-0.0549558060956432,-0.8367293065077932
6876,0.4193534753383746,-0.054817049966033,-0.8346152152853864
6877,0.4203301123761837,-0.0547028562645016,-0.8328753577184459
6878,0.4203301123761837,-0.054618179896799,-0.831585226852096
6879,0.4193534753383746,-0.0545691016006758,-0.8308374689307976
6880,0.4183768383005654,-0.0545697542109337,-0.830847412114005
6881,0.4174002012627563,-0.0546464525917617,-0.8320159902095228
6882,0.4164235642249472,-0.0548374440247724,-0.8349259395805316
6883,0.4154469271871381,-0.0551871470039278,-0.8402540213075071
6884,0.4164235642249472,-0.0557345984194686,-0.8485950022468021
6885,0.4164235642249472,-0.0564970232113985,-0.8602113219358307
6886,0.4174002012627563,-0.057450773812723,-0.874742685561277
6887,0.4174002012627563,-0.0585130422289593,-0.8909274288292969
6888,0.4174002012627563,-0.0595283829699901,-0.9063971810802092
6889,0.4164235642249472,-0.0602639517197346,-0.9176043215624364
6890,0.4164235642249472,-0.0604163905374749,-0.919926882500423
6891,0.4154469271871381,-0.059631596711335,-0.9079697477496748
6892,0.4164235642249472,-0.0575364783644695,-0.8760484818607024
6893,0.4183768383005654,-0.0537796004794561,-0.8188086137361493
6894,0.4222906208002301,-0.048075761648615,-0.7319048089083581
6895,0.4291270800648938,-0.0402483716062907,-0.6126465344860357
6896,0.437924047753604,-0.0302632692636956,-0.4605133114232715
6897,0.4486815238663607,-0.0182484268296779,-0.2774549269056698
6898,0.4643221851681628,-0.0044957684620244,-0.0679191433587128
6899,0.4819161205455832,0.0105561137647821,0.1614116414202113
6900,0.5004866929608127,0.0263566063527888,0.4021482689396484
6901,0.5180806283382331,0.042290529456082,0.644917846512974
6902,0.5337212896400352,0.0577318016578636,0.8801813848970951
6903,0.5483853139040282,0.0720959066057228,1.0990331810181628
6904,0.5610960640924031,0.0848842972848794,1.2938773623848872
6905,0.5708696688189224,0.0957155461185253,1.4589024906530368
6906,0.5786899994698235,0.1043404504176444,1.590311708567158
6907,0.5816199105832508,0.1106410033892344,1.6863070622208434
6908,0.5835804190072973,0.1146157201166952,1.7468659273944716
6909,0.5835804190072973,0.1163558386221816,1.7733784084555324
6910,0.5826037819694881,0.1160180010779984,1.768231108737937
6911,0.5806432735454417,0.1137989120285255,1.734421022694106
6912,0.5786899994698235,0.109916192961167,1.6752638357472391
6913,0.5757600883563961,0.104597520729832,1.5942284370898103
6914,0.5718463058567315,0.098077676076189,1.4948919508931702
6915,0.5659792492814486,0.0906009486110789,1.38097637865343
6916,0.5591427900167849,0.0824249961181963,1.2564073996211127
6917,0.5493619509418374,0.0738220782826742,1.1253331679150445
6918,0.5376350721396999,0.0650746067895926,0.9920565137324208
6919,0.5268848303753715,0.0564638714389905,0.8608631742070575
6920,0.5161273542626148,0.0482530389982783,0.7357627635777958
6921,0.5083070236117138,0.0406673964246818,0.6201877585224717
6922,0.5014633299986218,0.0338757861727531,0.5167106461242936
6923,0.4965801448095762,0.0279770624937282,0.4268375717724613
6924,0.4916897252721025,0.0229943494448962,0.3509208540757358
6925,0.487783177120866,0.0188782903704203,0.2882084940185416
6926,0.4868065400830569,0.0155187585336784,0.237022598394293
6927,0.4858226686968196,0.012762970119189,0.1950353498723779
6928,0.4838693946212014,0.0104368470450896,0.1595944912450407
6929,0.4809394835077741,0.0083660358398329,0.128043569461668
6930,0.4789862094321558,0.0063933324462773,0.0979874202995086
6931,0.4750724269324912,0.0043903089709537,0.0674693137527748
6932,0.4711658787812548,0.0022623819474917,0.0350481741976351
6933,0.4682287333193992,-5.199232094423474e-05,-0.0002136793868497
6934,0.4652988222059719,-0.0025862153451248,-0.0388251531004235
6935,0.4623689110925446,-0.0053522470767976,-0.0809684690119854
6936,0.4604084026684982,-0.0083469460288046,-0.1265957633590857
6937,0.4574784915550708,-0.0115565145862747,-0.1754968153999734
6938,0.4545485804416435,-0.0149584046036333,-0.2273280811285227
6939,0.451611434979788,-0.0185209321150012,-0.2816068229940075
6940,0.4486815238663607,-0.0222015479091825,-0.337684760346324
6941,0.444767741366696,-0.0259450948166523,-0.3947215174249708
6942,0.4408611932154596,-0.0296834056264305,-0.4516784972123328
6943,0.4369474107157949,-0.0333372715923181,-0.5073488736348692
6944,0.4330408625645585,-0.0368212243784377,-0.5604304493829572
6945,0.4291270800648938,-0.0400508648439756,-0.6096373174247834
6946,0.4252205319136574,-0.0429517936133671,-0.6538359273559389
6947,0.4232672578380392,-0.0454686843215281,-0.6921833255489291
6948,0.4203301123761837,-0.0475727917603337,-0.7242415494261458
6949,0.4174002012627563,-0.0492662524835058,-0.7500431515636973
6950,0.4154469271871381,-0.0505819066984265,-0.7700884860314436
6951,0.4154469271871381,-0.0515780252310057,-0.7852653683221101
6952,0.4164235642249472,-0.0523282451907429,-0.7966957349387807
6953,0.4164235642249472,-0.0529081082762592,-0.8055305407432635
6954,0.4174002012627563,-0.0533806116665079,-0.812729612039706
6955,0.4183768383005654,-0.053783799219373,-0.818872585823209
6956,0.4183768383005654,-0.0541233941205116,-0.82404666066724
6957,0.4164235642249472,-0.0543727177090622,-0.8278453599504683
6958,0.4154469271871381,-0.0544807328787666,-0.8294910812804042
6959,0.4134864187630917,-0.0543872491423988,-0.828066761165335
6960,0.4115331446874735,-0.0540425390647854,-0.822814751388146
6961,0.4105565076496644,-0.053427293673145,-0.813440860045492
6962,0.4115331446874735,-0.0525683477080724,-0.8003539417927052
6963,0.4134864187630917,-0.0515461158279953,-0.7847791960066526
6964,0.4154469271871381,-0.0504911384352165,-0.7687055389208226
6965,0.4183768383005654,-0.0495692212479785,-0.7546591898420386
6966,0.4203301123761837,-0.0489568795910576,-0.7453295398608288
6967,0.4213067494139927,-0.0488106769053208,-0.7431019927573116
6968,0.4203301123761837,-0.0492352139122631,-0.7495702472588237
6969,0.4193534753383746,-0.0502548129810576,-0.7651048794784456
6970,0.4174002012627563,-0.0517934039205868,-0.7885468824319086
6971,0.4154469271871381,-0.053665974064131,-0.8170773993534249
6972,0.414470290149329,-0.0555834658061758,-0.8462923426664339
6973,0.4115331446874735,-0.0571713949195925,-0.8704860630441157
6974,0.4105565076496644,-0.0580008425283947,-0.8831235437387789
6975,0.4095798706118552,-0.0576289333074204,-0.8774571272582766
6976,0.4115331446874735,-0.0556445859433031,-0.8472235703230148
6977,0.4134864187630917,-0.051714388996443,-0.7873430094351564
6978,0.4183768383005654,-0.0456230808253214,-0.6945357138315708
6979,0.4261971689514665,-0.0373034064151351,-0.567776984734209
6980,0.4359707736779858,-0.0268511460939168,-0.408526133175615
6981,0.4496581609041697,-0.0145228470124435,-0.2206919167805129
6982,0.4672520962815901,-0.0007160850791912,-0.0103318102039741
6983,0.4828927575833923,0.0140653969882188,0.2148791522281934
6984,0.4975567818473854,0.0292570892368819,0.4463400853532979
6985,0.5131974431491875,0.044283599729043,0.6752843058653912
6986,0.5288381044509897,0.0586065390180569,0.8935089011682037
6987,0.5435021287149827,0.0717644470690065,1.0939830567524924
6988,0.5542523704793112,0.0834000971738527,1.2712640592044693
6989,0.5630493381680214,0.0932724219915624,1.421679001596572
6990,0.5689163947433042,0.1012527031007976,1.5432667274344738
6991,0.5718463058567315,0.1073072538333079,1.63551398595325
6992,0.5737995799323498,0.1114711246470662,1.698954806645869
6993,0.5757600883563961,0.1138188438701889,1.7347247046404488
6994,0.5757600883563961,0.1144384855472358,1.7441655778772736
6995,0.5757600883563961,0.1134143232136507,1.7285614196621772
6996,0.5747834513185871,0.1108212036183741,1.6890525965894525
6997,0.5728229428945406,0.1067310222914986,1.626734510422798
6998,0.5698930317811133,0.1012288728299846,1.542903648942051
6999,0.5659792492814486,0.0944341389223954,1.439378944462483
7000,0.5591427900167849,0.0865204862769858,1.318806371259149
7001,0.5493619509418374,0.0777287147008479,1.1848547601070252
7002,0.538611709177509,0.0683678184383875,1.0422319536196796
7003,0.5259009589891341,0.0588021105048855,0.8964886323326495
7004,0.5141740801869966,0.0494253129451944,0.7536235533561911
7005,0.5034238384226682,0.0406253653146944,0.6195473716729537
7006,0.494626870733958,0.0327456984701774,0.4994926068255844
7007,0.487783177120866,0.0260494544592814,0.3974684964219671
7008,0.4838693946212014,0.0206925329603508,0.31585033114288
7009,0.4809394835077741,0.0167096451922339,0.2551669718270652
7010,0.479962846469965,0.0140152034880638,0.214114403035508
7011,0.479962846469965,0.0124183980720929,0.1897854431309674
7012,0.4789862094321558,0.0116496950225333,0.1780734677805691
7013,0.4789862094321558,0.0113945645556206,0.174186294780112
7014,0.4789862094321558,0.0113296444073855,0.173197170076744
7015,0.4789862094321558,0.0111566890460759,0.1705620186622442
7016,0.4789862094321558,0.0106303692531179,0.1625429995558645
7017,0.4780023380459186,0.0095770893173712,0.1464952049600165
7018,0.4740957898946821,0.0079033570547206,0.1209941860495793
7019,0.4701892417434457,0.0055937589768302,0.0858051026017162
7020,0.4672520962815901,0.002700063052787,0.0417166924498918
7021,0.4643221851681628,-0.0006758900461353,-0.0097193978600542
7022,0.459431765630689,-0.0044022774221791,-0.0664947119677114
7023,0.4555252174794526,-0.0083371784724635,-0.1264469446713413
7024,0.4525880720175971,-0.012345587839031,-0.1875191515819815
7025,0.4486815238663607,-0.0163117288542862,-0.2479473570294362
7026,0.4457443784045051,-0.0201458463344381,-0.3063640492017865
7027,0.4428144672910778,-0.023785665353748,-0.3618204060596022
7028,0.4389079191398414,-0.027193531667023,-0.413742726754695
7029,0.4359707736779858,-0.0303507740092773,-0.4618465355127075
7030,0.4340174996023676,-0.0332510149552957,-0.5060346657529136
7031,0.4320642255267494,-0.0358940446091452,-0.5463039194965946
7032,0.4281504430270847,-0.0382815109650555,-0.5826794056174658
7033,0.4252205319136574,-0.040415100684685,-0.6151868221269751
7034,0.4232672578380392,-0.042297149799657,-0.6438617608506074
7035,0.4203301123761837,-0.0439329045825102,-0.6687841541038261
7036,0.4183768383005654,-0.0453331630397848,-0.6901185205346376
7037,0.4164235642249472,-0.0465159111347394,-0.7081388946462988
7038,0.4164235642249472,-0.04750586816987,-0.7232219002360977
7039,0.4174002012627563,-0.0483315378956566,-0.7358018210280379
7040,0.4183768383005654,-0.049020287048318,-0.746295617173636
7041,0.4183768383005654,-0.049592866160132,-0.7550194442061429
7042,0.4183768383005654,-0.0500593086271269,-0.7621261711522023
7043,0.4183768383005654,-0.0504180512591591,-0.7675919812148855
7044,0.4164235642249472,-0.0506593872812954,-0.7712689817732191
7045,0.4154469271871381,-0.0507731691793561,-0.7730025650940763
7046,0.414470290149329,-0.0507593230565696,-0.7727916052847363
7047,0.4125097817252826,-0.0506385607658475,-0.7709516685588379
7048,0.4105565076496644,-0.050459993151832,-0.768231008747579
7049,0.4105565076496644,-0.0503023835281062,-0.7658296653040741
7050,0.4115331446874735,-0.050266656005616,-0.765285320042304
7051,0.4134864187630917,-0.0504589587303989,-0.7682152482815143
7052,0.4154469271871381,-0.0509658099450299,-0.7759376437311989
7053,0.4174002012627563,-0.0518251139284028,-0.7890300167581151
7054,0.4174002012627563,-0.0529985159604273,-0.8069079940642435
7055,0.4164235642249472,-0.0543511722245419,-0.8275170925086276
7056,0.414470290149329,-0.0556443117560788,-0.8472193928008699
7057,0.4125097817252826,-0.0565440666107669,-0.8609280761286459
7058,0.4105565076496644,-0.0566473360841884,-0.8625014919331676
7059,0.4105565076496644,-0.0555224779397497,-0.845363130288956
7060,0.4115331446874735,-0.052759933097772,-0.8032729406999474
7061,0.414470290149329,-0.0480259347502902,-0.731145645268639
7062,0.4193534753383746,-0.0411115247623623,-0.6257975535867414
7063,0.4271738059892756,-0.0319693578204068,-0.4865073114903271
7064,0.4398845561776505,-0.0207322605713709,-0.3152986684829438
7065,0.4555252174794526,-0.007710126806002,-0.1168931726845764
7066,0.473119152856873,0.006634868064269,0.1016674619043685
7067,0.4907130882342934,0.0217311767441416,0.3316751290288406
7068,0.5083070236117138,0.0369523831995026,0.5635857412095057
7069,0.523947684913516,0.0516750578249284,0.7879007122554891
7070,0.5366584351018908,0.0653316204586172,0.9959723792386862
7071,0.54643203982841,0.0774513269534358,1.1806284747266638
7072,0.5552290075171202,0.0876851223843895,1.3365507907588638
7073,0.5620727011302122,0.09581325956753,1.4603912547561595
7074,0.5659792492814486,0.101737569711893,1.550654165016039
7075,0.5679397577054951,0.1054625495044964,1.607408033153673
7076,0.5689163947433042,0.1070706937911046,1.6319097523226411
7077,0.5689163947433042,0.1066976466633133,1.6262259986706535
7078,0.5679397577054951,0.1045118086716757,1.5929225264225724
7079,0.5659792492814486,0.1007012474247373,1.5348647375001867
7080,0.5630493381680214,0.0954685250098863,1.4551388720007294
7081,0.5581589186305476,0.0890318939484147,1.3570702297925936
7082,0.5513224593658839,0.0816297086425332,1.2442903834120798
7083,0.5444787657527919,0.0735241847429292,1.1207944558642269
7084,0.5356817980640817,0.0650009231289955,0.9909338679758638
7085,0.524924321951325,0.0563617854726286,0.8593077903402481
7086,0.5141740801869966,0.0479104846923043,0.7305435991812986
7087,0.5053771124982864,0.0399322268118772,0.6089866992988062
7088,0.4975567818473854,0.0326704225873495,0.4983457019386259
7089,0.4907130882342934,0.0263044576074873,0.4013537295920091
7090,0.4848460316590105,0.0209325865908679,0.3195077931563332
7091,0.4809394835077741,0.0165632775005564,0.252936910689668
7092,0.4780023380459186,0.013116982614122,0.2004290914696874
7093,0.4770257010081094,0.0104385964803614,0.1596211456765434
7094,0.4770257010081094,0.0083190416460351,0.1273275649659307
7095,0.4770257010081094,0.0065228181708703,0.0999602674418876
7096,0.4750724269324912,0.0048173001862547,0.0739749606229244
7097,0.473119152856873,0.0029993275213481,0.0462762920001287
7098,0.4711658787812548,0.0009152916351122,0.0145238787074742
7099,0.4672520962815901,-0.0015277254036734,-0.0226979787513355
7100,0.4623689110925446,-0.004360471359162,-0.0658577539384255
7101,0.4584551285928799,-0.0075586896283264,-0.1145858727550566
7102,0.4545485804416435,-0.011056535649622,-0.1678791261178123
7103,0.451611434979788,-0.0147630849119073,-0.2243521863193986
7104,0.4477048868285516,-0.0185787294461661,-0.282487424311135
7105,0.4437911043288869,-0.0224088246813455,-0.3408428334770004
7106,0.4408611932154596,-0.0261728849313147,-0.3981921322605941
7107,0.4389079191398414,-0.0298087061197344,-0.4535875780853809
7108,0.4359707736779858,-0.0332718447288612,-0.5063520286080412
7109,0.4330408625645585,-0.0365317346305202,-0.5560197776759238
7110,0.4301109514511312,-0.0395662099164067,-0.6022531050577478
7111,0.4271738059892756,-0.0423562335875619,-0.644761962648879
7112,0.4242438948758483,-0.0448822598474191,-0.6832485502939465
7113,0.4213067494139927,-0.0471230331132541,-0.7173890175007911
7114,0.4193534753383746,-0.0490569265773417,-0.7468538577855625
7115,0.4183768383005654,-0.0506653040183556,-0.7713591292998143
7116,0.4164235642249472,-0.0519369549300742,-0.7907340285419759
7117,0.414470290149329,-0.0528724323240856,-0.8049869812078895
7118,0.4134864187630917,-0.0534870961082765,-0.8143520111675737
7119,0.4125097817252826,-0.0538118439443218,-0.8192998758248516
7120,0.414470290149329,-0.0538909537084785,-0.8205051938059759
7121,0.4164235642249472,-0.0537771792113101,-0.8187717232452649
7122,0.4174002012627563,-0.0535250907466519,-0.814930898253237
7123,0.4183768383005654,-0.0531843384571971,-0.8097391894172009
7124,0.4183768383005654,-0.0527947381346034,-0.8038032309513944
7125,0.4193534753383746,-0.052384710251631,-0.7975560377587826
7126,0.4183768383005654,-0.0519737452259288,-0.7912945662404146
7127,0.4174002012627563,-0.0515784561718134,-0.7852719341450507
7128,0.4174002012627563,-0.0512206819807913,-0.7798208792693608
7129,0.4164235642249472,-0.0509352804663626,-0.7754724959711935
7130,0.4154469271871381,-0.0507749255931205,-0.7730293258500347
7131,0.4164235642249472,-0.0508095184934077,-0.7735563839847651
7132,0.4164235642249472,-0.0511187348304289,-0.7782676104059527
7133,0.4174002012627563,-0.0517776271580138,-0.7883065073553821
7134,0.4183768383005654,-0.0528368160400118,-0.8044443307769017
7135,0.4183768383005654,-0.0543002786316702,-0.8267416766890233
7136,0.4164235642249472,-0.0561047143201795,-0.8542340956631739
7137,0.414470290149329,-0.0581046741258654,-0.8847055240767859
7138,0.4125097817252826,-0.0600670220792758,-0.9146038975415643
7139,0.4095798706118552,-0.0616770135035409,-0.9391337597375689
7140,0.4086032335740461,-0.0625566255573884,-0.9525355469406732
7141,0.4095798706118552,-0.0622940704435553,-0.9485352518682184
7142,0.4115331446874735,-0.0604819016833493,-0.920925011655884
7143,0.4134864187630917,-0.0567599162136317,-0.864216765082845
7144,0.4193534753383746,-0.0508581897788572,-0.774297940683133
7145,0.4252205319136574,-0.0426350923948989,-0.6490106611282769
7146,0.4340174996023676,-0.0321051353218142,-0.4885760202726498
7147,0.4467282497907424,-0.0194521787321582,-0.2957953154574277
7148,0.4623689110925446,-0.0050250074538534,-0.0759826394386647
7149,0.4809394835077741,0.0106854784356932,0.1633826441862225
7150,0.4985334188851945,0.0270855097631285,0.413253856174681
7151,0.517103991300424,0.043529555266769,0.6637956690500215
7152,0.5347051610262725,0.0593767455611985,0.9052437837774998
7153,0.5503385879796465,0.074045177122701,1.1287323063945829
7154,0.5630493381680214,0.0870570017272422,1.326980731608195
7155,0.5728229428945406,0.098068719001131,1.494755480714795
7156,0.5806432735454417,0.1068835090534032,1.6290578018390502
7157,0.5855336930829155,0.1134453325863714,1.7290338790977735
7158,0.5874869671585337,0.1178173650528641,1.7956462549795127
7159,0.5884636041963428,0.1201496337051927,1.831180747762166
7160,0.5884636041963428,0.120642119846179,1.8386842766566447
7161,0.5874869671585337,0.1195098531661629,1.821433038413186
7162,0.5845570560451063,0.1169556420885804,1.7825170263100742
7163,0.5816199105832508,0.1131542553440518,1.724599020293633
7164,0.5786899994698235,0.1082494446292121,1.6498692241474062
7165,0.5767367253942053,0.1023625754471788,1.5601767651536589
7166,0.5728229428945406,0.0956092489211077,1.457282944383922
7167,0.5659792492814486,0.0881186471552602,1.343155983015007
7168,0.5571822815927384,0.0800498803950693,1.2202200879933736
7169,0.54643203982841,0.0716005530586875,1.0914859642666048
7170,0.5356817980640817,0.0630048540646898,0.9605217189773207
7171,0.5259009589891341,0.0545210943844875,0.8312629833574252
7172,0.517103991300424,0.0464110338557852,0.7076979356360492
7173,0.5083070236117138,0.0389150077663153,0.5934883291617266
7174,0.5014633299986218,0.0322275390253137,0.4915979189493017
7175,0.4956035077717671,0.0264778261947427,0.403995176925452
7176,0.4926663623099116,0.0217183971403829,0.3314804187251733
7177,0.4907130882342934,0.0179235587645973,0.2736621837885363
7178,0.4897364511964843,0.0149973930644549,0.2290790634654375
7179,0.487783177120866,0.0127893652981442,0.195437507357599
7180,0.4858226686968196,0.0111145084498327,0.1699193542370823
7181,0.4838693946212014,0.0097748298865335,0.1495079843071642
7182,0.4819161205455832,0.008578981794133,0.1312880183670791
7183,0.4809394835077741,0.0073580741256179,0.1126862442139086
7184,0.4789862094321558,0.0059764745621547,0.091636165069989
7185,0.4770257010081094,0.0043373157154475,0.0666619074304224
7186,0.4750724269324912,0.0023831200981449,0.0368877431249511
7187,0.473119152856873,9.243537834647826e-05,0.0019868239869519
7188,0.4701892417434457,-0.0025263510315281,-0.0379130591967832
7189,0.4672520962815901,-0.0054427536622521,-0.0823474291949834
7190,0.4643221851681628,-0.0086122656830791,-0.130638179026123
7191,0.4604084026684982,-0.0119836953738467,-0.1820053505971127
7192,0.4574784915550708,-0.0155049199995242,-0.2356548008533299
7193,0.4535647090554062,-0.019126522562116,-0.2908336114048362
7194,0.4496581609041697,-0.0228031383025924,-0.3468506038572737
7195,0.4467282497907424,-0.0264927228196133,-0.4030651888538036
7196,0.4437911043288869,-0.0301543283791067,-0.4588534858824638
7197,0.4408611932154596,-0.0337452911608032,-0.513565468106968
7198,0.437924047753604,-0.0372189070838673,-0.5664895511985927
7199,0.4340174996023676,-0.0405236057478455,-0.6168400074836056
7200,0.4301109514511312,-0.0436042677163006,-0.6637770361035994
7201,0.4261971689514665,-0.046405729977136,-0.7064601722805313
7202,0.4232672578380392,-0.0488778653489352,-0.7441256772553687
7203,0.4213067494139927,-0.0509811306470557,-0.7761710702599212
7204,0.4193534753383746,-0.052691325164381,-0.8022276288266856
7205,0.4183768383005654,-0.0540025213603694,-0.8222050408270024
7206,0.4193534753383746,-0.0549276308727939,-0.8363000282374754
7207,0.4183768383005654,-0.0554966868800142,-0.8449701771764948
7208,0.4183768383005654,-0.0557534715460525,-0.8488825535885878
7209,0.4183768383005654,-0.0557514345655568,-0.8488515181121855
7210,0.4193534753383746,-0.0555498698257733,-0.8457804736234115
7211,0.4193534753383746,-0.0552110850734446,-0.8406187422231812
7212,0.4193534753383746,-0.0547988952258172,-0.8343386092929655
7213,0.4183768383005654,-0.0543782609123981,-0.827929816309617
7214,0.4183768383005654,-0.0540153690125044,-0.8224007879171198
7215,0.4183768383005654,-0.053777058907152,-0.818769890288657
7216,0.4183768383005654,-0.0537283935669909,-0.8180284241728244
7217,0.4183768383005654,-0.0539274297172275,-0.8210609430196597
7218,0.4174002012627563,-0.0544168037521117,-0.8285170558020565
7219,0.4174002012627563,-0.0552124924132562,-0.8406401844812712
7220,0.4164235642249472,-0.0562908979367823,-0.8570707930452764
7221,0.4164235642249472,-0.0575761342013118,-0.8766526790001082
7222,0.4164235642249472,-0.0589299379328312,-0.8972792602812887
7223,0.4154469271871381,-0.0601468592201968,-0.9158202978499131
7224,0.414470290149329,-0.0609571600063788,-0.9281660571643962
7225,0.414470290149329,-0.0610390959842446,-0.929414435395268
7226,0.4164235642249472,-0.0600410356525263,-0.9142079678132912
7227,0.4174002012627563,-0.0576123548480876,-0.8772045375135572
7228,0.4193534753383746,-0.05344044200893,-0.8136411883578369
7229,0.4222906208002301,-0.047289671728548,-0.7199279268440866
7230,0.4301109514511312,-0.0390371417512852,-0.5941922116969974
7231,0.4408611932154596,-0.0286996893846592,-0.4366905764775151
7232,0.4535647090554062,-0.0164474696540015,-0.250015506624029
7233,0.4672520962815901,-0.0026011350794254,-0.039052470476702
7234,0.4838693946212014,0.0123879594315094,0.1893216793818606
7235,0.5014633299986218,0.0279725611805602,0.426768989673173
7236,0.5190644997244704,0.043555076691677,0.6641845140007483
7237,0.5356817980640817,0.0585379345669338,0.8924636423508467
7238,0.5503385879796465,0.0723720414935654,1.1032403778045554
7239,0.5620727011302122,0.084596990253937,1.2894999465982302
7240,0.5708696688189224,0.0948681834603301,1.4459920559002204
7241,0.5767367253942053,0.1029684110174278,1.5694072882655623
7242,0.5796666365076326,0.1088041854355735,1.658321266394002
7243,0.5816199105832508,0.1123897108142797,1.712950404235582
7244,0.5826037819694881,0.1138231843420032,1.7347908361575897
7245,0.5816199105832508,0.1132608317686021,1.72622282087304
7246,0.5806432735454417,0.1108935822305277,1.6901553586012912
7247,0.5786899994698235,0.1069298178072342,1.6297633629574653
7248,0.5747834513185871,0.1015856240755453,1.5483391181998147
7249,0.5689163947433042,0.0950819358472011,1.4492487916287389
7250,0.5620727011302122,0.0876463830448471,1.335960557391023
7251,0.5552290075171202,0.0795167849888698,1.2120978355053729
7252,0.54643203982841,0.0709431824678482,1.0814702525292863
7253,0.5366584351018908,0.0621859447507676,0.9480447999585097
7254,0.5259009589891341,0.0535086752437739,0.8158377446685683
7255,0.5161273542626148,0.0451661126929961,0.6887302913940647
7256,0.5073303865739046,0.0373886274271014,0.5702323671638554
7257,0.5004866929608127,0.0303658659158835,0.4632334294619274
7258,0.4956035077717671,0.0242323642248648,0.3697832725281251
7259,0.4907130882342934,0.0190575426926488,0.290939586058107
7260,0.4858226686968196,0.0148416434771574,0.2267060595749129
7261,0.4828927575833923,0.0115181884550389,0.176069831034504
7262,0.4819161205455832,0.0089626356090255,0.1371333757201968
7263,0.4789862094321558,0.0070061784343126,0.1073247542798695
7264,0.4770257010081094,0.0054530962492351,0.0836619624135025
7265,0.4760490639703003,0.0040997625325955,0.0630425422886225
7266,0.4750724269324912,0.0027533498249005,0.042528570797263
7267,0.4740957898946821,0.0012483701485714,0.0195986697358387
7268,0.4721425158190639,-0.0005405795828826,-0.0076578048805877
7269,0.4692053703572084,-0.0026911088632454,-0.0404233128831236
7270,0.4672520962815901,-0.0052310328127193,-0.0791216460108082
7271,0.4643221851681628,-0.0081420520108887,-0.1234739939207442
7272,0.4604084026684982,-0.0113683631029117,-0.1726301355597532
7273,0.4555252174794526,-0.014828789669909,-0.2253532653531824
7274,0.4506347979419788,-0.0184304926558058,-0.2802288855480631
7275,0.4467282497907424,-0.0220820323042157,-0.335863818150035
7276,0.4437911043288869,-0.0257036626018235,-0.3910430512728111
7277,0.4408611932154596,-0.0292333285233713,-0.4448211132851739
7278,0.4389079191398414,-0.0326278122530702,-0.4965395366637962
7279,0.4359707736779858,-0.0358595775350029,-0.5457787784515757
7280,0.4340174996023676,-0.0389107839833792,-0.5922670221665355
7281,0.4310875884889403,-0.0417664527689175,-0.6357760500600603
7282,0.4281504430270847,-0.0444087613811096,-0.6760343179983346
7283,0.4252205319136574,-0.0468139597803554,-0.7126799698933322
7284,0.4213067494139927,-0.0489525729688216,-0.7452639240765537
7285,0.4183768383005654,-0.0507926048922361,-0.7732986880121503
7286,0.4164235642249472,-0.0523046446409525,-0.7963361564805458
7287,0.4154469271871381,-0.0534673334104929,-0.8140509063008355
7288,0.414470290149329,-0.0542717050527509,-0.8263063290574935
7289,0.4154469271871381,-0.0547234215740901,-0.8331886911950229
7290,0.4164235642249472,-0.0548427011943776,-0.8350060379239221
7291,0.4183768383005654,-0.0546625263464801,-0.8322608902644374
7292,0.4183768383005654,-0.0542262603681013,-0.8256139329147597
7293,0.4183768383005654,-0.0535858830381274,-0.8158571308467764
7294,0.4174002012627563,-0.0528016090907676,-0.8039079169797312
7295,0.4174002012627563,-0.0519428305394902,-0.7908235494469447
7296,0.4174002012627563,-0.0510894474985005,-0.7778213880190105
7297,0.4183768383005654,-0.0503320649411659,-0.7662818919191752
7298,0.4183768383005654,-0.0497694354673364,-0.7577096577740474
7299,0.4183768383005654,-0.0495019277005147,-0.7536339039795871
7300,0.4183768383005654,-0.0496205718526667,-0.7554415687030056
7301,0.4193534753383746,-0.0501922201587959,-0.7641512139611034
7302,0.4193534753383746,-0.0512424049041844,-0.7801518501734886
7303,0.4183768383005654,-0.0527383929242164,-0.8029447541760731
7304,0.4174002012627563,-0.0545754935932608,-0.8309348574602672
7305,0.414470290149329,-0.0565696878773594,-0.8613184422693152
7306,0.4125097817252826,-0.0584590598121641,-0.8901049516253591
7307,0.4115331446874735,-0.0599154416983179,-0.9122944157639132
7308,0.4105565076496644,-0.0605663381590973,-0.922211487523518
7309,0.4105565076496644,-0.0600257738990127,-0.9139754394253036
7310,0.4115331446874735,-0.0579313568722226,-0.8820648588633122
7311,0.414470290149329,-0.0539836794090224,-0.8219179644717625
7312,0.4183768383005654,-0.0479833501376723,-0.7304968252417472
7313,0.4252205319136574,-0.0398606542762195,-0.6067392653327291
7314,0.4349941366401767,-0.0296932593406796,-0.4518286286037217
7315,0.4467282497907424,-0.0177086181933986,-0.2692303915071732
7316,0.4623689110925446,-0.0042697247633364,-0.0644751369525155
7317,0.479962846469965,0.0101545970941375,0.1552941252323183
7318,0.4975567818473854,0.0250310926958956,0.3819527158128024
7319,0.5141740801869966,0.0398092968244361,0.6071137355014598
7320,0.5278614674131806,0.0539676973747276,0.8228314152232733
7321,0.538611709177509,0.0670523561268918,1.0221895429964325
7322,0.5493619509418374,0.0787032065027753,1.1997021370881331
7323,0.5581589186305476,0.0886657806664907,1.3514921203577426
7324,0.5650026122436396,0.0967888117255349,1.4752547873441038
7325,0.5689163947433042,0.1030104493546133,1.570047785228818
7326,0.5728229428945406,0.1073373908554117,1.635973154237045
7327,0.5757600883563961,0.109821913719875,1.6738273953029106
7328,0.5757600883563961,0.110541562562239,1.6847919797514028
7329,0.5747834513185871,0.1095851941895571,1.670220731708133
7330,0.5728229428945406,0.10704745861237,1.6315557406652692
7331,0.5708696688189224,0.1030318746944471,1.5703742221437635
7332,0.5679397577054951,0.097660718531442,1.4885391772323433
7333,0.5630493381680214,0.0910882881678887,1.3884014940863667
7334,0.5562056445549294,0.0835131074056227,1.2729858854019735
7335,0.5483853139040282,0.0751846021330488,1.1460926091050585
7336,0.5376350721396999,0.0664008295548446,1.0122628708486925
7337,0.524924321951325,0.057495776480464,0.8765853004775508
7338,0.5141740801869966,0.0488171155817733,0.7443570459153189
7339,0.5063537495360956,0.0406974970023536,0.6206463715381568
7340,0.4995100559230035,0.0334238592935228,0.5098250789696425
7341,0.4936429993477207,0.0272095651014505,0.4151439658410145
7342,0.4887598141586752,0.0221735268470652,0.3384147842242447
7343,0.4838693946212014,0.0183292716733932,0.2798436339465371
7344,0.4819161205455832,0.015585458162525,0.2380388353005725
7345,0.4809394835077741,0.0137578807817905,0.2101938290314146
7346,0.4809394835077741,0.0125915586300396,0.1924237209256175
7347,0.479962846469965,0.0117902130634561,0.1802144035196909
7348,0.479962846469965,0.0110494762129809,0.1689285217492628
7349,0.479962846469965,0.0100897039873951,0.154305412533685
7350,0.4789862094321558,0.0086843550113565,0.1328934868551004
7351,0.4770257010081094,0.0066805204847845,0.1023630231149944
7352,0.473119152856873,0.0040092973867491,0.0616642134803392
7353,0.4682287333193992,0.000685183804194,0.0110179510996788
7354,0.4633455481303537,-0.0032046769689977,-0.0482480470230072
7355,0.4584551285928799,-0.0075190862805426,-0.1139824753400173
7356,0.4535647090554062,-0.0120858744608021,-0.183562153251185
7357,0.4486815238663607,-0.0167257630522213,-0.2542555905185787
7358,0.444767741366696,-0.021273552258728,-0.3235457996779271
7359,0.4398845561776505,-0.0255939523951426,-0.3893715043249097
7360,0.4359707736779858,-0.0295904738570184,-0.4502625868770648
7361,0.4340174996023676,-0.0332070338354213,-0.5053645685129624
7362,0.4330408625645585,-0.0364231746735593,-0.5543657559562302
7363,0.4301109514511312,-0.0392448443020755,-0.5973567719995284
7364,0.4281504430270847,-0.04169333611184,-0.6346620431806993
7365,0.4252205319136574,-0.0437950239801173,-0.6666834024319693
7366,0.4222906208002301,-0.0455739370960163,-0.6937869589689776
7367,0.4203301123761837,-0.0470482008242407,-0.7162488712182429
7368,0.4174002012627563,-0.0482302430133077,-0.7342584901333947
7369,0.4164235642249472,-0.0491297326020685,-0.7479631318640889
7370,0.4154469271871381,-0.0497576903891673,-0.7575307095233754
7371,0.4154469271871381,-0.0501301811829159,-0.7632059868585352
7372,0.4164235642249472,-0.050270422646133,-0.7653427086540888
7373,0.4183768383005654,-0.0502088682222178,-0.7644048641951449
7374,0.4183768383005654,-0.0499815932609187,-0.7609420982466778
7375,0.4183768383005654,-0.0496278691591702,-0.7555527506138127
7376,0.4183768383005654,-0.0491879693236662,-0.7488504277428174
7377,0.4193534753383746,-0.0487020136322579,-0.7414463969113794
7378,0.4193534753383746,-0.0482101868687885,-0.7339529143062045
7379,0.4193534753383746,-0.0477541474666154,-0.7270046886680706
7380,0.4193534753383746,-0.0473789856738529,-0.7212887159374265
7381,0.4193534753383746,-0.0471347513369059,-0.7175675565954895
7382,0.4193534753383746,-0.0470764064916261,-0.716678613342134
7383,0.4183768383005654,-0.0472611138046349,-0.7194928177325508
7384,0.4174002012627563,-0.0477420582901236,-0.7268204977283317
7385,0.4164235642249472,-0.0485585003332747,-0.7392598253593234
7386,0.4154469271871381,-0.0497224558787913,-0.7569938758042384
7387,0.414470290149329,-0.0512032621968346,-0.7795554710855023
7388,0.4154469271871381,-0.0529122214703055,-0.8055932094516929
7389,0.4154469271871381,-0.0546903352909193,-0.8326845879094242
7390,0.414470290149329,-0.0563025825910508,-0.857248820676166
7391,0.4134864187630917,-0.05744196498222,-0.8746084740399671
7392,0.4125097817252826,-0.0577454830034443,-0.8792328808053849
7393,0.4125097817252826,-0.0568224012703229,-0.8651687886817558
7394,0.414470290149329,-0.0542929352461877,-0.8266297927179518
7395,0.4164235642249472,-0.0498332738337312,-0.7586823004272202
7396,0.4193534753383746,-0.0432210438574278,-0.6579382295691723
7397,0.4252205319136574,-0.0343742833936859,-0.5231488066033284
7398,0.4359707736779858,-0.0233770663658497,-0.3555949835414994
7399,0.451611434979788,-0.0104863844215556,-0.1591922903716309
7400,0.4692053703572084,0.0038822672014436,0.059728778984656
7401,0.4887598141586752,0.0191894248842601,0.2929489458208827
7402,0.5063537495360956,0.0348214212380112,0.5311183612766145
7403,0.5229710478757068,0.0501477493599292,0.7646306093142123
7404,0.5376350721396999,0.0645772942483947,0.9844794497058232
7405,0.5493619509418374,0.0776053866867043,1.182975731966717
7406,0.5591427900167849,0.0888458109864445,1.3542350659865277
7407,0.5659792492814486,0.0980449809536254,1.4943938073385654
7408,0.5698930317811133,0.1050788099361819,1.6015613692596675
7409,0.5728229428945406,0.1099356916216861,1.675560917736827
7410,0.5757600883563961,0.1126909443233405,1.7175400041270554
7411,0.5777133624320144,0.1134787258310917,1.7295426592558043
7412,0.5767367253942053,0.1124667837071154,1.7141246884036918
7413,0.5757600883563961,0.1098377877759337,1.6740692527449703
7414,0.5728229428945406,0.1057789073511219,1.6122280677609322
7415,0.5698930317811133,0.1004792324656317,1.5314821130524834
7416,0.5640259752058304,0.0941329638533196,1.4347902349638135
7417,0.5571822815927384,0.0869452745164876,1.3252784535450646
7418,0.5483853139040282,0.0791375242721601,1.2063194114858204
7419,0.539588346215318,0.0709490537381734,1.081559707323779
7420,0.5307913785266078,0.0626338643489008,0.9548693120965868
7421,0.5229710478757068,0.0544517721466707,0.8302067883273547
7422,0.5141740801869966,0.046654813945595,0.7114121740593338
7423,0.5063537495360956,0.039470622671524,0.601953689196198
7424,0.4995100559230035,0.0330851140760913,0.5046639499239128
7425,0.4936429993477207,0.0276270994467025,0.4215055276461065
7426,0.4887598141586752,0.0231573086669664,0.3534037041087878
7427,0.4858226686968196,0.0196637577471512,0.3001758909998398
7428,0.4838693946212014,0.0170644801517809,0.260573244512018
7429,0.4838693946212014,0.0152174951964738,0.2324325440406119
7430,0.4828927575833923,0.0139367141544846,0.2129185379473241
7431,0.4828927575833923,0.013011534441759,0.1988224809636311
7432,0.4828927575833923,0.0122273646601699,0.186874854168394
7433,0.4809394835077741,0.0113843681211719,0.1740309416967678
7434,0.4789862094321558,0.0103122782547259,0.1576965586129216
7435,0.4770257010081094,0.0088800679936828,0.1358753738478367
7436,0.4740957898946821,0.0070002949772818,0.1072351138084815
7437,0.4721425158190639,0.0046288226061734,0.0711033123664494
7438,0.4692053703572084,0.0017611445414437,0.0274113108500849
7439,0.466275459243781,-0.0015733286457538,-0.0233927906783207
7440,0.4633455481303537,-0.0053178483339595,-0.0804443690641118
7441,0.459431765630689,-0.0093949589630326,-0.1425633098123084
7442,0.4555252174794526,-0.0137127483056451,-0.2083492363516424
7443,0.4506347979419788,-0.0181705697649037,-0.276268695077902
7444,0.4457443784045051,-0.0226642315476329,-0.3447342177039711
7445,0.4418378302532686,-0.0270906723900825,-0.4121755607121287
7446,0.437924047753604,-0.0313521278099237,-0.4771031824544846
7447,0.4340174996023676,-0.0353597970707797,-0.5381641130994007
7448,0.4310875884889403,-0.0390370461311251,-0.5941907548262869
7449,0.4271738059892756,-0.0423221709583888,-0.6442429837356645
7450,0.4232672578380392,-0.0451706544345122,-0.6876425361083098
7451,0.4213067494139927,-0.0475566980891649,-0.7239963459237864
7452,0.4193534753383746,-0.0494736875008201,-0.7532036357207282
7453,0.4174002012627563,-0.0509332642910347,-0.7754417774827526
7454,0.4164235642249472,-0.0519628722106836,-0.7911289047582478
7455,0.4174002012627563,-0.0526019841498492,-0.8008664273060523
7456,0.4183768383005654,-0.0528976244991513,-0.8053708097012998
7457,0.4183768383005654,-0.0529001613144927,-0.8054094606716113
7458,0.4193534753383746,-0.0526604882859572,-0.801757797517717
7459,0.4193534753383746,-0.0522295038883494,-0.79519131044045
7460,0.4193534753383746,-0.0516602125131074,-0.7865175754294487
7461,0.4183768383005654,-0.0510119564540749,-0.7766407328847434
7462,0.4183768383005654,-0.0503554611728586,-0.7666383573827038
7463,0.4193534753383746,-0.0497767867970349,-0.757821662783356
7464,0.4193534753383746,-0.0493781290854382,-0.7517477057538611
7465,0.4193534753383746,-0.049273774668482,-0.7501577597275035
7466,0.4193534753383746,-0.0495803048868811,-0.7548280603905481
7467,0.4193534753383746,-0.0504011975233014,-0.7673351973514149
7468,0.4183768383005654,-0.0518071325078226,-0.7887560514671994
7469,0.4174002012627563,-0.0538144056665289,-0.8193389062766774
7470,0.4164235642249472,-0.0563647201599102,-0.8581955499433803
7471,0.414470290149329,-0.0593100889749717,-0.903071249317274
7472,0.4125097817252826,-0.0624065018816408,-0.9502482595533336
7473,0.4095798706118552,-0.0653192910313285,-0.9946275744807228
7474,0.407626596536237,-0.0676417605474237,-1.030012767423748
7475,0.4046894510743815,-0.0689267443200724,-1.049590806407131
7476,0.4027361769987633,-0.0687285736194833,-1.0465714735687868
7477,0.4027361769987633,-0.0666508329724609,-1.0149149746692594
7478,0.4046894510743815,-0.0623936919961728,-0.9500530878769256
7479,0.4105565076496644,-0.0557939482645105,-0.8494992576970425
7480,0.4203301123761837,-0.0468514906314423,-0.713251790706403
7481,0.4340174996023676,-0.0357377198936656,-0.5439221529413507
7482,0.4486815238663607,-0.0227842469745126,-0.3465627751971251
7483,0.4643221851681628,-0.0084533553969759,-0.1282170186640929
7484,0.4819161205455832,0.0067054051307436,0.1027421660886607
7485,0.4995100559230035,0.0221060759423709,0.337387100863818
7486,0.5151507172248058,0.0371772634422513,0.5670120211772686
7487,0.5298147414887988,0.051406224145458,0.7838047568288544
7488,0.5415416202909363,0.0643705765917791,0.9813298952710372
7489,0.5503385879796465,0.0757546255286925,1.154777497193839
7490,0.5571822815927384,0.0853502422091025,1.300976508759122
7491,0.5610960640924031,0.0930450824662359,1.418215251949266
7492,0.566963120667686,0.0988030006612209,1.5059430110727785
7493,0.5737995799323498,0.1026423272496938,1.5644390693258123
7494,0.5777133624320144,0.1046170611305917,1.5945261550345562
7495,0.5777133624320144,0.1048043106876978,1.59737909310792
7496,0.5767367253942053,0.1032991783928192,1.5744468667471612
7497,0.5747834513185871,0.1002163622495581,1.5274770170758618
7498,0.5718463058567315,0.0956963433854197,1.45860991741956
7499,0.566963120667686,0.0899131720415407,1.370497400804145
7500,0.560119427054594,0.0830805546464684,1.2663955027361775
7501,0.553275733441502,0.0754532316591784,1.1501854540472265
7502,0.545455402790601,0.0673215159974131,1.0262904682765754
7503,0.5356817980640817,0.0589982112616207,0.8994764274641934
7504,0.524924321951325,0.0507987363165262,0.7745490598699412
7505,0.5161273542626148,0.0430168731873399,0.6559844344252796
7506,0.5083070236117138,0.035899778439605,0.5475482336066732
7507,0.5024472013848591,0.029626402347402,0.4519669474419398
7508,0.4975567818473854,0.0242930669297482,0.3707081401785191
7509,0.4936429993477207,0.019908762488884,0.3039087882448152
7510,0.4916897252721025,0.0164010356498273,0.2504649905410087
7511,0.4907130882342934,0.0136315183215784,0.208268568008881
7512,0.4907130882342934,0.011418517214287,0.1745512379763671
7513,0.4887598141586752,0.0095629447821553,0.1462796985328124
7514,0.4868065400830569,0.0078734650842664,0.1205387513777187
7515,0.4848460316590105,0.0061871424304839,0.0948459050110574
7516,0.4828927575833923,0.0043829794389323,0.0673576408533193
7517,0.479962846469965,0.0023872049683044,0.0369499802900633
7518,0.4760490639703003,0.0001706911083822,0.00317912988678
7519,0.473119152856873,-0.0022598201309786,-0.0338521889567814
7520,0.4701892417434457,-0.0048741246404818,-0.0736837858149938
7521,0.4692053703572084,-0.0076317507021125,-0.1156990327662556
7522,0.466275459243781,-0.0104934108799032,-0.1592993456344074
7523,0.4643221851681628,-0.0134289521478248,-0.204025312299522
7524,0.4613850397063073,-0.0164209895137118,-0.2496120546661816
7525,0.4584551285928799,-0.0194642808615932,-0.2959797037484736
7526,0.4555252174794526,-0.0225615796971436,-0.3431702120150484
7527,0.4535647090554062,-0.025717174234469,-0.3912489147835365
7528,0.4506347979419788,-0.0289296068795052,-0.4401936041210303
7529,0.4477048868285516,-0.0321851618085392,-0.4897953054575324
7530,0.444767741366696,-0.0354535693381303,-0.5395928292784121
7531,0.4418378302532686,-0.0386869776298963,-0.5888571039975415
7532,0.437924047753604,-0.0418226184963048,-0.6366317922287353
7533,0.4340174996023676,-0.0447888360533785,-0.6818251434613978
7534,0.4301109514511312,-0.0475133905019273,-0.7233365106408347
7535,0.4271738059892756,-0.0499323751386363,-0.7601922099311642
7536,0.4252205319136574,-0.0519978869126301,-0.7916623894716671
7537,0.4252205319136574,-0.0536828904612668,-0.8173351379254074
7538,0.4252205319136574,-0.0549824725442624,-0.8371355970631509
7539,0.4252205319136574,-0.0559116756618685,-0.8512929547257109
7540,0.4252205319136574,-0.0565009981529542,-0.8602718842264919
7541,0.4252205319136574,-0.056791165691034,-0.86469288275827
7542,0.4252205319136574,-0.0568287896401398,-0.8652661220146568
7543,0.4252205319136574,-0.0566640793216471,-0.862756592240776
7544,0.4252205319136574,-0.0563510197426271,-0.8579868101060637
7545,0.4242438948758483,-0.0559495484064835,-0.8518699846355532
7546,0.4242438948758483,-0.0555284517548966,-0.8454541474584448
7547,0.4232672578380392,-0.0551671382928473,-0.8399491681771569
7548,0.4232672578380392,-0.0549542983648991,-0.8367063346914071
7549,0.4242438948758483,-0.0549818364982651,-0.8371259062533559
7550,0.4242438948758483,-0.0553333548291434,-0.8424816467162284
7551,0.4252205319136574,-0.0560677247767643,-0.8536705222248357
7552,0.4252205319136574,-0.057199635475241,-0.8709163367262954
7553,0.4242438948758483,-0.0586801351500497,-0.8934732599849793
7554,0.4232672578380392,-0.0603808226739842,-0.9193849698064276
7555,0.4222906208002301,-0.0620853580398686,-0.9453553054263492
7556,0.4203301123761837,-0.0634913371681046,-0.9667768321166732
7557,0.4203301123761837,-0.0642244196811872,-0.9779460922463816
7558,0.4222906208002301,-0.0638650646608622,-0.9724709518231722
7559,0.4232672578380392,-0.0619864821442692,-0.9438488302631868
7560,0.4252205319136574,-0.0582005805086237,-0.8861667556817009
7561,0.4271738059892756,-0.0522069210776092,-0.7948472382751537
7562,0.4330408625645585,-0.0438382520274382,-0.667342025843127
7563,0.4428144672910778,-0.0330955429226175,-0.5036658906902329
7564,0.4565018545172618,-0.020166055631683,-0.3066719584670311
7565,0.473119152856873,-0.0054200583940914,-0.0820016436261333
7566,0.4926663623099116,0.0106149581709148,0.1623081959929164
7567,0.5122208061113784,0.027299944612183,0.4165209899109547
7568,0.531768015564417,0.0439437880873018,0.670106928757116
7569,0.5483853139040282,0.0598682500135771,0.9127323556443178
7570,0.5620727011302122,0.0744691834754184,1.1351924758374947
7571,0.5747834513185871,0.0872657527010052,1.3301612657045336
7572,0.5855336930829155,0.0979316140875051,1.492666547452822
7573,0.5923773866960075,0.106305064752143,1.6202446126604473
7574,0.5953072978094348,0.1123784638826659,1.7127790457559924
7575,0.597260571885053,0.1162703204210744,1.7720754513982502
7576,0.598237208922862,0.1181858916225132,1.8012611333153927
7577,0.598237208922862,0.1183735430451312,1.8041201942198968
7578,0.5962839348472438,0.1170842326186779,1.7844762342508511
7579,0.5943306607716257,0.1145403444298745,1.7457175018918418
7580,0.5914007496581983,0.1109180026299432,1.690527428305145
7581,0.5894402412341518,0.1063443317489667,1.6208428854253942
7582,0.5865103301207246,0.1009083118676188,1.538019575577597
7583,0.5826037819694881,0.0946813592192925,1.4431455979511556
7584,0.5767367253942053,0.0877420184684524,1.3374176606567532
7585,0.5689163947433042,0.080198562417762,1.222485410325348
7586,0.5610960640924031,0.0722039964366391,1.100680039887847
7587,0.5503385879796465,0.0639597855581698,0.9750710746997474
7588,0.5405649832531272,0.0557071389662236,0.8493335828089622
7589,0.5298147414887988,0.0477073539748754,0.7274486954251616
7590,0.5210177738000886,0.0402149850980507,0.6132948103173357
7591,0.5141740801869966,0.0334489988969766,0.5102081064809011
7592,0.5083070236117138,0.0275673351825855,0.4205949580983806
7593,0.5044004754604773,0.022649429440546,0.3456656458505008
7594,0.5024472013848591,0.018689532870631,0.285332580899683
7595,0.5014633299986218,0.0156015300715029,0.2382837072337473
7596,0.5004866929608127,0.0132338824609781,0.2022101799220207
7597,0.4975567818473854,0.0113917571501621,0.1741435210932541
7598,0.4956035077717671,0.0098626252440428,0.1508456361658597
7599,0.4926663623099116,0.008441654937954,0.1291957035838379
7600,0.4916897252721025,0.0069538354121966,0.1065272549267198
7601,0.4907130882342934,0.0052705863974557,0.0808812385872217
7602,0.4897364511964843,0.0033193800933404,0.0511526195184765
7603,0.487783177120866,0.0010855899490203,0.017118547293541
7604,0.4848460316590105,-0.0013934932697968,-0.0206528152202493
7605,0.4809394835077741,-0.0040416575336892,-0.0610002999873285
7606,0.4770257010081094,-0.006761951983074,-0.1024467617325668
7607,0.473119152856873,-0.0094572970467469,-0.143513094127944
7608,0.4701892417434457,-0.0120501784116357,-0.1830182875176186
7609,0.4672520962815901,-0.0144980676866403,-0.2203143784668913
7610,0.4652988222059719,-0.0168018493605108,-0.2554148430644088
7611,0.4643221851681628,-0.0190057336810014,-0.288993269547175
7612,0.4633455481303537,-0.0211886828535539,-0.3222527276887221
7613,0.4633455481303537,-0.0234489754081534,-0.3566905911775225
7614,0.4613850397063073,-0.0258848437343489,-0.3938035307054222
7615,0.4584551285928799,-0.0285748342767805,-0.4347882815058945
7616,0.4555252174794526,-0.0315614790745333,-0.4802928625944126
7617,0.4506347979419788,-0.0348410631496012,-0.5302606724902621
7618,0.4457443784045051,-0.0383609622309099,-0.5838899267254253
7619,0.4418378302532686,-0.0420245570780415,-0.6397085325811375
7620,0.437924047753604,-0.0457024464414043,-0.6957449299778637
7621,0.4340174996023676,-0.0492478199565158,-0.7497623132063158
7622,0.4301109514511312,-0.0525134923744326,-0.799518164809909
7623,0.4271738059892756,-0.0553681848806095,-0.8430123180911602
7624,0.4261971689514665,-0.05771007119382,-0.8786933457512826
7625,0.4252205319136574,-0.0594762912169902,-0.9056035100684404
7626,0.4242438948758483,-0.0606479366469051,-0.923454723748979
7627,0.4242438948758483,-0.0612507315803548,-0.9326389196565568
7628,0.4242438948758483,-0.0613520820589801,-0.934183097617202
7629,0.4232672578380392,-0.0610552771489113,-0.929660971950347
7630,0.4222906208002301,-0.0604914443965824,-0.9210704046294466
7631,0.4232672578380392,-0.0598095467905048,-0.9106809987874224
7632,0.4242438948758483,-0.0591644647595495,-0.9008525157992752
7633,0.4242438948758483,-0.0587032027688402,-0.8938247186956237
7634,0.4232672578380392,-0.0585495177328575,-0.8914831703510638
7635,0.4242438948758483,-0.0587876842243553,-0.8951118798759071
7636,0.4242438948758483,-0.0594465865145196,-0.9051509286153996
7637,0.4232672578380392,-0.0604857929030536,-0.9209842983587088
7638,0.4222906208002301,-0.0617856235082115,-0.940788543985189
7639,0.4203301123761837,-0.0631433306907047,-0.961474598325066
7640,0.4203301123761837,-0.0642772914635241,-0.9787516478010476
7641,0.4222906208002301,-0.0648405836288416,-0.9873339787272104
7642,0.4232672578380392,-0.0644445171600876,-0.981299501926548
7643,0.4242438948758483,-0.0626915730510278,-0.954591609707704
7644,0.4242438948758483,-0.0592156859376463,-0.9016329227140542
7645,0.4261971689514665,-0.0537259897284822,-0.8179917992402496
7646,0.4310875884889403,-0.0460484491939612,-0.701016634976872
7647,0.4398845561776505,-0.0361588726134574,-0.550338844374773
7648,0.4525880720175971,-0.0242011986269161,-0.368151479489587
7649,0.4682287333193992,-0.0104868399272003,-0.1591992304649293
7650,0.4868065400830569,0.0045260794420578,0.0695379154212529
7651,0.5053771124982864,0.0202712397582571,0.309431499318239
7652,0.5229710478757068,0.0361249070087407,0.5509782970803362
7653,0.538611709177509,0.051461480157713,0.7846466385592088
7654,0.5522990964036929,0.0657058328330539,1.001673886612343
7655,0.5640259752058304,0.078375542501509,1.1947098416780366
7656,0.5737995799323498,0.0891083294963955,1.3582348033614875
7657,0.5796666365076326,0.0976728666375947,1.4887242660255984
7658,0.5826037819694881,0.1039640028031969,1.5845761450310805
7659,0.5865103301207246,0.107985868542084,1.6458533735049932
7660,0.5874869671585337,0.1098278768616517,1.6739182498527132
7661,0.5874869671585337,0.1096390384553444,1.671041104040495
7662,0.5855336930829155,0.1076052975472782,1.6400549860616291
7663,0.5835804190072973,0.1039330484439746,1.5841045237822684
7664,0.5806432735454417,0.0988400207825436,1.506507050396739
7665,0.5757600883563961,0.0925527430045318,1.4107139578633243
7666,0.5689163947433042,0.0853082168961353,1.300336210233122
7667,0.5610960640924031,0.0773566002297045,1.179185216430758
7668,0.5522990964036929,0.0689617511166637,1.0512811240265771
7669,0.5425254916771737,0.0603973401643172,0.9207935839784016
7670,0.5327446526022261,0.0519376046084577,0.7919008804072651
7671,0.5229710478757068,0.0438433495014155,0.6685766444128517
7672,0.5141740801869966,0.0363451450855679,0.5543338489133842
7673,0.5073303865739046,0.0296265297018986,0.451968887817649
7674,0.5014633299986218,0.0238102181443025,0.3633514462297314
7675,0.4975567818473854,0.0189498176822053,0.2892982856005915
7676,0.494626870733958,0.0150285293764735,0.2295534569507672
7677,0.4916897252721025,0.0119650482587972,0.1828781961238573
7678,0.4897364511964843,0.0096256857115164,0.1472356206129437
7679,0.4887598141586752,0.0078408595289041,0.1200419724708208
7680,0.4868065400830569,0.0064236440651813,0.0984492487437143
7681,0.4838693946212014,0.0051880468624898,0.0796236645480556
7682,0.4828927575833923,0.0039650026878764,0.0609893385443707
7683,0.4828927575833923,0.0026146033008063,0.0404146259246939
7684,0.4809394835077741,0.0010336457751628,0.0163271248005974
7685,0.4789862094321558,-0.0008418826347785,-0.0122484643281159
7686,0.4760490639703003,-0.0030391990561261,-0.0457268221655048
7687,0.4721425158190639,-0.0055551651165123,-0.0840601324061287
7688,0.4682287333193992,-0.0083652842935611,-0.1268751655351539
7689,0.4643221851681628,-0.0114332986017354,-0.1736194941450023
7690,0.4613850397063073,-0.0147193364391818,-0.2236856336961558
7691,0.4574784915550708,-0.0181849551621485,-0.2764878712838938
7692,0.4555252174794526,-0.0217942514686784,-0.331479183466901
7693,0.4535647090554062,-0.02551129374578,-0.3881121154563647
7694,0.4506347979419788,-0.0292951851455088,-0.4457635620424
7695,0.4467282497907424,-0.0330947864285848,-0.5036543647317125
7696,0.4428144672910778,-0.0368452670880064,-0.5607967645965976
7697,0.437924047753604,-0.0404681436270558,-0.6159949854794105
7698,0.4330408625645585,-0.0438754618749629,-0.6679089558393733
7699,0.4281504430270847,-0.0469775951786693,-0.7151731221614323
7700,0.4252205319136574,-0.0496931085591657,-0.7565467394435172
7701,0.4232672578380392,-0.0519585675661604,-0.7910633191064452
7702,0.4213067494139927,-0.0537361892044023,-0.8181471986635139
7703,0.4203301123761837,-0.0550177804531178,-0.837673549083018
7704,0.4203301123761837,-0.0558242764125001,-0.8499613379787337
7705,0.4193534753383746,-0.0562011348779165,-0.8557031612485575
7706,0.4203301123761837,-0.0562106823113965,-0.855848626139898
7707,0.4222906208002301,-0.0559231176475541,-0.8514672850531191
7708,0.4232672578380392,-0.0554081803498408,-0.8436216898765758
7709,0.4232672578380392,-0.0547293913093661,-0.8332796462035154
7710,0.4232672578380392,-0.0539422064701565,-0.8212860819288424
7711,0.4232672578380392,-0.053096420402039,-0.8083996681346243
7712,0.4222906208002301,-0.0522419336203998,-0.7953806900916297
7713,0.4213067494139927,-0.0514358742240138,-0.7830995526786347
7714,0.4213067494139927,-0.0507483478450001,-0.7726243867372867
7715,0.4213067494139927,-0.0502640032597309,-0.7652449027518627
7716,0.4222906208002301,-0.0500772419446298,-0.7623994035436507
7717,0.4232672578380392,-0.0502801887416009,-0.7654915050839393
7718,0.4232672578380392,-0.0509442127126076,-0.7756085878572672
7719,0.4232672578380392,-0.0520974665732338,-0.7931795872127972
7720,0.4232672578380392,-0.0537022313143511,-0.8176298155576982
7721,0.4222906208002301,-0.055636537837816,-0.8471009492235716
7722,0.4203301123761837,-0.0576844350093186,-0.8783027523210487
7723,0.4174002012627563,-0.0595383382072091,-0.9065488592776396
7724,0.4154469271871381,-0.0608152163795091,-0.9260034011686948
7725,0.4134864187630917,-0.0610862224052608,-0.9301324545076034
7726,0.4134864187630917,-0.0599171324395188,-0.9123201759313536
7727,0.4154469271871381,-0.0569150392421816,-0.8665802227115045
7728,0.4183768383005654,-0.0517754613460774,-0.7882735090005203
7729,0.4252205319136574,-0.044323583898375,-0.6747365521331307
7730,0.4359707736779858,-0.0345438255029245,-0.5257319536396184
7731,0.4477048868285516,-0.0225932980710553,-0.3436534738072597
7732,0.4604084026684982,-0.0087968116813554,-0.1334499256219834
7733,0.4780023380459186,0.0063764415024162,0.0977300695341389
7734,0.4965801448095762,0.0223518548522549,0.3411317933505439
7735,0.5151507172248058,0.0384990907171497,0.5871514085128119
7736,0.531768015564417,0.0541859157675733,0.8261561951099625
7737,0.54643203982841,0.0688290393455248,1.0492591247731893
7738,0.5581589186305476,0.081935506473248,1.24894952540142
7739,0.5679397577054951,0.0931300772855186,1.419510234750389
7740,0.5747834513185871,0.1021666510206039,1.5571916565920356
7741,0.5786899994698235,0.1089245767398173,1.6601555507623462
7742,0.5826037819694881,0.1133930635796015,1.728237507443947
7743,0.5845570560451063,0.1156484200971125,1.7626001653709351
7744,0.5845570560451063,0.1158292879722498,1.7653558720075886
7745,0.5826037819694881,0.1141144288685472,1.739228243707587
7746,0.5806432735454417,0.1107062346427889,1.6873009269312067
7747,0.5777133624320144,0.1058213102214766,1.612874118758993
7748,0.5737995799323498,0.0996875822302704,1.5194205139109156
7749,0.5659792492814486,0.0925457856909642,1.4106079560918268
7750,0.5591427900167849,0.0846522270947256,1.2903415362317312
7751,0.5513224593658839,0.0762796139399055,1.1627762313407817
7752,0.5415416202909363,0.0677134377093593,1.0322617954779305
7753,0.5307913785266078,0.0592426845752273,0.9032012278593928
7754,0.5210177738000886,0.0511452336479645,0.7798283002828796
7755,0.5122208061113784,0.043669826132846,0.6659328388281485
7756,0.5053771124982864,0.0370175510332978,0.5645786396551219
7757,0.5004866929608127,0.0313261015868173,0.4778635997402852
7758,0.4965801448095762,0.0266595712242155,0.4067642479034615
7759,0.4936429993477207,0.0230054956420614,0.3510906777632108
7760,0.4907130882342934,0.0202795600594337,0.3095582675967622
7761,0.4887598141586752,0.0183372030682211,0.279964476839995
7762,0.4887598141586752,0.016990448119375,0.259445290955473
7763,0.487783177120866,0.0160277285663009,0.2447772761981358
7764,0.487783177120866,0.0152342400811007,0.2326876694445086
7765,0.4858226686968196,0.0144104735513149,0.2201367457856759
7766,0.4838693946212014,0.0133870603281458,0.2045440010321652
7767,0.4819161205455832,0.0120348161650959,0.183941181368013
7768,0.479962846469965,0.0102697069772771,0.1570479417609383
7769,0.4780023380459186,0.0080531598302873,0.1232765841952138
7770,0.4750724269324912,0.0053885776818517,0.0826789562041864
7771,0.4721425158190639,0.0023150918622241,0.0358512635341755
7772,0.4682287333193992,-0.0011004141518428,-0.0161874557980898
7773,0.4652988222059719,-0.0047720744117703,-0.0721289464477553
7774,0.4613850397063073,-0.0086038244711645,-0.1305095685491281
7775,0.4574784915550708,-0.0124976078055165,-0.1898353308937022
7776,0.4535647090554062,-0.0163605925807899,-0.2486918457636331
7777,0.4506347979419788,-0.0201111207767183,-0.3058349698957058
7778,0.4457443784045051,-0.0236831853771227,-0.3602590190443789
7779,0.4418378302532686,-0.0270292520832961,-0.4112397596644961
7780,0.4389079191398414,-0.0301212420307723,-0.4583493816040312
7781,0.4359707736779858,-0.0329495418829244,-0.5014414158699524
7782,0.4340174996023676,-0.0355200803888116,-0.5406061930039168
7783,0.4320642255267494,-0.037849804578014,-0.576101918294453
7784,0.4301109514511312,-0.039961210050365,-0.608271335159702
7785,0.4281504430270847,-0.041876804157731,-0.6374573660720189
7786,0.4261971689514665,-0.0436144255203925,-0.663931800614039
7787,0.4242438948758483,-0.0451841995134403,-0.6878489092072795
7788,0.4232672578380392,-0.0465876337496689,-0.7092316618710439
7789,0.4222906208002301,-0.0478190314151427,-0.7279932618319518
7790,0.4203301123761837,-0.0488690801087114,-0.7439918251560341
7791,0.4203301123761837,-0.0497301732285895,-0.7571114575032555
7792,0.4193534753383746,-0.0504027392880952,-0.7673586877112769
7793,0.4183768383005654,-0.0509016074142204,-0.7749594526615722
7794,0.4174002012627563,-0.0512612513429467,-0.7804389948990799
7795,0.4164235642249472,-0.0515386642645129,-0.7846656638333669
7796,0.4164235642249472,-0.0518126840534182,-0.7888406349291871
7797,0.4154469271871381,-0.0521788847909737,-0.7944200768398246
7798,0.4154469271871381,-0.0527397007974337,-0.8029646809591025
7799,0.4154469271871381,-0.0535901974641682,-0.8159228655299807
7800,0.414470290149329,-0.0548007277361793,-0.8343665294582394
7801,0.4134864187630917,-0.0563984576615257,-0.8587095752064922
7802,0.4115331446874735,-0.058350252441085,-0.8884471602991114
7803,0.4095798706118552,-0.0605495789832149,-0.921956144377761
7804,0.407626596536237,-0.062809877348643,-0.9563940964004644
7805,0.4056660881121906,-0.0648663230776375,-0.9877261454943428
7806,0.4046894510743815,-0.0663871116346683,-1.010896910984758
7807,0.4037128140365724,-0.0669944095873176,-1.0201497149847565
7808,0.4046894510743815,-0.0662939972362085,-1.0094782181095925
7809,0.4056660881121906,-0.0639114526783674,-0.9731777206045448
7810,0.4095798706118552,-0.0595316122886422,-0.9064463830450952
7811,0.4154469271871381,-0.0529371451909733,-0.8059729477684183
7812,0.4222906208002301,-0.0440415798617947,-0.6704399328767956
7813,0.4330408625645585,-0.0329121793810484,-0.5008721600288945
7814,0.444767741366696,-0.019778784776587,-0.3007714918155581
7815,0.4604084026684982,-0.005026171544265,-0.076000375543932
7816,0.4789862094321558,0.0108304743701288,0.1655918052022879
7817,0.4975567818473854,0.0271848951469611,0.4147680939109618
7818,0.5161273542626148,0.0433894285741256,0.6616606959012711
7819,0.5327446526022261,0.0588086986981253,0.8965890101792997
7820,0.54643203982841,0.0728702855955611,1.110831635110479
7821,0.5581589186305476,0.0851058779022685,1.2972533691933343
7822,0.5679397577054951,0.0951781038586927,1.4507140094143738
7823,0.5747834513185871,0.1028906759764043,1.5682229155941505
7824,0.5777133624320144,0.1081821898768535,1.6488445293679692
7825,0.5777133624320144,0.1111064536054179,1.6933986712132911
7826,0.5767367253942053,0.1118042068848145,1.7040296544175784
7827,0.5747834513185871,0.1104721551627718,1.683734487196689
7828,0.5728229428945406,0.1073351129799563,1.6359384484801207
7829,0.5698930317811133,0.1026256986465575,1.5641857155890797
7830,0.5659792492814486,0.0965737640891515,1.4719783171675815
7831,0.5610960640924031,0.089405155129085,1.3627572447586145
7832,0.5552290075171202,0.0813471149931489,1.2399847808030304
7833,0.5474086768662192,0.0726361847750884,1.1072648702323442
7834,0.538611709177509,0.0635241179746642,0.9684332345065696
7835,0.5268848303753715,0.0542781559884103,0.8275615689970274
7836,0.5151507172248058,0.0451737813087608,0.688847130580353
7837,0.5044004754604773,0.0364802952417041,0.5563929994503521
7838,0.4965801448095762,0.0284416252775983,0.4339156598280715
7839,0.4887598141586752,0.0212560846819665,0.3244366166740991
7840,0.4828927575833923,0.0150591073792842,0.2300193440256116
7841,0.4780023380459186,0.0099123467980748,0.1516031947777839
7842,0.4740957898946821,0.0058012532301356,0.0889664892795165
7843,0.473119152856873,0.0026416521859672,0.0408267432910055
7844,0.4721425158190639,0.0002942153471431,0.0050611477093621
7845,0.4711658787812548,-0.0014156874624391,-0.0209909663922754
7846,0.4711658787812548,-0.002676175645485,-0.0401957900725764
7847,0.4701892417434457,-0.0036687182837835,-0.0553181899650072
7848,0.4692053703572084,-0.004552768339001,-0.0687875946475534
7849,0.466275459243781,-0.0054571065983427,-0.0825661108221673
7850,0.4643221851681628,-0.0064782806314024,-0.098124739229475
7851,0.4613850397063073,-0.0076849285360108,-0.1165092513287568
7852,0.4584551285928799,-0.0091255161263147,-0.1384580732534195
7853,0.4565018545172618,-0.0108364065061422,-0.1645252339954683
7854,0.4555252174794526,-0.0128473884630332,-0.1951645961297757
7855,0.4555252174794526,-0.0151827822402488,-0.2307467033789833
7856,0.4545485804416435,-0.0178577653320228,-0.2715028003549719
7857,0.4525880720175971,-0.0208711772391412,-0.3174152056680341
7858,0.4506347979419788,-0.0241972832422414,-0.3680918246087801
7859,0.4467282497907424,-0.0277794587997174,-0.4226699245057354
7860,0.4428144672910778,-0.0315284039454172,-0.4797889292522189
7861,0.437924047753604,-0.0353264448868456,-0.5376559585443461
7862,0.4330408625645585,-0.0390380094624327,-0.5942054321617486
7863,0.4271738059892756,-0.042524827042634,-0.6473306559709286
7864,0.4232672578380392,-0.0456631618619781,-0.6951463893240261
7865,0.4213067494139927,-0.0483597506471459,-0.7362316710854807
7866,0.4193534753383746,-0.0505632629371356,-0.7698044293039429
7867,0.4183768383005654,-0.0522690031366117,-0.7957931217930555
7868,0.4183768383005654,-0.0535159711275768,-0.8147919515509001
7869,0.4183768383005654,-0.0543769334011978,-0.827909590321878
7870,0.4193534753383746,-0.0549435053495261,-0.8365418920889256
7871,0.4193534753383746,-0.0553091707963371,-0.8421131782988559
7872,0.4193534753383746,-0.0555535148677695,-0.8458360095576518
7873,0.4193534753383746,-0.055730667392295,-0.8485351090365626
7874,0.4183768383005654,-0.0558641127818204,-0.8505682857146586
7875,0.4183768383005654,-0.055948792553447,-0.851858468443264
7876,0.4183768383005654,-0.055960037202801,-0.8520297921502967
7877,0.4164235642249472,-0.0558675375496727,-0.8506204655475471
7878,0.4154469271871381,-0.055651485132531,-0.8473286865108863
7879,0.414470290149329,-0.0553173413343509,-0.8422376647827744
7880,0.4154469271871381,-0.0549056120830524,-0.8359645495076253
7881,0.4164235642249472,-0.0544936436556422,-0.8296877901403575
7882,0.4183768383005654,-0.0541877834942774,-0.8250276984799619
7883,0.4183768383005654,-0.0541060154495889,-0.8237818788824065
7884,0.4193534753383746,-0.0543530003886369,-0.8275449464540872
7885,0.4193534753383746,-0.0549909823008365,-0.8372652518879768
7886,0.4193534753383746,-0.0560110416208461,-0.8528068965045046
7887,0.4183768383005654,-0.057309596766487,-0.8725917092037546
7888,0.4183768383005654,-0.0586748385050343,-0.8933925601934333
7889,0.4183768383005654,-0.0597869317812388,-0.9103364360447296
7890,0.4183768383005654,-0.0602343725603737,-0.9171536528867772
7891,0.4193534753383746,-0.0595469083215472,-0.9066794337145896
7892,0.4193534753383746,-0.0572430326439572,-0.8715775368744831
7893,0.4203301123761837,-0.0528874696836524,-0.8052160907251241
7894,0.4242438948758483,-0.0461516676843552,-0.7025892740029465
7895,0.4310875884889403,-0.0368686724886026,-0.5611533697577269
7896,0.4418378302532686,-0.0250734148779109,-0.3814405840894977
7897,0.4565018545172618,-0.0110207663771402,-0.1673341447523181
7898,0.4740957898946821,0.0048233400921006,0.074066984751652
7899,0.4956035077717671,0.0218183029856947,0.3330025862231726
7900,0.5161273542626148,0.0392087691798817,0.5979640840537606
7901,0.5366584351018908,0.0561999745921244,0.8568424364627304
7902,0.5552290075171202,0.0720376138990455,1.0981450321496191
7903,0.5698930317811133,0.0860804803717392,1.3121024323073904
7904,0.5806432735454417,0.0978553927234352,1.4915052371943656
7905,0.5865103301207246,0.1070871158634864,1.6321599593525842
7906,0.5894402412341518,0.113700464139375,1.7329210686459338
7907,0.590416878271961,0.1177966341418334,1.795330398395983
7908,0.5894402412341518,0.1196100408210467,1.8229594995675755
7909,0.5894402412341518,0.1194546883055238,1.820592545470712
7910,0.5874869671585337,0.1176699499230476,1.7934002350532543
7911,0.5855336930829155,0.114574586995896,1.7462392223265506
7912,0.5835804190072973,0.1104353250623322,1.6831733430347808
7913,0.5806432735454417,0.1054529702954383,1.607262084128976
7914,0.5777133624320144,0.0997655728427569,1.5206087804743535
7915,0.5728229428945406,0.0934651470816483,1.4246153650021582
7916,0.5659792492814486,0.0866224238581574,1.3203594943261705
7917,0.5591427900167849,0.0793133028269037,1.208997577133095
7918,0.5513224593658839,0.0716410865308572,1.0921035330757694
7919,0.5425254916771737,0.0637499641818831,0.9718742319287134
7920,0.5337212896400352,0.0558272062605576,0.8511629305557086
7921,0.524924321951325,0.0480937576501993,0.7333359497079298
7922,0.5161273542626148,0.0407850330014286,0.6219800718064545
7923,0.5083070236117138,0.0341254174280875,0.5205140330249186
7924,0.5024472013848591,0.0283010166588904,0.4317733440439674
7925,0.4965801448095762,0.0234354395304071,0.3576413116201262
7926,0.4936429993477207,0.0195728152857102,0.2987902898014163
7927,0.4916897252721025,0.0166709681038009,0.2545776869183973
7928,0.4907130882342934,0.0146059259671848,0.2231146627825651
7929,0.4907130882342934,0.0131870425411833,0.2014965259481414
7930,0.4907130882342934,0.0121803000121755,0.1861577762310795
7931,0.4907130882342934,0.0113361362440088,0.1732960798320187
7932,0.4907130882342934,0.0104175938179732,0.159301148683785
7933,0.4887598141586752,0.0092247860179569,0.1411275047005104
7934,0.4858226686968196,0.0076125553051106,0.1165635246579843
7935,0.4819161205455832,0.0054995757250785,0.0843701246559825
7936,0.4789862094321558,0.0028687091269385,0.044286187477309
7937,0.4760490639703003,-0.0002402074372464,-0.0030813287398297
7938,0.473119152856873,-0.0037430771975648,-0.0564511238928587
7939,0.4692053703572084,-0.0075273602074437,-0.1141085370591326
7940,0.4652988222059719,-0.0114686770370519,-0.1741585207074699
7941,0.4613850397063073,-0.0154462049633572,-0.2347602173640623
7942,0.4574784915550708,-0.0193552943020406,-0.2943191823029869
7943,0.4535647090554062,-0.0231162139218731,-0.3516206303817255
7944,0.4506347979419788,-0.026678464152763,-0.4058951475961888
7945,0.4477048868285516,-0.0300206500396192,-0.4568167599739914
7946,0.444767741366696,-0.0331464396779723,-0.5044413546934943
7947,0.4418378302532686,-0.0360775681719743,-0.5491000882451161
7948,0.4389079191398414,-0.0388451178460179,-0.5912665315576169
7949,0.4359707736779858,-0.0414803863204637,-0.6314175358135169
7950,0.4340174996023676,-0.044006582407273,-0.6699067109454924
7951,0.4320642255267494,-0.0464324273012925,-0.7068669332562054
7952,0.4301109514511312,-0.0487485190387846,-0.7421549542342792
7953,0.4271738059892756,-0.0509270223680326,-0.7753466754165105
7954,0.4252205319136574,-0.0529248373165864,-0.8057854247430866
7955,0.4222906208002301,-0.0546898945771565,-0.8326778731855403
7956,0.4213067494139927,-0.0561697233241224,-0.8552245741739193
7957,0.4203301123761837,-0.057321068554487,-0.8727664935998332
7958,0.4193534753383746,-0.0581191830905044,-0.8849265829581173
7959,0.4183768383005654,-0.0585654774260746,-0.8917263325626169
7960,0.4193534753383746,-0.0586924161346578,-0.8936603733170925
7961,0.4193534753383746,-0.0585648466134046,-0.8917167214879036
7962,0.4193534753383746,-0.0582772970457781,-0.8873356104073782
7963,0.4193534753383746,-0.0579471398151932,-0.8823053281045026
7964,0.4193534753383746,-0.0577038463013862,-0.8785985031631265
7965,0.4193534753383746,-0.057674871537213,-0.8781570430648812
7966,0.4193534753383746,-0.0579690487134479,-0.8826391325254171
7967,0.4183768383005654,-0.0586587610318913,-0.8931476034845255
7968,0.4174002012627563,-0.0597625531571341,-0.9099650028303636
7969,0.4174002012627563,-0.0612301783412511,-0.9323257700861324
7970,0.4164235642249472,-0.062932277966794,-0.958258994716504
7971,0.414470290149329,-0.0646568699819899,-0.9845349138546416
7972,0.4134864187630917,-0.0661144768482047,-1.006743041814404
7973,0.4134864187630917,-0.0669529919252498,-1.0195186746402602
7974,0.4125097817252826,-0.066782308551322,-1.0169181392718751
7975,0.414470290149329,-0.0652074393450444,-0.9929233999058849
7976,0.4164235642249472,-0.0618674827740066,-0.9420357534293862
7977,0.4193534753383746,-0.0564765266079838,-0.8598990352679199
7978,0.4252205319136574,-0.0488616387225779,-0.743878448045044
7979,0.4340174996023676,-0.0389927505217972,-0.5935158660186043
7980,0.4477048868285516,-0.0269997341117131,-0.4107900232470696
7981,0.4623689110925446,-0.0131734057973457,-0.20013180288856
7982,0.4780023380459186,0.0020506341810246,0.0318219809064996
7983,0.4956035077717671,0.0181239357042765,0.2767151309306812
7984,0.5141740801869966,0.0344292297501056,0.5251429237632366
7985,0.5307913785266078,0.0503311626679841,0.767425098218744
7986,0.54643203982841,0.0652274389792855,0.9943850680935048
7987,0.560119427054594,0.0785941395394811,1.1980403906095989
7988,0.5708696688189224,0.0900200150531512,1.3721252631094414
7989,0.5786899994698235,0.0992263872606412,1.5123937379418084
7990,0.5835804190072973,0.1060716014179382,1.6166875605360995
7991,0.5855336930829155,0.1105413570799325,1.6847888490187877
7992,0.5874869671585337,0.1127282591775421,1.718108534007174
7993,0.5865103301207246,0.1128051870782937,1.7192806090729318
7994,0.5855336930829155,0.1109973531423941,1.691736414332193
7995,0.5835804190072973,0.1075572424173327,1.6393228171210945
7996,0.5796666365076326,0.1027452534567792,1.5660072551174322
7997,0.5747834513185871,0.0968171949160025,1.4756872342132985
7998,0.5679397577054951,0.0900182424422962,1.37209825557428
7999,0.5610960640924031,0.0825818244013131,1.2587968385431536
8000,0.553275733441502,0.0747313044395627,1.1391861561964312
8001,0.545455402790601,0.0666822340767356,1.0165503558869866
8002,0.5376350721396999,0.0586432623907439,0.894068419223895
8003,0.5288381044509897,0.0508144098224706,0.7747878617263672
8004,0.5200411367622795,0.0433822360031062,0.661551109742437
8005,0.5122208061113784,0.0365123196892314,0.5568809245864171
8006,0.5063537495360956,0.0303402291531157,0.462842827221215
8007,0.5014633299986218,0.0249625958593714,0.3809090966136704
8008,0.4965801448095762,0.0204299224841934,0.3118491925689224
8009,0.4926663623099116,0.0167424326172775,0.2556665217041389
8010,0.4907130882342934,0.0138497664354783,0.2115938007261585
8011,0.4887598141586752,0.0116547761821069,0.1781508844315262
8012,0.4868065400830569,0.0100211542729367,0.1532609876852685
8013,0.4848460316590105,0.0087842004171848,0.1344147334958955
8014,0.4848460316590105,0.0077637486177194,0.1188671090543697
8015,0.4838693946212014,0.0067781177552504,0.1038500171195293
8016,0.4828927575833923,0.0056578808146481,0.0867820642312762
8017,0.479962846469965,0.0042582693085603,0.0654575547619494
8018,0.4789862094321558,0.0024691670212634,0.0381987558015873
8019,0.4780023380459186,0.0002218758779534,0.00395898208052
8020,0.4750724269324912,-0.0025079057032674,-0.0376320257989801
8021,0.4711658787812548,-0.005701165897087,-0.0862846032784759
8022,0.4672520962815901,-0.009300613738668,-0.1411258640485391
8023,0.4623689110925446,-0.0132190545074068,-0.2008273075666271
8024,0.4584551285928799,-0.0173499935506586,-0.2637663791317538
8025,0.4535647090554062,-0.0215790159430389,-0.3281998506058384
8026,0.4486815238663607,-0.0257944157795662,-0.3924257685409444
8027,0.4457443784045051,-0.0298957557215974,-0.4549138675958304
8028,0.4418378302532686,-0.0337994820328515,-0.5143911213393961
8029,0.4389079191398414,-0.0374413169163645,-0.5698781919453489
8030,0.4359707736779858,-0.0407757629189141,-0.6206818792879044
8031,0.4330408625645585,-0.0437735297166488,-0.6663559153951191
8032,0.4301109514511312,-0.0464179245838915,-0.7066459695579195
8033,0.4271738059892756,-0.0487012116246921,-0.7414341775077398
8034,0.4252205319136574,-0.0506217003483284,-0.7706947828934378
8035,0.4232672578380392,-0.0521819849353825,-0.7944673107033033
8036,0.4222906208002301,-0.0533884395882015,-0.812848878414378
8037,0.4213067494139927,-0.0542518527462607,-0.8260038589106729
8038,0.4213067494139927,-0.0547889590900322,-0.8341872221253737
8039,0.4213067494139927,-0.0550245640539198,-0.8377769041632736
8040,0.4203301123761837,-0.0549938962534178,-0.837309648928972
8041,0.4203301123761837,-0.0547447294955011,-0.8335133391204822
8042,0.4203301123761837,-0.0543387018669219,-0.8273270938854403
8043,0.4213067494139927,-0.0538512012727619,-0.8198995248841497
8044,0.4213067494139927,-0.0533692672823688,-0.8125567687714521
8045,0.4222906208002301,-0.0529871934481059,-0.8067354840354505
8046,0.4222906208002301,-0.0527998431218014,-0.8038810106405232
8047,0.4222906208002301,-0.0528940333281509,-0.8053160945466509
8048,0.4222906208002301,-0.0533386320311116,-0.8120900094581086
8049,0.4213067494139927,-0.0541742149082958,-0.8248209672270453
8050,0.4193534753383746,-0.0554032164823261,-0.8435460602898217
8051,0.4174002012627563,-0.0569814859441,-0.8675926060179443
8052,0.4154469271871381,-0.0588120579310326,-0.8954832381682489
8053,0.4125097817252826,-0.0607418500449439,-0.924885590198036
8054,0.4115331446874735,-0.0625619776534015,-0.9526170915847516
8055,0.4125097817252826,-0.064012455841366,-0.9747166068572138
8056,0.4134864187630917,-0.0647921699802229,-0.9865963473888544
8057,0.4134864187630917,-0.0645749506476514,-0.9832867892048912
8058,0.414470290149329,-0.0630321260699034,-0.9597802824531289
8059,0.4164235642249472,-0.0598609003400782,-0.9114634225167202
8060,0.4193534753383746,-0.0548164544439678,-0.8346061418990478
8061,0.4242438948758483,-0.0477441765366159,-0.7268527713751164
8062,0.4310875884889403,-0.0386073613410744,-0.5876440685962816
8063,0.4408611932154596,-0.0275054696290266,-0.4184954199096561
8064,0.4545485804416435,-0.0146788520927032,-0.2230688133670236
8065,0.4721425158190639,-0.0004977383048827,-0.0070050742946978
8066,0.4907130882342934,0.0145640152783316,0.2224761106719053
8067,0.5092836606495229,0.0299670468013331,0.4571570132937361
8068,0.524924321951325,0.0451508450921199,0.6884976739155414
8069,0.5366584351018908,0.0595777345944796,0.9083060567902546
8070,0.5493619509418374,0.0727704456273343,1.1093104713170912
8071,0.560119427054594,0.0843390124602646,1.2855693916691555
8072,0.5689163947433042,0.0939950951893939,1.4326896651866867
8073,0.5747834513185871,0.1015541125262477,1.5478590075916443
8074,0.5796666365076326,0.1069274260893569,1.6297269226950777
8075,0.5816199105832508,0.1101080649736972,1.6781872016457775
8076,0.5816199105832508,0.111154032981889,1.6941235915641808
8077,0.5796666365076326,0.1101730559734255,1.6791774058439417
8078,0.5777133624320144,0.1073117252446643,1.6355821124679266
8079,0.5757600883563961,0.1027504775098741,1.5660868488969957
8080,0.5718463058567315,0.0967039516191579,1.4739618570315611
8081,0.566963120667686,0.0894243814407518,1.3630501772355306
8082,0.560119427054594,0.0812043443512095,1.2378095243888498
8083,0.5522990964036929,0.0723748342936937,1.1032829289643042
8084,0.5415416202909363,0.0632954644008258,0.9649494639893196
8085,0.5288381044509897,0.054335506159128,0.828435357368456
8086,0.517103991300424,0.0458470138151838,0.6991045147872068
8087,0.5073303865739046,0.0381337892442099,0.5815856678162109
8088,0.4995100559230035,0.0314216580073022,0.4793194993128609
8089,0.494626870733958,0.025835898596173,0.394214754933506
8090,0.4916897252721025,0.021390571239098,0.3264856566030892
8091,0.4907130882342934,0.0179922524414849,0.274708802051462
8092,0.4897364511964843,0.0154579026348314,0.2360953966775433
8093,0.4897364511964843,0.0135439572535864,0.2069344857900523
8094,0.4887598141586752,0.0119818067021799,0.1831335281092341
8095,0.487783177120866,0.0105139562973198,0.1607693293856271
8096,0.4848460316590105,0.0089254043802019,0.1365661199580441
8097,0.4819161205455832,0.0070659817995669,0.1082359195733212
8098,0.4789862094321558,0.0048612218087101,0.0746441513589855
8099,0.4750724269324912,0.0023113520650453,0.0357942839080394
8100,0.4721425158190639,-0.0005201752953776,-0.007346924739761
8101,0.4682287333193992,-0.0035258428891595,-0.0531413375367862
8102,0.4652988222059719,-0.0065773742098468,-0.0996345310129061
8103,0.4623689110925446,-0.0095494635221318,-0.1449173444277958
8104,0.459431765630689,-0.012340540268469,-0.1874422466938906
8105,0.4574784915550708,-0.0148879052934581,-0.2262539521999786
8106,0.4545485804416435,-0.0171755529434204,-0.2611085984799758
8107,0.4535647090554062,-0.0192340837852095,-0.2924724163949446
8108,0.4525880720175971,-0.0211332012958971,-0.3214074095440231
8109,0.4506347979419788,-0.0229682637621546,-0.3493664587289614
8110,0.4486815238663607,-0.0248431102351685,-0.3779316578527323
8111,0.4467282497907424,-0.0268517934181003,-0.4085359958200851
8112,0.4457443784045051,-0.0290619057511499,-0.4422093124292983
8113,0.4437911043288869,-0.0315019251608739,-0.4793854979505514
8114,0.4408611932154596,-0.0341544752987526,-0.5197998059831908
8115,0.4369474107157949,-0.0369565884626598,-0.5624928593326077
8116,0.4330408625645585,-0.0398070066624331,-0.6059218891942658
8117,0.4291270800648938,-0.0425794117266477,-0.6481623093304982
8118,0.4261971689514665,-0.0451395007733203,-0.6871678782906216
8119,0.4242438948758483,-0.0473632674141918,-0.7210492322124595
8120,0.4232672578380392,-0.0491538291363975,-0.7483302671528757
8121,0.4222906208002301,-0.0504546003003555,-0.7681488431524284
8122,0.4222906208002301,-0.0512573550619126,-0.7803796310817309
8123,0.4222906208002301,-0.0516045191908146,-0.7856690308344341
8124,0.4213067494139927,-0.0515856893127738,-0.7853821384283336
8125,0.4213067494139927,-0.0513288208305825,-0.7814684849916232
8126,0.4213067494139927,-0.0509867829463169,-0.7762571888068142
8127,0.4213067494139927,-0.0507201643204944,-0.7721949819827627
8128,0.4213067494139927,-0.050677444899708,-0.7715441080158644
8129,0.4213067494139927,-0.0509739776520796,-0.7760620870824906
8130,0.4213067494139927,-0.0516716142266198,-0.7866912921692041
8131,0.4213067494139927,-0.0527611706062336,-0.8032917954041228
8132,0.4203301123761837,-0.0541501370657796,-0.8244541167270999
8133,0.4193534753383746,-0.0556579522061895,-0.847427218977124
8134,0.4183768383005654,-0.0570206781292073,-0.8681897389500538
8135,0.4164235642249472,-0.0579060129847429,-0.881678718876466
8136,0.4164235642249472,-0.0579383432445978,-0.8821713033753951
8137,0.4174002012627563,-0.0567321439385119,-0.8637936261323569
8138,0.4193534753383746,-0.0539306963884269,-0.8211107140887184
8139,0.4213067494139927,-0.0492460102972533,-0.7497347412008617
8140,0.4271738059892756,-0.0424951783391458,-0.6468789277195265
8141,0.4359707736779858,-0.0336283294868349,-0.5117834376554914
8142,0.4477048868285516,-0.0227440443439313,-0.3459502470971533
8143,0.4604084026684982,-0.0100895735373619,-0.1531464716421372
8144,0.4750724269324912,0.0039547562505058,0.060833223615488
8145,0.4916897252721025,0.0189053251012177,0.2886203957286821
8146,0.5092836606495229,0.0342154988595748,0.5218865155533959
8147,0.5268848303753715,0.0493211173859559,0.7520360276892624
8148,0.5415416202909363,0.0636850737287735,0.9708855596608836
8149,0.5552290075171202,0.0768350529036159,1.1712389107269945
8150,0.5650026122436396,0.0883898011253601,1.347287290437024
8151,0.5718463058567315,0.0980715311918402,1.49479832730983
8152,0.5767367253942053,0.1057047761870767,1.6110986038327075
8153,0.5806432735454417,0.1112045543236044,1.694893335757571
8154,0.5835804190072973,0.114558482467785,1.7459938534075985
8155,0.5855336930829155,0.1158080637986178,1.7650325000649991
8156,0.5845570560451063,0.1150337195849719,1.7532345758234598
8157,0.5826037819694881,0.1123465146691953,1.7122922668875509
8158,0.5806432735454417,0.1078873848932856,1.6443528746220957
8159,0.5777133624320144,0.101832458184587,1.5520998877224417
8160,0.5728229428945406,0.0944011867122934,1.4388768839168966
8161,0.5650026122436396,0.0858629018460672,1.308787401450018
8162,0.5542523704793112,0.076537432565037,1.166704361174719
8163,0.5425254916771737,0.0667866991015634,1.018141987137133
8164,0.5298147414887988,0.0569964121435306,0.8689769752492553
8165,0.5180806283382331,0.0475495424477472,0.7250442757772975
8166,0.5092836606495229,0.0387953489166914,0.5916652044869187
8167,0.5014633299986218,0.0310189090301516,0.4731832076778942
8168,0.4956035077717671,0.0244160740484048,0.372582279148639
8169,0.4907130882342934,0.019077729705954,0.2912471558047915
8170,0.487783177120866,0.014985568825775,0.2288989091236073
8171,0.4858226686968196,0.0120196989314518,0.1837108548877065
8172,0.4848460316590105,0.0099766587563739,0.1525830530868754
8173,0.4838693946212014,0.008595051904445,0.1315328628957435
8174,0.4838693946212014,0.007585190463851,0.116146593378105
8175,0.4819161205455832,0.0066589502202937,0.1020343781250174
8176,0.479962846469965,0.0055564395199117,0.0852365025945091
8177,0.4789862094321558,0.0040669342078906,0.0625423692634746
8178,0.4760490639703003,0.0020426071669791,0.0316996811566911
8179,0.473119152856873,-0.0005953476112556,-0.0084922516785573
8180,0.4692053703572084,-0.0038576852573218,-0.0581972946301804
8181,0.466275459243781,-0.0076939881729749,-0.1166472841424263
8182,0.4613850397063073,-0.0120038623712822,-0.182312615381598
8183,0.4565018545172618,-0.0166507274117242,-0.253112345968675
8184,0.451611434979788,-0.0214765594318557,-0.3266388211105698
8185,0.4477048868285516,-0.0263161943707661,-0.4003755978046632
8186,0.4437911043288869,-0.0310101736286961,-0.4718931615708707
8187,0.4398845561776505,-0.0354155570184467,-0.5390136727999764
8188,0.4359707736779858,-0.0394145176470048,-0.5999419185454803
8189,0.4320642255267494,-0.0429207416392021,-0.6533628188438676
8190,0.4281504430270847,-0.0458836370076324,-0.6985055531425617
8191,0.4252205319136574,-0.0482901862899808,-0.7351717871200786
8192,0.4232672578380392,-0.0501641152069884,-0.7637230063418124
8193,0.4222906208002301,-0.0515620534580996,-0.7850220220641689
8194,0.4213067494139927,-0.0525666093520235,-0.8003274561644688
8195,0.4213067494139927,-0.0532767222562112,-0.8111467508643022
8196,0.4213067494139927,-0.0537961664875725,-0.8190610137738817
8197,0.4213067494139927,-0.0542215132964901,-0.8255416064348157
8198,0.4213067494139927,-0.0546310996009583,-0.831782071728326
8199,0.4203301123761837,-0.055076533272348,-0.8385687082358075
8200,0.4203301123761837,-0.0555779732595006,-0.8462086581132015
8201,0.4193534753383746,-0.0561239123416759,-0.8545265971104767
8202,0.4183768383005654,-0.0566755594871781,-0.8629315042770878
8203,0.4174002012627563,-0.0571752754438182,-0.8705451867904103
8204,0.4174002012627563,-0.0575579588568434,-0.8763757590808743
8205,0.4174002012627563,-0.0577638959783229,-0.879513421266398
8206,0.4174002012627563,-0.057751417929753,-0.8793233054637413
8207,0.4174002012627563,-0.0575077320187841,-0.8756105019511985
8208,0.4183768383005654,-0.0570564468142401,-0.868734711365163
8209,0.4183768383005654,-0.056460551764691,-0.8596556422295042
8210,0.4183768383005654,-0.0558199328999536,-0.849895160132935
8211,0.4183768383005654,-0.055262918156886,-0.8414084721402781
8212,0.4183768383005654,-0.0549318798938869,-0.8363647664095601
8213,0.4193534753383746,-0.0549636214426333,-0.8368483812940261
8214,0.4203301123761837,-0.0554661400932074,-0.8445047657093229
8215,0.4203301123761837,-0.0564942792476923,-0.8601695148488055
8216,0.4193534753383746,-0.0580275261619832,-0.8835300961246795
8217,0.4174002012627563,-0.0599535179469432,-0.9128745462650092
8218,0.4154469271871381,-0.0620605324984598,-0.9449770629708176
8219,0.414470290149329,-0.0640413843938686,-0.9751573628735029
8220,0.4125097817252826,-0.0655098662111074,-0.9975311818089972
8221,0.4115331446874735,-0.0660293424348738,-1.0054459321555136
8222,0.4115331446874735,-0.0651514640575281,-0.9920705592829708
8223,0.4134864187630917,-0.0624613949248918,-0.9510846110805358
8224,0.4164235642249472,-0.0576246457936369,-0.8773918026107739
8225,0.4222906208002301,-0.0504298359190207,-0.7677715325330322
8226,0.4301109514511312,-0.0408216476490616,-0.6213809799728245
8227,0.4428144672910778,-0.0289190492737459,-0.4400327482242272
8228,0.459431765630689,-0.0150155700136351,-0.2281990544819133
8229,0.4780023380459186,0.0004391526072148,0.0072694147616218
8230,0.494626870733958,0.0168746168435017,0.2576804832724405
8231,0.5102675320357603,0.0336471857963463,0.5132276861241971
8232,0.5268848303753715,0.0500944750827668,0.7638189213401712
8233,0.5444787657527919,0.0655900255533429,0.999909444535329
8234,0.560119427054594,0.0795921123495292,1.2132455247096228
8235,0.5728229428945406,0.0916813361607921,1.3974371854088703
8236,0.5816199105832508,0.1015830020541037,1.5482991690276215
8237,0.5874869671585337,0.1091722718012737,1.663929437773533
8238,0.590416878271961,0.1144625320620722,1.74453195106805
8239,0.5923773866960075,0.1175799292248846,1.7920286778589452
8240,0.5923773866960075,0.1187290389271756,1.809536536733508
8241,0.590416878271961,0.118155731388458,1.8008016113738328
8242,0.5884636041963428,0.1161132734219662,1.7696826801149008
8243,0.5865103301207246,0.1128366218402017,1.7197595497468667
8244,0.5835804190072973,0.1085279318348611,1.6541122608959022
8245,0.5816199105832508,0.1033538926582448,1.5752804944117669
8246,0.5777133624320144,0.0974530995413538,1.4853758900623748
8247,0.5708696688189224,0.0909498013407479,1.3862915059618792
8248,0.5640259752058304,0.0839694398454779,1.279938575768212
8249,0.5562056445549294,0.0766515609893677,1.1684432241768976
8250,0.5483853139040282,0.0691567518666267,1.0542521594324916
8251,0.5405649832531272,0.0616658655376581,0.9401208624540563
8252,0.5307913785266078,0.0543715612128044,0.8289846929020631
8253,0.5229710478757068,0.0474638175966927,0.7237381701972011
8254,0.5151507172248058,0.0411123229098319,0.6269666675300563
8255,0.5092836606495229,0.0354492701059449,0.5406842794412786
8256,0.5053771124982864,0.0305559311364016,0.4661292670404974
8257,0.5024472013848591,0.0264554694334981,0.4036545488548837
8258,0.5014633299986218,0.0231130086793791,0.3527287485938556
8259,0.5004866929608127,0.0204423998114693,0.3120392973819291
8260,0.4985334188851945,0.0183178537647337,0.27966967045719
8261,0.4956035077717671,0.0165879794682549,0.2533132703736278
8262,0.4926663623099116,0.0150899046797801,0.2304885723244631
8263,0.4897364511964843,0.0136618881821424,0.2087312838242071
8264,0.487783177120866,0.0121537627921325,0.185753454604946
8265,0.4868065400830569,0.0104352656939982,0.1595703977475407
8266,0.4858226686968196,0.008402580789634,0.1286003690626287
8267,0.4838693946212014,0.0059832654606907,0.0917396313386687
8268,0.4819161205455832,0.0031393926172149,0.0484103266591338
8269,0.4789862094321558,-0.0001315128595944,-0.0014252559365391
8270,0.4740957898946821,-0.003798143423404,-0.0572901140335088
8271,0.4682287333193992,-0.0077997639593488,-0.1182588861822385
8272,0.4643221851681628,-0.0120528404369121,-0.1830588461890551
8273,0.4604084026684982,-0.0164591007532328,-0.2501927182892788
8274,0.4565018545172618,-0.0209140347468443,-0.3180681835300131
8275,0.4525880720175971,-0.0253150042579036,-0.385121444813302
8276,0.4486815238663607,-0.0295684582078983,-0.4499271559977866
8277,0.444767741366696,-0.0335960253659795,-0.5112912514108922
8278,0.4408611932154596,-0.0373393664151091,-0.5683248720276667
8279,0.4359707736779858,-0.0407635966145363,-0.6204965132261205
8280,0.4320642255267494,-0.0438589167865033,-0.6676568745339589
8281,0.4301109514511312,-0.0466399535775471,-0.7100288078363131
8282,0.4271738059892756,-0.0491423639621552,-0.7481555835241444
8283,0.4242438948758483,-0.0514165779643715,-0.7828055544729362
8284,0.4232672578380392,-0.0535190831615715,-0.8148393665643522
8285,0.4222906208002301,-0.0555022707521808,-0.8450552531667781
8286,0.4222906208002301,-0.0574044360832605,-0.8740366829695491
8287,0.4203301123761837,-0.0592418984922214,-0.9020322977304932
8288,0.4183768383005654,-0.0610051819235892,-0.9288977200750212
8289,0.4164235642249472,-0.0626606528356023,-0.9541205086744772
8290,0.414470290149329,-0.0641580021730853,-0.976934153737526
8291,0.4115331446874735,-0.0654427090411761,-0.996507973797414
8292,0.4095798706118552,-0.0664714163450407,-1.01218137927244
8293,0.407626596536237,-0.0672272388249189,-1.0236971060003126
8294,0.4066499594984279,-0.0677316213946023,-1.0313818891251965
8295,0.4066499594984279,-0.0680496047273122,-1.0362266896716097
8296,0.4066499594984279,-0.068286241669591,-1.0398320949533382
8297,0.4066499594984279,-0.0685733003165035,-1.0442057263558464
8298,0.4066499594984279,-0.0690470406426826,-1.0514236436333677
8299,0.4066499594984279,-0.0698194911528169,-1.0631927153695582
8300,0.4066499594984279,-0.0709470500965579,-1.080372226447056
8301,0.4066499594984279,-0.0724012106120294,-1.1025278457365622
8302,0.4066499594984279,-0.0740466013051788,-1.1275970519156984
8303,0.4056660881121906,-0.0756311976502577,-1.151739994166972
8304,0.4037128140365724,-0.0767923981344921,-1.169432068441967
8305,0.4027361769987633,-0.0770806963395471,-1.173824585777631
8306,0.4037128140365724,-0.0760001270536956,-1.157361010086679
8307,0.4046894510743815,-0.0730618986059047,-1.1125941014942369
8308,0.4066499594984279,-0.0678450748685102,-1.0331104685689592
8309,0.4095798706118552,-0.0600562378611521,-0.9144395889741528
8310,0.4183768383005654,-0.0495791462103771,-0.7548104067716874
8311,0.4310875884889403,-0.036505925837668,-0.5556265543813348
8312,0.4486815238663607,-0.0211435587568351,-0.3215652160302444
8313,0.4701892417434457,-0.0039932255326171,-0.0602623890306179
8314,0.4926663623099116,0.0142952727093806,0.2183815434070037
8315,0.5151507172248058,0.0329872799097563,0.503173346569082
8316,0.5356817980640817,0.0513352395794642,0.7827232345327553
8317,0.553275733441502,0.0686475968257879,1.0464946628396896
8318,0.5659792492814486,0.0843444590226329,1.28565237560455
8319,0.5757600883563961,0.0979928768248112,1.493599947768637
8320,0.5845570560451063,0.1093188749406187,1.6661630861963972
8321,0.5914007496581983,0.1181977978464059,1.8014425367855984
8322,0.5962839348472438,0.1246281517424226,1.8994155399727617
8323,0.5992210803090994,0.1286962984161051,1.9613979057136952
8324,0.6011743543847177,0.1305399215283049,1.989487385074912
8325,0.6011743543847177,0.130317302260456,1.9860955533668632
8326,0.5992210803090994,0.1281874412472738,1.9536449475048785
8327,0.597260571885053,0.1243033629376758,1.894467051115512
8328,0.5943306607716257,0.1188179874629949,1.8108917584404685
8329,0.5894402412341518,0.1118992111183254,1.7054771408581495
8330,0.5835804190072973,0.1037487578536748,1.5812966685875502
8331,0.5767367253942053,0.0946183686226492,1.4421858719352176
8332,0.566963120667686,0.0848172615641791,1.2928560047762658
8333,0.553275733441502,0.0747065710873222,1.138809318336949
8334,0.539588346215318,0.0646794103864933,0.9860352932698287
8335,0.5259009589891341,0.055128705772833,0.8405205628700871
8336,0.5151507172248058,0.0464081436003754,0.7076538996456426
8337,0.5063537495360956,0.0387935626408287,0.5916379887514213
8338,0.5004866929608127,0.0324523708381164,0.495023461037419
8339,0.4975567818473854,0.0274270456139585,0.4184575033678201
8340,0.4965801448095762,0.0236359382455242,0.360696114135328
8341,0.4956035077717671,0.0208911727732703,0.3188768113862637
8342,0.4956035077717671,0.0189302084949867,0.2889995196239545
8343,0.494626870733958,0.0174552939679351,0.2665276917904767
8344,0.494626870733958,0.0161739688331095,0.24700539588763
8345,0.4936429993477207,0.0148340393269999,0.2265902025879315
8346,0.4897364511964843,0.013247899923724,0.2024237502704786
8347,0.4848460316590105,0.0113033885656867,0.172797135536805
8348,0.479962846469965,0.008961104343507,0.1371100453275076
8349,0.4760490639703003,0.0062407029951352,0.0956619548671219
8350,0.4721425158190639,0.0032005182081457,0.049341637409976
8351,0.4692053703572084,-8.444985235977906e-05,-0.0007082029978741
8352,0.466275459243781,-0.003541612181624,-0.0533815987985872
8353,0.4643221851681628,-0.0071137378695835,-0.1078065786784964
8354,0.4623689110925446,-0.0107644128163035,-0.1634283366678746
8355,0.459431765630689,-0.0144765060300493,-0.2199858646270513
8356,0.4565018545172618,-0.0182456005075269,-0.2774118650036991
8357,0.4525880720175971,-0.0220711342979265,-0.3356977759038116
8358,0.4486815238663607,-0.0259480192297572,-0.394766073842717
8359,0.4428144672910778,-0.0298608528355545,-0.4543820865118001
8360,0.4369474107157949,-0.0337817430203043,-0.5141208493822181
8361,0.4320642255267494,-0.0376715437554431,-0.5733859327639049
8362,0.4271738059892756,-0.0414833120686095,-0.6314621125719736
8363,0.4242438948758483,-0.0451663402774517,-0.6875768055232948
8364,0.4213067494139927,-0.0486693073197632,-0.740948082866756
8365,0.4203301123761837,-0.0519418078203424,-0.7908079672771376
8366,0.4174002012627563,-0.0549344538024335,-0.8364039825327033
8367,0.4154469271871381,-0.0575985334878118,-0.8769939549863357
8368,0.4125097817252826,-0.0598865609235725,-0.9118543876905078
8369,0.4095798706118552,-0.061754854779702,-0.9403197510097052
8370,0.407626596536237,-0.0631686538078759,-0.9618604218550678
8371,0.4066499594984279,-0.064109455569602,-0.9761944966961396
8372,0.4056660881121906,-0.0645835113313455,-0.9834172199563568
8373,0.4046894510743815,-0.0646298902563028,-0.984123850203484
8374,0.4046894510743815,-0.0643262951549355,-0.9794982690434348
8375,0.4056660881121906,-0.0637908711535908,-0.9713405380322812
8376,0.4056660881121906,-0.063178590887865,-0.9620118234085728
8377,0.4056660881121906,-0.0626713901779974,-0.954284103042331
8378,0.4056660881121906,-0.0624619881959139,-0.9510936501699356
8379,0.4056660881121906,-0.0627321766464394,-0.9552102469160132
8380,0.4046894510743815,-0.063627251866303,-0.9688476312321034
8381,0.4046894510743815,-0.0652291298130006,-0.9932538763183136
8382,0.4027361769987633,-0.0675314096108402,-1.028331458301975
8383,0.400782902923145,-0.0704200716083611,-1.0723431714465756
8384,0.3978529918097178,-0.0736634449364443,-1.1217592736623956
8385,0.3949158463478622,-0.0769144527300964,-1.1712916947514234
8386,0.3919859352344348,-0.0797269427296808,-1.2141428497809836
8387,0.3890487897725793,-0.0815862470020861,-1.2424712476191044
8388,0.3870955156969611,-0.0819521812493736,-1.2480466292785803
8389,0.3880721527347702,-0.0803107558148501,-1.2230378378607891
8390,0.3910092981966258,-0.0762292381517404,-1.1608517514520744
8391,0.3968691204234804,-0.0694081694004631,-1.0569258087566469
8392,0.4046894510743815,-0.0597236813836612,-0.9093727516964548
8393,0.4134864187630917,-0.0472540551587309,-0.7193852720595081
8394,0.4291270800648938,-0.0322859334303343,-0.4913306639436995
8395,0.4496581609041697,-0.0152979635749026,-0.2325016085443318
8396,0.4711658787812548,0.0030772089312573,0.0474628947508702
8397,0.4936429993477207,0.0221082121759082,0.3374196485615875
8398,0.5141740801869966,0.0410301191698451,0.6257142096700445
8399,0.531768015564417,0.0591104806749111,0.901186966536224
8400,0.5483853139040282,0.0757072588815352,1.1540558179911156
8401,0.5620727011302122,0.0903114407520199,1.376565431004675
8402,0.5718463058567315,0.1025700265483234,1.5633374943642562
8403,0.5786899994698235,0.1122885422208812,1.7114089974819642
8404,0.5835804190072973,0.1194155781195391,1.819996661878908
8405,0.5865103301207246,0.1240145314996777,1.890066409431845
8406,0.5884636041963428,0.1262292631426792,1.9238101059417536
8407,0.5884636041963428,0.1262505399906846,1.9241342804321715
8408,0.5865103301207246,0.1242890038583253,1.8942482758894943
8409,0.5845570560451063,0.1205583105055531,1.8374073558325288
8410,0.5816199105832508,0.1152694764063709,1.7568265715655027
8411,0.5777133624320144,0.1086348376213057,1.655741079639852
8412,0.5718463058567315,0.1008778602222024,1.5375556136865909
8413,0.5640259752058304,0.0922438079461816,1.406007017009708
8414,0.5542523704793112,0.0830062839082761,1.2652639122533995
8415,0.5415416202909363,0.0734659468651993,1.1199071423706446
8416,0.5278614674131806,0.0639399409665954,0.9747687220975414
8417,0.517103991300424,0.0547431532273182,0.8346462764184598
8418,0.5092836606495229,0.0461645669607152,0.7039427609929894
8419,0.5014633299986218,0.0384431002964507,0.5862983373204174
8420,0.4956035077717671,0.0317472245966353,0.4842798385119405
8421,0.4907130882342934,0.0261616279307939,0.3991775737231117
8422,0.4868065400830569,0.0216827099527275,0.3309366880057693
8423,0.4838693946212014,0.0182231842266332,0.2782272834427222
8424,0.4809394835077741,0.0156247805514186,0.2386379520202271
8425,0.479962846469965,0.0136771105416386,0.2089632120041415
8426,0.4789862094321558,0.0121402202357164,0.1855471199390206
8427,0.4760490639703003,0.0107681898780058,0.164642837409231
8428,0.4740957898946821,0.0093313213857975,0.1427506797390503
8429,0.473119152856873,0.0076349050178015,0.1169040453366447
8430,0.4701892417434457,0.0055331371453987,0.0848814671408858
8431,0.4682287333193992,0.0029373268150515,0.0453316479737142
8432,0.4652988222059719,-0.0001819730213608,-0.0021940679909778
8433,0.4623689110925446,-0.0037988092007397,-0.0573002578305824
8434,0.4574784915550708,-0.0078410612325049,-0.118888092278819
8435,0.4525880720175971,-0.0122039385839566,-0.1853609806409606
8436,0.4467282497907424,-0.0167660479242985,-0.2548693716516605
8437,0.4408611932154596,-0.0214058488847574,-0.3255614737719546
8438,0.4359707736779858,-0.0260160944882869,-0.3958032698709214
8439,0.4320642255267494,-0.0305140610693002,-0.4643343804914972
8440,0.4281504430270847,-0.0348460684892101,-0.5303369339466898
8441,0.4252205319136574,-0.0389858670724382,-0.5934109896436965
8442,0.4222906208002301,-0.0429276759156359,-0.6534684696211243
8443,0.4193534753383746,-0.046675704286116,-0.7105735063616515
8444,0.4164235642249472,-0.0502326275517019,-0.7647668618240331
8445,0.4115331446874735,-0.0535895783247792,-0.8159134323096149
8446,0.4086032335740461,-0.0567197454123195,-0.8636047219342665
8447,0.4046894510743815,-0.059576790596068,-0.9071347206590108
8448,0.4017595399609542,-0.0620982440222338,-0.9455516365166362
8449,0.3988296288475269,-0.0642130741681305,-0.9777732317779164
8450,0.3968691204234804,-0.0658519222086658,-1.0027427539683051
8451,0.3958924833856713,-0.0669581320573164,-1.0195969897973245
8452,0.3949158463478622,-0.0674977190086631,-1.0278181475996635
8453,0.3949158463478622,-0.0674667633373269,-1.0273465063594576
8454,0.3968691204234804,-0.066895303080637,-1.0186397262264544
8455,0.3988296288475269,-0.0658475175833864,-1.0026756450076608
8456,0.4017595399609542,-0.0644186929001767,-0.9809060429755369
8457,0.4037128140365724,-0.0627299501204543,-0.9551763235206664
8458,0.4037128140365724,-0.0609218119007584,-0.9276274927057973
8459,0.4046894510743815,-0.0591473151951893,-0.9005912246867034
8460,0.4046894510743815,-0.0575646923000134,-0.8764783499584251
8461,0.4046894510743815,-0.056328955741032,-0.8576506425274896
8462,0.4056660881121906,-0.0555813755173688,-0.8462604949835131
8463,0.4056660881121906,-0.0554360345688525,-0.8440460773258731
8464,0.4056660881121906,-0.0559633940469465,-0.8520809370962024
8465,0.4056660881121906,-0.0571719228461697,-0.8704941065442195
8466,0.4056660881121906,-0.0589900719708891,-0.8981954637123243
8467,0.4046894510743815,-0.0612518990789281,-0.9326567076886452
8468,0.4046894510743815,-0.0636901784102438,-0.9698063813397588
8469,0.4027361769987633,-0.0659406186038844,-1.0040941340559273
8470,0.400782902923145,-0.0675597117061306,-1.028762669603395
8471,0.3978529918097178,-0.0680567824127997,-1.0363360490341758
8472,0.3968691204234804,-0.066938263630939,-1.019294274047573
8473,0.3978529918097178,-0.0637595911228786,-0.9708639548460029
8474,0.3998062658853359,-0.0581780008315367,-0.8858227312608086
8475,0.4066499594984279,-0.0499984767795408,-0.7611993358809545
8476,0.4174002012627563,-0.0392054855247013,-0.5967571008642409
8477,0.4330408625645585,-0.0259750295705783,-0.3951776039466809
8478,0.4525880720175971,-0.0106647099664229,-0.1619092620124078
8479,0.4740957898946821,0.0062167120964085,0.0952964290445276
8480,0.4936429993477207,0.0240552225222862,0.3670843379326181
8481,0.5102675320357603,0.0421855234791453,0.6433179733054569
8482,0.5268848303753715,0.0599450150383671,0.9139019491286005
8483,0.5435021287149827,0.0767207951545076,1.169498077329865
8484,0.5581589186305476,0.0919848740842464,1.4020618954050703
8485,0.5698930317811133,0.1053154086392195,1.6051661919275366
8486,0.5796666365076326,0.1164042632005595,1.7741162063199225
8487,0.5855336930829155,0.1250532964158637,1.9058930528934503
8488,0.590416878271961,0.1311632256783293,1.9989840598247637
8489,0.5943306607716257,0.1347195060857463,2.053167620686964
8490,0.597260571885053,0.1357792314936879,2.0693136186287098
8491,0.597260571885053,0.1344617062798576,2.0492397775833946
8492,0.5962839348472438,0.1309434215316141,1.995635119359757
8493,0.5923773866960075,0.1254562550584521,1.912032538995306
8494,0.5855336930829155,0.1182863291412409,1.802791401400407
8495,0.5777133624320144,0.1097704380517835,1.6730431109733788
8496,0.5679397577054951,0.1002873796910064,1.528559040263057
8497,0.5562056445549294,0.090242739616446,1.3755186991010526
8498,0.5435021287149827,0.0800473674606965,1.2201818008739869
8499,0.5327446526022261,0.0700915506845255,1.0684947732989054
8500,0.5219944108378977,0.0607182886495025,0.9256835616484416
8501,0.5131974431491875,0.0521997260757137,0.7958945684316217
8502,0.5053771124982864,0.044720539775855,0.6819415333354732
8503,0.5004866929608127,0.0383709472230597,0.5851990116217681
8504,0.4975567818473854,0.0331502615263582,0.505656537805676
8505,0.4965801448095762,0.0289799166364569,0.4421170779568225
8506,0.494626870733958,0.0257230872911136,0.3924959595874242
8507,0.4926663623099116,0.0232069154179782,0.3541595135795534
8508,0.4887598141586752,0.0212432743843134,0.3242414387176303
8509,0.4858226686968196,0.0196449811642466,0.2998898105995222
8510,0.4819161205455832,0.018236062188459,0.278423492331907
8511,0.4789862094321558,0.0168565171715368,0.2574047163010142
8512,0.4770257010081094,0.0153634313186241,0.2346560297758854
8513,0.4770257010081094,0.0136308784253396,0.208258818536728
8514,0.4760490639703003,0.011550752546656,0.1765659781989339
8515,0.4740957898946821,0.0090356912158207,0.1382464524362109
8516,0.4721425158190639,0.0060240355540869,0.092360805313669
8517,0.4701892417434457,0.0024857310941149,0.0384511263535841
8518,0.466275459243781,-0.0015725354396251,-0.0233807053735565
8519,0.4613850397063073,-0.0061047485497975,-0.0924335968112864
8520,0.4555252174794526,-0.0110268737991612,-0.1674271975588673
8521,0.4496581609041697,-0.0162225816911012,-0.2465891090318787
8522,0.4437911043288869,-0.0215529184962028,-0.3278022293732599
8523,0.437924047753604,-0.026868604374865,-0.4087921279004217
8524,0.4330408625645585,-0.0320231271847005,-0.4873265426220043
8525,0.4281504430270847,-0.0368847095983907,-0.5613977114897357
8526,0.4242438948758483,-0.0413455234003033,-0.6293627616097379
8527,0.4203301123761837,-0.045327098731862,-0.6900261246153684
8528,0.4174002012627563,-0.0487815865597042,-0.7426587716578358
8529,0.414470290149329,-0.051689247733224,-0.7869599566356815
8530,0.4134864187630917,-0.0540531624628723,-0.822976609698195
8531,0.4125097817252826,-0.0558926081545493,-0.8510024417950754
8532,0.4115331446874735,-0.0572367703168793,-0.8714821239313258
8533,0.4115331446874735,-0.0581203486661233,-0.8849443416920334
8534,0.4095798706118552,-0.0585821429054249,-0.8919802481460989
8535,0.407626596536237,-0.0586668880932205,-0.8932714275567902
8536,0.407626596536237,-0.0584296343992509,-0.8896566254337144
8537,0.407626596536237,-0.0579411224203338,-0.8822136469536248
8538,0.4095798706118552,-0.0572921823210214,-0.8723263823572555
8539,0.4105565076496644,-0.0565953054809337,-0.8617087526001644
8540,0.4105565076496644,-0.0559820934619002,-0.8523658417640453
8541,0.4115331446874735,-0.0555960494525034,-0.8464840673586821
8542,0.4125097817252826,-0.0555809519681801,-0.8462540417794304
8543,0.4125097817252826,-0.0560657531612268,-0.8536404826502707
8544,0.4115331446874735,-0.0571475235740075,-0.8701223587356282
8545,0.4095798706118552,-0.0588743430110587,-0.8964322149186095
8546,0.407626596536237,-0.0612301496211777,-0.932325332506508
8547,0.4046894510743815,-0.0641234220336764,-0.9764072900277976
8548,0.4017595399609542,-0.0673812580512383,-1.0260437460756624
8549,0.3978529918097178,-0.0707499964959543,-1.0773699137668882
8550,0.3949158463478622,-0.0739030454978913,-1.1254098327062507
8551,0.392962572272244,-0.0764560662281717,-1.164307708653576
8552,0.3919859352344348,-0.0779891569973466,-1.1876659108992758
8553,0.3939392093100531,-0.0780752016213191,-1.1889768885460767
8554,0.3958924833856713,-0.0763130370096788,-1.162128512561749
8555,0.3988296288475269,-0.0723634608762772,-1.1019526899922636
8556,0.4037128140365724,-0.0659852854229968,-1.004774678623462
8557,0.4105565076496644,-0.0570677475422753,-0.8689068894881269
8558,0.4193534753383746,-0.0456549090334171,-0.695020649059651
8559,0.4320642255267494,-0.031957620360512,-0.4863284793118377
8560,0.4477048868285516,-0.0163495073334058,-0.2485229507082667
8561,0.4682287333193992,0.0006546178096315,0.0105522469827489
8562,0.4907130882342934,0.0184367349016435,0.2814809458852146
8563,0.5112441690735693,0.0363257487147128,0.5540383254112045
8564,0.5288381044509897,0.053653052145699,0.8180374740926708
8565,0.54643203982841,0.0698056231209957,1.0641383751058984
8566,0.5610960640924031,0.084269239444463,1.2845063285765097
8567,0.5718463058567315,0.0966563526452616,1.473236638093901
8568,0.5786899994698235,0.1067161010180369,1.6265071695958295
8569,0.5835804190072973,0.1143272616159753,1.742470967790786
8570,0.5865103301207246,0.1194779843304288,1.820947484181578
8571,0.5884636041963428,0.1222382642813141,1.863003165843682
8572,0.5894402412341518,0.1227318231504878,1.870523038846716
8573,0.5884636041963428,0.1211132802581726,1.8458628863089857
8574,0.5874869671585337,0.1175544749213588,1.7916408555709675
8575,0.5845570560451063,0.1122410832915209,1.7106859122657123
8576,0.5806432735454417,0.1053778849806314,1.6061180827402743
8577,0.5747834513185871,0.0971987860499795,1.4815011645178933
8578,0.5659792492814486,0.0879764877155555,1.3409900388905474
8579,0.5552290075171202,0.0780267798463472,1.1893960867466171
8580,0.5435021287149827,0.0677038038098129,1.0321150131878378
8581,0.5307913785266078,0.0573849118620541,0.8748961648889877
8582,0.5190644997244704,0.0474463586249194,0.7234721649469691
8583,0.5083070236117138,0.0382333507145131,0.5831025884095513
8584,0.5004866929608127,0.0300294358139791,0.4581075735636143
8585,0.4926663623099116,0.0230305576998473,0.3514725237870907
8586,0.487783177120866,0.0173283455136459,0.2645935025502258
8587,0.4848460316590105,0.0129055795958404,0.1972081507689417
8588,0.4838693946212014,0.0096446409728798,0.147524423361906
8589,0.4828927575833923,0.0073475147120472,0.1125253607732542
8590,0.4828927575833923,0.0057640029615933,0.0883989434278211
8591,0.4819161205455832,0.0046235828048965,0.0710234786472633
8592,0.4819161205455832,0.0036660270285983,0.0564341392982635
8593,0.4809394835077741,0.0026664895554326,0.041205165959049
8594,0.4770257010081094,0.0014520689754028,0.0227022292184259
8595,0.4740957898946821,-9.137586188456492e-05,-0.0008137278203363
8596,0.4721425158190639,-0.0020215418951497,-0.030221776893029
8597,0.4692053703572084,-0.00434900348017,-0.0656830291000727
8598,0.466275459243781,-0.0070505544793909,-0.1068439152561068
8599,0.4643221851681628,-0.0100834608268492,-0.1530533382600205
8600,0.4623689110925446,-0.0133979929575168,-0.2035536174441896
8601,0.4584551285928799,-0.0169464617831468,-0.2576181608868692
8602,0.4555252174794526,-0.02068795717645,-0.3146236610538074
8603,0.451611434979788,-0.0245888661574362,-0.3740579898959167
8604,0.4477048868285516,-0.0286199166383047,-0.4354751572860956
8605,0.4437911043288869,-0.0327509471558754,-0.4984156225558118
8606,0.4408611932154596,-0.0369448790406598,-0.5623144543400558
8607,0.437924047753604,-0.0411524798432681,-0.626421546035213
8608,0.4340174996023676,-0.0453094196520344,-0.6897567657943293
8609,0.4291270800648938,-0.049336755348869,-0.7511173346591582
8610,0.4242438948758483,-0.0531452861093885,-0.8091441870490282
8611,0.4203301123761837,-0.0566433016786639,-0.8624400236482643
8612,0.4154469271871381,-0.0597463422446729,-0.9097180130372806
8613,0.4125097817252826,-0.0623869959200316,-0.949951066324188
8614,0.4115331446874735,-0.0645226817866601,-0.9824904197721512
8615,0.4115331446874735,-0.0661398575507192,-1.0071297427158714
8616,0.4115331446874735,-0.0672540235007431,-1.0241051978677782
8617,0.4115331446874735,-0.0679059681013678,-1.0340382391074563
8618,0.4115331446874735,-0.0681555584808916,-1.037841003223397
8619,0.4125097817252826,-0.0680747828036894,-1.036610303357114
8620,0.4125097817252826,-0.0677416586151625,-1.0315348164224862
8621,0.4125097817252826,-0.0672361260276824,-1.0238325116029827
8622,0.4125097817252826,-0.0666382939393818,-1.0147239297053758
8623,0.4125097817252826,-0.0660285757461573,-1.0054342508705827
8624,0.4125097817252826,-0.0654885347684007,-0.9972061755125966
8625,0.4125097817252826,-0.0651008363097867,-0.991299193885197
8626,0.4125097817252826,-0.0649466802234366,-0.9889504686076264
8627,0.4125097817252826,-0.0650994857646017,-0.991278616951197
8628,0.4125097817252826,-0.0656143637021974,-0.9991233077157772
8629,0.4125097817252826,-0.0665139198158039,-1.012828963020378
8630,0.4125097817252826,-0.0677720176946924,-1.0319973679777568
8631,0.4125097817252826,-0.0692980803879399,-1.0552484903152015
8632,0.4115331446874735,-0.0709251130375148,-1.0800379929677948
8633,0.4105565076496644,-0.0724046958888465,-1.1025809474852732
8634,0.4095798706118552,-0.0734116306394338,-1.1179226258942432
8635,0.4086032335740461,-0.0735597610907078,-1.1201795444728262
8636,0.4095798706118552,-0.0724289082043595,-1.102949846818542
8637,0.4115331446874735,-0.0696011258128102,-1.0598656965929252
8638,0.4154469271871381,-0.0647028812345139,-0.985235942237072
8639,0.4213067494139927,-0.0574485425209563,-0.8747086895543844
8640,0.4310875884889403,-0.0476799011562567,-0.7258734703682638
8641,0.4437911043288869,-0.0353965045353552,-0.5387233887787807
8642,0.4574784915550708,-0.0207723513538145,-0.3159094924624072
8643,0.473119152856873,-0.0041559208495926,-0.0627412182002615
8644,0.4926663623099116,0.0139476162771201,0.2130846429102837
8645,0.5131974431491875,0.0329110001070489,0.5020111459383518
8646,0.5347051610262725,0.0520330427551825,0.7933549779584184
8647,0.5552290075171202,0.0705950528556019,1.0761661426526463
8648,0.5737995799323498,0.0879188075302873,1.3401112224106926
8649,0.5894402412341518,0.1034189345262431,1.576271473639931
8650,0.6031276284603359,0.1166433125424117,1.7777583669707824
8651,0.611924596149046,0.1272969084185254,1.940076771152518
8652,0.618768289762138,0.1352470216924904,2.0612048592365926
8653,0.6216982008755654,0.1405107449826124,2.141403054704329
8654,0.6226748379133744,0.1432280722364883,2.182804308198241
8655,0.6226748379133744,0.143626032380475,2.1888676370733946
8656,0.6207215638377562,0.141980160816532,2.163791104337033
8657,0.6168150156865198,0.1385794273693455,2.111977460135229
8658,0.611924596149046,0.1336995290845273,2.03762723028121
8659,0.6080180479978096,0.1275874971674929,1.9445041872619773
8660,0.604104265498145,0.1204581902016083,1.8358819208384207
8661,0.598237208922862,0.1125008408055378,1.7146435830502758
8662,0.590416878271961,0.1038918701365761,1.5834771302503985
8663,0.5816199105832508,0.0948091571782,1.4450927302611074
8664,0.5718463058567315,0.0854430968251966,1.3023912435848624
8665,0.560119427054594,0.0760009991880636,1.1585312512958876
8666,0.5493619509418374,0.0667032862235031,1.016871106824758
8667,0.539588346215318,0.0577720207163649,0.8807941632931914
8668,0.5307913785266078,0.0494140640433727,0.7534521648584738
8669,0.5219944108378977,0.0418022539255614,0.6374784705654788
8670,0.5161273542626148,0.0350582956410818,0.5347273845158127
8671,0.5102675320357603,0.0292406369744088,0.4460894183465083
8672,0.5053771124982864,0.0243396190515282,0.3714174092559717
8673,0.5034238384226682,0.0202808795428702,0.3095783712733281
8674,0.5004866929608127,0.0169365705649193,0.2586244114362797
8675,0.4975567818473854,0.0141426800456082,0.2160566384677324
8676,0.4965801448095762,0.0117198231683589,0.1791419416415081
8677,0.4936429993477207,0.0094944308777532,0.1452358192871445
8678,0.4916897252721025,0.0073173202375119,0.1120653171430406
8679,0.4897364511964843,0.005077113723907,0.0779334849847399
8680,0.4887598141586752,0.0027067739772915,0.0418189402325956
8681,0.4848460316590105,0.0001825357406061,0.0033595949450627
8682,0.4809394835077741,-0.0024843244628366,-0.0372727415385422
8683,0.4770257010081094,-0.0052612225774345,-0.0795816178821067
8684,0.4721425158190639,-0.0081107555766578,-0.1229971608101202
8685,0.4682287333193992,-0.0110065153696729,-0.1671170161117189
8686,0.4652988222059719,-0.0139447950073503,-0.2118847046343162
8687,0.4643221851681628,-0.0169495405624342,-0.2576650692309221
8688,0.4633455481303537,-0.020069375825995,-0.3051989429745755
8689,0.4613850397063073,-0.0233673457003814,-0.3554468792840499
8690,0.4584551285928799,-0.0269056846749222,-0.4093570841088094
8691,0.4545485804416435,-0.0307289553718239,-0.467608514470204
8692,0.4496581609041697,-0.0348490966113562,-0.5303830704775042
8693,0.4457443784045051,-0.0392353435892329,-0.5972120189447728
8694,0.4398845561776505,-0.0438108959335373,-0.6669252278381833
8695,0.4340174996023676,-0.0484569095985492,-0.7377119868518328
8696,0.4291270800648938,-0.0530231242915606,-0.807282927099585
8697,0.4242438948758483,-0.0573434104307618,-0.8731068948826979
8698,0.4203301123761837,-0.0612538846736091,-0.932686960249726
8699,0.4174002012627563,-0.0646110685587728,-0.9838370824358134
8700,0.414470290149329,-0.0673078020883939,-1.0249245695267124
8701,0.4125097817252826,-0.0692851457274654,-1.055051417564248
8702,0.4115331446874735,-0.0705391711389384,-1.0741577743249753
8703,0.4125097817252826,-0.0711222450861119,-1.0830415008831928
8704,0.4125097817252826,-0.0711390664916661,-1.0832977921614997
8705,0.4125097817252826,-0.070738221547968,-1.0771905104190715
8706,0.4125097817252826,-0.0701002709712945,-1.067470682413897
8707,0.4125097817252826,-0.0694233544751434,-1.057157168864365
8708,0.4125097817252826,-0.0689071005937255,-1.0492915141916304
8709,0.4125097817252826,-0.0687354436799609,-1.0466761459504244
8710,0.4115331446874735,-0.0690589116751084,-1.051604510925665
8711,0.4105565076496644,-0.0699771041128428,-1.0655941096449997
8712,0.4105565076496644,-0.0715224011420197,-1.0891382867171893
8713,0.4086032335740461,-0.0736463507263828,-1.1214988259290484
8714,0.4066499594984279,-0.0762105369651726,-1.160566819791883
8715,0.4037128140365724,-0.0789838635037819,-1.2028212795307982
8716,0.400782902923145,-0.0816479593061444,-1.2434114975431303
8717,0.3998062658853359,-0.0838118150460679,-1.276380047755493
8718,0.3988296288475269,-0.085035873319841,-1.2950298245946703
8719,0.3988296288475269,-0.0848647224023983,-1.292422165723751
8720,0.3998062658853359,-0.0828663389517973,-1.261974754688382
8721,0.4027361769987633,-0.078674556374863,-1.1981086698024042
8722,0.4056660881121906,-0.0720302657880508,-1.0968761228283672
8723,0.4125097817252826,-0.0628160727135748,-0.9564884891069972
8724,0.4232672578380392,-0.0510790929595792,-0.7776636260526952
8725,0.4389079191398414,-0.0370375869313698,-0.5637269536548496
8726,0.4574784915550708,-0.021069282404993,-0.3204335400177834
8727,0.4780023380459186,-0.0036822060275276,-0.0555236895039434
8728,0.5004866929608127,0.0145280546436377,0.2219282137078424
8729,0.5190644997244704,0.032928332957547,0.502275229602261
8730,0.5347051610262725,0.0508977470377107,0.7760575892384696
8731,0.5503385879796465,0.0678706736263283,1.0346574451176622
8732,0.5650026122436396,0.0833679994886529,1.2707750182177315
8733,0.5767367253942053,0.0970144303585244,1.4786923174406443
8734,0.5874869671585337,0.1085422049750647,1.6543297267513233
8735,0.5962839348472438,0.1177836158199955,1.7951320509787894
8736,0.6021509914225267,0.1246560801229634,1.89984105734863
8737,0.605080902535954,0.1291440953795629,1.968220549387355
8738,0.6070414109600005,0.1312822899566461,2.0007981255990024
8739,0.6070414109600005,0.1311430033274186,1.9986759516736003
8740,0.6060575395737632,0.128830485658562,1.9634423852781948
8741,0.6031276284603359,0.1244820639333645,1.8971897431326652
8742,0.598237208922862,0.1182747891751713,1.8026155782418685
8743,0.5914007496581983,0.1104345452656938,1.6831614620372846
8744,0.5835804190072973,0.1012437097144467,1.5431297040164988
8745,0.5737995799323498,0.0910434152612773,1.3877178095654914
8746,0.5620727011302122,0.0802273077946321,1.222923375473962
8747,0.5483853139040282,0.06922531608271,1.055296805227961
8748,0.5347051610262725,0.0584780609180631,0.8915514062147812
8749,0.523947684913516,0.0484046751563506,0.7380730951767004
8750,0.5141740801869966,0.0393684342037562,0.6003967436158766
8751,0.5063537495360956,0.0316452906241059,0.4827267704262649
8752,0.4995100559230035,0.0254000613823975,0.3875743302500742
8753,0.4956035077717671,0.0206738206038068,0.3155652292967032
8754,0.4936429993477207,0.0173843186933957,0.2654463110591665
8755,0.4926663623099116,0.0153392993422377,0.2342883544911889
8756,0.4926663623099116,0.014260737719758,0.2178553676003409
8757,0.4916897252721025,0.0138165900123655,0.211088324066564
8758,0.4916897252721025,0.0136558570773102,0.2086393937879039
8759,0.4916897252721025,0.0134426837514494,0.2053914806447539
8760,0.4907130882342934,0.0128857352198568,0.1969058014514814
8761,0.4887598141586752,0.0117600352392718,0.179754613574565
8762,0.4858226686968196,0.0099196462915554,0.1517144100094188
8763,0.4828927575833923,0.0073008513986013,0.1118143975773109
8764,0.479962846469965,0.0039166780628027,0.060253063570563
8765,0.4740957898946821,-0.0001554700476123,-0.0017902681420862
8766,0.4692053703572084,-0.0047907093332622,-0.0724128684918981
8767,0.4633455481303537,-0.0098354699174281,-0.149274943703206
8768,0.4584551285928799,-0.0151256342025586,-0.2298759947104868
8769,0.4535647090554062,-0.0205019061634482,-0.3117889840228757
8770,0.4486815238663607,-0.0258210411425178,-0.3928314331142321
8771,0.4437911043288869,-0.0309624562790783,-0.471166139058302
8772,0.4389079191398414,-0.0358305747895462,-0.545336892029924
8773,0.4349941366401767,-0.0403538740006196,-0.614253971119071
8774,0.4310875884889403,-0.0444819343069725,-0.6771491821900583
8775,0.4271738059892756,-0.0481818145003131,-0.7335206323211041
8776,0.4222906208002301,-0.0514348266611287,-0.7830835919891392
8777,0.4193534753383746,-0.0542343083529021,-0.825736552175424
8778,0.4154469271871381,-0.0565844239755376,-0.8615429617618852
8779,0.4134864187630917,-0.058499561553475,-0.8907220369825113
8780,0.4125097817252826,-0.0600036888178091,-0.913638950677384
8781,0.4115331446874735,-0.0611291469998305,-0.930786454506451
8782,0.4115331446874735,-0.0619147143330902,-0.942755374427462
8783,0.4115331446874735,-0.0624031914554917,-0.9501978218329684
8784,0.4105565076496644,-0.0626390600505079,-0.953791520560124
8785,0.4095798706118552,-0.0626668240100976,-0.9542145328150256
8786,0.4105565076496644,-0.0625304557303088,-0.9521368229212276
8787,0.4105565076496644,-0.0622740418914304,-0.9482300964393108
8788,0.4105565076496644,-0.061943378290895,-0.9431920990735356
8789,0.4095798706118552,-0.0615879604637224,-0.9377769458055444
8790,0.4095798706118552,-0.0612625659917937,-0.9328192289907506
8791,0.4095798706118552,-0.0610274741128549,-0.9292373643256012
8792,0.4105565076496644,-0.0609464116402095,-0.9280022948380936
8793,0.4095798706118552,-0.0610815948106535,-0.930061948381729
8794,0.4086032335740461,-0.0614856881996674,-0.936218723503281
8795,0.407626596536237,-0.0621910079278666,-0.946964989275937
8796,0.4066499594984279,-0.0631967945655321,-0.9622891750130002
8797,0.4056660881121906,-0.0644558789191787,-0.9814726099199248
8798,0.4046894510743815,-0.0658625584048977,-1.0029048072711526
8799,0.4046894510743815,-0.0672439167654104,-1.023951211441996
8800,0.4037128140365724,-0.0683570205784943,-1.0409104838538097
8801,0.4037128140365724,-0.0688942690288939,-1.049096012207996
8802,0.4056660881121906,-0.0684985562444203,-1.0430669241482473
8803,0.407626596536237,-0.0667888009295038,-1.0170170572783463
8804,0.4095798706118552,-0.0633948516286304,-0.9653067764682156
8805,0.4105565076496644,-0.0579989041066285,-0.8830940099051907
8806,0.414470290149329,-0.050378632834967,-0.7669914012994631
8807,0.4222906208002301,-0.0404457369719334,-0.6156535972247017
8808,0.4340174996023676,-0.0282731632593277,-0.4301920157276321
8809,0.4496581609041697,-0.0141053450493421,-0.2143308483505283
8810,0.4692053703572084,0.0016516374971798,0.025742859288915
8811,0.4897364511964843,0.0184595674511914,0.2818288230760817
8812,0.5083070236117138,0.035693305843053,0.5444024129120172
8813,0.5259009589891341,0.0526950478345113,0.8034413008569412
8814,0.5415416202909363,0.0688297416749996,1.0492698254794002
8815,0.5562056445549294,0.0835341897534531,1.2733070964837554
8816,0.566963120667686,0.0963540479317257,1.4686307173091842
8817,0.5757600883563961,0.1069654074668814,1.630305607738146
8818,0.5826037819694881,0.1151803413617708,1.755468508206952
8819,0.5874869671585337,0.1209382417050107,1.843195995340912
8820,0.590416878271961,0.1242865883976739,1.894211473881716
8821,0.590416878271961,0.1253557691237979,1.910501533244248
8822,0.5884636041963428,0.1243327056171554,1.8949141167788737
8823,0.5865103301207246,0.1214374399332803,1.8508017897342155
8824,0.5826037819694881,0.1169056399547685,1.7817551927788975
8825,0.5786899994698235,0.1109783813758007,1.6914473601092093
8826,0.5718463058567315,0.1038988339071919,1.583583230401614
8827,0.5650026122436396,0.0959139742578893,1.461925745833809
8828,0.5562056445549294,0.087278473052668,1.3303550732420586
8829,0.5483853139040282,0.0782576080379412,1.19291298978437
8830,0.539588346215318,0.0691264305207158,1.0537901827874103
8831,0.5288381044509897,0.0601633539231026,0.9172285648321816
8832,0.5190644997244704,0.0516376983417563,0.7873315024074652
8833,0.5092836606495229,0.043792294757287,0.6677987732894102
8834,0.5014633299986218,0.0368236986629261,0.5616251009840962
8835,0.494626870733958,0.030863520072468,0.4708156983475265
8836,0.4887598141586752,0.0259645914815265,0.3961755223610521
8837,0.4858226686968196,0.0220951097718282,0.3372200200656373
8838,0.4838693946212014,0.0191426188386378,0.292235807954587
8839,0.4828927575833923,0.0169279894992452,0.258493670144551
8840,0.4819161205455832,0.0152277395724654,0.232588627562282
8841,0.4819161205455832,0.0138014914425557,0.2108582819488178
8842,0.4819161205455832,0.012420391143556,0.1898158096084528
8843,0.4809394835077741,0.0108920875165171,0.1665305443580304
8844,0.4789862094321558,0.0090784516639483,0.1388979514965168
8845,0.4740957898946821,0.0069035588045761,0.105761239506994
8846,0.4692053703572084,0.0043513559041326,0.0668758240317538
8847,0.4643221851681628,0.0014545011100129,0.0227392852709791
8848,0.4604084026684982,-0.0017224447225358,-0.0256647262672577
8849,0.4574784915550708,-0.0051014354683328,-0.0771470982269776
8850,0.4545485804416435,-0.0086071009375978,-0.1305594888585704
8851,0.4525880720175971,-0.0121778493826201,-0.1849634850369823
8852,0.4506347979419788,-0.0157706755047118,-0.2397038571537739
8853,0.4477048868285516,-0.0193600479020548,-0.2943916082498123
8854,0.444767741366696,-0.022932501403538,-0.3488215827032585
8855,0.4408611932154596,-0.0264791993526522,-0.4028591450352041
8856,0.4359707736779858,-0.0299887017694868,-0.4563299954782699
8857,0.4320642255267494,-0.0334416127005858,-0.5089386168897772
8858,0.4281504430270847,-0.0368079481020795,-0.5602281717654279
8859,0.4242438948758483,-0.0400472546274595,-0.6095823120922685
8860,0.4213067494139927,-0.0431109312847913,-0.6562605521653601
8861,0.4193534753383746,-0.045945940955018,-0.6994548173563965
8862,0.4164235642249472,-0.0484991130778646,-0.7383549999239498
8863,0.4134864187630917,-0.050721426381265,-0.772214210766419
8864,0.4125097817252826,-0.0525719029290315,-0.8004081092117913
8865,0.4115331446874735,-0.054020976861197,-0.8224862292142424
8866,0.4115331446874735,-0.0550534090816481,-0.8382163875943969
8867,0.4105565076496644,-0.0556709633970377,-0.8476254577464131
8868,0.4095798706118552,-0.0558950504061851,-0.8510396519908388
8869,0.4095798706118552,-0.0557693285346868,-0.8491241509910215
8870,0.4095798706118552,-0.0553618923242139,-0.8429164445735015
8871,0.4105565076496644,-0.0547663302176342,-0.8338424481637189
8872,0.4105565076496644,-0.0541007304884232,-0.823701357106233
8873,0.4105565076496644,-0.0535037006819288,-0.814604998790598
8874,0.4105565076496644,-0.0531266331458646,-0.8088599901161178
8875,0.4105565076496644,-0.0531217953128764,-0.8087862807939815
8876,0.4105565076496644,-0.0536263639053231,-0.8164738981654834
8877,0.4095798706118552,-0.0547432373963964,-0.8334906054680731
8878,0.407626596536237,-0.0565202561614428,-0.860565299636832
8879,0.4066499594984279,-0.0589301928641786,-0.8972831444205003
8880,0.4046894510743815,-0.0618544145855171,-0.941836646242871
8881,0.4027361769987633,-0.0650733517481401,-0.9908804385430584
8882,0.400782902923145,-0.0682667168686258,-1.0395346146873798
8883,0.3978529918097178,-0.0710256779365897,-1.0815702018223785
8884,0.3949158463478622,-0.072877857439803,-1.1097900465316912
8885,0.392962572272244,-0.0733241998599485,-1.1165905287537612
8886,0.3919859352344348,-0.0718847113602889,-1.0946584525965848
8887,0.3949158463478622,-0.0681482472839154,-1.037729609677064
8888,0.400782902923145,-0.0618203439534893,-0.9413175453979992
8889,0.4095798706118552,-0.0527628619766191,-0.8033175651578329
8890,0.4222906208002301,-0.0410199890017456,-0.6244029128699693
8891,0.4359707736779858,-0.0268267654666819,-0.4081546694415164
8892,0.451611434979788,-0.0105984409956494,-0.1608995866213187
8893,0.4711658787812548,0.0070986658561811,0.1087338945268951
8894,0.4916897252721025,0.0255917857617124,0.3904954468059314
8895,0.5131974431491875,0.0441566678966863,0.6733503698772431
8896,0.5327446526022261,0.0620762055583158,0.9463728113828114
8897,0.5503385879796465,0.0786953776426664,1.1995828564157467
8898,0.5640259752058304,0.0934657370427644,1.4246243536617629
8899,0.5747834513185871,0.1059744825784222,1.615207855915281
8900,0.5826037819694881,0.1159558648898113,1.767284400506674
8901,0.5874869671585337,0.123285716631155,1.878962171221743
8902,0.5914007496581983,0.1279626035770963,1.950219316173679
8903,0.5923773866960075,0.1300809213833668,1.9824940494995889
8904,0.5914007496581983,0.1298019162250744,1.978243121214048
8905,0.5894402412341518,0.127328066820813,1.940551501205637
8906,0.5865103301207246,0.1228847245315303,1.8728526474086145
8907,0.5835804190072973,0.1167106980723061,1.7787850542794237
8908,0.5777133624320144,0.1090570323775518,1.6621736475619575
8909,0.5708696688189224,0.1001910992934753,1.5270921101614303
8910,0.5620727011302122,0.0904018017626419,1.3779421732065544
8911,0.5522990964036929,0.0800015134227542,1.2194831678161315
8912,0.539588346215318,0.0693213631480384,1.056760180275385
8913,0.5268848303753715,0.0586983867896927,0.8949082956912302
8914,0.5131974431491875,0.048455449252713,0.7388466903450503
8915,0.5014633299986218,0.0388770844233343,0.5929105283341474
8916,0.4926663623099116,0.0301858828082439,0.460491203160925
8917,0.4858226686968196,0.0225243283959946,0.343759603782716
8918,0.4809394835077741,0.0159459565405805,0.2435313959454971
8919,0.4780023380459186,0.0104176886850195,0.1593025940800384
8920,0.4760490639703003,0.0058327907065722,0.0894469949141056
8921,0.473119152856873,0.0020317540579627,0.0315343229662324
8922,0.4701892417434457,-0.0011729601038895,-0.0172927674039549
8923,0.466275459243781,-0.0039726737753309,-0.0599492620371954
8924,0.4633455481303537,-0.0065423958654726,-0.0991016002442002
8925,0.459431765630689,-0.0090271464369374,-0.1369593106585875
8926,0.4555252174794526,-0.0115353544223321,-0.1751744187103179
8927,0.4525880720175971,-0.0141385375982179,-0.214836570702577
8928,0.4496581609041697,-0.016875487580257,-0.2565367964832341
8929,0.4477048868285516,-0.01975879729467,-0.3004669621331761
8930,0.4457443784045051,-0.0227817619917285,-0.3465249139487142
8931,0.4428144672910778,-0.025924278330001,-0.3944043570095392
8932,0.4398845561776505,-0.0291570969404131,-0.4436596473315267
8933,0.4369474107157949,-0.03244442162986,-0.4937453933860212
8934,0.4340174996023676,-0.0357452766010064,-0.5440372870886085
8935,0.4310875884889403,-0.0390142732561802,-0.5938437868388888
8936,0.4271738059892756,-0.0422024338740532,-0.6424186670751927
8937,0.4252205319136574,-0.0452586053748883,-0.688982558430739
8938,0.4222906208002301,-0.0481317648519633,-0.7327580748574583
8939,0.4193534753383746,-0.0507742284380307,-0.7730187039808593
8940,0.4164235642249472,-0.0531454610500609,-0.8091468524486831
8941,0.4134864187630917,-0.055215881000496,-0.8406918130656094
8942,0.4115331446874735,-0.0569698384675274,-0.8674151448271884
8943,0.4105565076496644,-0.0584069366540883,-0.8893108021252127
8944,0.4105565076496644,-0.0595411379848442,-0.9065915167468244
8945,0.4095798706118552,-0.0603976201307343,-0.919640896200266
8946,0.4105565076496644,-0.0610079645405302,-0.9289401160835206
8947,0.4105565076496644,-0.0614047752516745,-0.93498593217643
8948,0.4105565076496644,-0.0616170812703958,-0.9382206310103032
8949,0.4105565076496644,-0.0616677925922296,-0.938993269744654
8950,0.4105565076496644,-0.0615740611392885,-0.9375651754148188
8951,0.4105565076496644,-0.0613507297929646,-0.9341624944645932
8952,0.4095798706118552,-0.061016280637996,-0.9290668203142204
8953,0.4105565076496644,-0.0605999791122568,-0.922724041772384
8954,0.4105565076496644,-0.0601484032027474,-0.915843821999563
8955,0.4105565076496644,-0.0597293556359281,-0.9094592047197906
8956,0.4105565076496644,-0.0594313200483028,-0.90491832842457
8957,0.4105565076496644,-0.0593571140050052,-0.903787723634528
8958,0.4095798706118552,-0.0596111686003299,-0.9076585046335144
8959,0.4105565076496644,-0.060280879229386,-0.9178622294449332
8960,0.4095798706118552,-0.0614136459504728,-0.9351210863243498
8961,0.4095798706118552,-0.0629924112116439,-0.959175186062206
8962,0.4095798706118552,-0.0649134963920122,-0.9884448790748452
8963,0.4086032335740461,-0.0669710948041874,-1.0197944904731882
8964,0.407626596536237,-0.068852682819955,-1.0484624038799324
8965,0.4066499594984279,-0.0701487306602301,-1.0682090152234611
8966,0.4066499594984279,-0.0703784344163461,-1.0717087863393242
8967,0.407626596536237,-0.0690309154665834,-1.0511779601212454
8968,0.4095798706118552,-0.0656187293663746,-0.9991898230642732
8969,0.4105565076496644,-0.0597379480102508,-0.90959011831032
8970,0.4154469271871381,-0.0511269501366753,-0.7783927789795768
8971,0.4252205319136574,-0.039714900967343,-0.604518564944226
8972,0.4389079191398414,-0.0256512701853257,-0.3902447993458523
8973,0.4584551285928799,-0.0093099403010561,-0.141267963743416
8974,0.479962846469965,0.0087347020633497,0.1336605755667263
8975,0.5034238384226682,0.0277575642070635,0.4234932913974264
8976,0.5259009589891341,0.0469518375235066,0.7159376313539039
8977,0.54643203982841,0.0655071188616901,0.9986462764893884
8978,0.5650026122436396,0.0826851674239421,1.2603713749449017
8979,0.5786899994698235,0.0978825424767803,1.49191889139039
8980,0.5884636041963428,0.1106720493019928,1.6867800783812
8981,0.5953072978094348,0.1208189223286676,1.8413780428879376
8982,0.6011743543847177,0.1282721209216799,1.95493512875223
8983,0.604104265498145,0.1331350757501701,2.0290272077598623
8984,0.605080902535954,0.1356229745222786,2.0669328842235037
8985,0.6060575395737632,0.1360148666150788,2.0729037601469456
8986,0.6060575395737632,0.1346085161057326,2.0514765750864474
8987,0.604104265498145,0.131684321926462,2.0069234928955857
8988,0.6011743543847177,0.1274822100345108,1.9429000303552144
8989,0.597260571885053,0.1221927260261481,1.862309344058651
8990,0.5923773866960075,0.1159610999628655,1.7673641621865626
8991,0.5855336930829155,0.1089011491757992,1.6597986079188682
8992,0.5786899994698235,0.1011147104613692,1.5411642687640577
8993,0.5708696688189224,0.0927119088549542,1.4131390120085372
8994,0.5620727011302122,0.0838279297615869,1.2777825252421815
8995,0.5513224593658839,0.0746329452417988,1.137687553452035
8996,0.5415416202909363,0.0653332817521351,0.9959976907406276
8997,0.531768015564417,0.0561635645611924,0.8562876924884126
8998,0.5219944108378977,0.0473711357468965,0.7223260676423012
8999,0.5141740801869966,0.0391952522997341,0.597758140591986
9000,0.5063537495360956,0.031844280354796,0.4857585820239424
9001,0.5004866929608127,0.0254742889716725,0.3887052633150676
9002,0.4936429993477207,0.0201721749536353,0.3079221459333562
9003,0.4897364511964843,0.0159458137794172,0.2435292208334997
9004,0.4868065400830569,0.0127228057465933,0.1944234046718553
9005,0.4858226686968196,0.010358220953668,0.1583965425115791
9006,0.4858226686968196,0.0086504361684333,0.1323766986721237
9007,0.4848460316590105,0.007362905836525,0.1127598602598924
9008,0.4848460316590105,0.0062487975892456,0.0957852842681784
9009,0.4838693946212014,0.0050750790038789,0.0779024839488682
9010,0.4809394835077741,0.0036429439268488,0.0560824446889397
9011,0.4789862094321558,0.0018023210648545,0.0280386772010818
9012,0.4750724269324912,-0.000540608038742,-0.0076582384346422
9013,0.4721425158190639,-0.003422732626043,-0.0515703474637204
9014,0.4682287333193992,-0.0068290434273575,-0.1034689683468389
9015,0.4643221851681628,-0.0107016561073943,-0.1624721741702265
9016,0.4604084026684982,-0.0149509751040567,-0.2272148851213561
9017,0.4574784915550708,-0.019467378753827,-0.2960269032977681
9018,0.4535647090554062,-0.0241322682324968,-0.3671012545935175
9019,0.4486815238663607,-0.0288278200761882,-0.4386427783084782
9020,0.4428144672910778,-0.0334451211207263,-0.508992071250636
9021,0.437924047753604,-0.0378904533032181,-0.5767212431012017
9022,0.4330408625645585,-0.042089419385296,-0.6406967760181447
9023,0.4291270800648938,-0.0459885661252937,-0.7001042553205903
9024,0.4271738059892756,-0.0495543418186512,-0.7544324865531559
9025,0.4242438948758483,-0.0527696421586588,-0.8034208681497563
9026,0.4222906208002301,-0.055628712593229,-0.8469817236373504
9027,0.4193534753383746,-0.0581315670700785,-0.8851152655236344
9028,0.4164235642249472,-0.060279179312246,-0.9178363294726972
9029,0.414470290149329,-0.0620704764052642,-0.9451285685378196
9030,0.4134864187630917,-0.0635017347483015,-0.9669352498607418
9031,0.4125097817252826,-0.0645685147721898,-0.9831887320750184
9032,0.4115331446874735,-0.0652698778073634,-0.99387471359199
9033,0.4115331446874735,-0.0656143092675584,-0.9991224783485064
9034,0.4115331446874735,-0.0656264894804699,-0.9993080563209936
9035,0.4115331446874735,-0.0653537954899202,-0.9951532851159756
9036,0.4115331446874735,-0.0648712028919586,-0.9878004944449238
9037,0.4105565076496644,-0.0642831218738983,-0.9788404800524932
9038,0.4105565076496644,-0.063720713063892,-0.970271607945879
9039,0.4105565076496644,-0.063333494308199,-0.9643719350819732
9040,0.4105565076496644,-0.0632746738539543,-0.9634757454407226
9041,0.4115331446874735,-0.0636806484592416,-0.9696611828118068
9042,0.4115331446874735,-0.0646463660736754,-0.9843748760932034
9043,0.4115331446874735,-0.0661995228598609,-1.0080388045835742
9044,0.4105565076496644,-0.068277531648512,-1.0396993888944286
9045,0.4086032335740461,-0.0707115783466116,-1.0767845740594844
9046,0.4066499594984279,-0.0732217000534474,-1.1150288396101458
9047,0.4037128140365724,-0.075425657241203,-1.1486083763000483
9048,0.400782902923145,-0.0768625739259136,-1.1705012682321776
9049,0.3988296288475269,-0.0770301582521121,-1.1730545864461153
9050,0.3998062658853359,-0.0754321620630838,-1.1487074838989717
9051,0.4037128140365724,-0.0716309899618496,-1.090792748192144
9052,0.4095798706118552,-0.0652993289788929,-0.9943234322424384
9053,0.4164235642249472,-0.0562644434446012,-0.8566677318625352
9054,0.4261971689514665,-0.0445393055132601,-0.6780232910598591
9055,0.4398845561776505,-0.0303359409206559,-0.4616205382717656
9056,0.4584551285928799,-0.0140582726631289,-0.2136136525135542
9057,0.4789862094321558,0.0037256892841453,0.0573431546413351
9058,0.4995100559230035,0.0223295250561161,0.3407915761208779
9059,0.5200411367622795,0.0410064342222431,0.6253533453250298
9060,0.538611709177509,0.0590122400671868,0.8996901706320913
9061,0.5552290075171202,0.0756654154016749,1.153418289878043
9062,0.5689163947433042,0.0903969448796751,1.3778681736385554
9063,0.5806432735454417,0.1027847035455553,1.5666083174751024
9064,0.5894402412341518,0.1125695694148984,1.715690733545073
9065,0.5953072978094348,0.1196532324160426,1.8236175675903652
9066,0.5962839348472438,0.1240802012361679,1.8910669548771648
9067,0.597260571885053,0.1260085119667049,1.9204467365196287
9068,0.5962839348472438,0.1256748239267025,1.9153626587324135
9069,0.5943306607716257,0.1233597317923887,1.880089867728764
9070,0.5923773866960075,0.1193581978196706,1.8191224144591227
9071,0.5884636041963428,0.1139582604988158,1.7368488592393532
9072,0.5826037819694881,0.1074290755787007,1.6373700645521323
9073,0.5757600883563961,0.1000174113798337,1.5244457975646508
9074,0.5679397577054951,0.0919503401006922,1.4015357349268862
9075,0.5591427900167849,0.0834411949828863,1.2718902262616087
9076,0.5503385879796465,0.0746958481610409,1.138645943613299
9077,0.5415416202909363,0.0659168502607049,1.004888952446372
9078,0.5327446526022261,0.0573037858802226,0.8736601277742244
9079,0.523947684913516,0.049049186858266,0.7478928886199566
9080,0.5141740801869966,0.041330383920489,0.6302890495385082
9081,0.5063537495360956,0.0342986392727915,0.5231532445858537
9082,0.4995100559230035,0.028067617359423,0.4282172675541857
9083,0.4936429993477207,0.0227035292475019,0.3464899116133228
9084,0.4897364511964843,0.018219017141467,0.2781637936480901
9085,0.487783177120866,0.014572075512735,0.2225989165677648
9086,0.4868065400830569,0.011670235251581,0.1783864191295146
9087,0.4848460316590105,0.0093791753552723,0.1434797837945483
9088,0.4819161205455832,0.0075342107650535,0.1153698656468581
9089,0.4789862094321558,0.0059529608113395,0.0912779090827117
9090,0.4760490639703003,0.0044478990974925,0.0683467580959905
9091,0.4740957898946821,0.0028381344607667,0.0438203512395629
9092,0.4721425158190639,0.0009603067202569,0.0152097294633843
9093,0.4701892417434457,-0.0013213353304503,-0.0195534153838028
9094,0.4682287333193992,-0.0041057862709822,-0.0619773667374319
9095,0.4652988222059719,-0.0074475644090874,-0.1128927666469432
9096,0.4613850397063073,-0.0113512878062593,-0.1723699759914931
9097,0.4574784915550708,-0.0157695845197465,-0.2396872348845783
9098,0.4525880720175971,-0.0206052547056665,-0.3133636045211992
9099,0.4467282497907424,-0.0257181932977988,-0.3912644412532259
9100,0.4408611932154596,-0.0309369562728173,-0.470777620442518
9101,0.4349941366401767,-0.0360741288668921,-0.549047686922696
9102,0.4301109514511312,-0.0409439850591161,-0.6232449152490157
9103,0.4252205319136574,-0.0453804657722217,-0.6908392259313768
9104,0.4213067494139927,-0.0492533355742749,-0.7498463492710534
9105,0.4174002012627563,-0.0524805045731798,-0.7990155619968228
9106,0.414470290149329,-0.0550348746856309,-0.8379339971584381
9107,0.4115331446874735,-0.056944641407327,-0.867031241903766
9108,0.4105565076496644,-0.0582867329533978,-0.8874793760884352
9109,0.4115331446874735,-0.0591739823846641,-0.900997526529752
9110,0.4115331446874735,-0.0597376343003626,-0.9095853386200614
9111,0.4115331446874735,-0.0601077039876757,-0.9152237279281612
9112,0.4115331446874735,-0.0603942762499477,-0.9195899487643612
9113,0.4115331446874735,-0.0606728587599791,-0.9238344375723724
9114,0.4115331446874735,-0.0609763616513562,-0.9284586138191294
9115,0.4105565076496644,-0.0612952642505182,-0.9333174203279668
9116,0.4095798706118552,-0.0615861993004574,-0.937750112686098
9117,0.4086032335740461,-0.0617877015510211,-0.9408202050878436
9118,0.4056660881121906,-0.0618404377638801,-0.9416236951031778
9119,0.4046894510743815,-0.0617081078847076,-0.9396075143635834
9120,0.4037128140365724,-0.0613946470302374,-0.9348316183879228
9121,0.4037128140365724,-0.0609535902828045,-0.928111668783169
9122,0.4056660881121906,-0.0604865793184215,-0.920996280199303
9123,0.407626596536237,-0.0601298654063299,-0.9155613797550358
9124,0.4086032335740461,-0.0600299472380908,-0.9140390245046648
9125,0.4095798706118552,-0.0603116905956533,-0.9183316720501647
9126,0.4095798706118552,-0.0610439466703137,-0.9294883405472072
9127,0.4086032335740461,-0.0622085167233273,-0.947231753640887
9128,0.4086032335740461,-0.0636782084539326,-0.9696240068411246
9129,0.407626596536237,-0.0652087478355529,-0.9929433360939752
9130,0.4056660881121906,-0.066447571219525,-1.0118180744534635
9131,0.4037128140365724,-0.0669601820390366,-1.0196282233606482
9132,0.4017595399609542,-0.0662720458701044,-1.0091437666476577
9133,0.400782902923145,-0.0639212921959948,-0.973327635695916
9134,0.4037128140365724,-0.059515299911357,-0.9061978473318828
9135,0.4095798706118552,-0.0527830828916482,-0.8036256514318746
9136,0.4183768383005654,-0.0436156037884834,-0.6639497527307174
9137,0.4291270800648938,-0.0320877595968699,-0.4883112833728033
9138,0.444767741366696,-0.0184585269791207,-0.2806560170701994
9139,0.4643221851681628,-0.003149173574595,-0.0474023961732021
9140,0.4848460316590105,0.0132970189393436,0.2031721285948552
9141,0.5024472013848591,0.0302670762530291,0.4617282681426277
9142,0.5180806283382331,0.0471344939162769,0.7187205878817127
9143,0.5347051610262725,0.0633109579187427,0.9651855235444856
9144,0.5483853139040282,0.0782868603529725,1.1933586786531534
9145,0.560119427054594,0.0916564384185127,1.3970578428994007
9146,0.5698930317811133,0.1031263810569627,1.5718141230116898
9147,0.5767367253942053,0.1125096473102859,1.714777759136337
9148,0.5816199105832508,0.119708592456009,1.8244610342890533
9149,0.5855336930829155,0.1246929421404038,1.900402687798613
9150,0.5894402412341518,0.1274784418919737,1.9428426188586208
9151,0.590416878271961,0.1281110912624572,1.9524816775781
9152,0.590416878271961,0.1266599729045957,1.9303724086640237
9153,0.5884636041963428,0.1232192685738058,1.877949767263932
9154,0.5855336930829155,0.1179176581399686,1.7971743225013683
9155,0.5796666365076326,0.1109313957105874,1.6907314855551594
9156,0.5728229428945406,0.1024962970646853,1.5622141504469116
9157,0.5630493381680214,0.0929138657918698,1.4162160320208197
9158,0.5513224593658839,0.0825478655655338,1.2582794410282052
9159,0.5376350721396999,0.0718096270204883,1.0946714194152791
9160,0.523947684913516,0.0611328478143731,0.9319997935445264
9161,0.5122208061113784,0.050941018164338,0.7767168690068187
9162,0.5034238384226682,0.041612268768915,0.634583852841692
9163,0.4965801448095762,0.0334469808883976,0.510177360061009
9164,0.4897364511964843,0.0266428922042125,0.4065101260143186
9165,0.4838693946212014,0.0212810192223284,0.3248165198399047
9166,0.4809394835077741,0.0173239722616876,0.2645268715941419
9167,0.4789862094321558,0.0146265110770527,0.223428297936603
9168,0.4780023380459186,0.012956646057561,0.1979862004218556
9169,0.4780023380459186,0.0120243429987912,0.1837816119924634
9170,0.4770257010081094,0.0115140749540428,0.1760071576493812
9171,0.4770257010081094,0.011117193850508,0.1699602690565735
9172,0.4770257010081094,0.0105603794682812,0.1614766337657759
9173,0.4760490639703003,0.0096271789290332,0.1472583713055025
9174,0.473119152856873,0.008170754203875,0.1250682544710033
9175,0.4692053703572084,0.0061172800623032,0.0937814805437399
9176,0.466275459243781,0.0034608008418732,0.0533073089291663
9177,0.4633455481303537,0.0002515013248978,0.0044103559947463
9178,0.4584551285928799,-0.0034199707444375,-0.0515282673792159
9179,0.4555252174794526,-0.0074393640902753,-0.112767826422174
9180,0.451611434979788,-0.0116844360111962,-0.177445828840634
9181,0.4467282497907424,-0.0160375253851313,-0.2437695873775846
9182,0.4428144672910778,-0.020394066806999,-0.3101459413872839
9183,0.4389079191398414,-0.0246667978978674,-0.3752453594835185
9184,0.4349941366401767,-0.0287861003426206,-0.4380071355964468
9185,0.4320642255267494,-0.0326974729046312,-0.4976008877725794
9186,0.4291270800648938,-0.0363575048289763,-0.5533652088640062
9187,0.4252205319136574,-0.0397298250773862,-0.6047459489894079
9188,0.4222906208002301,-0.0427822884603139,-0.6512533433848436
9189,0.4183768383005654,-0.0454861344289216,-0.6924491957412896
9190,0.4134864187630917,-0.0478171332161694,-0.727964340833657
9191,0.4115331446874735,-0.0497580306972897,-0.757535894464873
9192,0.4105565076496644,-0.0513011757780697,-0.7810472844073718
9193,0.4105565076496644,-0.052450255833481,-0.7985546915814706
9194,0.4105565076496644,-0.0532205699235609,-0.8102912127781134
9195,0.4115331446874735,-0.0536379953885529,-0.8166511156813422
9196,0.4115331446874735,-0.0537374140845771,-0.818165860962854
9197,0.4115331446874735,-0.0535616075578466,-0.8154872691338163
9198,0.4115331446874735,-0.0531614223290761,-0.8093900388214885
9199,0.4115331446874735,-0.0525974270933667,-0.8007969959004868
9200,0.4115331446874735,-0.0519425250656065,-0.7908188952406187
9201,0.4105565076496644,-0.051284272995116,-0.7807897532613457
9202,0.4105565076496644,-0.0507251920318929,-0.7722715842962332
9203,0.4105565076496644,-0.0503792883871889,-0.7670013893064942
9204,0.4105565076496644,-0.0503634294678736,-0.7667597624881654
9205,0.4115331446874735,-0.0507831378629818,-0.7731544481612334
9206,0.4115331446874735,-0.0517136268608058,-0.7873313975210349
9207,0.4115331446874735,-0.0531782427771579,-0.8096463155117262
9208,0.4105565076496644,-0.0551275842587187,-0.8393465221059745
9209,0.4086032335740461,-0.0574231546676644,-0.8743218797035265
9210,0.4066499594984279,-0.059829302365165,-0.910981995126107
9211,0.4037128140365724,-0.0620164009089474,-0.9443046731723912
9212,0.4017595399609542,-0.0635768474330868,-0.9680796682589928
9213,0.400782902923145,-0.0640537457298103,-0.9753457004401748
9214,0.4027361769987633,-0.0629803653069637,-0.958991654412672
9215,0.4056660881121906,-0.0599268691252331,-0.9124685242735984
9216,0.4095798706118552,-0.0545495221630425,-0.8305391562194492
9217,0.4134864187630917,-0.0466366899482699,-0.7099790831140432
9218,0.4222906208002301,-0.0361455134649598,-0.5501353041156367
9219,0.4349941366401767,-0.0232234570028606,-0.3532545881522143
9220,0.4506347979419788,-0.0082102751739067,-0.1245134434247507
9221,0.4701892417434457,0.0083815808463106,0.128280413497597
9222,0.4907130882342934,0.0259068292961784,0.3952954565263066
9223,0.5122208061113784,0.0436428192586558,0.6655213615418437
9224,0.5307913785266078,0.0608531897964399,0.9277389182761748
9225,0.5474086768662192,0.0768509339630182,1.1714808748721406
9226,0.5610960640924031,0.0910523435176729,1.387853840662138
9227,0.5718463058567315,0.1030151589356525,1.570119540501642
9228,0.5786899994698235,0.1124572250801462,1.7139790529681216
9229,0.5826037819694881,0.1192554011856496,1.8175562028453565
9230,0.5855336930829155,0.123427703946383,1.881125492854163
9231,0.5855336930829155,0.1251040649772055,1.9066665637301137
9232,0.5845570560451063,0.1244922418903973,1.897344814693724
9233,0.5826037819694881,0.1218452037376496,1.8570144873790264
9234,0.5806432735454417,0.1174348755950436,1.7898186377945058
9235,0.5777133624320144,0.1115348618200141,1.6999259075136195
9236,0.5728229428945406,0.1044122256400495,1.5914052773204748
9237,0.5659792492814486,0.0963262103721502,1.4682065836833968
9238,0.5581589186305476,0.0875304782432284,1.334194629468233
9239,0.54643203982841,0.0782752781953202,1.1931822126628
9240,0.5347051610262725,0.0688068428009164,1.0489209377665598
9241,0.523947684913516,0.059362850836596,0.9050320834698996
9242,0.5151507172248058,0.0501643903546494,0.7648841518493704
9243,0.5063537495360956,0.0414059805156601,0.6314408408052726
9244,0.4995100559230035,0.0332456092892218,0.5071092582664753
9245,0.4926663623099116,0.025796517888051,0.3936147496608974
9246,0.4868065400830569,0.0191219087218217,0.291920268192135
9247,0.479962846469965,0.0132331682945935,0.2021992988684106
9248,0.4750724269324912,0.0080917588857017,0.1238646801912179
9249,0.4701892417434457,0.0036146692000623,0.0556516503746041
9250,0.466275459243781,-0.0003168671006194,-0.0042493169354129
9251,0.4633455481303537,-0.0038458894283238,-0.0580175731388435
9252,0.4604084026684982,-0.0071262648463261,-0.1079974399517909
9253,0.4584551285928799,-0.0103084194798159,-0.1564808128874651
9254,0.4555252174794526,-0.0135256723877254,-0.2054989438484659
9255,0.4525880720175971,-0.016882707661298,-0.2566468017853185
9256,0.4486815238663607,-0.0204475653345224,-0.3109610460444017
9257,0.444767741366696,-0.0242480989241909,-0.3688660533759837
9258,0.4408611932154596,-0.0282732177402459,-0.4301928458000136
9259,0.4369474107157949,-0.0324785421565361,-0.494265254426773
9260,0.4320642255267494,-0.0367954752767078,-0.5600381355435256
9261,0.4271738059892756,-0.0411422086255563,-0.6262650535525461
9262,0.4222906208002301,-0.0454348761636754,-0.6916682237659455
9263,0.4174002012627563,-0.049597010534005,-0.7550825879710482
9264,0.4134864187630917,-0.053565719633683,-0.8155499208051769
9265,0.4115331446874735,-0.0572936412035339,-0.872348609920988
9266,0.4105565076496644,-0.0607466982399323,-0.9249594573958186
9267,0.4086032335740461,-0.063898765209212,-0.9729844140655738
9268,0.4066499594984279,-0.0667252235510357,-1.0160483910425508
9269,0.4037128140365724,-0.0691976929006486,-1.0537189845101735
9270,0.400782902923145,-0.0712818196163025,-1.0854727816816945
9271,0.3978529918097178,-0.0729390133550954,-1.1107218193051256
9272,0.3949158463478622,-0.0741317809789867,-1.12889485116414
9273,0.392962572272244,-0.0748312162085636,-1.139551460595699
9274,0.3939392093100531,-0.0750246075779383,-1.142497975446126
9275,0.3958924833856713,-0.0747212191416313,-1.1378755430391527
9276,0.3988296288475269,-0.0739550334278051,-1.1262019218673611
9277,0.400782902923145,-0.0727843176206579,-1.1083648719382826
9278,0.4037128140365724,-0.0712888323110364,-1.0855796272417717
9279,0.4046894510743815,-0.0695659755503366,-1.0593301464765483
9280,0.4056660881121906,-0.0677270097161032,-1.0313116254974712
9281,0.4066499594984279,-0.0658938745883973,-1.0033819412820373
9282,0.407626596536237,-0.0641962380534442,-0.9775167163909728
9283,0.4086032335740461,-0.0627677156380709,-0.9557517197177728
9284,0.4095798706118552,-0.0617398623360241,-0.9400913258318704
9285,0.4105565076496644,-0.0612327116510619,-0.9323643676461084
9286,0.4105565076496644,-0.0613412651066699,-0.9340182903110568
9287,0.4095798706118552,-0.0621182793070033,-0.9458568945242544
9288,0.4095798706118552,-0.0635547783013164,-0.9677434225169632
9289,0.4086032335740461,-0.0655607701948845,-0.9983067559446482
9290,0.4086032335740461,-0.0679495142279167,-1.0347017087802228
9291,0.407626596536237,-0.0704291830141639,-1.0724819930113283
9292,0.4066499594984279,-0.0726056727990638,-1.1056430357907805
9293,0.4066499594984279,-0.073999446112707,-1.1268785944408786
9294,0.4056660881121906,-0.0740775912224907,-1.1280692149282894
9295,0.4046894510743815,-0.0722998836803811,-1.100984026538139
9296,0.4066499594984279,-0.0681748727698991,-1.0381352761248714
9297,0.4095798706118552,-0.0613194206325529,-0.9336854674576188
9298,0.4174002012627563,-0.0515133402004885,-0.7842798258770902
9299,0.4291270800648938,-0.0387403920959413,-0.589670927892259
9300,0.4457443784045051,-0.0232082317235656,-0.3530226154861657
9301,0.4682287333193992,-0.0053428770107984,-0.080825706495202
9302,0.4936429993477207,0.0142426105789414,0.2175791821129295
9303,0.5161273542626148,0.0348011654337131,0.5308097434289583
9304,0.5356817980640817,0.0555188512804897,0.8464648277866396
9305,0.5562056445549294,0.0755865535612034,1.1522167492672462
9306,0.5757600883563961,0.0942666648259629,1.4368273057115095
9307,0.5943306607716257,0.1109466662235562,1.690964147402385
9308,0.6080180479978096,0.1251739109665024,1.9077307386484232
9309,0.6168150156865198,0.1366688706471266,2.0828681789258137
9310,0.6226748379133744,0.1453173756578803,2.214636977764031
9311,0.6256119833752299,0.1511456034393345,2.303435975181831
9312,0.6265886204130391,0.1542841551340361,2.351255012852301
9313,0.6275652574508482,0.1549288993262961,2.3610783485231925
9314,0.6275652574508482,0.1533060027570104,2.336351863274292
9315,0.6265886204130391,0.1496467929584324,2.2806000681078302
9316,0.6226748379133744,0.1441752992494785,2.197236278298696
9317,0.6168150156865198,0.1371082266000601,2.089562215190866
9318,0.6109479591112369,0.1286644325116351,1.9609123961428865
9319,0.6031276284603359,0.1190791648695212,1.8148710627362812
9320,0.5933540237338165,0.1086175861720371,1.6554782362067366
9321,0.5816199105832508,0.0975825019691979,1.4873474680937877
9322,0.5689163947433042,0.0863126413006398,1.3156396409579445
9323,0.5562056445549294,0.0751700231473316,1.1458704833811504
9324,0.5444787657527919,0.064517408250613,0.9835670254214978
9325,0.5337212896400352,0.0546890403940239,0.8338218121860801
9326,0.523947684913516,0.0459593980988596,0.7008168040267737
9327,0.5151507172248058,0.0385152829324923,0.5873981134362144
9328,0.5092836606495229,0.032436219648365,0.4947773811807613
9329,0.5063537495360956,0.0276869041052632,0.4224167126444009
9330,0.5044004754604773,0.0241234794961802,0.3681243025798213
9331,0.5034238384226682,0.0215130751124728,0.3283521281178256
9332,0.5034238384226682,0.0195637702700875,0.2986524797588027
9333,0.5034238384226682,0.0179604213740742,0.2742238232588
9334,0.5024472013848591,0.0164009439427563,0.2504635932902034
9335,0.5004866929608127,0.0146278106247114,0.2234480978712515
9336,0.4965801448095762,0.0124506560642975,0.1902769265585017
9337,0.4916897252721025,0.0097577206217901,0.1492473072003764
9338,0.4868065400830569,0.0065159905748575,0.0998562420497024
9339,0.4828927575833923,0.0027617873314931,0.0426571248198962
9340,0.479962846469965,-0.0014152175175608,-0.0209838063025192
9341,0.4760490639703003,-0.005891221889829,-0.0891803002624608
9342,0.4721425158190639,-0.0105277811349012,-0.1598230115409679
9343,0.4682287333193992,-0.0151893703892055,-0.2308470805509352
9344,0.4643221851681628,-0.0197576593917353,-0.3004496250208413
9345,0.4604084026684982,-0.0241418162354172,-0.3672467281608635
9346,0.4545485804416435,-0.0282845990648241,-0.4303662518935515
9347,0.4506347979419788,-0.0321642127339474,-0.4894761249295336
9348,0.4467282497907424,-0.0357920033077123,-0.544749216145555
9349,0.4437911043288869,-0.0392062026192751,-0.5967680265318014
9350,0.4408611932154596,-0.0424622428141192,-0.6463771213880894
9351,0.437924047753604,-0.0456206282256427,-0.6944983459728147
9352,0.4359707736779858,-0.0487338561172415,-0.741931549662415
9353,0.4340174996023676,-0.051834268954563,-0.7891695029235232
9354,0.4320642255267494,-0.0549248691339368,-0.8362579503278884
9355,0.4281504430270847,-0.0579749199639153,-0.882728587017356
9356,0.4242438948758483,-0.0609215245654386,-0.9276231148590012
9357,0.4203301123761837,-0.0636773714819931,-0.969611254719574
9358,0.4174002012627563,-0.066143688145356,-1.0071881057339305
9359,0.4154469271871381,-0.068226469817524,-1.0389214097954511
9360,0.414470290149329,-0.0698535000759449,-1.0637108760163736
9361,0.4134864187630917,-0.0709896125906454,-1.0810207094755675
9362,0.4125097817252826,-0.0716479554066776,-1.0910512340557657
9363,0.4125097817252826,-0.0718955378424487,-1.094823405099713
9364,0.4125097817252826,-0.0718519435638596,-1.0941592017814792
9365,0.4125097817252826,-0.07168073891576,-1.0915507242691749
9366,0.4125097817252826,-0.0715737879330081,-1.0899212169133643
9367,0.4115331446874735,-0.0717293938438843,-1.092292031747002
9368,0.4115331446874735,-0.0723259064095761,-1.101380509371213
9369,0.4115331446874735,-0.0734931529653695,-1.1191647017158664
9370,0.4115331446874735,-0.0752847242726,-1.1464611187143232
9371,0.4095798706118552,-0.0776546420976391,-1.182569235060719
9372,0.4066499594984279,-0.0804420405618925,-1.2250380949459208
9373,0.4037128140365724,-0.0833670277879773,-1.2696032600142284
9374,0.400782902923145,-0.0860398453529885,-1.310326362980266
9375,0.3988296288475269,-0.087983980688626,-1.3399472486289823
9376,0.3988296288475269,-0.0886722546367615,-1.350433804548726
9377,0.3998062658853359,-0.0875733004836458,-1.3336901166449475
9378,0.4017595399609542,-0.0842043868848636,-1.2823612803027946
9379,0.4056660881121906,-0.0781852943994308,-1.1906542643601048
9380,0.4115331446874735,-0.069287072021127,-1.055080766613787
9381,0.4222906208002301,-0.0574692345723571,-0.8750239540718001
9382,0.4369474107157949,-0.042899629472747,-0.6530411534449112
9383,0.4555252174794526,-0.0259529893132801,-0.3948417981366989
9384,0.4770257010081094,-0.0071869698336355,-0.108922342377274
9385,0.4985334188851945,0.0127022258575903,0.1941098490630215
9386,0.5200411367622795,0.0329393994949519,0.5024438395920026
9387,0.5415416202909363,0.0527375190723129,0.8040883935028182
9388,0.5620727011302122,0.0713638026927112,1.0878788308591067
9389,0.5806432735454417,0.088196259883159,1.344338492121155
9390,0.5933540237338165,0.102763744704772,1.5662889881492104
9391,0.6011743543847177,0.1147652333409742,1.7491439139307776
9392,0.6080180479978096,0.1240674766562539,1.890873082917918
9393,0.6138778702246642,0.1306837425110037,1.9916786445023371
9394,0.6158383786487107,0.1347392535122037,2.053468492879465
9395,0.6168150156865198,0.1364305487498535,2.0792371016354063
9396,0.6168150156865198,0.1359861809348211,2.072466704537136
9397,0.6148617416109016,0.133635068052553,2.036645100682561
9398,0.6109479591112369,0.1295867749981619,1.9749652250903145
9399,0.6080180479978096,0.1240254049824442,1.890232078037176
9400,0.6031276284603359,0.1171160680386703,1.7849612793595366
9401,0.5962839348472438,0.1090204970430039,1.6616169944591908
9402,0.5874869671585337,0.0999167029051973,1.5229114011898823
9403,0.5796666365076326,0.0900169027563798,1.3720778440923185
9404,0.5698930317811133,0.0795784213179628,1.213036927873277
9405,0.5571822815927384,0.0689037581828003,1.0503975425027436
9406,0.5435021287149827,0.0583283087589326,0.8892697792622015
9407,0.5298147414887988,0.0481969627420655,0.7349083845937613
9408,0.5190644997244704,0.0388334143974874,0.592245170929148
9409,0.5092836606495229,0.0305078273256731,0.4653963563985594
9410,0.5024472013848591,0.0234089983752517,0.3572384536405806
9411,0.4975567818473854,0.0176262520518051,0.2691324126451473
9412,0.4956035077717671,0.0131442519637049,0.2008445678364318
9413,0.494626870733958,0.0098512685242835,0.1506726049518447
9414,0.4936429993477207,0.0075588171372584,0.1157447688359265
9415,0.4936429993477207,0.0060285690452598,0.0924298776776965
9416,0.4926663623099116,0.0050014553507549,0.0767807524673962
9417,0.4907130882342934,0.0042240759805897,0.064936584519189
9418,0.487783177120866,0.0034687488653664,0.053428405177308
9419,0.4848460316590105,0.0025454228199563,0.0393605907066626
9420,0.4819161205455832,0.0013057192662939,0.0204724420638108
9421,0.4789862094321558,-0.000358964877928,-0.0048907195295971
9422,0.4770257010081094,-0.0025224565010372,-0.0378537220507462
9423,0.4760490639703003,-0.0052290703734843,-0.0790917462465753
9424,0.473119152856873,-0.0084970757922361,-0.1288831434985013
9425,0.4701892417434457,-0.0123195149200933,-0.1871219040569636
9426,0.466275459243781,-0.0166627489198664,-0.2532955059120584
9427,0.4613850397063073,-0.0214640175800724,-0.3264477332008516
9428,0.4565018545172618,-0.0266297397589448,-0.4051527817376316
9429,0.451611434979788,-0.0320362600635728,-0.4875266354325118
9430,0.4457443784045051,-0.0375343392504318,-0.5712954821255517
9431,0.4398845561776505,-0.0429579817562687,-0.6539302100274721
9432,0.4340174996023676,-0.0481372851449898,-0.7328421821546655
9433,0.4271738059892756,-0.0529140068697578,-0.8056204118341836
9434,0.4213067494139927,-0.0571576555737719,-0.8702767300908073
9435,0.4164235642249472,-0.0607793559441976,-0.925457030844467
9436,0.4134864187630917,-0.0637407336559308,-0.9705766420947524
9437,0.4125097817252826,-0.066055752031368,-1.005848309306653
9438,0.4125097817252826,-0.067784738059431,-1.032191175714505
9439,0.4115331446874735,-0.0690214622011346,-1.05103392997595
9440,0.4115331446874735,-0.0698756460208773,-1.064048292085307
9441,0.4115331446874735,-0.0704542743718842,-1.0728642854496069
9442,0.4115331446874735,-0.070845386628851,-1.0788232797783766
9443,0.4125097817252826,-0.0711076068315283,-1.0828184721376268
9444,0.4115331446874735,-0.0712676309948106,-1.0852566035550892
9445,0.4095798706118552,-0.0713263372064898,-1.0861510525942808
9446,0.4066499594984279,-0.07127230048915,-1.085327748066137
9447,0.4037128140365724,-0.0710996018614556,-1.0826965082502378
9448,0.4027361769987633,-0.0708253921613677,-1.078518643663764
9449,0.4037128140365724,-0.070502189403672,-1.0735943198517517
9450,0.4037128140365724,-0.0702206175161031,-1.0693042848265737
9451,0.4046894510743815,-0.0701001255130069,-1.067468466208459
9452,0.4056660881121906,-0.0702677335819505,-1.0700221461673454
9453,0.4086032335740461,-0.0708274979735427,-1.0785507278610365
9454,0.4095798706118552,-0.0718256700011623,-1.0937588972440453
9455,0.4086032335740461,-0.0732179979096184,-1.1149724336712157
9456,0.4066499594984279,-0.0748459119385612,-1.139775365037845
9457,0.4037128140365724,-0.0764272897754231,-1.1638692700322426
9458,0.400782902923145,-0.0775653172591787,-1.18120827999904
9459,0.3998062658853359,-0.077776126009347,-1.1844201664186838
9460,0.400782902923145,-0.0765329832042979,-1.1654796172715178
9461,0.4027361769987633,-0.0733222978793245,-1.1165615501381594
9462,0.4056660881121906,-0.0677048610997518,-1.0309741687267435
9463,0.4125097817252826,-0.059374671130302,-0.904055224353847
9464,0.4232672578380392,-0.0482075044077181,-0.7339120442745934
9465,0.4359707736779858,-0.0342921953643854,-0.5218981117136944
9466,0.4506347979419788,-0.0179394162656528,-0.2727468356460501
9467,0.4701892417434457,0.000334538394415,0.0056755104804894
9468,0.4926663623099116,0.0198481365030424,0.3029850894873078
9469,0.5161273542626148,0.0398147835006667,0.6071973306124786
9470,0.538611709177509,0.0594151688964418,0.905829202497391
9471,0.5591427900167849,0.0778719282887027,1.1870367652542122
9472,0.5757600883563961,0.0945161581980209,1.4406285918197217
9473,0.5894402412341518,0.1088366266796299,1.65881554185049
9474,0.598237208922862,0.1205055614882902,1.836603670729036
9475,0.6021509914225267,0.1293790904305054,1.9718009387791768
9476,0.604104265498145,0.1354749185786296,2.0646771008446154
9477,0.605080902535954,0.138933714185321,2.1173753812935403
9478,0.605080902535954,0.1399730903356537,2.133211337531079
9479,0.605080902535954,0.1388435045177994,2.1160009449582278
9480,0.6031276284603359,0.1357938717094252,2.0695366772544537
9481,0.6001977173469085,0.1310517127460297,1.9972850465125465
9482,0.597260571885053,0.1248190240385198,1.9023236741713248
9483,0.5914007496581983,0.1172815604081158,1.787482724477694
9484,0.5835804190072973,0.1086265354691691,1.6556145878804729
9485,0.5757600883563961,0.0990623168512788,1.5098939578364958
9486,0.5650026122436396,0.0888337126915414,1.354050736118488
9487,0.5522990964036929,0.078227817268164,1.1924590970080893
9488,0.5376350721396999,0.0675677803122465,1.0300425564030165
9489,0.523947684913516,0.0571947621076915,0.8719990393510378
9490,0.5141740801869966,0.0474410478145627,0.7233912493319941
9491,0.5063537495360956,0.0385991393307615,0.5886757512315435
9492,0.4985334188851945,0.0308922490315341,0.4712534133541439
9493,0.4907130882342934,0.024451095952308,0.3731158735912177
9494,0.4848460316590105,0.0193006744049026,0.2946439457877166
9495,0.4819161205455832,0.0153591076296554,0.2345901539625226
9496,0.479962846469965,0.0124489810867769,0.1902514065668157
9497,0.4789862094321558,0.0103197630410407,0.1578105969699597
9498,0.4780023380459186,0.0086782697486409,0.1328007716681805
9499,0.4780023380459186,0.0072229256964718,0.110627119989397
9500,0.4760490639703003,0.0056770632439204,0.0870743281151344
9501,0.473119152856873,0.0038168066670202,0.0587314209462952
9502,0.4701892417434457,0.0014901308364884,0.0232821405106735
9503,0.466275459243781,-0.0013747452969561,-0.0203671707234491
9504,0.4604084026684982,-0.0047717042218492,-0.0721233062265628
9505,0.4555252174794526,-0.0086282686865472,-0.1308820011135443
9506,0.451611434979788,-0.0128236006870335,-0.1948021650891953
9507,0.4477048868285516,-0.0172096629767255,-0.2616282996435128
9508,0.4428144672910778,-0.0216323357412348,-0.329012232139275
9509,0.4389079191398414,-0.0259498648300561,-0.3947941934465352
9510,0.4349941366401767,-0.0300468372819125,-0.4572157493319884
9511,0.4310875884889403,-0.0338427268670118,-0.5150500005151815
9512,0.4271738059892756,-0.0372948148940024,-0.5676460841428999
9513,0.4242438948758483,-0.040395917162741,-0.6148945415951484
9514,0.4213067494139927,-0.0431678213536527,-0.6571273304155165
9515,0.4183768383005654,-0.0456516720139563,-0.6949713297650868
9516,0.4164235642249472,-0.0478967459778348,-0.7291773224950885
9517,0.414470290149329,-0.0499491402865525,-0.7604476440669502
9518,0.4125097817252826,-0.0518418404638358,-0.7892848625933192
9519,0.4095798706118552,-0.0535874374047162,-0.8158808132078441
9520,0.407626596536237,-0.0551744158880894,-0.8400600497667831
9521,0.4066499594984279,-0.0565674956866849,-0.8612850420074614
9522,0.4056660881121906,-0.0577120616282567,-0.8787236720509798
9523,0.4046894510743815,-0.058542336757143,-0.8913737608585319
9524,0.4046894510743815,-0.0589926121373906,-0.8982341657409796
9525,0.4037128140365724,-0.0590104819982958,-0.8985064313064104
9526,0.4037128140365724,-0.0585706162354993,-0.891804627567882
9527,0.4027361769987633,-0.0576871834676197,-0.8783446278878134
9528,0.4027361769987633,-0.0564227385427632,-0.8590795192085389
9529,0.4037128140365724,-0.0548913772202723,-0.8357476668478098
9530,0.4056660881121906,-0.0532543965197985,-0.8108065954887058
9531,0.4086032335740461,-0.0517076385234542,-0.7872401590909388
9532,0.4105565076496644,-0.0504610145909201,-0.7682465714143704
9533,0.4115331446874735,-0.0497121121238882,-0.7568362781434445
9534,0.4115331446874735,-0.0496169325610811,-0.7553861203821385
9535,0.4115331446874735,-0.0502614565092607,-0.7652061004097259
9536,0.4095798706118552,-0.0516378160112377,-0.7861763418699054
9537,0.4066499594984279,-0.05362844151617,-0.8165055526867456
9538,0.4046894510743815,-0.0560007606910818,-0.8526502560488076
9539,0.4027361769987633,-0.0584139959092305,-0.8894183570806211
9540,0.400782902923145,-0.0604384677085489,-0.9202632507294464
9541,0.3988296288475269,-0.0615866333003138,-0.9377567251167668
9542,0.3998062658853359,-0.0613538830493583,-0.9342105375433578
9543,0.4017595399609542,-0.0592659103282179,-0.9023981425537576
9544,0.4046894510743815,-0.0549283445902535,-0.8363109024512551
9545,0.407626596536237,-0.048073407685507,-0.7318689438784062
9546,0.4134864187630917,-0.0385977843582723,-0.5874981534908665
9547,0.4242438948758483,-0.0265859863274931,-0.4044861535631354
9548,0.4398845561776505,-0.0123146223072293,-0.1870473601075217
9549,0.459431765630689,0.0037646233800298,0.057936355320779
9550,0.4809394835077741,0.0210621110002037,0.321481229700243
9551,0.5024472013848591,0.0389026525602994,0.5933000849907294
9552,0.5210177738000886,0.0565855515200649,0.8627170944054934
9553,0.5366584351018908,0.0734433826926211,1.119563354176765
9554,0.5503385879796465,0.0888913076683754,1.3549282543609005
9555,0.5630493381680214,0.1024610494175924,1.5616771165764878
9556,0.5718463058567315,0.1138169046186269,1.7346951581640748
9557,0.5777133624320144,0.122754548473912,1.8708692823381736
9558,0.5826037819694881,0.1291862374111307,1.9688626262403357
9559,0.5855336930829155,0.1331178936102603,2.028765420325552
9560,0.5865103301207246,0.1346241922500493,2.051715417141168
9561,0.5865103301207246,0.133827121368001,2.0395712289160555
9562,0.5855336930829155,0.1308817612187933,1.9946956615752869
9563,0.5826037819694881,0.1259706583869255,1.9198699986056131
9564,0.5777133624320144,0.11930568280905,1.8183222946856072
9565,0.5708696688189224,0.1111341973585375,1.6938213756020015
9566,0.5630493381680214,0.1017451767540558,1.550770066065672
9567,0.553275733441502,0.0914708163617609,1.394229701454648
9568,0.5405649832531272,0.0806801786226502,1.2298233246516077
9569,0.5268848303753715,0.0697633427846409,1.0634941910383606
9570,0.5131974431491875,0.0591069568618265,0.901133277648155
9571,0.5014633299986218,0.0490644517868308,0.7481254653830889
9572,0.4916897252721025,0.0399258236980408,0.6088891413257234
9573,0.4838693946212014,0.0318923653210572,0.486491205551192
9574,0.4780023380459186,0.0250609412921014,0.3824074896337292
9575,0.4740957898946821,0.0194206244281982,0.2964715067905285
9576,0.4711658787812548,0.0148622233412131,0.2270196148036491
9577,0.4682287333193992,0.0111989676511562,0.1712061763520484
9578,0.466275459243781,0.008194830482488,0.1254350811432876
9579,0.4643221851681628,0.0055959517477242,0.0858385117038062
9580,0.4623689110925446,0.0031604773283178,0.0487315737477838
9581,0.4584551285928799,0.0006827872274246,0.010981436807112
9582,0.4545485804416435,-0.0019906164752764,-0.0297505965647288
9583,0.4506347979419788,-0.004954615180515,-0.0749101413255504
9584,0.4467282497907424,-0.0082477195069067,-0.1250839460464839
9585,0.4418378302532686,-0.0118610124407588,-0.1801361509249334
9586,0.4369474107157949,-0.0157509092045053,-0.2394026974004469
9587,0.4330408625645585,-0.0198526567026679,-0.3018970059888681
9588,0.4301109514511312,-0.0240919307506255,-0.3664866718965391
9589,0.4271738059892756,-0.0283928558015434,-0.4320156537434562
9590,0.4242438948758483,-0.0326820365114984,-0.4973656985717897
9591,0.4213067494139927,-0.0368894041343022,-0.5614692375346871
9592,0.4174002012627563,-0.0409474967421221,-0.6232984193229597
9593,0.4125097817252826,-0.0447909999665794,-0.6818581128870868
9594,0.4086032335740461,-0.0483579660708917,-0.736204481245253
9595,0.4046894510743815,-0.0515932884221687,-0.7854979186141532
9596,0.400782902923145,-0.0544540333631416,-0.8290842869154713
9597,0.3978529918097178,-0.05691540957688,-0.866585865138527
9598,0.3949158463478622,-0.0589756806188436,-0.8979761967788674
9599,0.392962572272244,-0.0606582968013871,-0.9236125712740916
9600,0.3919859352344348,-0.0620099606608384,-0.9442065494207732
9601,0.3919859352344348,-0.0630941928814612,-0.960725933660652
9602,0.392962572272244,-0.0639810879660817,-0.9742386852692424
9603,0.3939392093100531,-0.0647350973329782,-0.9857267873707244
9604,0.3949158463478622,-0.0654035380442261,-0.9959111636885016
9605,0.3949158463478622,-0.0660087925092408,-1.0051328330691969
9606,0.392962572272244,-0.0665466471007011,-1.0133275966009538
9607,0.3910092981966258,-0.0669919328245558,-1.020111978976773
9608,0.3890487897725793,-0.067310846407159,-1.0249709528295443
9609,0.3870955156969611,-0.067477508773754,-1.0275102240481482
9610,0.386118878659152,-0.067490963326153,-1.027715217883073
9611,0.386118878659152,-0.0673882987451466,-1.0261510182317322
9612,0.3870955156969611,-0.0672500420937412,-1.0240445370694469
9613,0.3880721527347702,-0.0671953108766621,-1.023210651129102
9614,0.3890487897725793,-0.0673661420162843,-1.0258134378586226
9615,0.3900326611588167,-0.0679025251168266,-1.0339857817247238
9616,0.3910092981966258,-0.0689115519387856,-1.049359334975807
9617,0.3900326611588167,-0.0704354262957526,-1.0725771157770234
9618,0.3880721527347702,-0.0724236344429433,-1.1028694956819804
9619,0.386118878659152,-0.0747142615191998,-1.1377695365617988
9620,0.3831889675457247,-0.0770283297641042,-1.173026727565512
9621,0.3812284591216783,-0.078979357044005,-1.2027526190176716
9622,0.3802518220838691,-0.0800983806350582,-1.2198020852874332
9623,0.3802518220838691,-0.0798727233950158,-1.2163639669730468
9624,0.3812284591216783,-0.0777949919881255,-1.1847076088563606
9625,0.3851422416213429,-0.0734173302700435,-1.1180094655825277
9626,0.3919859352344348,-0.0664049346242229,-1.0111684624173345
9627,0.3998062658853359,-0.056582408682728,-0.861512256719511
9628,0.4095798706118552,-0.0439668081810789,-0.6693007100235064
9629,0.4252205319136574,-0.0287822870780447,-0.4379490366195491
9630,0.444767741366696,-0.011453170341606,-0.1739222603792033
9631,0.466275459243781,0.0074249911814208,0.1137057938417315
9632,0.4887598141586752,0.0271336070366602,0.4139866672157552
9633,0.5112441690735693,0.0468926257130408,0.7150354790012818
9634,0.531768015564417,0.065927454506503,1.005050518951758
9635,0.5503385879796465,0.0835323474893498,1.2732790277102817
9636,0.5659792492814486,0.0991221144086124,1.5108050346403494
9637,0.5767367253942053,0.1122661215618514,1.7110673958634366
9638,0.5855336930829155,0.122701652275563,1.870063354780649
9639,0.5914007496581983,0.1303271760199839,1.9862459901685283
9640,0.5933540237338165,0.1351792768225022,2.060172697014949
9641,0.5943306607716257,0.1373993230960366,2.093997367344116
9642,0.5943306607716257,0.1371970263378251,2.090915169807634
9643,0.5923773866960075,0.1348176858508051,2.0546634895910043
9644,0.5894402412341518,0.1305182701869356,1.989157504795959
9645,0.5865103301207246,0.1245549241417418,1.898299842754397
9646,0.5826037819694881,0.117181570412722,1.785959274867328
9647,0.5757600883563961,0.1086566136536723,1.656072859713384
9648,0.5679397577054951,0.0992529260705249,1.512798083790787
9649,0.5591427900167849,0.0892657077926537,1.3606326222949756
9650,0.5474086768662192,0.0790135884219621,1.2044311223429829
9651,0.5347051610262725,0.0688302609516435,1.049277737188944
9652,0.5219944108378977,0.0590465501940059,0.9002129204244911
9653,0.5122208061113784,0.0499654755022609,0.7618534810990242
9654,0.5024472013848591,0.0418348930160682,0.6379757604145226
9655,0.4956035077717671,0.0348231960161348,0.5311454018323245
9656,0.4897364511964843,0.0290031568695198,0.442471166622044
9657,0.487783177120866,0.0243474784757827,0.3715371556043044
9658,0.4858226686968196,0.0207373581229808,0.3165332882354802
9659,0.4858226686968196,0.0179828396783514,0.274565389000269
9660,0.4848460316590105,0.0158514806116594,0.2420919587644376
9661,0.4848460316590105,0.0141003674229448,0.215411962485338
9662,0.4838693946212014,0.0125060677331978,0.1911211798766803
9663,0.4819161205455832,0.0108877598079047,0.1664646073012942
9664,0.4770257010081094,0.0091203664957733,0.1395365667295795
9665,0.473119152856873,0.0071366944132248,0.1093132983980807
9666,0.4701892417434457,0.0049198324245767,0.0755371438984252
9667,0.4682287333193992,0.0024888252895306,0.0384982695780825
9668,0.4652988222059719,-0.0001185036177102,-0.0012270468617053
9669,0.4633455481303537,-0.0028618261119552,-0.0430243643683785
9670,0.4623689110925446,-0.005710797140086,-0.0864313450933582
9671,0.4613850397063073,-0.0086521570199758,-0.1312459642491636
9672,0.4584551285928799,-0.0116911967930622,-0.177548836251115
9673,0.4555252174794526,-0.0148484343622741,-0.2256525722869561
9674,0.451611434979788,-0.0181529838377138,-0.2760007555323518
9675,0.4486815238663607,-0.0216342549829522,-0.3290414737452483
9676,0.444767741366696,-0.0253134553753462,-0.3850978460070486
9677,0.4408611932154596,-0.0291960837740431,-0.4442536515243372
9678,0.437924047753604,-0.0332663209298735,-0.5062678678939376
9679,0.4340174996023676,-0.0374839755164031,-0.5705281392460924
9680,0.4301109514511312,-0.0417844021738396,-0.636049527559756
9681,0.4252205319136574,-0.0460815218346057,-0.7015205304046616
9682,0.4213067494139927,-0.0502737070938839,-0.7653927505670488
9683,0.4164235642249472,-0.0542518852108772,-0.8260043535422322
9684,0.4134864187630917,-0.0579088641337686,-0.8817221590412064
9685,0.4095798706118552,-0.0611487137707731,-0.9310845742278414
9686,0.407626596536237,-0.0638950945862951,-0.9729284883799036
9687,0.4066499594984279,-0.0660977083157942,-1.0064875561123936
9688,0.4056660881121906,-0.0677364768597363,-1.031455867091066
9689,0.4056660881121906,-0.068823504534495,-1.0480178429272078
9690,0.4056660881121906,-0.0694031861611219,-1.0568498840203486
9691,0.4046894510743815,-0.0695508631635847,-1.0590998938435905
9692,0.4037128140365724,-0.0693701767960043,-1.0563469526597782
9693,0.4046894510743815,-0.0689888283016281,-1.050536719217093
9694,0.4037128140365724,-0.06855203987124,-1.0438818017779394
9695,0.4037128140365724,-0.0682128349713433,-1.0387136690007888
9696,0.4037128140365724,-0.068118449986375,-1.0372756174436502
9697,0.4037128140365724,-0.068392775447487,-1.0414552457674495
9698,0.4046894510743815,-0.0691156519907903,-1.0524690075333225
9699,0.4046894510743815,-0.0703009734249478,-1.0705285890935945
9700,0.4046894510743815,-0.0718766330579402,-1.0945353714171422
9701,0.4046894510743815,-0.0736700879191217,-1.1218604862820352
9702,0.4037128140365724,-0.075403440321297,-1.1482698788549688
9703,0.4027361769987633,-0.0767012898577028,-1.1680439408775132
9704,0.4027361769987633,-0.0771131828801303,-1.174319551372926
9705,0.4027361769987633,-0.0761504282085585,-1.1596510015494408
9706,0.4037128140365724,-0.0733346374362389,-1.1167495558791267
9707,0.4056660881121906,-0.068252956798339,-1.0393249659756816
9708,0.4105565076496644,-0.0606130215955182,-0.9229227573135192
9709,0.4193534753383746,-0.0502896579681503,-0.7656357784128891
9710,0.4320642255267494,-0.0373556934580005,-0.5685736311863542
9711,0.4496581609041697,-0.0220910975446414,-0.3360019363381599
9712,0.4701892417434457,-0.0049678608779304,-0.0751119530416831
9713,0.4926663623099116,0.0133880509580515,0.2045590942896247
9714,0.5141740801869966,0.0322525193680667,0.4919785199612728
9715,0.5327446526022261,0.0508688962986145,0.7756180187888283
9716,0.5493619509418374,0.0685142324776218,1.0444627209093975
9717,0.5659792492814486,0.0845574213359771,1.2888970737566905
9718,0.5796666365076326,0.0985024571054511,1.5013639233237266
9719,0.590416878271961,0.1100126912528034,1.6767340856879005
9720,0.597260571885053,0.1189149382873433,1.8123689031787649
9721,0.6021509914225267,0.125185163459315,1.907902181858551
9722,0.604104265498145,0.1289199606625617,1.9648056282650956
9723,0.605080902535954,0.1302997637652545,1.985828336496056
9724,0.604104265498145,0.1295504609890101,1.9744119441057992
9725,0.6011743543847177,0.1269097140963239,1.934177470557788
9726,0.5962839348472438,0.1226029431895154,1.8685594211312224
9727,0.5914007496581983,0.1168318773037272,1.7806313435223209
9728,0.5874869671585337,0.1097760821951451,1.673129105256819
9729,0.5826037819694881,0.1016052786999501,1.548638576458348
9730,0.5757600883563961,0.0924979773233572,1.4098795468273173
9731,0.5679397577054951,0.0826605044848185,1.2599956099011058
9732,0.5562056445549294,0.0723403475293766,1.1027574879193804
9733,0.5435021287149827,0.0618290577264755,0.942607261973223
9734,0.5307913785266078,0.0514524491838759,0.7845090424575271
9735,0.5180806283382331,0.0415488761177222,0.6336180011144329
9736,0.5073303865739046,0.0324391719480067,0.4948223624783512
9737,0.4995100559230035,0.0243937214230747,0.3722417140929484
9738,0.4916897252721025,0.0176027503424171,0.2687743401213006
9739,0.4868065400830569,0.0121552504956732,0.1857761212864524
9740,0.4848460316590105,0.008030279916726,0.122927985365272
9741,0.4828927575833923,0.0051021013994368,0.0783141977190479
9742,0.4828927575833923,0.0031582028998654,0.0486969205094677
9743,0.4819161205455832,0.0019271364966731,0.029940367667441
9744,0.4819161205455832,0.0011116881888568,0.0175161806082898
9745,0.4819161205455832,0.0004223386748843,0.0070132373455039
9746,0.4809394835077741,-0.0003937102504302,-0.0054201007341069
9747,0.4789862094321558,-0.0015316202336094,-0.0227573204597242
9748,0.4760490639703003,-0.0031182035749882,-0.0469305366271726
9749,0.4721425158190639,-0.0052116451289626,-0.078826254865437
9750,0.4672520962815901,-0.0078100880778389,-0.1184161846622432
9751,0.4633455481303537,-0.0108661293244581,-0.1649780914618978
9752,0.4604084026684982,-0.0143036131916718,-0.2173516658132209
9753,0.4584551285928799,-0.0180333269797082,-0.2741776612018811
9754,0.4555252174794526,-0.0219651807226048,-0.3340834650679626
9755,0.4525880720175971,-0.0260158348070696,-0.3957993133625953
9756,0.4486815238663607,-0.0301120543899284,-0.4582093985206368
9757,0.444767741366696,-0.0341909526549025,-0.5203555757259022
9758,0.4398845561776505,-0.038198593467075,-0.581416072926096
9759,0.4349941366401767,-0.0420882232746042,-0.6406785520512348
9760,0.4301109514511312,-0.0458188856611021,-0.6975190003054128
9761,0.4261971689514665,-0.0493545857507377,-0.7513889990259037
9762,0.4222906208002301,-0.052663743919551,-0.8018074004175915
9763,0.4193534753383746,-0.0557185495189809,-0.8483504808714535
9764,0.4183768383005654,-0.0584940080159974,-0.8906374231721687
9765,0.4164235642249472,-0.0609668572812873,-0.9283138050427991
9766,0.4134864187630917,-0.0631149069177089,-0.9610415331396436
9767,0.4115331446874735,-0.0649175083033258,-0.9885060046374922
9768,0.4095798706118552,-0.066357681129388,-1.010448507205704
9769,0.407626596536237,-0.0674259750858723,-1.0267250557279088
9770,0.4066499594984279,-0.0681256154499625,-1.0373847905930986
9771,0.4056660881121906,-0.0684780383138824,-1.042754312539852
9772,0.4056660881121906,-0.0685276661533227,-1.0435104433143447
9773,0.4056660881121906,-0.0683447430194951,-1.0407234227143434
9774,0.4056660881121906,-0.0680252200894538,-1.0358551648315697
9775,0.4056660881121906,-0.0676869971052312,-1.030701992541668
9776,0.4056660881121906,-0.0674622192071391,-1.0272772718991818
9777,0.4056660881121906,-0.0674857598838193,-1.0276359381294875
9778,0.4046894510743815,-0.0678804657254316,-1.033649684387253
9779,0.4037128140365724,-0.0687401714113778,-1.0467481777627734
9780,0.4017595399609542,-0.0701118816491716,-1.0676475829389778
9781,0.3998062658853359,-0.0719788374451527,-1.0960925595464477
9782,0.3978529918097178,-0.0742464268459961,-1.1306415979335307
9783,0.3958924833856713,-0.0767330468134304,-1.168527790503059
9784,0.3939392093100531,-0.0791680202764463,-1.2056270958772923
9785,0.3919859352344348,-0.0811984300951709,-1.2365624613109707
9786,0.3910092981966258,-0.0824061578854583,-1.2549634265704954
9787,0.3919859352344348,-0.0823354711540697,-1.2538864420885192
9788,0.392962572272244,-0.0805302217700214,-1.2263816256325308
9789,0.3958924833856713,-0.0765781919323005,-1.166168418373963
9790,0.3988296288475269,-0.070158493267023,-1.0683577584997883
9791,0.4046894510743815,-0.0610864378852723,-0.930135737565456
9792,0.4125097817252826,-0.0493493485557763,-0.7513092050165937
9793,0.4261971689514665,-0.035126829797127,-0.5346146189637484
9794,0.4437911043288869,-0.0187904504548309,-0.2857132099198486
9795,0.4643221851681628,-0.0008806264544544,-0.0128387659553625
9796,0.4868065400830569,0.0179376976256766,0.2738776037644793
9797,0.5102675320357603,0.0369350270744361,0.5633213029337972
9798,0.5307913785266078,0.0553843190890993,0.8444150925731495
9799,0.5474086768662192,0.0726249416339022,1.1070935695037871
9800,0.560119427054594,0.088114174113715,1.3430878316627408
9801,0.5708696688189224,0.1014594263019136,1.546416366345381
9802,0.5796666365076326,0.1124281962354593,1.7135367688980656
9803,0.5855336930829155,0.1209369145108199,1.843175774183136
9804,0.5884636041963428,0.1270233497622662,1.9359088258831043
9805,0.590416878271961,0.1308096037952786,1.993596269598064
9806,0.5914007496581983,0.1324636249822874,2.018796970157769
9807,0.5914007496581983,0.1321665541317984,2.014270792617245
9808,0.5914007496581983,0.1300912534604808,1.9826514692373496
9809,0.5894402412341518,0.1263944800195666,1.9263273536496732
9810,0.5865103301207246,0.1212219740716479,1.8475189474692648
9811,0.5816199105832508,0.1147229169326883,1.7484991802705614
9812,0.5747834513185871,0.107068335366624,1.6318738193191251
9813,0.5659792492814486,0.0984674231108185,1.5008301446665482
9814,0.5552290075171202,0.0891764671391543,1.3592729498770797
9815,0.5444787657527919,0.0794968906167039,1.2117947244450586
9816,0.531768015564417,0.0697614306871297,1.063465058281659
9817,0.5190644997244704,0.060310122333936,0.9194647313348157
9818,0.5092836606495229,0.0514600179950697,0.7846243610193363
9819,0.5004866929608127,0.0434739733560234,0.6629488219236136
9820,0.4936429993477207,0.0365340924115482,0.5572126542279627
9821,0.487783177120866,0.0307245559416776,0.4686984380148934
9822,0.4828927575833923,0.0260268377161175,0.3971239072615707
9823,0.4809394835077741,0.0223281446427024,0.3407705441139359
9824,0.4789862094321558,0.0194416799469402,0.2967923091037721
9825,0.4789862094321558,0.0171353518833265,0.2616530476601617
9826,0.4780023380459186,0.0151641507936237,0.2316197876301618
9827,0.4760490639703003,0.0133008835057903,0.2032310092081032
9828,0.473119152856873,0.0113604562071761,0.1736666192871454
9829,0.4682287333193992,0.0092143811299307,0.1409689756142054
9830,0.4633455481303537,0.0067943291114849,0.1040970136739514
9831,0.4584551285928799,0.0040858356617482,0.0628303522001804
9832,0.4555252174794526,0.0011151187513899,0.0175684487290533
9833,0.4506347979419788,-0.0020670489958879,-0.0309151240085624
9834,0.4477048868285516,-0.0054005016236861,-0.0817036762731333
9835,0.4457443784045051,-0.0088268762537043,-0.133907990059834
9836,0.444767741366696,-0.0122953379419252,-0.1867535431242027
9837,0.4418378302532686,-0.0157629999757353,-0.2395869126376496
9838,0.4389079191398414,-0.019191615384654,-0.291825366977407
9839,0.4349941366401767,-0.0225428758784118,-0.3428852402511524
9840,0.4310875884889403,-0.0257746131197778,-0.3921240548122855
9841,0.4261971689514665,-0.0288394841567962,-0.4388204924786564
9842,0.4213067494139927,-0.0316866505927583,-0.4821999784005265
9843,0.4183768383005654,-0.0342658948213087,-0.5214973961026494
9844,0.4164235642249472,-0.036532882698665,-0.5560372696656072
9845,0.414470290149329,-0.0384540747803931,-0.5853085914295457
9846,0.414470290149329,-0.0400100882583856,-0.6090160445345859
9847,0.4125097817252826,-0.041196905946853,-0.6270984230560582
9848,0.4115331446874735,-0.0420249430709789,-0.6397144135774089
9849,0.4105565076496644,-0.0425164258301555,-0.6472026549261585
9850,0.4105565076496644,-0.0427017656015278,-0.6500264954651084
9851,0.4105565076496644,-0.042615699608832,-0.6487151922440033
9852,0.4115331446874735,-0.042293992708841,-0.6438136593505066
9853,0.4125097817252826,-0.0417714683527594,-0.635852467597831
9854,0.4134864187630917,-0.0410820078336855,-0.625347833059055
9855,0.414470290149329,-0.0402608557406802,-0.6128367430123641
9856,0.414470290149329,-0.0393490575971196,-0.5989445678895533
9857,0.4134864187630917,-0.0383991685933471,-0.5844720396432148
9858,0.4134864187630917,-0.037480648752511,-0.5704774526035415
9859,0.4134864187630917,-0.0366828325784306,-0.5583219090938182
9860,0.4134864187630917,-0.0361132807176335,-0.5496442053195835
9861,0.4134864187630917,-0.0358898353936815,-0.5462397878038902
9862,0.414470290149329,-0.0361257857197992,-0.5498347317877759
9863,0.4154469271871381,-0.0369090275384744,-0.5617682201211194
9864,0.4154469271871381,-0.0382776936452927,-0.5826212448556579
9865,0.4154469271871381,-0.0401960799301277,-0.6118498174408737
9866,0.4134864187630917,-0.04253544298995,-0.6474924007608801
9867,0.4115331446874735,-0.0450641452261234,-0.6860197596357113
9868,0.4086032335740461,-0.0474506174027755,-0.7223800984211158
9869,0.4056660881121906,-0.0492808435296931,-0.7502654610411738
9870,0.4037128140365724,-0.0500898547230617,-0.7625915720932344
9871,0.4037128140365724,-0.0494044396315904,-0.7521485737719685
9872,0.4046894510743815,-0.0467923341976636,-0.7123504820741158
9873,0.4086032335740461,-0.0419118616843563,-0.6379915032631185
9874,0.414470290149329,-0.0345555566852153,-0.5259106901724052
9875,0.4252205319136574,-0.0246818171949579,-0.3754741938004957
9876,0.4398845561776505,-0.0124300719131845,-0.1888063526598931
9877,0.4545485804416435,0.0018828501464757,0.0292656199320597
9878,0.4711658787812548,0.0177848783468167,0.2715492461131103
9879,0.4897364511964843,0.034686628051742,0.5290646495398248
9880,0.5083070236117138,0.0519303233878177,0.7917899435810026
9881,0.5278614674131806,0.0688436104182134,1.049481129934032
9882,0.545455402790601,0.0847916282520047,1.292465455108865
9883,0.5591427900167849,0.0992210969045429,1.5123131339683316
9884,0.5708696688189224,0.1116915482916949,1.702313185793728
9885,0.5796666365076326,0.1218910334422676,1.857712749693856
9886,0.5865103301207246,0.1296362924038184,1.9757196732934232
9887,0.5894402412341518,0.134859932161047,2.055307155235991
9888,0.590416878271961,0.1375891210034983,2.096889132135503
9889,0.590416878271961,0.1379213208059128,2.101950535104458
9890,0.5894402412341518,0.1360024451156878,2.0727145059287326
9891,0.5874869671585337,0.1320115441046624,2.0119090566804334
9892,0.5845570560451063,0.1261539302381053,1.9226623322703091
9893,0.5806432735454417,0.1186620802178031,1.808516352471049
9894,0.5737995799323498,0.109801319777737,1.673513625580225
9895,0.5659792492814486,0.0998758111474404,1.5222883735341997
9896,0.5552290075171202,0.0892301038724008,1.360090160239415
9897,0.5435021287149827,0.0782425513872871,1.1926835863477354
9898,0.5298147414887988,0.0673089794897186,1.0260994617895034
9899,0.517103991300424,0.0568175923930125,0.8662524738810973
9900,0.5063537495360956,0.0471185452547389,0.7184775937490474
9901,0.4975567818473854,0.0384932528607216,0.5870624628131372
9902,0.4916897252721025,0.0311289237599356,0.4748593943460089
9903,0.4868065400830569,0.0251029564912462,0.3830476340653246
9904,0.4838693946212014,0.0203800103716838,0.3110887306041446
9905,0.4828927575833923,0.0168222634878917,0.2568828264779654
9906,0.4819161205455832,0.0142111048777128,0.2170991606060579
9907,0.4819161205455832,0.0122766937268854,0.1876264328355543
9908,0.4809394835077741,0.0107307443954843,0.1640723172733648
9909,0.4809394835077741,0.0092976983349091,0.1422383982495522
9910,0.479962846469965,0.0077400910750564,0.1185066622515649
9911,0.4770257010081094,0.005875246878999,0.0900938580236247
9912,0.473119152856873,0.0035821849241144,0.055156719283339
9913,0.4692053703572084,0.0007994775486422,0.0127593329225412
9914,0.466275459243781,-0.0024836312455883,-0.0372621796664003
9915,0.4633455481303537,-0.0062396401272606,-0.0944888076383142
9916,0.4604084026684982,-0.0104154951383496,-0.1581122198060311
9917,0.4574784915550708,-0.0149430790182939,-0.2270945801975347
9918,0.4545485804416435,-0.0197461822475166,-0.3002747590173053
9919,0.4525880720175971,-0.0247439534543251,-0.3764209031162602
9920,0.4486815238663607,-0.0298518950270413,-0.4542456051584865
9921,0.4437911043288869,-0.034982045392841,-0.532408680825359
9922,0.437924047753604,-0.0400439278033036,-0.6095316245315371
9923,0.4330408625645585,-0.044947202897573,-0.6842380239314166
9924,0.4271738059892756,-0.0496060192747937,-0.7552198453295508
9925,0.4232672578380392,-0.0539441998616116,-0.8213164532817326
9926,0.4203301123761837,-0.0578999497567032,-0.8815863394103178
9927,0.4183768383005654,-0.0614288620578232,-0.9353529192464632
9928,0.4174002012627563,-0.064504565438272,-0.9822143987184008
9929,0.4164235642249472,-0.0671171629909169,-1.0220199883470853
9930,0.4154469271871381,-0.0692703408484465,-1.054825850125385
9931,0.414470290149329,-0.0709784109774639,-1.0808500414685371
9932,0.4134864187630917,-0.072264472810365,-1.1004445057999264
9933,0.4115331446874735,-0.073160380624259,-1.114094575535655
9934,0.4105565076496644,-0.0737084736207531,-1.1224453316154472
9935,0.4115331446874735,-0.0739643272639429,-1.1263435229444207
9936,0.4125097817252826,-0.0739993713969969,-1.1268774560707946
9937,0.414470290149329,-0.0739022172780333,-1.1253972139315924
9938,0.4154469271871381,-0.0737778610797142,-1.1235025203562032
9939,0.4154469271871381,-0.0737443621093322,-1.122992129359833
9940,0.4154469271871381,-0.0739269272787325,-1.1257736960065148
9941,0.4154469271871381,-0.0744495123975001,-1.133735813540714
9942,0.4154469271871381,-0.0754241607694519,-1.1485855760259094
9943,0.4134864187630917,-0.0769384574410466,-1.1716574310173369
9944,0.4115331446874735,-0.0790417329535561,-1.2037029796485286
9945,0.4105565076496644,-0.0817309898582748,-1.2446765527298356
9946,0.4086032335740461,-0.0849379226150633,-1.2935374456577484
9947,0.4056660881121906,-0.0885188037251631,-1.348095823328063
9948,0.4027361769987633,-0.0922492910928153,-1.4049336049915366
9949,0.400782902923145,-0.0958262210225256,-1.4594317823968035
9950,0.3998062658853359,-0.0988781004130977,-1.5059302790727918
9951,0.3978529918097178,-0.1009852822527566,-1.53803534458415
9952,0.3968691204234804,-0.101709693807398,-1.5490724938140956
9953,0.3968691204234804,-0.1006325174066442,-1.5326606121897324
9954,0.3988296288475269,-0.097396569508016,-1.4833576439686236
9955,0.4027361769987633,-0.0917486205479937,-1.3973053783532
9956,0.4095798706118552,-0.0835759433011299,-1.272786301036065
9957,0.4193534753383746,-0.0729312965938748,-1.1106042465736887
9958,0.4320642255267494,-0.0600415177809718,-0.9142153135321256
9959,0.4477048868285516,-0.0452968959832715,-0.689565954921481
9960,0.4672520962815901,-0.0292213080584518,-0.4446379692363528
9961,0.487783177120866,-0.0124262952037966,-0.1887488106385858
9962,0.5083070236117138,0.0044447691014195,0.0682990694119469
9963,0.5268848303753715,0.0207742295203003,0.3170950615974933
9964,0.5405649832531272,0.0360207398314054,0.5493912038406638
9965,0.5513224593658839,0.0497555521372535,0.7586550844257602
9966,0.5610960640924031,0.0616800650052175,0.940337205831567
9967,0.5689163947433042,0.0716239209953063,1.0918419986258103
9968,0.5737995799323498,0.0795265647797164,1.212246840598293
9969,0.5777133624320144,0.0854079155876257,1.3018552215312709
9970,0.5806432735454417,0.0893352437874449,1.36169207413067
9971,0.5826037819694881,0.0913933423566192,1.393049305931258
9972,0.5835804190072973,0.0916637539824901,1.3971693029814527
9973,0.5826037819694881,0.0902164788308024,1.37511858923507
9974,0.5806432735454417,0.0871147438592237,1.3278604919094374
9975,0.5777133624320144,0.082430609609709,1.2564929268923577
9976,0.5718463058567315,0.0762669098138585,1.16258267101707
9977,0.5659792492814486,0.0687796360744362,1.048506415526686
9978,0.5571822815927384,0.0601946368167106,0.9177051916375988
9979,0.545455402790601,0.0508134806115272,0.7747737042494706
9980,0.531768015564417,0.0410054252291267,0.6253379722853174
9981,0.5180806283382331,0.0311852785371237,0.4757180168813069
9982,0.5053771124982864,0.0217799340341476,0.3324179960943865
9983,0.4936429993477207,0.0131888028078994,0.2015233454077505
9984,0.4848460316590105,0.0057446757163342,0.0881044731246327
9985,0.4770257010081094,-0.0003185070890594,-0.0042743038327528
9986,0.4721425158190639,-0.0048858213384721,-0.0738619969442744
9987,0.4692053703572084,-0.0079665238748252,-0.1207996436575901
9988,0.4682287333193992,-0.0096839190480177,-0.1469659115640946
9989,0.4672520962815901,-0.0102521432090296,-0.155623386477307
9990,0.4643221851681628,-0.0099439876619418,-0.1509283222731927
9991,0.4633455481303537,-0.009054835184861,-0.1373811769870096
9992,0.4623689110925446,-0.0078677354350227,-0.119294500972734
9993,0.4604084026684982,-0.006623812597056,-0.1003420672281169
9994,0.4574784915550708,-0.0055009178836985,-0.0832336204599272
9995,0.4555252174794526,-0.0046019973493249,-0.0695376488534894
9996,0.4525880720175971,-0.0039532716123959,-0.059653650286768
9997,0.4506347979419788,-0.0035112179172617,-0.0529185111664922
9998,0.4477048868285516,-0.0031766287487072,-0.0478207037662671
9999,0.4457443784045051,-0.0028136903276897,-0.0422909665769783
