ECG,PPG,ECG_Filtered,PPG_Filtered
0.7254772105499813,0.4359707736779858,-0.03373359315297411,-0.031064865509429673
0.6705965828174644,0.4320642255267494,-0.08366712936892826,-0.03464550374603189
0.60980855901558,0.4281504430270847,-0.13979340453083966,-0.03817400449120093
0.5509794644802216,0.4242438948758483,-0.1931323768674324,-0.041580155998913515
0.4999860870109672,0.4213067494139927,-0.23886075892830388,-0.044804224972172985
0.4549001056110801,0.4183768383005654,-0.2817527893323023,-0.04779894825017679
0.4098141242111931,0.4174002012627563,-0.31691020308933576,-0.05052861338742379
0.3901942232761438,0.4164235642249472,-0.3364157999120924,-0.052965829835257335
0.374522789143936,0.4154469271871381,-0.345743931090666,-0.05508736136188089
0.3588207467419387,0.414470290149329,-0.35331103090512395,-0.05687085136880904
0.3549028882088867,0.4125097817252826,-0.35842636206636036,-0.058294219736927104
0.3490261004093087,0.4115331446874735,-0.3547132393152496,-0.059338880117922405
0.3549028882088867,0.4095798706118552,-0.3432649838736892,-0.05999684347066763
0.3646975345415166,0.407626596536237,-0.33549618740392306,-0.06028050034365813
0.3549028882088867,0.4066499594984279,-0.3314173926120566,-0.06023273011384365
0.3646975345415166,0.4066499594984279,-0.3216454708335201,-0.05993427655648744
0.374522789143936,0.4066499594984279,-0.3102577879766435,-0.05950528600974365
0.3705743223410945,0.407626596536237,-0.29990728432897734,-0.059098607463446556
0.3901942232761438,0.4086032335740461,-0.2855806494874391,-0.05888379966517378
0.3901942232761438,0.4086032335740461,-0.27501106483141763,-0.05902253661995897
0.3901942232761438,0.4105565076496644,-0.2716135963716303,-0.05963794961560552
0.3941120818091958,0.4115331446874735,-0.26311360195571865,-0.06078208860155331
0.4039067281418257,0.4115331446874735,-0.24976875669685955,-0.06240683412293913
0.4039067281418257,0.4105565076496644,-0.24293563902089546,-0.06434395698804428
0.3999888696087737,0.4086032335740461,-0.24340760489881386,-0.0662993889312066
0.3941120818091958,0.4066499594984279,-0.24613463049823373,-0.06786510187967072
0.3843174354765659,0.4046894510743815,-0.24772454445283618,-0.06854951022181503
0.3843174354765659,0.4046894510743815,-0.24713898472187723,-0.0678244119083116
0.3803995769435139,0.4056660881121906,-0.24383708939027843,-0.06518364430763199
0.3901942232761438,0.4086032335740461,-0.23148151674724782,-0.06020629421673033
0.4039067281418257,0.4125097817252826,-0.21039247729482868,-0.05261583189477455
0.419608770543823,0.4203301123761837,-0.19495051551346695,-0.042326227175582966
0.419608770543823,0.4320642255267494,-0.18646415485822446,-0.029467194704636417
0.4254855583434009,0.4525880720175971,-0.17634324484470792,-0.014383342296799233
0.4254855583434009,0.4740957898946821,-0.17657387880977385,0.0023940002322621287
0.3999888696087737,0.4956035077717671,-0.19248979138839983,0.020198776978975673
0.3901942232761438,0.5180806283382331,-0.19941301727463717,0.038298211149040154
0.4039067281418257,0.5347051610262725,-0.18473429484544257,0.05596622765069383
0.419608770543823,0.5503385879796465,-0.16165671941628829,0.07255115087668132
0.4294034168764529,0.5640259752058304,-0.14568188908621693,0.08752819274487075
0.4352802046760309,0.5757600883563961,-0.1428993891970097,0.10053050136452281
0.4294034168764529,0.5845570560451063,-0.1404615338670403,0.11135651231382346
0.4156909120107711,0.5923773866960075,-0.1422655035598885,0.1199552201676951
0.4098141242111931,0.5962839348472438,-0.16189408305782768,0.12639420070976778
0.4156909120107711,0.5992210803090994,-0.14586640250804947,0.13081742132969146
0.419608770543823,0.6011743543847177,-0.10866993373129319,0.13340087844716847
0.4039067281418257,0.6021509914225267,-0.17824671459704206,0.1343138072062327
0.3490261004093087,0.6031276284603359,-0.19997852091504592,0.13369167518917413
0.654894540415467,0.6031276284603359,0.18247208697491013,0.1316246551895503
1.503906727835743,0.6011743543847177,0.8271643007156144,0.12816223281087732
1.503906727835743,0.598237208922862,1.1370157700700385,0.12333161466043308
1.503906727835743,0.5933540237338165,0.8220627634834561,0.11716519703461609
0.6607713282150449,0.5855336930829155,0.22350872272015182,0.109730902483107
0.4294034168764529,0.5777133624320144,-0.11908334984828674,0.10115883829613774
0.419608770543823,0.5718463058567315,-0.12095904840247622,0.0916584160184068
0.4039067281418257,0.5620727011302122,-0.09013506459177034,0.08152162032563426
0.3843174354765659,0.5474086768662192,-0.13863075175528808,0.0711103746193425
0.3490261004093087,0.5337212896400352,-0.1678371028810928,0.060828781676811924
0.3392008458068894,0.5210177738000886,-0.163301164220159,0.05108407293226222
0.3549028882088867,0.5092836606495229,-0.14892824667972704,0.0422426788966917
0.3803995769435139,0.5024472013848591,-0.12778839593825086,0.03458913618008667
0.3803995769435139,0.4975567818473854,-0.11433926801794264,0.028295114950608245
0.3901942232761438,0.4956035077717671,-0.10415076425676852,0.023403784837987444
0.4039067281418257,0.494626870733958,-0.09399463236089003,0.01983161916740367
0.3941120818091958,0.4936429993477207,-0.09257903441665687,0.01738639796729574
0.4039067281418257,0.4936429993477207,-0.08238707673676506,0.015797404936271714
0.4294034168764529,0.4936429993477207,-0.05790312320334709,0.014752150424143908
0.4352802046760309,0.4916897252721025,-0.04454095135147361,0.013933571768031937
0.4392286714788723,0.4887598141586752,-0.038739580503026054,0.013052452249509922
0.4607768934106581,0.4868065400830569,-0.017583734792398456,0.01187143687781873
0.4843146528787593,0.4838693946212014,0.012826812359823837,0.010219034716581825
0.5156881294129645,0.4809394835077741,0.043042182788140426,0.007993878856872048
0.5509794644802216,0.4780023380459186,0.0840506971190878,0.00516089651772033
0.605890700482528,0.4750724269324912,0.13845362255617802,0.001741776560318072
0.654894540415467,0.4711658787812548,0.19200744423393654,-0.002197748846472885
0.6960932715520916,0.4682287333193992,0.2348824526191843,-0.006561612487046945
0.7254772105499813,0.4633455481303537,0.26576143552863785,-0.011236476993418074
0.7411792529519786,0.4584551285928799,0.2853958724199988,-0.016103122988176677
0.7509738992846084,0.4535647090554062,0.29509995120638904,-0.02104561875044333
0.7411792529519786,0.4486815238663607,0.2904508783381085,-0.025958062631588574
0.7156825642173513,0.4437911043288869,0.26345005074681893,-0.030748897125455223
0.6647197950178864,0.4389079191398414,0.21720917245448138,-0.03534293480418737
0.605890700482528,0.4349941366401767,0.16078385109260263,-0.03968134869516702
0.5451026766806437,0.4310875884889403,0.09736078973802458,-0.04371997746896714
0.4745200065461294,0.4261971689514665,0.035561075693409945,-0.04742637914174555
0.4294034168764529,0.4232672578380392,-0.013539921916759689,-0.05077612716780799
0.3843174354765659,0.4203301123761837,-0.05444851417703249,-0.05374888533016763
0.3451082418762568,0.4183768383005654,-0.0916580904468651,-0.05632485123940698
0.3196115531416296,0.4164235642249472,-0.11613791707110893,-0.05848222897801019
0.3098169068089997,0.414470290149329,-0.12455286412573983,-0.060196423667267705
0.3098169068089997,0.414470290149329,-0.12290972283584237,-0.06144156116769954
0.3098169068089997,0.4134864187630917,-0.11984410794915565,-0.06219467640348696
0.3039095107396323,0.4125097817252826,-0.12670440497326396,-0.06244248189434645
0.2941148644070023,0.4125097817252826,-0.13526951789743907,-0.062190052457160326
0.2999916522065803,0.4125097817252826,-0.12268135349030951,-0.06147011868358596
0.3294061994742595,0.4125097817252826,-0.10018716351881482,-0.06035109073762316
0.3294061994742595,0.4125097817252826,-0.09430619165352548,-0.058941600325283366
0.3235294116746816,0.4134864187630917,-0.09512584095035556,-0.057389391533166495
0.3392008458068894,0.4154469271871381,-0.08911144819141958,-0.05587290713720329
0.3294061994742595,0.4174002012627563,-0.08636873637219356,-0.054584930681288384
0.3352829872738374,0.4193534753383746,-0.08593947496132098,-0.05370904724530537
0.3392008458068894,0.4203301123761837,-0.08024416228131441,-0.05339121821987341
0.3392008458068894,0.4213067494139927,-0.07704633419712305,-0.05371009745268755
0.3392008458068894,0.4213067494139927,-0.07829023034179343,-0.05465056054479046
0.3392008458068894,0.4203301123761837,-0.07685601005909727,-0.05608509319562473
0.3352829872738374,0.4193534753383746,-0.07826449835954655,-0.05776711249198013
0.3294061994742595,0.4164235642249472,-0.08737055040971876,-0.05933900103070639
0.3196115531416296,0.414470290149329,-0.09123431098072904,-0.06035575248578371
0.3294061994742595,0.4134864187630917,-0.08434444286367158,-0.06032291413118016
0.3352829872738374,0.4134864187630917,-0.07797314395628809,-0.05874531763455339
0.3392008458068894,0.4164235642249472,-0.07056888692584892,-0.05518128103006951
0.3549028882088867,0.4213067494139927,-0.05578502357487474,-0.049295829425417124
0.3646975345415166,0.4281504430270847,-0.04878099392778116,-0.040906177857107914
0.3451082418762568,0.4369474107157949,-0.060142116183615715,-0.030013289451100753
0.3352829872738374,0.4506347979419788,-0.07809627742058108,-0.016814742395459704
0.3137347653420516,0.4682287333193992,-0.09303542473455222,-0.0016963475619804613
0.3098169068089997,0.4868065400830569,-0.10003282724294418,0.014797216334617572
0.3137347653420516,0.5053771124982864,-0.09298924507414966,0.032009438747691805
0.3294061994742595,0.523947684913516,-0.08192442030159347,0.049230706108086414
0.3196115531416296,0.5415416202909363,-0.08171253099994419,0.0657610183119953
0.3352829872738374,0.5581589186305476,-0.08289459844509815,0.08096850494572848
0.3098169068089997,0.5718463058567315,-0.08448303780144087,0.09433633889646084
0.3098169068089997,0.5816199105832508,-0.10553193755943935,0.10549255853050399
0.3039095107396323,0.5874869671585337,-0.10936933521514343,0.1142201059067508
0.3098169068089997,0.590416878271961,-0.07672675222839097,0.12044767439157711
0.3137347653420516,0.590416878271961,-0.10990168160629155,0.12422515482919251
0.2647003171393232,0.5914007496581983,-0.15597332484814405,0.12568989197518335
0.4549001056110801,0.590416878271961,0.1043437742757427,0.12503103472071678
1.2078329341622147,0.5894402412341518,0.7148723423451291,0.1224587418722892
1.503906727835743,0.5865103301207246,1.1829268498184906,0.11818309239925813
1.503906727835743,0.5826037819694881,1.039696837271985,0.11240480520908526
0.8255050362219641,0.5777133624320144,0.43056682180490585,0.1053169896389249
0.3352829872738374,0.5708696688189224,-0.04971004290557213,0.09711473625998093
0.3137347653420516,0.5630493381680214,-0.12268866550044322,0.08800785154675911
0.3352829872738374,0.5522990964036929,-0.061964641535787485,0.07823166914392311
0.3137347653420516,0.5405649832531272,-0.08603294850270424,0.06805164456822976
0.3098169068089997,0.5288381044509897,-0.11225489686646033,0.05775912999451093
0.3039095107396323,0.517103991300424,-0.09832730587795499,0.04765789284089746
0.3098169068089997,0.5073303865739046,-0.09724498719819363,0.038043061771450476
0.3137347653420516,0.4975567818473854,-0.10263944668785918,0.029175822234803372
0.3098169068089997,0.487783177120866,-0.09278665966180843,0.021258113069814254
0.3352829872738374,0.479962846469965,-0.08076456480600704,0.01441175598752857
0.3352829872738374,0.4740957898946821,-0.07258360208800098,0.008665916656367519
0.3490261004093087,0.4701892417434457,-0.06208564678594704,0.003955590613416554
0.3646975345415166,0.4682287333193992,-0.04966017868509562,0.00013203049559315952
0.374522789143936,0.4672520962815901,-0.03424699505468186,-0.003016056155482855
0.4039067281418257,0.466275459243781,-0.011573661640415393,-0.0057336835697176045
0.4254855583434009,0.4643221851681628,0.013307026328542464,-0.008267674431613772
0.4490233178115022,0.4604084026684982,0.03559543861808882,-0.010836641646795342
0.4803967943457073,0.4565018545172618,0.06394695755014723,-0.01360725508132617
0.5156881294129645,0.4525880720175971,0.10427421096179856,-0.016679748024751632
0.5705993654152709,0.4477048868285516,0.1499316529859127,-0.02008377307409233
0.60980855901558,0.4437911043288869,0.19870750550391675,-0.023783926479626526
0.6764733706170423,0.4389079191398414,0.2556273914613283,-0.02769285601967099
0.7313846066193487,0.4330408625645585,0.3151898516170284,-0.031689008820068545
0.7764705880192357,0.4301109514511312,0.35937116292127286,-0.035635803146461795
0.800008347487337,0.4271738059892756,0.378250579452339,-0.039399306043785914
0.800008347487337,0.4252205319136574,0.382530109041078,-0.042862284400479705
0.800008347487337,0.4222906208002301,0.3795962080768465,-0.04593356181696891
0.7764705880192357,0.4193534753383746,0.35321863469165815,-0.048552641104203875
0.7156825642173513,0.4174002012627563,0.29595200232043867,-0.050690269817469456
0.6509766818824151,0.4154469271871381,0.22782219308347654,-0.05234594617886483
0.5843118702809528,0.4134864187630917,0.15947079152674393,-0.053543369255773
0.5058934830803345,0.4125097817252826,0.08396518296670756,-0.05432467266871208
0.4352802046760309,0.4115331446874735,0.007907374657088032,-0.05474406852762825
0.3705743223410945,0.4115331446874735,-0.05315991777497515,-0.054861360515880794
0.3294061994742595,0.4115331446874735,-0.09873569671219148,-0.05473571921070868
0.2901970058739504,0.4125097817252826,-0.13673060136531862,-0.05442015297484693
0.2588235293397452,0.4134864187630917,-0.1687639307247807,-0.0539572031916013
0.2392036284046959,0.4134864187630917,-0.19132823801817947,-0.0533764560796696
0.229408982072066,0.414470290149329,-0.19931044826897373,-0.052694405570890855
0.2392036284046959,0.4154469271871381,-0.19172639343502054,-0.05191697821579967
0.2549056708066933,0.4164235642249472,-0.177838467622626,-0.05104466480985402
0.2647003171393232,0.4164235642249472,-0.16588779422974337,-0.05007975250451657
0.2843202180743724,0.4174002012627563,-0.1511145118119736,-0.04903467056918961
0.3039095107396323,0.4174002012627563,-0.12863034185233468,-0.047940018779650734
0.3294061994742595,0.4183768383005654,-0.10633334602660562,-0.046850541473252696
0.3451082418762568,0.4183768383005654,-0.09162251420550435,-0.045847254512586005
0.3549028882088867,0.4183768383005654,-0.0801996592537228,-0.04503420173646574
0.3705743223410945,0.4193534753383746,-0.06843594781781216,-0.044528935354595935
0.3803995769435139,0.4203301123761837,-0.05880952095109726,-0.0444467567982744
0.3843174354765659,0.4203301123761837,-0.052259750020953746,-0.04487992766944826
0.3941120818091958,0.4213067494139927,-0.05026238725157709,-0.04587427292328355
0.3843174354765659,0.4203301123761837,-0.05374417063223333,-0.04740658451786336
0.3843174354765659,0.4183768383005654,-0.05881009984809275,-0.04936673686727042
0.3803995769435139,0.4164235642249472,-0.0635139230415508,-0.05154828251419905
0.374522789143936,0.4154469271871381,-0.06819911398896583,-0.05365048912582868
0.3705743223410945,0.4134864187630917,-0.07396321127859636,-0.05529342470800814
0.3646975345415166,0.4115331446874735,-0.08280411462318349,-0.056045973441142996
0.3588207467419387,0.4105565076496644,-0.08563287266244049,-0.05546475061650193
0.374522789143936,0.4115331446874735,-0.0738364660966089,-0.05314000852763761
0.3843174354765659,0.414470290149329,-0.06364943618022606,-0.04874310198375541
0.3803995769435139,0.4193534753383746,-0.07048528030846687,-0.042069250001808944
0.3588207467419387,0.4271738059892756,-0.08670167700943295,-0.03306942987367121
0.3490261004093087,0.4389079191398414,-0.10801710986014665,-0.021866361577554543
0.3137347653420516,0.4535647090554062,-0.13295243128420048,-0.008751622239356934
0.3098169068089997,0.4721425158190639,-0.14474036952936475,0.005836272504708527
0.3196115531416296,0.4897364511964843,-0.13458681065324327,0.021349939437608236
0.3352829872738374,0.5083070236117138,-0.11792257185310412,0.03718182599585782
0.3392008458068894,0.523947684913516,-0.11507615365053234,0.0527164097098591
0.3352829872738374,0.5366584351018908,-0.12314659536415566,0.06737861440726899
0.3352829872738374,0.5483853139040282,-0.12182158813976203,0.0806724350865709
0.3235294116746816,0.5591427900167849,-0.1258822479769302,0.09220605764963102
0.3294061994742595,0.5679397577054951,-0.14323358957694768,0.10170242100358497
0.3352829872738374,0.5737995799323498,-0.11748379675923533,0.10899658863219112
0.3451082418762568,0.5777133624320144,-0.09842440855901775,0.11402310579661867
0.2999916522065803,0.5796666365076326,-0.19610098194489117,0.11679757482126576
0.2588235293397452,0.5796666365076326,-0.180642069053478,0.11739694086318787
0.7156825642173513,0.5786899994698235,0.28199328390822287,0.11594244240033987
1.503906727835743,0.5767367253942053,0.9466777531832125,0.11258792614906789
1.503906727835743,0.5737995799323498,1.1807345976223134,0.10751446870398068
1.3784434299687118,0.5698930317811133,0.7673802456606802,0.10093033572079038
0.5196059879460164,0.5640259752058304,0.16062023201120795,0.09307368407499883
0.4039067281418257,0.5552290075171202,-0.10407761373674672,0.0842145086369339
0.4098141242111931,0.5444787657527919,-0.06831331773541285,0.0746524442724752
0.3705743223410945,0.5327446526022261,-0.06858380465276875,0.06470816485004745
0.3549028882088867,0.5210177738000886,-0.13051165208292145,0.054707951927987636
0.3352829872738374,0.5092836606495229,-0.13361499863102236,0.04496298513498859
0.3549028882088867,0.4995100559230035,-0.1086817570005163,0.03574646496340976
0.3705743223410945,0.4916897252721025,-0.10178801629534161,0.027272418635609346
0.374522789143936,0.4858226686968196,-0.10150157938472042,0.019679828516025663
0.3646975345415166,0.479962846469965,-0.0998725698855439,0.013024710120043515
0.3803995769435139,0.4740957898946821,-0.09588675624936391,0.007281321325627498
0.3803995769435139,0.4692053703572084,-0.09405738029498746,0.002352226527192468
0.3803995769435139,0.4652988222059719,-0.08996209433695615,-0.0019142518105280811
0.3999888696087737,0.4623689110925446,-0.0746726032676214,-0.005701518795859721
0.419608770543823,0.4604084026684982,-0.06027390425939426,-0.00920001869149358
0.419608770543823,0.4574784915550708,-0.04788226160727166,-0.01258353486927572
0.4607768934106581,0.4545485804416435,-0.022860537271395035,-0.015989541386342676
0.4745200065461294,0.4506347979419788,0.0034933141650741327,-0.019506105208781748
0.5058934830803345,0.4457443784045051,0.022927954711980503,-0.023166815688438196
0.5254827757455944,0.4408611932154596,0.0553779320076334,-0.026953894180075696
0.5901886580805307,0.4369474107157949,0.10268417172845802,-0.030808286061689852
0.6196032053482099,0.4320642255267494,0.1483399677090429,-0.034644460718647345
0.6764733706170423,0.4281504430270847,0.19358691181354254,-0.03836706296454214
0.7215593520169293,0.4252205319136574,0.24038661238184422,-0.04188655211486977
0.7509738992846084,0.4232672578380392,0.27507879513403677,-0.045131485563558775
0.7764705880192357,0.4213067494139927,0.2901765153564609,-0.04805600847699742
0.7705938002196577,0.4193534753383746,0.29317383821023874,-0.05064217112551975
0.7705938002196577,0.4174002012627563,0.28754271684162425,-0.05289764379541159
0.7450971114850305,0.4154469271871381,0.2616794115964057,-0.054850033889407415
0.6901858754827241,0.4134864187630917,0.20944275681682886,-0.05653926766096675
0.6293978516808398,0.4125097817252826,0.14485242743308413,-0.05800944391200121
0.5646919693459035,0.4105565076496644,0.08163906829995374,-0.059301320998488234
0.5058934830803345,0.4095798706118552,0.02206183532855814,-0.06044627633375613
0.4549001056110801,0.4086032335740461,-0.029849610851323594,-0.06146225875386113
0.4156909120107711,0.407626596536237,-0.06830056891326224,-0.062351988640876696
0.3901942232761438,0.407626596536237,-0.0958427982018975,-0.06310347546865894
0.3646975345415166,0.407626596536237,-0.11976711703902179,-0.06369281299350556
0.3451082418762568,0.407626596536237,-0.14088244114358095,-0.06408913678884771
0.3352829872738374,0.407626596536237,-0.15216973824472665,-0.06426151898103367
0.3294061994742595,0.4086032335740461,-0.1535184383251136,-0.06418736803389408
0.3352829872738374,0.4086032335740461,-0.15612102778808779,-0.0638615752059968
0.3235294116746816,0.407626596536237,-0.15945994759352763,-0.06330523234437356
0.3392008458068894,0.407626596536237,-0.14954460491938668,-0.06257231664048267
0.3588207467419387,0.407626596536237,-0.1301039259428777,-0.06175244382573526
0.3646975345415166,0.4086032335740461,-0.11938965259012452,-0.0609678323911137
0.374522789143936,0.4086032335740461,-0.11868993575531915,-0.06036315339370566
0.3646975345415166,0.4105565076496644,-0.11764240676107013,-0.06008797142327021
0.3803995769435139,0.4115331446874735,-0.11300508312973753,-0.06027286279504696
0.3843174354765659,0.4115331446874735,-0.10277099298030479,-0.061001772552357864
0.3941120818091958,0.4125097817252826,-0.09122347413470419,-0.06228443777392065
0.4039067281418257,0.4125097817252826,-0.09263644011814803,-0.06403346864847127
0.3803995769435139,0.4105565076496644,-0.10119052802525397,-0.06605072202468898
0.3941120818091958,0.4086032335740461,-0.09897477021589908,-0.06802681077042678
0.3941120818091958,0.4066499594984279,-0.09630566749435976,-0.06955599230396607
0.3803995769435139,0.4046894510743815,-0.10631607239426535,-0.07016648144442204
0.374522789143936,0.4046894510743815,-0.11688995840175789,-0.06936380365009637
0.3705743223410945,0.4056660881121906,-0.11978981720361959,-0.06668256149369008
0.374522789143936,0.4086032335740461,-0.11434953061602973,-0.06174030200702372
0.3901942232761438,0.414470290149329,-0.09978563352848747,-0.05428633784580469
0.3999888696087737,0.4242438948758483,-0.0911072563404896,-0.044238596002829325
0.3941120818091958,0.437924047753604,-0.09579506492644181,-0.031702933118845686
0.3901942232761438,0.4565018545172618,-0.09936916886983788,-0.016971764750219113
0.3803995769435139,0.4750724269324912,-0.10916857397095714,-0.0005019354508351675
0.3549028882088867,0.4926663623099116,-0.14000948588218787,0.017125113851094668
0.3196115531416296,0.5122208061113784,-0.16298427042641364,0.03525532042767791
0.3451082418762568,0.5307913785266078,-0.1521382142630082,0.05321912234438863
0.3588207467419387,0.5493619509418374,-0.1286604801567179,0.07038645365403691
0.374522789143936,0.5650026122436396,-0.11579025636559555,0.08621305227334096
0.3705743223410945,0.5786899994698235,-0.11728611958903287,0.1002730425748441
0.374522789143936,0.5894402412341518,-0.12565051236567143,0.11227489707076353
0.3392008458068894,0.598237208922862,-0.13483734725612975,0.12206038462257966
0.3490261004093087,0.604104265498145,-0.15379282565610744,0.1295886158841845
0.3392008458068894,0.6080180479978096,-0.15413703247768784,0.1349094082577614
0.3490261004093087,0.6099713220734279,-0.12037998340956822,0.1381315799706886
0.3549028882088867,0.6099713220734279,-0.15576672014940038,0.13939222354424124
0.2686181756723751,0.6099713220734279,-0.22579684550023368,0.13883240856712817
0.4490233178115022,0.6089946850356187,0.0016346902019927579,0.13658317364318226
1.1764594576280094,0.6089946850356187,0.6145937215905002,0.13276331526603904
1.503906727835743,0.6060575395737632,1.0972734502643553,0.1274877964713532
1.503906727835743,0.6011743543847177,0.9438609374105242,0.12088317493109527
0.8156797816195448,0.5943306607716257,0.3639211370843306,0.11310489508624606
0.4549001056110801,0.5845570560451063,-0.03283114215372014,0.10435099314592039
0.4294034168764529,0.5747834513185871,-0.08184345788576478,0.09486775098896513
0.3999888696087737,0.5630493381680214,-0.07173545981957444,0.0849447867695819
0.3646975345415166,0.5513224593658839,-0.12371623208609042,0.07489947974133883
0.3490261004093087,0.539588346215318,-0.14938215260373497,0.0650529621294639
0.3392008458068894,0.5288381044509897,-0.14240881609818296,0.05570171408942417
0.3490261004093087,0.5210177738000886,-0.13579508311021266,0.047089736393852305
0.3705743223410945,0.5131974431491875,-0.12688139007598703,0.039386193444207296
0.3588207467419387,0.5063537495360956,-0.11963360045944074,0.032672386745853176
0.3803995769435139,0.5024472013848591,-0.11077640283171097,0.026940208719581867
0.3941120818091958,0.4985334188851945,-0.09411321194679198,0.022102198699606123
0.4039067281418257,0.4965801448095762,-0.08000652132072014,0.018011324874119754
0.4156909120107711,0.494626870733958,-0.07268103320045456,0.014486970617731609
0.419608770543823,0.4916897252721025,-0.06673621707132171,0.011342609518921578
0.4294034168764529,0.4887598141586752,-0.05602818336630806,0.008410522008274805
0.4490233178115022,0.4858226686968196,-0.036690801541182226,0.005559676051861245
0.4706021480130775,0.4809394835077741,-0.015549572054005735,0.002704396632175759
0.4901914406783372,0.4760490639703003,0.004936339058693322,-0.0001966428843882785
0.5196059879460164,0.4721425158190639,0.03624395587674577,-0.0031496624588709843
0.5646919693459035,0.4682287333193992,0.07768047068731024,-0.006140296356817333
0.6000139126829501,0.4652988222059719,0.11757721844396826,-0.009149654216747363
0.6450998940828371,0.4623689110925446,0.16034351054774282,-0.01216824812331271
0.6960932715520916,0.4604084026684982,0.21258081025140882,-0.01520492836618731
0.7450971114850305,0.4584551285928799,0.26147887265994746,-0.0182892838441234
0.7764705880192357,0.4565018545172618,0.29413185153448185,-0.021467453057386114
0.796090488954285,0.4535647090554062,0.3122596425090227,-0.024792637224563797
0.796090488954285,0.4496581609041697,0.31540628404374405,-0.02831254366764049
0.7803884465522877,0.4457443784045051,0.29662075881761224,-0.03205637508277809
0.7411792529519786,0.4418378302532686,0.26060539393525883,-0.036023842806411716
0.7000111300851435,0.437924047753604,0.21900755488030532,-0.04017816915232346
0.6509766818824151,0.4330408625645585,0.1687936522403759,-0.044444326681418136
0.5843118702809528,0.4291270800648938,0.10518397295254191,-0.04871295524601757
0.5254827757455944,0.4242438948758483,0.04409409100995628,-0.052849564072487004
0.4803967943457073,0.4183768383005654,0.0019188290693688236,-0.05670782863620302
0.4549001056110801,0.414470290149329,-0.026118508497806697,-0.06014512840048541
0.4294034168764529,0.4115331446874735,-0.048118208847638885,-0.06303808346145304
0.4156909120107711,0.4095798706118552,-0.06402806766120067,-0.06529588022607864
0.3999888696087737,0.4086032335740461,-0.07741438831936456,-0.06686967320452297
0.3901942232761438,0.4095798706118552,-0.08866136805189642,-0.06775718630354295
0.3901942232761438,0.4095798706118552,-0.08658992517670742,-0.0680025607939916
0.4039067281418257,0.4095798706118552,-0.07234978993311647,-0.06769223485987483
0.4156909120107711,0.4105565076496644,-0.06376381554331706,-0.06694799186716274
0.4098141242111931,0.4105565076496644,-0.06294520642510276,-0.06591823031127263
0.419608770543823,0.4105565076496644,-0.05812894925721082,-0.06476809878980616
0.4254855583434009,0.4105565076496644,-0.05128959964415575,-0.06366860956945117
0.419608770543823,0.4105565076496644,-0.05103955042132209,-0.06278441541175199
0.4254855583434009,0.4105565076496644,-0.05476880060434074,-0.06225979642478159
0.4156909120107711,0.4105565076496644,-0.054111198878164186,-0.06220267083503771
0.4254855583434009,0.4115331446874735,-0.049592306248081613,-0.06266711023782051
0.4254855583434009,0.4105565076496644,-0.04960515982730799,-0.0636357707821518
0.4156909120107711,0.4105565076496644,-0.0548935996097581,-0.06500460949136466
0.4098141242111931,0.4105565076496644,-0.06263185506967141,-0.06657296279903001
0.4039067281418257,0.4095798706118552,-0.07182994238243465,-0.0680422828092481
0.3941120818091958,0.4095798706118552,-0.0729323228764186,-0.06902639653249808
0.4039067281418257,0.4095798706118552,-0.0685177143019584,-0.06907500814809586
0.3999888696087737,0.4095798706118552,-0.07555565947281653,-0.06771035445531645
0.3803995769435139,0.4105565076496644,-0.0821178459175976,-0.06447464316727002
0.4039067281418257,0.4125097817252826,-0.07145373431464842,-0.058983497438943905
0.4098141242111931,0.4164235642249472,-0.06086090345574274,-0.050978579230538015
0.4039067281418257,0.4252205319136574,-0.05905452336940107,-0.040371427009584425
0.4156909120107711,0.437924047753604,-0.059521896654541454,-0.02727081797554265
0.3941120818091958,0.4555252174794526,-0.07145417330686979,-0.011987891032087352
0.374522789143936,0.4760490639703003,-0.09241705962768179,0.004983350130880496
0.3646975345415166,0.4965801448095762,-0.1047442627549093,0.023008352937139032
0.3588207467419387,0.5180806283382331,-0.1078951571480462,0.04137131628687905
0.3588207467419387,0.5376350721396999,-0.10643628414385174,0.059342679265233816
0.3646975345415166,0.5552290075171202,-0.10372785331631233,0.07624473716452818
0.3549028882088867,0.5698930317811133,-0.10825627482674306,0.09150596146142906
0.3588207467419387,0.5806432735454417,-0.11119286039325103,0.10469695421584334
0.3490261004093087,0.5865103301207246,-0.10994686159606418,0.1155445372471247
0.3392008458068894,0.5923773866960075,-0.12792482355020443,0.12392452798751304
0.3352829872738374,0.597260571885053,-0.13755779649379937,0.129837430127113
0.3352829872738374,0.5992210803090994,-0.10930552419330788,0.1333737973431036
0.3451082418762568,0.6001977173469085,-0.13407026131461408,0.13467698779557313
0.274494963471953,0.6001977173469085,-0.19559064618229757,0.13391044426920246
0.4294034168764529,0.598237208922862,0.0025967510019328267,0.13123485684260436
1.0921642826278133,0.5943306607716257,0.5768078874744433,0.12679805941984085
1.503906727835743,0.5894402412341518,1.0913526430285325,0.1207377614548167
1.503906727835743,0.5845570560451063,1.0164122949610186,0.1131946642616307
0.8960877063564784,0.5767367253942053,0.4268476797848847,0.10433151990997802
0.3588207467419387,0.566963120667686,-0.06945936578994544,0.09435254905938022
0.3392008458068894,0.5562056445549294,-0.15328378361306347,0.08351755000376129
0.3549028882088867,0.545455402790601,-0.0926398707987573,0.07214604787062522
0.3352829872738374,0.531768015564417,-0.12066457904853231,0.060608772561704195
0.3098169068089997,0.517103991300424,-0.15516820535664994,0.04930627855469948
0.3137347653420516,0.5034238384226682,-0.14675300269740982,0.03863720298204828
0.3098169068089997,0.4916897252721025,-0.14401284764650937,0.028960984500283886
0.3196115531416296,0.4819161205455832,-0.14035117383252024,0.020561278517988488
0.3352829872738374,0.4760490639703003,-0.12720192211047993,0.013616403185426363
0.3294061994742595,0.4721425158190639,-0.12191238901400608,0.008181885174428378
0.3451082418762568,0.4701892417434457,-0.11613236979497724,0.004187880625203526
0.3549028882088867,0.4692053703572084,-0.10336597680454447,0.0014515251072018923
0.3588207467419387,0.4672520962815901,-0.09417635722891093,-0.0002982176587851114
0.3705743223410945,0.466275459243781,-0.08942282861380166,-0.0013873661267425526
0.374522789143936,0.4652988222059719,-0.0813742725220988,-0.002160290035031253
0.3901942232761438,0.4633455481303537,-0.06372375795868923,-0.0029443633923885897
0.419608770543823,0.4613850397063073,-0.03855431004921528,-0.004019786841259609
0.4451054592784502,0.459431765630689,-0.01024016585787489,-0.005597257402767485
0.4803967943457073,0.4555252174794526,0.027205532264922783,-0.007804855846935364
0.5294006342786464,0.4525880720175971,0.07223845770935988,-0.010684325303544314
0.5705993654152709,0.4496581609041697,0.1156956710786871,-0.014195969219392084
0.6196032053482099,0.4457443784045051,0.1673971618891466,-0.01823075880193563
0.6862680169496722,0.4408611932154596,0.2293799354606188,-0.022627868849249458
0.7254772105499813,0.4349941366401767,0.27271978113027845,-0.027195641011714185
0.7411792529519786,0.4301109514511312,0.2865430277460638,-0.031733813415027956
0.7450971114850305,0.4252205319136574,0.29323926755420904,-0.03605477854049606
0.7548917578176605,0.4213067494139927,0.29760336758522404,-0.040001744445882774
0.7254772105499813,0.4174002012627563,0.27768407225264913,-0.0434620519590782
0.6862680169496722,0.414470290149329,0.22721394482181756,-0.046374516440465606
0.615685346815158,0.4125097817252826,0.1674201615290204,-0.0487304202782587
0.5646919693459035,0.4105565076496644,0.10985153426355747,-0.05056856983703396
0.4941092992113892,0.4105565076496644,0.041470952730624254,-0.05196554088236634
0.419608770543823,0.4086032335740461,-0.03255433830352955,-0.053022760252103146
0.3705743223410945,0.4066499594984279,-0.08119542950187764,-0.05385230923431827
0.3490261004093087,0.4056660881121906,-0.10326914065427521,-0.05456324679755492
0.3294061994742595,0.4046894510743815,-0.12500380474287104,-0.05524991235468185
0.2999916522065803,0.4037128140365724,-0.1464594465358955,-0.05598323679326221
0.3039095107396323,0.4027361769987633,-0.15512590224434536,-0.05680569936546258
0.2843202180743724,0.4017595399609542,-0.16018872673552367,-0.0577302497538445
0.2901970058739504,0.4017595399609542,-0.16729240264220074,-0.058743233786129424
0.2843202180743724,0.400782902923145,-0.16378519131948488,-0.05981106605287617
0.2999916522065803,0.3988296288475269,-0.15123783456569587,-0.06089002420765698
0.3098169068089997,0.3968691204234804,-0.1455181059454784,-0.06193804909469502
0.3039095107396323,0.3939392093100531,-0.14155539188821759,-0.06292684966714816
0.3294061994742595,0.3919859352344348,-0.12677374438501499,-0.0638520872438753
0.3352829872738374,0.3900326611588167,-0.11374029144307507,-0.06473918962268277
0.3352829872738374,0.3890487897725793,-0.11538152105108065,-0.06564263080188618
0.3352829872738374,0.3880721527347702,-0.11810564377174083,-0.06663738248952095
0.3392008458068894,0.3880721527347702,-0.10915934179191084,-0.06780260454590312
0.3549028882088867,0.3880721527347702,-0.09835202957117793,-0.06919925379912577
0.3549028882088867,0.3880721527347702,-0.09558582853122315,-0.07084482796059516
0.3549028882088867,0.3870955156969611,-0.09563177839443276,-0.0726895725953586
0.3549028882088867,0.3851422416213429,-0.09664817493385969,-0.07459886172505635
0.3490261004093087,0.3831889675457247,-0.10325436564918367,-0.07634595206166231
0.3392008458068894,0.3812284591216783,-0.1095381876654036,-0.07761794754708418
0.3451082418762568,0.37927518504606,-0.10825465786769098,-0.07803583141489934
0.3490261004093087,0.3782985480082509,-0.10214647087164583,-0.07718718031286104
0.3549028882088867,0.3802518220838691,-0.09460207909857603,-0.07466805262283988
0.3646975345415166,0.3822123305079156,-0.0883109418544589,-0.07012889684802061
0.3705743223410945,0.3880721527347702,-0.08234386252837798,-0.06331843315511189
0.3705743223410945,0.3968691204234804,-0.07565173819108775,-0.05411948271924906
0.374522789143936,0.4086032335740461,-0.08388662621541942,-0.04257169064194393
0.3352829872738374,0.4252205319136574,-0.11242864911919864,-0.028877900781073884
0.3196115531416296,0.4408611932154596,-0.13110277477598278,-0.013393305545749305
0.3352829872738374,0.4574784915550708,-0.12187446874029528,0.0034010391353427333
0.3392008458068894,0.4770257010081094,-0.10697338059612534,0.020936643490423262
0.3451082418762568,0.4956035077717671,-0.1108961817254,0.0386028475354596
0.3235294116746816,0.5131974431491875,-0.1269898927075837,0.055793179343684204
0.3235294116746816,0.5298147414887988,-0.13234030088339535,0.07194725039222755
0.3039095107396323,0.5435021287149827,-0.1403014780827237,0.08658360924606823
0.2999916522065803,0.5542523704793112,-0.1627547415707229,0.09932064213439362
0.3098169068089997,0.5640259752058304,-0.14457627128478787,0.10988470178915306
0.3098169068089997,0.5708696688189224,-0.11948191026348078,0.11810678143031514
0.2901970058739504,0.5737995799323498,-0.1987050423213557,0.12391082636681984
0.2549056708066933,0.5757600883563961,-0.18746243774588317,0.12729787003583706
0.6509766818824151,0.5767367253942053,0.2489184251172021,0.12833038920804823
1.503906727835743,0.5767367253942053,0.9248892628611332,0.12712050352276263
1.503906727835743,0.5767367253942053,1.2229353444237607,0.12382398541523292
1.462738604968908,0.5737995799323498,0.8379030114787037,0.11863985864505679
0.5058934830803345,0.5698930317811133,0.16744661095269842,0.11181324884606571
0.3294061994742595,0.5620727011302122,-0.16412417407056398,0.10363775787445537
0.3588207467419387,0.5513224593658839,-0.11328715415516818,0.09445342162879908
0.3646975345415166,0.539588346215318,-0.06157530717596852,0.08463736555208448
0.3705743223410945,0.5268848303753715,-0.09581441101675216,0.07458626513304166
0.3588207467419387,0.5151507172248058,-0.10415487663290528,0.06469202062741404
0.3352829872738374,0.5044004754604773,-0.11013873994971068,0.05531397332526597
0.3352829872738374,0.4965801448095762,-0.12456822120745445,0.046752012409547676
0.3490261004093087,0.4897364511964843,-0.10913492416217428,0.03922484954595564
0.3705743223410945,0.4848460316590105,-0.08562951421931231,0.03285670438012628
0.3803995769435139,0.479962846469965,-0.0728175486276259,0.02767402462250036
0.3999888696087737,0.4770257010081094,-0.06302278015811763,0.023612121338739335
0.3941120818091958,0.4750724269324912,-0.05978732075317818,0.020530114080836024
0.4039067281418257,0.473119152856873,-0.05423111096210642,0.018231573519869385
0.419608770543823,0.4701892417434457,-0.0396856929641265,0.016487809833386238
0.4254855583434009,0.4692053703572084,-0.03265064109044192,0.015060874463051507
0.4294034168764529,0.4672520962815901,-0.0286286349027097,0.013723907125414336
0.4549001056110801,0.4652988222059719,-0.004515137879461396,0.012277267186292967
0.4941092992113892,0.4633455481303537,0.03405324975813107,0.010559732843504747
0.5294006342786464,0.4604084026684982,0.07085976111065653,0.008454789606817543
0.5745172239483228,0.4584551285928799,0.11410661255877347,0.005892573167890165
0.6353052477502072,0.4555252174794526,0.17388857013959305,0.0028483293063354827
0.6960932715520916,0.4525880720175971,0.2387276907293806,-0.0006616934282713427
0.7607991538870279,0.4486815238663607,0.2942263016680557,-0.004586123630110496
0.7901830928849176,0.444767741366696,0.3360389224630699,-0.008845509688059212
0.8255050362219641,0.4398845561776505,0.35733709049063817,-0.013340071484253747
0.8117619230864929,0.4359707736779858,0.35365669165347136,-0.01795779934105498
0.796090488954285,0.4320642255267494,0.3330927133422856,-0.022582577051352266
0.7607991538870279,0.4271738059892756,0.2976260392596538,-0.02710200682684618
0.7058879178847215,0.4222906208002301,0.24207772364340038,-0.031414567512085566
0.6353052477502072,0.4174002012627563,0.1756631015376006,-0.03543563500024515
0.5803940117479008,0.414470290149329,0.110827975195181,-0.039101789493479075
0.5058934830803345,0.4105565076496644,0.04845200974481633,-0.04237284430179508
0.4607768934106581,0.407626596536237,-0.009435310824234829,-0.04523124654380043
0.4039067281418257,0.4066499594984279,-0.056102282864668236,-0.047678918687257474
0.3803995769435139,0.4056660881121906,-0.08822707051832857,-0.04973214975080408
0.3549028882088867,0.4046894510743815,-0.10799789846609742,-0.05141567618222439
0.3451082418762568,0.4046894510743815,-0.12170315023182134,-0.052757441846530743
0.3352829872738374,0.4037128140365724,-0.13161353647910592,-0.05378552056133994
0.3294061994742595,0.4017595399609542,-0.13476379005430322,-0.05452823476636986
0.3352829872738374,0.3998062658853359,-0.13389043188148989,-0.05501766469446133
0.3352829872738374,0.3998062658853359,-0.13101501405148092,-0.05529571940637042
0.3451082418762568,0.3988296288475269,-0.12179468466482377,-0.05542104100424729
0.3549028882088867,0.3988296288475269,-0.11304059201097588,-0.055474514269216894
0.3588207467419387,0.3988296288475269,-0.1123149854965311,-0.055561177674321616
0.3549028882088867,0.3988296288475269,-0.10766367397017071,-0.05580683730574641
0.3803995769435139,0.3988296288475269,-0.0949392519874877,-0.056348549442965995
0.3803995769435139,0.3998062658853359,-0.08563328893000036,-0.05731920825355767
0.3901942232761438,0.3978529918097178,-0.07820496728875496,-0.0588275762209786
0.4039067281418257,0.3958924833856713,-0.07044990157601783,-0.060936034933547774
0.3941120818091958,0.3939392093100531,-0.07115957226193827,-0.0636389568957212
0.3999888696087737,0.3919859352344348,-0.07527681073005343,-0.06684484881399344
0.3941120818091958,0.3890487897725793,-0.07279268576384501,-0.07036532045953112
0.4039067281418257,0.386118878659152,-0.07133366009634444,-0.07391350719906917
0.3901942232761438,0.3831889675457247,-0.07871666964765898,-0.07711378863160437
0.3803995769435139,0.3812284591216783,-0.09258960606943176,-0.07952349387780602
0.3646975345415166,0.37927518504606,-0.10859738653097548,-0.08066584678978654
0.3588207467419387,0.3802518220838691,-0.11256853061904601,-0.08007183918655822
0.3803995769435139,0.3822123305079156,-0.09366323450235384,-0.07732722164903873
0.3999888696087737,0.3851422416213429,-0.07200694702283103,-0.07211957301060337
0.4098141242111931,0.3910092981966258,-0.06754091736205924,-0.06427965413716719
0.3999888696087737,0.400782902923145,-0.06830645297740014,-0.053811184432568465
0.4098141242111931,0.4134864187630917,-0.07000880527103749,-0.04090401860258472
0.3843174354765659,0.4301109514511312,-0.08851871825387261,-0.025927560163881546
0.3549028882088867,0.4496581609041697,-0.11742899308852524,-0.009403990374583235
0.3490261004093087,0.4711658787812548,-0.13215287952751342,0.008035917163309165
0.3451082418762568,0.4916897252721025,-0.1240790224605915,0.025708634303171614
0.374522789143936,0.5102675320357603,-0.10740249417682347,0.04293752148684315
0.3646975345415166,0.5268848303753715,-0.10535537499481211,0.059107804475790254
0.3705743223410945,0.5405649832531272,-0.11332361095496665,0.07370944496285543
0.3588207467419387,0.5513224593658839,-0.11260337889792718,0.0863629163799738
0.3451082418762568,0.5591427900167849,-0.12871571046662386,0.09682619588093332
0.3392008458068894,0.5650026122436396,-0.1532011167280304,0.10498471226411349
0.3392008458068894,0.5689163947433042,-0.12372069945727344,0.11082884177482409
0.3392008458068894,0.5728229428945406,-0.13029697509613702,0.11442525905178526
0.274494963471953,0.5747834513185871,-0.2477681445983928,0.11588873163814875
0.2647003171393232,0.5757600883563961,-0.15183886636125063,0.11535983343978097
0.9411736877563656,0.5757600883563961,0.4179548355421158,0.11299190197764136
1.503906727835743,0.5747834513185871,1.0272031579731071,0.10894792938465121
1.503906727835743,0.5708696688189224,1.064362047788686,0.10340555826692654
1.1058767874934952,0.5650026122436396,0.562037161382041,0.09656648282057206
0.4803967943457073,0.5581589186305476,0.06382565695598036,0.08866569700931194
0.419608770543823,0.5483853139040282,-0.09980685022210538,0.079976292332314
0.3843174354765659,0.5376350721396999,-0.086905754359023,0.07080672328718263
0.3549028882088867,0.5288381044509897,-0.11633582533255463,0.0614892670687845
0.3294061994742595,0.5200411367622795,-0.16125807016293475,0.05236035839743087
0.3196115531416296,0.5092836606495229,-0.15979824409840848,0.043735186159480646
0.3294061994742595,0.5004866929608127,-0.14569525669296624,0.03588016422283041
0.3490261004093087,0.4936429993477207,-0.14018668336176943,0.02898753327653753
0.3451082418762568,0.487783177120866,-0.13119076170829302,0.023156327219849764
0.3646975345415166,0.4828927575833923,-0.1177410254471915,0.018383180127861748
0.374522789143936,0.4809394835077741,-0.10967992966215295,0.014565024288592314
0.3705743223410945,0.479962846469965,-0.10847131063715013,0.011513863472758169
0.3803995769435139,0.4789862094321558,-0.1034607151731987,0.008981823494391446
0.3901942232761438,0.4789862094321558,-0.09170096786247157,0.00669295761613205
0.4039067281418257,0.4770257010081094,-0.07869291615458156,0.004377181580415433
0.419608770543823,0.4740957898946821,-0.06271795185670648,0.0018014788851983157
0.4392286714788723,0.4711658787812548,-0.04300901481294962,-0.0012058135310453505
0.46469475194371,0.466275459243781,-0.02056644576610492,-0.00474044697844348
0.4901914406783372,0.4613850397063073,0.011270299174415183,-0.008818489961964122
0.5392258888810657,0.4565018545172618,0.05270748274575828,-0.01338267543749215
0.5803940117479008,0.451611434979788,0.09730350090570161,-0.018316810004223267
0.6254799931477878,0.4467282497907424,0.1465677694129836,-0.02346534151618181
0.6862680169496722,0.4418378302532686,0.195519478556885,-0.02865492062130392
0.7058879178847215,0.4369474107157949,0.2301856860969419,-0.0337150306390645
0.7411792529519786,0.4330408625645585,0.2517890855939718,-0.038495351883804055
0.7509738992846084,0.4301109514511312,0.2707142769496558,-0.042878325555940976
0.7666759416866058,0.4261971689514665,0.2818174039721873,-0.04678625288076805
0.7509738992846084,0.4232672578380392,0.26780297785009705,-0.05018306597514831
0.7098057764177734,0.4213067494139927,0.2251802969294398,-0.05307151400712259
0.654894540415467,0.4193534753383746,0.17280130090719442,-0.05548686411806048
0.60980855901558,0.4164235642249472,0.12444634026218102,-0.057488331732537104
0.5548973230132735,0.414470290149329,0.0720253654028051,-0.05914937015848814
0.4941092992113892,0.4134864187630917,0.010388854424616824,-0.06054773873455588
0.4392286714788723,0.4125097817252826,-0.0452874828337761,-0.06175605434111984
0.4039067281418257,0.4115331446874735,-0.07846679720249482,-0.0628334245646797
0.3941120818091958,0.4115331446874735,-0.09157232130619772,-0.06381878205933679
0.3803995769435139,0.4115331446874735,-0.10049695811795951,-0.06472661980556688
0.374522789143936,0.4115331446874735,-0.11286697586037901,-0.0655458668279586
0.3588207467419387,0.4115331446874735,-0.12029964642534474,-0.06624254429793039
0.3705743223410945,0.4115331446874735,-0.1175730427322092,-0.06676651800209848
0.3646975345415166,0.4105565076496644,-0.1144316714758438,-0.06706208001657792
0.3705743223410945,0.4095798706118552,-0.11677721309759041,-0.06708130073466825
0.3646975345415166,0.4095798706118552,-0.11523155367112306,-0.0667982392736383
0.3803995769435139,0.4095798706118552,-0.10531991336362573,-0.06622140622295015
0.3843174354765659,0.4095798706118552,-0.0971674999744643,-0.06540156073334923
0.3901942232761438,0.4095798706118552,-0.09401867797827282,-0.06443213629000039
0.3941120818091958,0.4105565076496644,-0.08798079956998064,-0.06344036615883543
0.3999888696087737,0.4105565076496644,-0.08243562998466936,-0.06256849427226213
0.3999888696087737,0.414470290149329,-0.08485826746981062,-0.0619462297701428
0.3941120818091958,0.4193534753383746,-0.08491037355798506,-0.06165764910771175
0.4098141242111931,0.4213067494139927,-0.07557307610083105,-0.061707702483550245
0.4098141242111931,0.4222906208002301,-0.07109434899976956,-0.06199478409781219
0.4039067281418257,0.4222906208002301,-0.07766157090059465,-0.06229591356005326
0.3999888696087737,0.4222906208002301,-0.08328031052392582,-0.062269690844199393
0.3941120818091958,0.4222906208002301,-0.08576137537455333,-0.06147953134774223
0.3901942232761438,0.4222906208002301,-0.0930975470164234,-0.059436278571229476
0.3803995769435139,0.4232672578380392,-0.09948141626982578,-0.05565573508547752
0.3901942232761438,0.4252205319136574,-0.09149732799966012,-0.04972354027713801
0.4098141242111931,0.4301109514511312,-0.07101278622100152,-0.04135773239890536
0.4294034168764529,0.4408611932154596,-0.05120182186854883,-0.03045878971479594
0.4392286714788723,0.4555252174794526,-0.04100257967266194,-0.017138298494065354
0.4352802046760309,0.4740957898946821,-0.04484334014735323,-0.0017206164136609877
0.419608770543823,0.4956035077717671,-0.061241027026501256,0.015283541574443223
0.3999888696087737,0.5180806283382331,-0.07754271613733171,0.03322772009152816
0.4039067281418257,0.539588346215318,-0.07841052516435429,0.05139642577868286
0.4156909120107711,0.5581589186305476,-0.06054427147098446,0.06907719936146584
0.4392286714788723,0.5728229428945406,-0.04226578025862539,0.0856269299216732
0.4294034168764529,0.5855336930829155,-0.045680498784421326,0.10052305849200714
0.4294034168764529,0.5962839348472438,-0.05447536478728701,0.11339372200166266
0.4254855583434009,0.605080902535954,-0.047010255240646386,0.12402500604775243
0.419608770543823,0.6129012331868552,-0.05666433313249111,0.1323473697642858
0.4156909120107711,0.6177916527243289,-0.07427517600300841,0.1384063126945033
0.4254855583434009,0.6197449267999471,-0.03732813026206879,0.14232416981660545
0.4294034168764529,0.6207215638377562,-0.040850497405275646,0.14426051158770506
0.3646975345415166,0.6216982008755654,-0.15307692242803267,0.14437806399199013
0.3549028882088867,0.6216982008755654,-0.05954359093691561,0.14281945949261401
0.99216706522562,0.6207215638377562,0.47026662590312096,0.13969770496028225
1.503906727835743,0.6177916527243289,1.031019246312209,0.13510042880836096
1.503906727835743,0.6129012331868552,1.0729142914550296,0.12910530752513338
1.1470449103603302,0.6070414109600005,0.601856571671635,0.12180208211730613
0.5098113416133866,0.5992210803090994,0.10130359537687125,0.11331556376557268
0.4352802046760309,0.5894402412341518,-0.07443815994444564,0.10382407164628078
0.4254855583434009,0.5796666365076326,-0.04588266773789073,0.09356874908182694
0.4039067281418257,0.5679397577054951,-0.05506857367874628,0.08285095644481949
0.3843174354765659,0.5552290075171202,-0.09901268981214544,0.07201714983768519
0.3646975345415166,0.5425254916771737,-0.1088782630993539,0.06143298090723061
0.3588207467419387,0.5307913785266078,-0.10450548018026369,0.05145041536947874
0.3803995769435139,0.5210177738000886,-0.09982553079494282,0.04237307401488212
0.374522789143936,0.5131974431491875,-0.09226937257957213,0.034425437379154065
0.3843174354765659,0.5073303865739046,-0.08736766487233213,0.027730917857208492
0.3901942232761438,0.5024472013848591,-0.08029825224283105,0.02230224885632284
0.3999888696087737,0.4995100559230035,-0.07076732220115371,0.01804552868417435
0.4039067281418257,0.4985334188851945,-0.06372913818813694,0.01477701668947961
0.419608770543823,0.4965801448095762,-0.0523840981529316,0.01224980621258273
0.4294034168764529,0.494626870733958,-0.03599992474419689,0.010186113765038111
0.4451054592784502,0.4936429993477207,-0.026183793814124903,0.008310338802302765
0.4490233178115022,0.4916897252721025,-0.017485305182276836,0.006378310912936307
0.4745200065461294,0.487783177120866,0.007674273087372203,0.0041991280258805155
0.5098113416133866,0.4838693946212014,0.041503879821572734,0.0016474737248182159
0.5353080303480138,0.479962846469965,0.06891230577343829,-0.0013340020051724182
0.5705993654152709,0.4760490639703003,0.10554759032916483,-0.0047410812801440575
0.6293978516808398,0.4721425158190639,0.16265978370907716,-0.00852085645833565
0.6803912291500942,0.4682287333193992,0.21504846336918937,-0.012588234161517676
0.7098057764177734,0.4643221851681628,0.24564504194537495,-0.016843214679994573
0.7313846066193487,0.459431765630689,0.26656866940025437,-0.021186507646897616
0.7450971114850305,0.4555252174794526,0.2813970951673785,-0.025531690463760272
0.7450971114850305,0.451611434979788,0.2806710035193201,-0.029812858573114963
0.7254772105499813,0.4477048868285516,0.2641788257360097,-0.03398746746497428
0.6960932715520916,0.4437911043288869,0.23168840440948915,-0.038034753522024144
0.6411820355497851,0.4408611932154596,0.1798209171752274,-0.04195066415757997
0.5803940117479008,0.4359707736779858,0.11857659623292763,-0.04574055312714551
0.5196059879460164,0.4310875884889403,0.05878104962155567,-0.049410968671496754
0.4607768934106581,0.4271738059892756,-0.0018519829720121568,-0.05296171444927153
0.3999888696087737,0.4242438948758483,-0.05765246766837445,-0.05637911811989837
0.3705743223410945,0.4213067494139927,-0.09233828549889883,-0.059631255535559764
0.3490261004093087,0.4183768383005654,-0.10823903596416558,-0.06266581665565414
0.3352829872738374,0.4174002012627563,-0.12495533761416758,-0.06541128335636544
0.3137347653420516,0.414470290149329,-0.14525481117739658,-0.06778196570911676
0.3039095107396323,0.4125097817252826,-0.15315663295458845,-0.0696870839440287
0.3098169068089997,0.4095798706118552,-0.14881614960360645,-0.07104344163879445
0.3098169068089997,0.407626596536237,-0.14792201526059862,-0.07179038763555741
0.3098169068089997,0.4066499594984279,-0.14638713387175895,-0.07190492044975913
0.3235294116746816,0.4066499594984279,-0.13294493721459247,-0.07141422392813576
0.3352829872738374,0.4066499594984279,-0.12209171443419266,-0.07040285083080022
0.3294061994742595,0.4086032335740461,-0.12456107121649246,-0.06901226343146483
0.3352829872738374,0.4105565076496644,-0.1223545907994559,-0.06743142910240128
0.3392008458068894,0.4125097817252826,-0.11178176205440943,-0.06587849070729715
0.3490261004093087,0.414470290149329,-0.11108419202309229,-0.06457496211656866
0.3352829872738374,0.4154469271871381,-0.11403687596764892,-0.06371519239074877
0.3451082418762568,0.4164235642249472,-0.10928170996398104,-0.0634347911227991
0.3451082418762568,0.4164235642249472,-0.1119325130100332,-0.06378218528792877
0.3294061994742595,0.4154469271871381,-0.11946532637364754,-0.0646974330462572
0.3352829872738374,0.414470290149329,-0.11689117790202255,-0.06600185372546176
0.3352829872738374,0.4134864187630917,-0.12231518362940633,-0.06740099237693484
0.3098169068089997,0.4115331446874735,-0.13593125625793687,-0.06850201106269076
0.3294061994742595,0.4105565076496644,-0.12399444618100743,-0.06884490862452522
0.3549028882088867,0.4105565076496644,-0.09908559908453413,-0.0679451711031196
0.3490261004093087,0.4115331446874735,-0.09658968132977332,-0.06534375146538546
0.3549028882088867,0.414470290149329,-0.10085008467372965,-0.06065891521842812
0.3490261004093087,0.4203301123761837,-0.09513653843094005,-0.05363370991089167
0.3549028882088867,0.4281504430270847,-0.10156446579465869,-0.044172819590017565
0.3196115531416296,0.4389079191398414,-0.12408153587006698,-0.03236346949297382
0.3098169068089997,0.4535647090554062,-0.1407426532104574,-0.018476855244240715
0.3098169068089997,0.4721425158190639,-0.14281256917122184,-0.002949142472060608
0.3098169068089997,0.4916897252721025,-0.13210280728475368,0.013655907215063759
0.3294061994742595,0.5102675320357603,-0.123085096152663,0.030697713741433156
0.3196115531416296,0.5288381044509897,-0.12853778067501917,0.047515929621682045
0.3196115531416296,0.5444787657527919,-0.12555040385196975,0.06348577514208857
0.3294061994742595,0.5581589186305476,-0.11869459143569387,0.07806431490136806
0.2999916522065803,0.5689163947433042,-0.14478557330505892,0.0908223033354707
0.3137347653420516,0.5767367253942053,-0.14712233473618316,0.10145905354950244
0.3137347653420516,0.5835804190072973,-0.10288798796610975,0.10980085358473858
0.3235294116746816,0.5884636041963428,-0.14960836326517657,0.1157861472073963
0.2588235293397452,0.5894402412341518,-0.1989098693191237,0.11944252831027288
0.4941092992113892,0.590416878271961,0.12234050853778,0.12086131711171408
1.3568645997671365,0.590416878271961,0.7846613205499138,0.12017506290081706
1.503906727835743,0.5894402412341518,1.2005814177260306,0.11754188364409004
1.503906727835743,0.5865103301207246,0.9459360745768259,0.11313839830497172
0.6803912291500942,0.5826037819694881,0.2884763093417637,0.1071606010115949
0.2999916522065803,0.5767367253942053,-0.139032099584475,0.09982992037658822
0.3294061994742595,0.5698930317811133,-0.1479692730005844,0.09140037217739762
0.3352829872738374,0.560119427054594,-0.08484489989756881,0.08216242623471068
0.3137347653420516,0.5483853139040282,-0.1331433689749378,0.07244002452532436
0.2843202180743724,0.5366584351018908,-0.16937110577361994,0.06257892648702441
0.2843202180743724,0.523947684913516,-0.15174558489137452,0.052926797696603474
0.3098169068089997,0.5131974431491875,-0.13456591356698727,0.043807617359721655
0.3196115531416296,0.5053771124982864,-0.12796335113136934,0.03549449264699852
0.3137347653420516,0.4985334188851945,-0.126528572860743,0.028185478038747477
0.3196115531416296,0.4926663623099116,-0.12432004237279379,0.021986478540244804
0.3294061994742595,0.4868065400830569,-0.11509945637915504,0.016904046519119427
0.3392008458068894,0.4828927575833923,-0.10352205200985548,0.012849267571300187
0.3549028882088867,0.4809394835077741,-0.08782906231575674,0.009652284171989801
0.374522789143936,0.479962846469965,-0.06857712413681595,0.007085488657633459
0.3901942232761438,0.4789862094321558,-0.054766698805906455,0.0048921563772723374
0.4039067281418257,0.4780023380459186,-0.036065989966240324,0.002816486877628946
0.4451054592784502,0.4740957898946821,-5.286368447764318e-05,0.0006309054398614403
0.4803967943457073,0.4701892417434457,0.03764688194781228,-0.0018428469224698086
0.5098113416133866,0.466275459243781,0.06780920273341778,-0.0047209807703459585
0.5509794644802216,0.4623689110925446,0.10747706457462891,-0.00805381887188672
0.605890700482528,0.4574784915550708,0.16262405349654782,-0.01182991970920263
0.6607713282150449,0.4525880720175971,0.218695252669301,-0.015986205587006978
0.7098057764177734,0.4486815238663607,0.26608388881830336,-0.02042165057808196
0.7450971114850305,0.444767741366696,0.30254562221312714,-0.025012111445436275
0.7666759416866058,0.4408611932154596,0.3237127911742869,-0.029624319223510602
0.7705938002196577,0.4359707736779858,0.3269073677496786,-0.03412770261189558
0.7548917578176605,0.4310875884889403,0.31297393843400323,-0.03840336502520833
0.7254772105499813,0.4271738059892756,0.28089311557142593,-0.04235003866297801
0.6705965828174644,0.4242438948758483,0.22832101200602883,-0.04588718346066814
0.6000139126829501,0.4213067494139927,0.15673810351007506,-0.048955656288821446
0.5196059879460164,0.4183768383005654,0.07491619762132584,-0.051516579177997505
0.4392286714788723,0.4164235642249472,-0.0023605270679814584,-0.05354914474904025
0.3803995769435139,0.414470290149329,-0.06496748317954239,-0.05504806782350794
0.3294061994742595,0.4134864187630917,-0.11355423503234344,-0.05602123982480235
0.2941148644070023,0.4125097817252826,-0.14957397103985554,-0.05648792944301705
0.274494963471953,0.4125097817252826,-0.17044389998615678,-0.05647766189229552
0.2647003171393232,0.4134864187630917,-0.1783896638850756,-0.05602974136864619
0.2647003171393232,0.4134864187630917,-0.1803885649461866,-0.05519327303399897
0.2686181756723751,0.414470290149329,-0.17588682920063198,-0.05402748120411308
0.2843202180743724,0.4164235642249472,-0.15990175705897025,-0.05260209037294514
0.3039095107396323,0.4183768383005654,-0.14106556571133452,-0.05099753438808757
0.3137347653420516,0.4203301123761837,-0.13193328333539842,-0.04930478752603085
0.3196115531416296,0.4222906208002301,-0.12550644820538806,-0.04762463016943201
0.3294061994742595,0.4222906208002301,-0.11385063617861654,-0.046066104007826625
0.3451082418762568,0.4232672578380392,-0.10580279146265646,-0.044743754358712216
0.3392008458068894,0.4232672578380392,-0.10030539655419204,-0.043773075860562935
0.3646975345415166,0.4232672578380392,-0.08608899506825603,-0.04326352481811924
0.374522789143936,0.4232672578380392,-0.07112735402255055,-0.04330868120142963
0.374522789143936,0.4242438948758483,-0.06876960986557264,-0.04397368671282253
0.3803995769435139,0.4232672578380392,-0.07284417949161011,-0.045280873273567945
0.3646975345415166,0.4222906208002301,-0.07510939461806511,-0.04719533001589025
0.3705743223410945,0.4203301123761837,-0.0830312723759964,-0.049612779930639936
0.3451082418762568,0.4174002012627563,-0.09927181360597168,-0.05235234308988913
0.3392008458068894,0.4154469271871381,-0.10977868868576904,-0.05515647563585219
0.3352829872738374,0.4125097817252826,-0.1123186560794359,-0.05769964086782784
0.3352829872738374,0.4095798706118552,-0.11555134747355916,-0.05960620691591896
0.3392008458068894,0.4086032335740461,-0.1066333792197255,-0.06047682041418389
0.3705743223410945,0.4095798706118552,-0.08087005906724212,-0.05992125015763567
0.3803995769435139,0.4105565076496644,-0.0678172211931219,-0.05759461201061739
0.3803995769435139,0.4134864187630917,-0.0727467639431125,-0.05323311664678026
0.3705743223410945,0.4193534753383746,-0.07250168386767142,-0.04668511166692395
0.3803995769435139,0.4271738059892756,-0.07909844804408266,-0.037933310307903714
0.3392008458068894,0.4369474107157949,-0.10640432560189796,-0.02710481862546991
0.3235294116746816,0.4506347979419788,-0.12612979313798453,-0.014466937803457355
0.3352829872738374,0.4672520962815901,-0.12265428492144897,-0.0004086395662391188
0.3392008458068894,0.4858226686968196,-0.10815779577824297,0.014590159663273407
0.3549028882088867,0.5034238384226682,-0.09603980248137142,0.02999729721477281
0.3588207467419387,0.5200411367622795,-0.09902968823799276,0.045269390343143597
0.3490261004093087,0.5337212896400352,-0.10377405378740018,0.05988931064593603
0.3352829872738374,0.5435021287149827,-0.10832277678812025,0.07339534734554348
0.3294061994742595,0.553275733441502,-0.13690846460238157,0.0853994941940701
0.3294061994742595,0.5620727011302122,-0.1298973786912804,0.09559490117056148
0.3392008458068894,0.5698930317811133,-0.08136380481764147,0.10375476383606382
0.3549028882088867,0.5757600883563961,-0.14389163350045334,0.10972620153338775
0.2686181756723751,0.5796666365076326,-0.18090562190733803,0.11342283660168324
0.5960654458801087,0.5826037819694881,0.21071351946742792,0.11481902757815131
1.503906727835743,0.5816199105832508,0.9014929059476772,0.11394738743817942
1.503906727835743,0.5806432735454417,1.2295923873974837,0.11089969900785893
1.503906727835743,0.5777133624320144,0.881208663914065,0.10582994284718057
0.605890700482528,0.5708696688189224,0.2538552733801912,0.09895714308690239
0.4098141242111931,0.5620727011302122,-0.0819389014310034,0.0905653224522093
0.3941120818091958,0.5522990964036929,-0.0780293818719327,0.08099814281121674
0.374522789143936,0.5425254916771737,-0.06284731733975288,0.0706467096066025
0.3490261004093087,0.5307913785266078,-0.11549803248832904,0.05993028443867189
0.3490261004093087,0.5190644997244704,-0.12119362971369331,0.04927099847398913
0.3451082418762568,0.5083070236117138,-0.10193021648393749,0.03906487911162892
0.3588207467419387,0.4975567818473854,-0.10794174542936365,0.029652420482591993
0.3549028882088867,0.4897364511964843,-0.10881550357434254,0.021292373228615644
0.3646975345415166,0.4828927575833923,-0.0896828224002245,0.014142281592708122
0.3901942232761438,0.4770257010081094,-0.07757761188457506,0.008248563292920102
0.3803995769435139,0.4721425158190639,-0.08132351449632044,0.003547752643671297
0.3843174354765659,0.4692053703572084,-0.07565034258656785,-0.00012088054030294549
0.4039067281418257,0.4672520962815901,-0.060397532323979056,-0.0029925776194941944
0.4098141242111931,0.466275459243781,-0.05923440438912492,-0.005346801668101282
0.4039067281418257,0.466275459243781,-0.050449965015447976,-0.007473117636745628
0.4607768934106581,0.4643221851681628,-0.012159417297636697,-0.009637608517853394
0.4843146528787593,0.4623689110925446,0.02141302132691314,-0.012054209974759644
0.4999860870109672,0.4584551285928799,0.03680469801912549,-0.014864618544419303
0.5294006342786464,0.4545485804416435,0.06168804735329861,-0.01812904321821131
0.5705993654152709,0.4496581609041697,0.10133729433140357,-0.021828300209220608
0.60980855901558,0.444767741366696,0.14967748100408906,-0.025875965532751045
0.6803912291500942,0.4398845561776505,0.20575557696138108,-0.030137844134715833
0.7156825642173513,0.4349941366401767,0.2528307619386299,-0.03445512615898059
0.7509738992846084,0.4310875884889403,0.2805987618575736,-0.0386673873713265
0.7666759416866058,0.4271738059892756,0.29858811765180104,-0.04263203539533631
0.7764705880192357,0.4252205319136574,0.3072719922249793,-0.046237786675703545
0.7666759416866058,0.4232672578380392,0.29696964472906456,-0.049411077877493687
0.7353024651524006,0.4222906208002301,0.2659938488665573,-0.05211570272886193
0.6901858754827241,0.4203301123761837,0.21856971880395204,-0.054347125069074645
0.6293978516808398,0.4174002012627563,0.16008072420375458,-0.056123598812730935
0.5705993654152709,0.4154469271871381,0.09785320743181114,-0.057476320323723365
0.5098113416133866,0.414470290149329,0.03960259220330334,-0.058440456025297065
0.46469475194371,0.414470290149329,-0.009272773111148536,-0.059048292503489266
0.419608770543823,0.414470290149329,-0.050114404042453146,-0.059325198358636484
0.3901942232761438,0.414470290149329,-0.08628092126576027,-0.059288660057805365
0.3588207467419387,0.414470290149329,-0.11130578759561474,-0.0589503081903612
0.3549028882088867,0.4154469271871381,-0.12038388826068806,-0.05832051789890133
0.3490261004093087,0.4164235642249472,-0.12555357194813513,-0.05741484869718203
0.3392008458068894,0.4183768383005654,-0.1336363922610962,-0.05626133296822935
0.3451082418762568,0.4193534753383746,-0.1319046366959879,-0.054907456993015184
0.3549028882088867,0.4203301123761837,-0.11842007691675395,-0.0534255863693225
0.3646975345415166,0.4213067494139927,-0.11230542045374792,-0.051915550928389204
0.3588207467419387,0.4232672578380392,-0.11745598365648369,-0.05050315787614717
0.3588207467419387,0.4232672578380392,-0.11582926837764596,-0.04933362700126867
0.374522789143936,0.4242438948758483,-0.10448587824237059,-0.048559399227155256
0.3803995769435139,0.4242438948758483,-0.09568264314972166,-0.04832245848833161
0.3901942232761438,0.4242438948758483,-0.08714436930267858,-0.04873218292263981
0.4039067281418257,0.4242438948758483,-0.07435736501153384,-0.04984073414375929
0.4098141242111931,0.4242438948758483,-0.06903726726041447,-0.051618982500621274
0.3999888696087737,0.4232672578380392,-0.07686348032207492,-0.0539367607196866
0.3941120818091958,0.4222906208002301,-0.08698348621512156,-0.05655159636000945
0.3843174354765659,0.4203301123761837,-0.09309646685637561,-0.059109765925873414
0.3803995769435139,0.4193534753383746,-0.1000723949907503,-0.06116240839848159
0.3705743223410945,0.4174002012627563,-0.1095861505715811,-0.0621975568622783
0.3646975345415166,0.4154469271871381,-0.11431723445978853,-0.06168648066741111
0.374522789143936,0.4154469271871381,-0.10721058707704889,-0.05914001891304001
0.3901942232761438,0.4174002012627563,-0.09050270635544379,-0.054168119186765396
0.4039067281418257,0.4222906208002301,-0.07516749228218284,-0.04653415379521427
0.4156909120107711,0.4310875884889403,-0.06977213239328975,-0.03619529285344106
0.4039067281418257,0.444767741366696,-0.07314290107810437,-0.023321569723592006
0.3999888696087737,0.4633455481303537,-0.08437134532751135,-0.008289245757752075
0.3803995769435139,0.4848460316590105,-0.103450825151932,0.008351755847451839
0.3549028882088867,0.5073303865739046,-0.12219578090881938,0.025932031511117185
0.3549028882088867,0.5268848303753715,-0.13370485955003772,0.04373029914087701
0.3490261004093087,0.5444787657527919,-0.1306128727129279,0.06104399017131604
0.374522789143936,0.5591427900167849,-0.10897603838531089,0.07725234992818684
0.3843174354765659,0.5698930317811133,-0.09823193230727424,0.09186358880162258
0.3705743223410945,0.5816199105832508,-0.1169455456700388,0.1045410466757532
0.3490261004093087,0.5914007496581983,-0.13129912261685028,0.11510719596290263
0.3392008458068894,0.5992210803090994,-0.1388839850255621,0.12352775202885379
0.3549028882088867,0.605080902535954,-0.14796791878382712,0.12988067694901784
0.3490261004093087,0.6080180479978096,-0.11643687754066916,0.13431633803675325
0.3588207467419387,0.6099713220734279,-0.12169677451017503,0.1370156090905398
0.2784434302747945,0.6109479591112369,-0.2434442729608532,0.1381523776947935
0.2647003171393232,0.611924596149046,-0.1675807405592817,0.1378658023616724
0.9215537868213162,0.6099713220734279,0.39944731900152786,0.13624585179119922
1.503906727835743,0.6080180479978096,1.0237487340421763,0.1333333867105492
1.503906727835743,0.6060575395737632,1.04299139262186,0.12913364409001227
1.041170905158559,0.6021509914225267,0.5129170937789032,0.12363979185646083
0.4706021480130775,0.597260571885053,0.032438498156244125,0.11686154731189625
0.4156909120107711,0.590416878271961,-0.10516123348391393,0.108852984209146
0.3803995769435139,0.5806432735454417,-0.09136408146794196,0.09973381517291632
0.374522789143936,0.5689163947433042,-0.10956798798288893,0.08969967438137308
0.3490261004093087,0.5571822815927384,-0.13999570755365098,0.07901903510256512
0.3352829872738374,0.5444787657527919,-0.15482139268267348,0.06801694325267234
0.3196115531416296,0.5307913785266078,-0.15701741140613404,0.057048192518930195
0.3490261004093087,0.5190644997244704,-0.1429662244166681,0.04646442642460697
0.3549028882088867,0.5092836606495229,-0.13396166306143187,0.03658059395411478
0.3451082418762568,0.5014633299986218,-0.13161051542265606,0.027646051259037713
0.3803995769435139,0.494626870733958,-0.11457258265698927,0.019824462390864606
0.3843174354765659,0.4887598141586752,-0.09829683957459018,0.013184829000774105
0.3901942232761438,0.4848460316590105,-0.09449698524274348,0.00770394228985302
0.4039067281418257,0.4809394835077741,-0.08465470408091455,0.003278735185741048
0.4156909120107711,0.4780023380459186,-0.06955255613747136,-0.00025429084535890696
0.4254855583434009,0.4750724269324912,-0.059894761072088465,-0.003096039892777959
0.4392286714788723,0.4721425158190639,-0.04701135126740631,-0.005461652927776315
0.46469475194371,0.4692053703572084,-0.022698848862456607,-0.007560065766857836
0.4941092992113892,0.4672520962815901,0.011038513897522879,-0.009578203631067917
0.5392258888810657,0.4633455481303537,0.050908378908158546,-0.011670626210133341
0.5803940117479008,0.4604084026684982,0.09507058997671171,-0.013954421157294
0.6254799931477878,0.4574784915550708,0.1421733384799119,-0.01650837605280353
0.6764733706170423,0.4545485804416435,0.18684045234174307,-0.019375058316242543
0.7058879178847215,0.4525880720175971,0.22425794003143903,-0.022564448607755867
0.7411792529519786,0.4496581609041697,0.25386667790269696,-0.026058138932486454
0.7548917578176605,0.4467282497907424,0.269760126777584,-0.029813634102274746
0.7509738992846084,0.4418378302532686,0.2666644679686063,-0.03376874658625635
0.7353024651524006,0.4369474107157949,0.24983597240614358,-0.03784627326182284
0.7058879178847215,0.4330408625645585,0.22118639004748109,-0.041959061482114424
0.6607713282150449,0.4281504430270847,0.17635101839443496,-0.04601533517582874
0.605890700482528,0.4242438948758483,0.12103051427241557,-0.049923931727838336
0.5509794644802216,0.4203301123761837,0.0676068129181177,-0.05359900457169356
0.5058934830803345,0.4164235642249472,0.02042264051717508,-0.0569637928506871
0.4607768934106581,0.4134864187630917,-0.021555227058515487,-0.059953222624424436
0.4294034168764529,0.4115331446874735,-0.05523061129902414,-0.06251535106787649
0.4098141242111931,0.4095798706118552,-0.0738272212094448,-0.06461195430461128
0.4039067281418257,0.4086032335740461,-0.07807556326700718,-0.06621882072913425
0.4039067281418257,0.407626596536237,-0.08016988652726377,-0.06732644447375324
0.3999888696087737,0.407626596536237,-0.08336184585118608,-0.06794172359620178
0.4039067281418257,0.4056660881121906,-0.07593480674871105,-0.06809091040459457
0.4254855583434009,0.4046894510743815,-0.060011348729704234,-0.06782346990716077
0.4294034168764529,0.4046894510743815,-0.05069483939022851,-0.06721580871294976
0.4352802046760309,0.4037128140365724,-0.046175487644272525,-0.06637326692325883
0.4451054592784502,0.4046894510743815,-0.037747811220705196,-0.06542855916716621
0.4490233178115022,0.4056660881121906,-0.03090338489886321,-0.06453514859230787
0.4490233178115022,0.407626596536237,-0.031993444360272225,-0.0638548266213349
0.4451054592784502,0.4086032335740461,-0.03595121592007296,-0.06353989012067274
0.4451054592784502,0.407626596536237,-0.03478092265517644,-0.06371148296969614
0.4490233178115022,0.407626596536237,-0.03019666880704579,-0.06443661039373623
0.4490233178115022,0.4056660881121906,-0.031921255924656874,-0.06570686146213175
0.4392286714788723,0.4037128140365724,-0.039175143080656206,-0.0674219684064676
0.4352802046760309,0.4027361769987633,-0.04279348231584511,-0.06938106813942514
0.4352802046760309,0.400782902923145,-0.04522218728970834,-0.0712839924295906
0.4254855583434009,0.400782902923145,-0.05140464269228749,-0.07274413306721214
0.419608770543823,0.3998062658853359,-0.05726592191768814,-0.07331338840151841
0.419608770543823,0.3998062658853359,-0.060711434140583796,-0.0725183635657363
0.4156909120107711,0.400782902923145,-0.058661133366190395,-0.06990539794244072
0.4294034168764529,0.4037128140365724,-0.04787398696606169,-0.06509029695156274
0.4392286714788723,0.4086032335740461,-0.038636778424165075,-0.057807161903711574
0.4352802046760309,0.4164235642249472,-0.039091093239699275,-0.04794981763301746
0.4294034168764529,0.4261971689514665,-0.045340482621157016,-0.035599363177705366
0.419608770543823,0.4408611932154596,-0.05900935502154289,-0.021032519460723716
0.3901942232761438,0.459431765630689,-0.0802643449117067,-0.004707744222519823
0.3803995769435139,0.479962846469965,-0.09624498249916373,0.012770692902815784
0.3803995769435139,0.5004866929608127,-0.09428003829326355,0.03070686032951551
0.3941120818091958,0.5200411367622795,-0.07696177470519734,0.048378473524671464
0.4039067281418257,0.538611709177509,-0.070025181561484,0.06510418829814989
0.3901942232761438,0.5542523704793112,-0.08416696104627305,0.08030323368021816
0.3843174354765659,0.5659792492814486,-0.08700527142377605,0.09353901355405038
0.3803995769435139,0.5737995799323498,-0.08694926860105376,0.10454108011049497
0.3588207467419387,0.5806432735454417,-0.11813421452412141,0.11320363545298744
0.3646975345415166,0.5835804190072973,-0.11466879686146074,0.11956272685560117
0.3588207467419387,0.5845570560451063,-0.07690208803497378,0.12375778998281486
0.374522789143936,0.5855336930829155,-0.14238273524433726,0.12598552608898075
0.2941148644070023,0.5855336930829155,-0.1584223990020759,0.1264548916690316
0.6509766818824151,0.5845570560451063,0.23636212286690467,0.12535113939358572
1.503906727835743,0.5835804190072973,0.9008592489106256,0.12281459128253003
1.503906727835743,0.5816199105832508,1.21873794091873,0.11893663369589187
1.503906727835743,0.5786899994698235,0.860447463437263,0.11377193304624998
0.5509794644802216,0.5737995799323498,0.19894877076399198,0.10736272817184947
0.3588207467419387,0.5689163947433042,-0.14249016281470156,0.09976881711495784
0.3803995769435139,0.560119427054594,-0.10698950058509282,0.09109590953600519
0.3549028882088867,0.5503385879796465,-0.07984929071806086,0.08151552603719421
0.3392008458068894,0.5366584351018908,-0.13887301299115803,0.07127150828765985
0.3294061994742595,0.5229710478757068,-0.14020122755149622,0.06067110014760384
0.3392008458068894,0.5102675320357603,-0.11756363130105021,0.050061848449363476
0.3392008458068894,0.4975567818473854,-0.126723127101337,0.03979849928598606
0.3352829872738374,0.4868065400830569,-0.13079517942473295,0.0302059823293847
0.3392008458068894,0.4780023380459186,-0.1220674451950462,0.021545135907577145
0.3451082418762568,0.4711658787812548,-0.11563842963929324,0.013987030072953936
0.3588207467419387,0.466275459243781,-0.1079841953041715,0.007599867845257594
0.3588207467419387,0.4633455481303537,-0.09817521022270699,0.0023499437512768512
0.374522789143936,0.4604084026684982,-0.08917758813611656,-0.0018844329311589966
0.3803995769435139,0.4565018545172618,-0.08052674102561697,-0.005289245913923121
0.3901942232761438,0.4535647090554062,-0.06866417678117834,-0.008085748307882397
0.4098141242111931,0.4496581609041697,-0.05105035474749689,-0.010500798993803679
0.4294034168764529,0.4477048868285516,-0.030230650643103332,-0.012740674918857595
0.4549001056110801,0.4457443784045051,-0.003337940526121264,-0.01497139304835565
0.4941092992113892,0.4418378302532686,0.035460147753903576,-0.01730728370513226
0.5392258888810657,0.437924047753604,0.08046612371311129,-0.019808227019159
0.5843118702809528,0.4340174996023676,0.12723884188261006,-0.02248469684370531
0.6353052477502072,0.4310875884889403,0.1783194926454862,-0.025308693859629014
0.6803912291500942,0.4271738059892756,0.2230331677674,-0.028227979260782774
0.7058879178847215,0.4242438948758483,0.24948820691982093,-0.031180860468751424
0.7215593520169293,0.4222906208002301,0.2661911617629381,-0.03410910376843466
0.7313846066193487,0.4193534753383746,0.27598875178295046,-0.036967217429853365
0.7215593520169293,0.4154469271871381,0.2649608325331925,-0.03972717545732595
0.6862680169496722,0.4125097817252826,0.233059999444156,-0.04237845613890753
0.6411820355497851,0.4105565076496644,0.18778398456767167,-0.04492395171118498
0.5843118702809528,0.4086032335740461,0.12623082285766798,-0.04737287026484072
0.5058934830803345,0.4066499594984279,0.05770600365742285,-0.049732213186548135
0.4549001056110801,0.4046894510743815,-0.001146028510134088,-0.05199869784087055
0.4039067281418257,0.4017595399609542,-0.050170560900941547,-0.05415297759450925
0.3588207467419387,0.3998062658853359,-0.08974645638252012,-0.05615761856902269
0.3352829872738374,0.3968691204234804,-0.1190935523160287,-0.05795957228841199
0.3098169068089997,0.3939392093100531,-0.14348227735491284,-0.05949698029044654
0.2901970058739504,0.3919859352344348,-0.15689878361799087,-0.06070925000581499
0.2941148644070023,0.3900326611588167,-0.15919818221802612,-0.061548645249788946
0.2901970058739504,0.3900326611588167,-0.16311120965695064,-0.061991303525108246
0.2843202180743724,0.3890487897725793,-0.1595986690007915,-0.06204570766798696
0.3098169068089997,0.3910092981966258,-0.14548564645042594,-0.06175716282511158
0.3039095107396323,0.392962572272244,-0.14459394497714556,-0.06120761418228666
0.2999916522065803,0.3939392093100531,-0.14779725603672803,-0.06051096546418471
0.3196115531416296,0.392962572272244,-0.1297785694593881,-0.0598046707184535
0.3392008458068894,0.392962572272244,-0.11177357897234429,-0.059238584963610896
0.3352829872738374,0.3919859352344348,-0.11110011476910289,-0.05896188199004102
0.3392008458068894,0.3900326611588167,-0.10741512021069423,-0.05910850418617935
0.3549028882088867,0.3890487897725793,-0.0985127963952047,-0.05978139375261688
0.3451082418762568,0.3880721527347702,-0.0963765807176234,-0.06103587308688651
0.3549028882088867,0.3870955156969611,-0.09591147520817997,-0.06286304951110477
0.3490261004093087,0.386118878659152,-0.09813242441550361,-0.06517490539192805
0.3392008458068894,0.3851422416213429,-0.10667737137619518,-0.06779353778228481
0.3352829872738374,0.3831889675457247,-0.11093535779385702,-0.0704474994518694
0.3392008458068894,0.3812284591216783,-0.11015215631419331,-0.07277807804134265
0.3294061994742595,0.37927518504606,-0.1129022026081515,-0.0743574847641482
0.3352829872738374,0.3782985480082509,-0.1144310676061882,-0.07471935256642878
0.3352829872738374,0.3773219109704418,-0.10829911413803281,-0.07339989432035961
0.3490261004093087,0.3782985480082509,-0.09762675515374747,-0.06998590092221066
0.3588207467419387,0.3812284591216783,-0.08761856722303213,-0.06416389176299357
0.3549028882088867,0.3880721527347702,-0.08763971583923054,-0.05576360864652467
0.3451082418762568,0.3978529918097178,-0.10475853380635435,-0.04478904677236166
0.3137347653420516,0.4125097817252826,-0.1269945129151775,-0.031431531456258856
0.3098169068089997,0.4301109514511312,-0.13717140554362037,-0.01606187212895793
0.3137347653420516,0.4506347979419788,-0.1329801000048084,0.0007980665430679905
0.3196115531416296,0.4711658787812548,-0.1208580962016737,0.018520617114005426
0.3352829872738374,0.4907130882342934,-0.11387565440148778,0.036427870258104456
0.3235294116746816,0.5073303865739046,-0.11789828949096891,0.05384959135245911
0.3294061994742595,0.5200411367622795,-0.11935659755907384,0.07017572768107622
0.3098169068089997,0.5337212896400352,-0.12668184087246417,0.08489737952737257
0.3098169068089997,0.54643203982841,-0.14329050598734747,0.09763259659368091
0.3294061994742595,0.5571822815927384,-0.11926457067802572,0.10813595396041159
0.3137347653420516,0.5650026122436396,-0.09984704332462217,0.11629303744120023
0.3196115531416296,0.5698930317811133,-0.1761180151540688,0.12210259332218447
0.274494963471953,0.5718463058567315,-0.1321945248296117,0.1256502659309151
0.7509738992846084,0.5718463058567315,0.32457939399682406,0.12707861070119003
1.503906727835743,0.5698930317811133,0.9663232818147746,0.12655833284621937
1.503906727835743,0.5679397577054951,1.2101634988683876,0.12426529382091044
1.407857977236391,0.5650026122436396,0.8028211581393587,0.120366653565598
0.4745200065461294,0.5610960640924031,0.14566898323753802,0.11501766616558698
0.3196115531416296,0.5562056445549294,-0.16697903155666927,0.10836842815859131
0.3451082418762568,0.5503385879796465,-0.11565222163262211,0.10057774564135794
0.3352829872738374,0.5435021287149827,-0.07705174767807876,0.09182969924575861
0.3392008458068894,0.5347051610262725,-0.12293013677355394,0.08234779662219065
0.3137347653420516,0.523947684913516,-0.1328264666240526,0.07240199357136272
0.3098169068089997,0.5122208061113784,-0.12756992579132376,0.06230531187675815
0.3137347653420516,0.4995100559230035,-0.13394910854248712,0.05239901294509483
0.3196115531416296,0.4887598141586752,-0.1298175330938141,0.043027805108781195
0.3137347653420516,0.4789862094321558,-0.12560447484615334,0.03450877179602459
0.3235294116746816,0.4711658787812548,-0.1259245982189326,0.027099102368240768
0.3235294116746816,0.4652988222059719,-0.121317936889129,0.0209680325072089
0.3294061994742595,0.4604084026684982,-0.1161734422580798,0.016177690985703926
0.3352829872738374,0.4584551285928799,-0.11096011391074484,0.012676047855984234
0.3451082418762568,0.4574784915550708,-0.1014473160969189,0.010303203284206808
0.3588207467419387,0.4565018545172618,-0.08775919285671994,0.008810205126295642
0.3803995769435139,0.4565018545172618,-0.06566157873257675,0.007887778902787157
0.4156909120107711,0.4565018545172618,-0.03211030183765897,0.007201068893387924
0.4549001056110801,0.4565018545172618,0.00806596037919058,0.006425868367027486
0.4999860870109672,0.4545485804416435,0.05287577754190824,0.005281874986372555
0.5548973230132735,0.4525880720175971,0.10661228169665184,0.0035591721617497453
0.6196032053482099,0.4496581609041697,0.17189854316860784,0.0011352666056264372
0.6901858754827241,0.4467282497907424,0.24230308650503002,-0.002018605957832261
0.7509738992846084,0.4418378302532686,0.3020329321614089,-0.00584179506541975
0.7901830928849176,0.4369474107157949,0.34115153304352996,-0.010197821473308775
0.8117619230864929,0.4320642255267494,0.36374047649523106,-0.01489492849899435
0.8215565694191228,0.4271738059892756,0.37106528705001757,-0.019710697608522044
0.8058851352869149,0.4232672578380392,0.35625939140953233,-0.024417652378409614
0.7666759416866058,0.4193534753383746,0.3177660073015302,-0.028807004973297926
0.7098057764177734,0.4154469271871381,0.2579052301815104,-0.03270822634918344
0.6293978516808398,0.4115331446874735,0.17947396535225826,-0.03600279107179638
0.5451026766806437,0.4086032335740461,0.0945731993427602,-0.03863114159549837
0.4745200065461294,0.407626596536237,0.02150560509141844,-0.04059260894604037
0.419608770543823,0.4066499594984279,-0.030312938963254422,-0.041938753282415704
0.3843174354765659,0.4066499594984279,-0.06935522848314057,-0.042761348702493006
0.3392008458068894,0.407626596536237,-0.11197646208145198,-0.04317693261349395
0.2999916522065803,0.407626596536237,-0.15491473640525397,-0.043310310122062726
0.274494963471953,0.407626596536237,-0.17602627159481798,-0.043279508621780066
0.2843202180743724,0.4086032335740461,-0.17199270257686694,-0.04318435748707922
0.2901970058739504,0.407626596536237,-0.16290065361028572,-0.04310016590493505
0.2941148644070023,0.407626596536237,-0.15962088240163702,-0.043077017386972845
0.2999916522065803,0.4066499594984279,-0.15637588700535182,-0.04314416215317427
0.3098169068089997,0.4056660881121906,-0.14553046278326442,-0.04331804955920947
0.3235294116746816,0.4056660881121906,-0.12980589341343174,-0.04361187932707184
0.3392008458068894,0.4046894510743815,-0.12131587840296004,-0.044044300592170106
0.3352829872738374,0.4046894510743815,-0.11767341011754394,-0.04464510594176396
0.3549028882088867,0.4056660881121906,-0.10383239239132441,-0.045456404603771476
0.3705743223410945,0.4056660881121906,-0.08707879199327219,-0.04652867081703841
0.374522789143936,0.4037128140365724,-0.0839095627647095,-0.04791203243353393
0.3705743223410945,0.4017595399609542,-0.08598429205204158,-0.049643956501217223
0.3803995769435139,0.3998062658853359,-0.08140602065573237,-0.051734966103800475
0.3803995769435139,0.3978529918097178,-0.07758715677997587,-0.054154222671598494
0.374522789143936,0.3958924833856713,-0.08363713750087402,-0.05681686416631794
0.3705743223410945,0.3939392093100531,-0.09571828897525317,-0.05957498098240229
0.3490261004093087,0.3910092981966258,-0.1028924742100262,-0.062214004530272315
0.3705743223410945,0.3900326611588167,-0.10081326456299405,-0.06445599707097623
0.3588207467419387,0.3890487897725793,-0.09461324062173818,-0.06597082056575869
0.3803995769435139,0.3890487897725793,-0.08723935271402608,-0.06639543826698266
0.3843174354765659,0.3900326611588167,-0.07721170249413908,-0.06536070020025596
0.3941120818091958,0.3919859352344348,-0.06715048765691121,-0.06252393056462754
0.4039067281418257,0.3958924833856713,-0.06466796344022585,-0.05760457286315241
0.3843174354765659,0.4027361769987633,-0.07402953785356012,-0.05041924183247075
0.3803995769435139,0.4125097817252826,-0.09106585185696174,-0.04091200854747908
0.3490261004093087,0.4232672578380392,-0.1101080841408205,-0.029175784881833065
0.3451082418762568,0.4359707736779858,-0.12587081082229656,-0.015461328990736262
0.3392008458068894,0.4525880720175971,-0.12460939361538952,-0.00017160819881502782
0.3646975345415166,0.4711658787812548,-0.10212387510941189,0.016159071702767414
0.3803995769435139,0.4887598141586752,-0.08918155646009045,0.032899790390665505
0.3588207467419387,0.5073303865739046,-0.1053370432657686,0.04936823301605558
0.3588207467419387,0.524924321951325,-0.11713613843432756,0.06488146524278793
0.3392008458068894,0.539588346215318,-0.11769855160001226,0.07880648019144007
0.3451082418762568,0.5513224593658839,-0.13465876217604086,0.09060482073095208
0.3549028882088867,0.560119427054594,-0.12092475832027388,0.09986660270346048
0.3549028882088867,0.5650026122436396,-0.08681542050560015,0.10633104238720745
0.3392008458068894,0.5659792492814486,-0.16496598827876738,0.10989276529651476
0.274494963471953,0.5659792492814486,-0.20075738014407707,0.11059527635892558
0.5843118702809528,0.5640259752058304,0.18490817900568612,0.10861454164577951
1.468615392768486,0.560119427054594,0.8585786575251773,0.10423634002540368
1.503906727835743,0.5552290075171202,1.1952281969363183,0.09783081496946519
1.503906727835743,0.5503385879796465,0.8877079090095733,0.08982670368014933
0.6764733706170423,0.5435021287149827,0.2865653929015381,0.08068644770409215
0.4294034168764529,0.5347051610262725,-0.06421612713500283,0.07088226676720444
0.4156909120107711,0.523947684913516,-0.08029396190509916,0.06087271993611441
0.3843174354765659,0.5122208061113784,-0.06612802544513868,0.05107949046903289
0.3588207467419387,0.5014633299986218,-0.12675818164191038,0.04186498029083401
0.3294061994742595,0.4926663623099116,-0.15114344843015654,0.03351234935800537
0.3392008458068894,0.4858226686968196,-0.13168646160374303,0.026210359220252655
0.3588207467419387,0.479962846469965,-0.11921464805543866,0.020045429830913623
0.3705743223410945,0.4750724269324912,-0.11304611696939759,0.01500265527436061
0.3646975345415166,0.4721425158190639,-0.10574248300557026,0.01097635398234854
0.3843174354765659,0.4701892417434457,-0.10067609691941806,0.007789335718986863
0.3803995769435139,0.4701892417434457,-0.09686136052324226,0.0052187048715285535
0.3901942232761438,0.4692053703572084,-0.08877951273838273,0.0030249201269753776
0.4039067281418257,0.4672520962815901,-0.07711337414859798,0.0009802346132897857
0.4156909120107711,0.4652988222059719,-0.06691171462971537,-0.0011072603759303085
0.4254855583434009,0.4623689110925446,-0.05097700161600864,-0.0033769444349683723
0.4607768934106581,0.459431765630689,-0.02630691008142596,-0.0059079338556480504
0.4706021480130775,0.4555252174794526,-0.006865870438099776,-0.00872034926267293
0.4941092992113892,0.451611434979788,0.008281102346588238,-0.011784196065308429
0.5156881294129645,0.4486815238663607,0.03607897138947817,-0.015033421962195717
0.5646919693459035,0.4457443784045051,0.07816871585951204,-0.01838222448956351
0.60980855901558,0.4428144672910778,0.12881249214458862,-0.021740790502821662
0.6705965828174644,0.4408611932154596,0.1852840757282986,-0.025028259639374727
0.7156825642173513,0.4389079191398414,0.2316797225628928,-0.028181609354771448
0.7411792529519786,0.4369474107157949,0.25619788600887883,-0.03116012095546141
0.7607991538870279,0.4340174996023676,0.275347588719114,-0.03394588784943957
0.7803884465522877,0.4320642255267494,0.29702661626693244,-0.0365413176048963
0.7862652343518657,0.4291270800648938,0.29614477452011084,-0.03896471723095845
0.7411792529519786,0.4271738059892756,0.25987033174749347,-0.041244912853632305
0.6960932715520916,0.4242438948758483,0.206334381442813,-0.04341557974304209
0.6353052477502072,0.4222906208002301,0.14903508921467992,-0.04550968285976315
0.5745172239483228,0.4213067494139927,0.08885357344234018,-0.047554254787424734
0.5196059879460164,0.4193534753383746,0.030049324599781126,-0.0495657194732586
0.46469475194371,0.4183768383005654,-0.021656848422706668,-0.051546083640908895
0.4254855583434009,0.4174002012627563,-0.06258459543394262,-0.053480467004846814
0.3999888696087737,0.4154469271871381,-0.08980352918577794,-0.05533650910635509
0.3803995769435139,0.4134864187630917,-0.10559358344480943,-0.057066091801093906
0.374522789143936,0.4115331446874735,-0.11725479348103146,-0.058609539558116236
0.3588207467419387,0.4105565076496644,-0.12807113093589162,-0.05990207937908255
0.3549028882088867,0.4105565076496644,-0.13512026036546634,-0.06088199243700611
0.3549028882088867,0.4105565076496644,-0.13564897524955197,-0.06149967586374922
0.3588207467419387,0.4115331446874735,-0.1287549946947371,-0.06172675307516109
0.374522789143936,0.4115331446874735,-0.11847489990905435,-0.06156432370062997
0.3705743223410945,0.4115331446874735,-0.11580722680691993,-0.06104931759871614
0.374522789143936,0.4105565076496644,-0.12043060311883272,-0.06025768491405657
0.3705743223410945,0.4105565076496644,-0.11575918031051859,-0.059302925892241454
0.3901942232761438,0.4105565076496644,-0.10239899214581384,-0.0583284667089945
0.3941120818091958,0.4125097817252826,-0.0981547548418203,-0.057492862808400054
0.3901942232761438,0.414470290149329,-0.09784962445233511,-0.05694787366598872
0.4039067281418257,0.4164235642249472,-0.0887036226570488,-0.056810986118717
0.4098141242111931,0.4183768383005654,-0.08310583472915693,-0.057135625094816914
0.3999888696087737,0.4183768383005654,-0.08795953401223107,-0.057883630184209625
0.4039067281418257,0.4183768383005654,-0.08989611385003721,-0.05890519985085776
0.4039067281418257,0.4183768383005654,-0.08858236626975163,-0.059931199766039334
0.3901942232761438,0.4183768383005654,-0.09701160848461678,-0.06058150138366122
0.3843174354765659,0.4193534753383746,-0.11398135967844042,-0.06039102306259517
0.3646975345415166,0.4193534753383746,-0.12031461209022196,-0.05885261769487888
0.3941120818091958,0.4203301123761837,-0.10309776014976164,-0.055473152161064306
0.4098141242111931,0.4222906208002301,-0.07833113268532439,-0.049836405692734835
0.4254855583434009,0.4261971689514665,-0.06811893390989275,-0.041664269308217636
0.4254855583434009,0.4359707736779858,-0.06768034581314718,-0.030866750013347974
0.4156909120107711,0.4506347979419788,-0.07020420177359078,-0.017571988044746877
0.4156909120107711,0.4692053703572084,-0.0864645273740859,-0.0021300653586584168
0.3705743223410945,0.4887598141586752,-0.10954299296698844,0.014911531821645091
0.3843174354765659,0.5102675320357603,-0.11652707114248245,0.03285818097386494
0.3803995769435139,0.531768015564417,-0.10641368308261188,0.05093712593364891
0.3999888696087737,0.5522990964036929,-0.09432657669462559,0.06837509376886633
0.3901942232761438,0.5689163947433042,-0.09730888120408386,0.08447309322129543
0.3803995769435139,0.5826037819694881,-0.11714478143899018,0.09866767686229619
0.3588207467419387,0.5923773866960075,-0.1297814442409896,0.11057055148297766
0.3451082418762568,0.598237208922862,-0.1373146637334538,0.11998239980686153
0.3705743223410945,0.6021509914225267,-0.14220473103545656,0.12688132371385097
0.3646975345415166,0.604104265498145,-0.10569600741634726,0.13139051615759292
0.3843174354765659,0.605080902535954,-0.10424021985626024,0.1337328045756407
0.3039095107396323,0.6060575395737632,-0.2195010306682961,0.134181064497361
0.2901970058739504,0.6060575395737632,-0.15671257838200242,0.13301306065167942
0.8960877063564784,0.6060575395737632,0.3817899166679384,0.13047731539175078
1.503906727835743,0.604104265498145,1.0029575511786635,0.12677370692238965
1.503906727835743,0.6001977173469085,1.0544769273560304,0.12204936363948765
1.0921642826278133,0.5962839348472438,0.5465435537896853,0.11640767842592825
0.4901914406783372,0.590416878271961,0.05414470856906378,0.10992633253489793
0.4254855583434009,0.5835804190072973,-0.09680885212610985,0.10267925373547215
0.4039067281418257,0.5747834513185871,-0.07942867188964081,0.0947574132085143
0.3803995769435139,0.566963120667686,-0.09615822003774549,0.08628415199423153
0.374522789143936,0.5581589186305476,-0.12719713736338528,0.07742209833070386
0.3549028882088867,0.5474086768662192,-0.12894661419762113,0.0683704309653807
0.3705743223410945,0.5366584351018908,-0.11394732777482053,0.059353022228276923
0.3999888696087737,0.5268848303753715,-0.09129282190184464,0.05059963492262888
0.4156909120107711,0.5180806283382331,-0.07281111950775374,0.042323587745738384
0.4254855583434009,0.5102675320357603,-0.056009637773291196,0.0346998866933179
0.4607768934106581,0.5034238384226682,-0.030711122296355427,0.0278476220083504
0.4706021480130775,0.4975567818473854,-0.014736196569689983,0.02181952999786881
0.4706021480130775,0.494626870733958,-0.012956085734625773,0.016600233901805275
0.4843146528787593,0.4916897252721025,-0.003547485306436397,0.012113082460798372
0.4999860870109672,0.487783177120866,0.015021440588231285,0.008234007906792627
0.5156881294129645,0.4848460316590105,0.03232648731575015,0.004809744476022017
0.5353080303480138,0.4819161205455832,0.04990905096280909,0.0016773059084563995
0.5548973230132735,0.4780023380459186,0.07049804250634248,-0.0013181624180159887
0.5803940117479008,0.4740957898946821,0.09780489477360504,-0.0043093200139932095
0.615685346815158,0.4701892417434457,0.13294891991277172,-0.0073975268657494415
0.654894540415467,0.466275459243781,0.16958621872013885,-0.010648848727071544
0.6901858754827241,0.4633455481303537,0.21140748806876736,-0.014094498230487954
0.7450971114850305,0.459431765630689,0.261003158155895,-0.017734547293774213
0.7803884465522877,0.4555252174794526,0.2994018650778934,-0.021543599699319804
0.800008347487337,0.451611434979788,0.3192354934283774,-0.025477219805273645
0.8156797816195448,0.4477048868285516,0.3361032097597306,-0.029478163135126478
0.8255050362219641,0.4437911043288869,0.3435883698521496,-0.03348177139943998
0.796090488954285,0.4398845561776505,0.3187918132189593,-0.03742023218836341
0.7509738992846084,0.4369474107157949,0.2698879770200084,-0.04122571765891378
0.6960932715520916,0.4330408625645585,0.21975662295733034,-0.04483265587835249
0.6450998940828371,0.4291270800648938,0.1651734855565594,-0.04817950237809089
0.5745172239483228,0.4252205319136574,0.09794690803755447,-0.0512103401972272
0.5098113416133866,0.4222906208002301,0.03310623947272835,-0.05387647952571637
0.4607768934106581,0.4203301123761837,-0.016387126656416385,-0.05613805968228248
0.419608770543823,0.4193534753383746,-0.055797500281515006,-0.057965586457834575
0.3901942232761438,0.4174002012627563,-0.08589862666059127,-0.05934138678040223
0.3705743223410945,0.4164235642249472,-0.10264162539621843,-0.06026104371522437
0.3646975345415166,0.4154469271871381,-0.11200381313922439,-0.0607348801370876
0.3549028882088867,0.4154469271871381,-0.1173495184494344,-0.060789457730382836
0.3549028882088867,0.4154469271871381,-0.1173461420451339,-0.060468903912139785
0.3588207467419387,0.4154469271871381,-0.1171331110774814,-0.05983574521278364
0.3549028882088867,0.4174002012627563,-0.11395850310618325,-0.05897085030569798
0.3705743223410945,0.4183768383005654,-0.10169665396390297,-0.05797207281617119
0.3803995769435139,0.4183768383005654,-0.09268442013429996,-0.056951205898849194
0.374522789143936,0.4183768383005654,-0.09316897815592032,-0.05602886891591311
0.3803995769435139,0.4174002012627563,-0.09058834599576385,-0.05532693154298535
0.3843174354765659,0.4174002012627563,-0.0854258677516196,-0.054958135259127516
0.3843174354765659,0.4174002012627563,-0.08437831951466633,-0.0550128572037436
0.3843174354765659,0.4183768383005654,-0.08174605436754444,-0.05554357800273201
0.3901942232761438,0.4183768383005654,-0.08098315007507513,-0.056548495674980215
0.374522789143936,0.4174002012627563,-0.08934761674858051,-0.05795662587349397
0.3705743223410945,0.4164235642249472,-0.09714305736115272,-0.05961732025121593
0.3646975345415166,0.414470290149329,-0.10094351202261355,-0.06129716996596968
0.3549028882088867,0.4134864187630917,-0.11113383349969,-0.06268666385283042
0.3392008458068894,0.4125097817252826,-0.1229236341518337,-0.06341782461095678
0.3490261004093087,0.4115331446874735,-0.11909606861175993,-0.06309252028188458
0.3588207467419387,0.4125097817252826,-0.10075564734439096,-0.06131944250968164
0.374522789143936,0.414470290149329,-0.0898697725676017,-0.057756085250076326
0.3705743223410945,0.4174002012627563,-0.09443079199121222,-0.05215070848526467
0.3588207467419387,0.4222906208002301,-0.09702196870394961,-0.0443785042549186
0.3705743223410945,0.4310875884889403,-0.0965299599573394,-0.03446625384096614
0.3451082418762568,0.4437911043288869,-0.11286982633702392,-0.022600877234292632
0.3196115531416296,0.4604084026684982,-0.13921695847783963,-0.009119468429189327
0.3137347653420516,0.4780023380459186,-0.14898706387363408,0.005518594536310866
0.3196115531416296,0.4965801448095762,-0.13608360916595458,0.020773713728557325
0.3451082418762568,0.5112441690735693,-0.11637402014263684,0.036076046064145974
0.3392008458068894,0.524924321951325,-0.11395151749434976,0.050875933006025754
0.3352829872738374,0.5376350721396999,-0.12842358467599527,0.06468769585754762
0.3196115531416296,0.5503385879796465,-0.1331992655316229,0.07712136359745202
0.3098169068089997,0.560119427054594,-0.14005560580942783,0.08789927727285403
0.3196115531416296,0.566963120667686,-0.1539550331121818,0.09685707181731879
0.3098169068089997,0.5718463058567315,-0.12898875949545008,0.10393092547643087
0.3098169068089997,0.5757600883563961,-0.13634566058642167,0.10913494665513838
0.2549056708066933,0.5777133624320144,-0.24203983086441994,0.11253387624753268
0.2490288830071153,0.5786899994698235,-0.14544961542634618,0.11421667880712576
0.9156769990217384,0.5786899994698235,0.42191084405622614,0.11427598675786944
1.503906727835743,0.5786899994698235,1.0515181531854234,0.11279685942513226
1.503906727835743,0.5767367253942053,1.0930155204131595,0.10985620131443377
1.0509655514911889,0.5737995799323498,0.5343987230964453,0.10553184811703845
0.3646975345415166,0.5698930317811133,-0.024185232889265135,0.09991822562652147
0.3039095107396323,0.5640259752058304,-0.17993227504488676,0.09314402367346164
0.3294061994742595,0.5571822815927384,-0.12175347969366365,0.08538678179360508
0.3039095107396323,0.5483853139040282,-0.12622348336607983,0.07687977086088744
0.2999916522065803,0.5376350721396999,-0.16460281822722847,0.06790802244229081
0.2843202180743724,0.5259009589891341,-0.16188471275104735,0.05879257312275594
0.2901970058739504,0.5141740801869966,-0.15116205257679577,0.04986454143808975
0.3098169068089997,0.5034238384226682,-0.1446690840726205,0.041432993059370524
0.3137347653420516,0.494626870733958,-0.13166406198230504,0.033752118103905396
0.3235294116746816,0.487783177120866,-0.12037148132357205,0.026993646774868277
0.3352829872738374,0.4828927575833923,-0.11473531864993412,0.021229563546104266
0.3352829872738374,0.479962846469965,-0.10954279246969398,0.016428264616757785
0.3451082418762568,0.4770257010081094,-0.0982668849048842,0.012464801045187136
0.3646975345415166,0.4750724269324912,-0.08327710231978673,0.009143326923440815
0.374522789143936,0.473119152856873,-0.06986566517714994,0.0062278430949277925
0.3901942232761438,0.4711658787812548,-0.0507252798125241,0.0034761394632202513
0.4254855583434009,0.4672520962815901,-0.02362288236048204,0.0006716345812622938
0.4451054592784502,0.4633455481303537,0.004794083732412654,-0.002351452494566188
0.4803967943457073,0.4584551285928799,0.03808019619260143,-0.005692690666098578
0.5254827757455944,0.4535647090554062,0.07765830976731106,-0.009381011130306953
0.5548973230132735,0.4486815238663607,0.11919201262536695,-0.013380631388400892
0.6196032053482099,0.4437911043288869,0.17067019390979385,-0.017605177175842517
0.6705965828174644,0.4389079191398414,0.23345862232919912,-0.021936882986592673
0.7254772105499813,0.4340174996023676,0.2823753020627893,-0.02624738715304277
0.7450971114850305,0.4301109514511312,0.30104284863924424,-0.030416825948479685
0.7411792529519786,0.4261971689514665,0.30602630328693625,-0.034348568234470384
0.7548917578176605,0.4222906208002301,0.3075430756322517,-0.037977882898641284
0.7254772105499813,0.4193534753383746,0.2898923492623956,-0.04127394013434609
0.6901858754827241,0.4174002012627563,0.24672457267237208,-0.04423566004472882
0.6254799931477878,0.4154469271871381,0.18833273327137215,-0.04688290200782572
0.5646919693459035,0.4134864187630917,0.12079870521119669,-0.049245202669970324
0.4843146528787593,0.4115331446874735,0.05000660205360932,-0.05135058162394295
0.4294034168764529,0.4086032335740461,-0.015305732096182743,-0.05321674889799006
0.3646975345415166,0.4066499594984279,-0.0706055270374751,-0.05484638808660652
0.3294061994742595,0.4037128140365724,-0.1114226954204745,-0.056227204343986835
0.3039095107396323,0.4017595399609542,-0.13500324450047257,-0.05733635195438406
0.2901970058739504,0.3998062658853359,-0.14732603942263242,-0.058147937951852254
0.2843202180743724,0.3988296288475269,-0.15543495083082426,-0.05864173562842854
0.2784434302747945,0.3988296288475269,-0.15987073976555896,-0.058811150685474406
0.274494963471953,0.3998062658853359,-0.16181527707047635,-0.05866887040647253
0.2784434302747945,0.4017595399609542,-0.1635602227519213,-0.05824937609035238
0.274494963471953,0.4037128140365724,-0.15936534161631985,-0.05760838083232034
0.2941148644070023,0.4046894510743815,-0.14631742002543627,-0.0568199738436787
0.3039095107396323,0.4037128140365724,-0.13413547612994314,-0.05597254606638282
0.3098169068089997,0.4037128140365724,-0.1260495437234324,-0.055164334706494025
0.3235294116746816,0.4027361769987633,-0.11618156242765926,-0.05449879218086234
0.3294061994742595,0.4027361769987633,-0.10722496045530368,-0.05407928384851547
0.3352829872738374,0.4017595399609542,-0.10296618714693773,-0.05400219029923986
0.3352829872738374,0.400782902923145,-0.10125824938875297,-0.054347532385226514
0.3352829872738374,0.400782902923145,-0.10419354516913844,-0.055166773741755895
0.3235294116746816,0.4017595399609542,-0.1121030295057916,-0.05646838251759959
0.3196115531416296,0.400782902923145,-0.11933969717212857,-0.05820284403567685
0.3098169068089997,0.3998062658853359,-0.1271870743185269,-0.06024979527697644
0.2999916522065803,0.3978529918097178,-0.1380664510500808,-0.06241045057149301
0.2941148644070023,0.3958924833856713,-0.14327334181165746,-0.06440827463771447
0.2999916522065803,0.3939392093100531,-0.13761783109905934,-0.06589992423263595
0.3098169068089997,0.3919859352344348,-0.12896995882054707,-0.06649700175601699
0.3137347653420516,0.3919859352344348,-0.12263465640924938,-0.06579741998170534
0.3235294116746816,0.392962572272244,-0.1157257403485377,-0.06342347767756384
0.3294061994742595,0.3958924833856713,-0.10845274374960744,-0.05906239111980917
0.3294061994742595,0.4027361769987633,-0.10748293436249334,-0.05250425692657564
0.3235294116746816,0.4105565076496644,-0.11728900079941983,-0.043672378438715735
0.3039095107396323,0.4203301123761837,-0.1316112800736872,-0.03264159148385934
0.3039095107396323,0.4330408625645585,-0.13676797397580523,-0.019641588601569875
0.3137347653420516,0.4496581609041697,-0.12430882792263877,-0.005044124020760632
0.3352829872738374,0.4682287333193992,-0.10288954803633193,0.010664786898308885
0.3451082418762568,0.4868065400830569,-0.09515822590909069,0.026924265602266094
0.3352829872738374,0.5044004754604773,-0.1016483890167727,0.04314426247596609
0.3490261004093087,0.5200411367622795,-0.09676024428169817,0.0587512604603857
0.3294061994742595,0.5337212896400352,-0.09618320422890682,0.07322795843234269
0.3392008458068894,0.545455402790601,-0.11832944475326249,0.08614233422467352
0.3294061994742595,0.5542523704793112,-0.10348787558917781,0.09716372320252775
0.3392008458068894,0.5620727011302122,-0.08359349620511161,0.10606605063332376
0.2999916522065803,0.566963120667686,-0.17412288907059423,0.1127205912041455
0.2549056708066933,0.5698930317811133,-0.17178743520776873,0.11708218029101528
0.6607713282150449,0.5708696688189224,0.26595360887107194,0.11917342218172253
1.503906727835743,0.5718463058567315,0.9428216987576358,0.11907105442423199
1.503906727835743,0.5718463058567315,1.233080184471032,0.11689731749544079
1.45686181716933,0.5698930317811133,0.8435114474865721,0.11281720952287798
0.5058934830803345,0.566963120667686,0.18371626928731688,0.10704034099880086
0.3490261004093087,0.5610960640924031,-0.13580459556564703,0.09982432210470027
0.3646975345415166,0.5542523704793112,-0.09367217879461455,0.09147572279795953
0.3451082418762568,0.5435021287149827,-0.0672107437031883,0.08234491612187597
0.3352829872738374,0.531768015564417,-0.12143671552630932,0.07281251362540732
0.3196115531416296,0.5200411367622795,-0.13038950481183303,0.06326728496486753
0.3098169068089997,0.5073303865739046,-0.12087668820706847,0.054077834707830695
0.3294061994742595,0.4985334188851945,-0.12296844832907629,0.04556221359727646
0.3352829872738374,0.4926663623099116,-0.10758061219821059,0.037960523841070404
0.3549028882088867,0.4868065400830569,-0.08891407145062251,0.03141521653685531
0.3588207467419387,0.4819161205455832,-0.08590428326957236,0.02596236295338703
0.3646975345415166,0.4780023380459186,-0.08343348699612263,0.02153520338381952
0.374522789143936,0.4760490639703003,-0.06867036762528261,0.0179792614834485
0.3941120818091958,0.4750724269324912,-0.05130683489220951,0.01507660157911336
0.4098141242111931,0.473119152856873,-0.043041514525893075,0.01257558537218554
0.4039067281418257,0.4701892417434457,-0.032630427612866934,0.010221894140087411
0.4490233178115022,0.4682287333193992,-0.008771825072286535,0.0077867180926301455
0.4607768934106581,0.4643221851681628,0.019761729037266394,0.005088822659067604
0.4999860870109672,0.4604084026684982,0.04989016932440424,0.0020084557160592277
0.5353080303480138,0.4565018545172618,0.08622724619568584,-0.0015075437248314577
0.5745172239483228,0.4525880720175971,0.12578665583460164,-0.005448813589028239
0.615685346815158,0.4486815238663607,0.1683866233147973,-0.00975116078162004
0.6705965828174644,0.4437911043288869,0.2174663073630354,-0.014310799314412908
0.7156825642173513,0.4398845561776505,0.26807894663071774,-0.019000894054880577
0.7548917578176605,0.4349941366401767,0.30549409165253416,-0.0236882684009763
0.7764705880192357,0.4301109514511312,0.3201055926508649,-0.02824840367911821
0.7666759416866058,0.4261971689514665,0.3232937275139669,-0.03257724367601676
0.7803884465522877,0.4222906208002301,0.32141966696429436,-0.036598797635684396
0.7411792529519786,0.4193534753383746,0.293796464106385,-0.040268100597216125
0.6901858754827241,0.4164235642249472,0.23475259370637175,-0.043569708268630214
0.6196032053482099,0.414470290149329,0.16882995150386362,-0.04651249616256808
0.5607741108128516,0.4115331446874735,0.10569030143689999,-0.04912199678434424
0.4941092992113892,0.4095798706118552,0.04068380016604168,-0.05143176027134039
0.4392286714788723,0.4086032335740461,-0.014311487833811917,-0.05347523124802214
0.4039067281418257,0.4066499594984279,-0.051264755181499796,-0.05527942072770372
0.374522789143936,0.4037128140365724,-0.0816873505490853,-0.05686126138158288
0.3451082418762568,0.4027361769987633,-0.10775809709159107,-0.05822701836508406
0.3392008458068894,0.4017595399609542,-0.1199876123816804,-0.059374579063132905
0.3294061994742595,0.400782902923145,-0.12451499553010087,-0.0602980010032395
0.3235294116746816,0.400782902923145,-0.1339218550748522,-0.06099345412621301
0.3196115531416296,0.400782902923145,-0.13981501322331585,-0.06146564177138149
0.3235294116746816,0.4017595399609542,-0.12941819194930432,-0.06173384324634236
0.3490261004093087,0.400782902923145,-0.11431374800734986,-0.06183679720756421
0.3490261004093087,0.400782902923145,-0.10686341802921011,-0.06183566538107161
0.3588207467419387,0.400782902923145,-0.09873953016229067,-0.0618142631485734
0.374522789143936,0.3998062658853359,-0.08897890505478731,-0.06187568788657151
0.3705743223410945,0.3988296288475269,-0.08536550998762692,-0.06213454232086487
0.3803995769435139,0.3978529918097178,-0.08178678667125819,-0.06270425050191049
0.3843174354765659,0.3978529918097178,-0.07558059170419025,-0.06367956787846461
0.3901942232761438,0.3968691204234804,-0.07242360327770894,-0.06511530334050747
0.3901942232761438,0.3968691204234804,-0.06811618747613574,-0.06700340212338339
0.3999888696087737,0.3968691204234804,-0.06594729100443547,-0.06925165845223008
0.3803995769435139,0.3958924833856713,-0.07803051041462003,-0.0716681315183125
0.374522789143936,0.3949158463478622,-0.09230636394113646,-0.07395552602762746
0.3646975345415166,0.3939392093100531,-0.09334996094755924,-0.07571915179589149
0.374522789143936,0.392962572272244,-0.09427249715106746,-0.0764905407636654
0.3646975345415166,0.3919859352344348,-0.09618727777781565,-0.0757665198660034
0.3843174354765659,0.392962572272244,-0.07984447124585953,-0.07306084061233105
0.4039067281418257,0.3958924833856713,-0.061886088521052804,-0.06796281238153143
0.3999888696087737,0.400782902923145,-0.06661845421901627,-0.060195305335115794
0.3901942232761438,0.4095798706118552,-0.07092764616771008,-0.049663472472550464
0.4039067281418257,0.4222906208002301,-0.06568334846517646,-0.036485936833607346
0.3843174354765659,0.4389079191398414,-0.08231933578674043,-0.021002125503624475
0.3490261004093087,0.459431765630689,-0.11359466311613066,-0.0037527445179548987
0.3490261004093087,0.4819161205455832,-0.1222335131188833,0.014565414600786739
0.3549028882088867,0.5034238384226682,-0.11009297938117169,0.03316484038879253
0.3705743223410945,0.524924321951325,-0.09898397678849727,0.05124381930252992
0.3646975345415166,0.5435021287149827,-0.09886159362447437,0.06806310899219459
0.3705743223410945,0.5591427900167849,-0.10556408340514643,0.08301176759625259
0.3549028882088867,0.5689163947433042,-0.10831323137678901,0.09565312280254079
0.3392008458068894,0.5757600883563961,-0.12432594430494319,0.10574544931032537
0.3451082418762568,0.5806432735454417,-0.1434439058158075,0.11323638532766632
0.3392008458068894,0.5835804190072973,-0.11175918423080164,0.11823451462021191
0.3451082418762568,0.5855336930829155,-0.11836773760081097,0.12096496353398886
0.2784434302747945,0.5865103301207246,-0.23650425554161122,0.12171772830186357
0.2686181756723751,0.5855336930829155,-0.13680262403039045,0.12079762220735216
0.9705882350240448,0.5835804190072973,0.44713261318772396,0.11848344827941405
1.503906727835743,0.5816199105832508,1.0516097730985665,0.11500168276969212
1.503906727835743,0.5786899994698235,1.0458460655472481,0.1105170544977073
1.027458400292877,0.5757600883563961,0.5213734005114485,0.10513935851543643
0.4901914406783372,0.5718463058567315,0.05761957845629952,0.09894307307059554
0.4254855583434009,0.5659792492814486,-0.0753219772849712,0.09199426890286225
0.3999888696087737,0.560119427054594,-0.06421457176441822,0.08437824667743625
0.374522789143936,0.553275733441502,-0.09187756727643066,0.07622148847615709
0.3490261004093087,0.5435021287149827,-0.13261914127831007,0.06770284038541131
0.3352829872738374,0.531768015564417,-0.13733726634197907,0.05905115100551214
0.3451082418762568,0.5200411367622795,-0.1204326410523463,0.05052949045539454
0.374522789143936,0.5102675320357603,-0.11058173986944547,0.042408977822756974
0.3490261004093087,0.5024472013848591,-0.11719932291502434,0.03493744769973429
0.3588207467419387,0.4956035077717671,-0.11732506350653008,0.028309129367870396
0.374522789143936,0.4916897252721025,-0.10154721071769605,0.022641029745249387
0.3803995769435139,0.4897364511964843,-0.09280532575954224,0.017960057749039398
0.3843174354765659,0.4868065400830569,-0.09079146186022971,0.014202618983519863
0.3941120818091958,0.4848460316590105,-0.0800987478492318,0.011226038595587297
0.4098141242111931,0.4838693946212014,-0.0680062801090268,0.008829245976619497
0.4156909120107711,0.4819161205455832,-0.05640500357395085,0.006778972727719697
0.4392286714788723,0.4809394835077741,-0.03743776245345526,0.004837334249777179
0.4607768934106581,0.4780023380459186,-0.016859361948194748,0.0027870004707848256
0.4803967943457073,0.4740957898946821,0.007990623545253138,0.0004510613073813721
0.5254827757455944,0.4711658787812548,0.04788983724748582,-0.002294059042856464
0.5705993654152709,0.4672520962815901,0.09335415928583676,-0.005512975635751836
0.60980855901558,0.4633455481303537,0.13638886952069593,-0.009212264964554509
0.6607713282150449,0.4604084026684982,0.1827599841167071,-0.013346543132776379
0.7000111300851435,0.4565018545172618,0.22358372244581703,-0.017828097990594944
0.7215593520169293,0.451611434979788,0.24641217490624254,-0.022538589498228657
0.7353024651524006,0.4477048868285516,0.25744924230200356,-0.02734159232618943
0.7353024651524006,0.4428144672910778,0.2601831838640251,-0.03209500278963632
0.7254772105499813,0.437924047753604,0.24687217153622928,-0.03666250134095205
0.6901858754827241,0.4340174996023676,0.2162349584998346,-0.040923363305858204
0.6509766818824151,0.4301109514511312,0.17153314345027465,-0.044779991363258075
0.5901886580805307,0.4252205319136574,0.11551816340024884,-0.04816265750366538
0.5353080303480138,0.4232672578380392,0.05728331004506162,-0.051031137471192665
0.4803967943457073,0.4213067494139927,0.004671008532254991,-0.053373236729565565
0.4352802046760309,0.4213067494139927,-0.042670455468497966,-0.05520065802455715
0.3941120818091958,0.4203301123761837,-0.08158932115804775,-0.05654317613728163
0.3705743223410945,0.4203301123761837,-0.10673270257397308,-0.05744248547607496
0.3549028882088867,0.4193534753383746,-0.12148796240793391,-0.0579471685748352
0.3490261004093087,0.4183768383005654,-0.12893649945522026,-0.058109904436915875
0.3451082418762568,0.4183768383005654,-0.1285398709023501,-0.05798736724181749
0.3549028882088867,0.4183768383005654,-0.12608600875726214,-0.05764245690370184
0.3490261004093087,0.4183768383005654,-0.12342204891578268,-0.05714778126212794
0.3646975345415166,0.4183768383005654,-0.11445629780574917,-0.056588839375519485
0.3705743223410945,0.4193534753383746,-0.10454762817209048,-0.056065208778113426
0.374522789143936,0.4193534753383746,-0.10296558908193172,-0.055688226944911115
0.3705743223410945,0.4193534753383746,-0.1041885786333852,-0.055574147959342325
0.374522789143936,0.4193534753383746,-0.10299741224723488,-0.05583247851722093
0.374522789143936,0.4193534753383746,-0.10123800066275679,-0.05655005846516171
0.3803995769435139,0.4183768383005654,-0.09506043242386414,-0.05777235002892224
0.3901942232761438,0.4174002012627563,-0.08581417814967197,-0.05948422147986761
0.3941120818091958,0.4164235642249472,-0.08250730271998163,-0.06159312116467061
0.3941120818091958,0.414470290149329,-0.08045784947189896,-0.06391781062123744
0.3999888696087737,0.4134864187630917,-0.0749170508549022,-0.06618566690962316
0.3999888696087737,0.4115331446874735,-0.07757997450146953,-0.06804091948534552
0.3843174354765659,0.4115331446874735,-0.0890809102201309,-0.06906505338527905
0.374522789143936,0.4105565076496644,-0.09881912207850548,-0.06880905500652232
0.374522789143936,0.4115331446874735,-0.1054943984683712,-0.06683534313317473
0.3705743223410945,0.4134864187630917,-0.09862165694016223,-0.0627653438219428
0.4039067281418257,0.4174002012627563,-0.07182653055086491,-0.05632704919830194
0.4254855583434009,0.4242438948758483,-0.05268999960237722,-0.04739592137843607
0.4098141242111931,0.4340174996023676,-0.05827646062439384,-0.0360225179589204
0.4039067281418257,0.4477048868285516,-0.07308291495205779,-0.022441456916774093
0.3843174354765659,0.466275459243781,-0.09120980024581456,-0.007058816742723338
0.3549028882088867,0.487783177120866,-0.11291093810124708,0.009581512014480157
0.3549028882088867,0.5092836606495229,-0.12391206092346342,0.026848281103263805
0.3549028882088867,0.5278614674131806,-0.11512569949706002,0.04408276502350295
0.374522789143936,0.5425254916771737,-0.09791042903140733,0.060659018583811425
0.3803995769435139,0.5571822815927384,-0.09322059037652045,0.07603572840080948
0.374522789143936,0.5698930317811133,-0.09752128030902889,0.0897928915435499
0.3803995769435139,0.5796666365076326,-0.0923280458029821,0.10164962471555294
0.3646975345415166,0.5884636041963428,-0.09996846182001796,0.11146272425736209
0.3705743223410945,0.5953072978094348,-0.11541644853790073,0.11920855070012434
0.3843174354765659,0.6001977173469085,-0.0756729107408429,0.1249530382052503
0.3999888696087737,0.6021509914225267,-0.05919507362553322,0.12881594760925688
0.3490261004093087,0.6031276284603359,-0.16211479418503705,0.13093583846826334
0.3196115531416296,0.604104265498145,-0.10164264997839018,0.1314416470599731
0.9058823526891084,0.604104265498145,0.41182027955580824,0.13043528078229574
1.503906727835743,0.6031276284603359,1.0151009625838923,0.12798743397293222
1.503906727835743,0.6011743543847177,1.0918882044864846,0.12414623485295974
1.1568701649627495,0.598237208922862,0.6129527836229225,0.11895582943067351
0.5098113416133866,0.5933540237338165,0.10728876766657278,0.11248008385029439
0.4451054592784502,0.5865103301207246,-0.05935893697611029,0.10482561919461816
0.4352802046760309,0.5767367253942053,-0.029388751852873554,0.09615858438609957
0.4156909120107711,0.5659792492814486,-0.03919858259933963,0.08671089874455651
0.3941120818091958,0.5552290075171202,-0.08269093177050227,0.07677387471725138
0.3646975345415166,0.5425254916771737,-0.10332220690035954,0.06667968323895317
0.3549028882088867,0.5307913785266078,-0.10643030035165318,0.05677351675235061
0.3803995769435139,0.5200411367622795,-0.08712207696308463,0.04738108788833537
0.4039067281418257,0.5102675320357603,-0.06700170277096669,0.03877695884676705
0.3901942232761438,0.5034238384226682,-0.0694789621257797,0.031158967130467077
0.4039067281418257,0.4995100559230035,-0.06340783279627277,0.024632739107826197
0.4254855583434009,0.4956035077717671,-0.04138025386204007,0.019208244269929335
0.4294034168764529,0.4926663623099116,-0.0333810544326866,0.014808030850594298
0.4294034168764529,0.4897364511964843,-0.03345437960427718,0.011284769419904332
0.4451054592784502,0.4868065400830569,-0.02312731172372534,0.00844446136528103
0.4490233178115022,0.4838693946212014,-0.00956056437179011,0.006071312051390716
0.4706021480130775,0.4809394835077741,0.003824400008780316,0.0039507182157676474
0.4843146528787593,0.4789862094321558,0.02309321258753419,0.0018878080700966346
0.5098113416133866,0.4750724269324912,0.04778159533003747,-0.00027980634497619524
0.5451026766806437,0.4721425158190639,0.0806585368326666,-0.0026752119925092755
0.5843118702809528,0.4692053703572084,0.1264128590332502,-0.005380482668179221
0.6411820355497851,0.4652988222059719,0.17582496982763096,-0.008438608700080263
0.6764733706170423,0.4613850397063073,0.218008758561079,-0.011857387419875163
0.7156825642173513,0.4584551285928799,0.25468189022323134,-0.01561378525446594
0.7450971114850305,0.4555252174794526,0.2837298738221568,-0.0196578111200018
0.7548917578176605,0.451611434979788,0.2962513420128256,-0.023915672004729004
0.7548917578176605,0.4486815238663607,0.29451969035672354,-0.02829271164146625
0.7411792529519786,0.444767741366696,0.2825238517532779,-0.03267712826639
0.7098057764177734,0.4398845561776505,0.2504320089098356,-0.0369455514893345
0.6509766818824151,0.4349941366401767,0.19298674037376018,-0.040971175765208465
0.5843118702809528,0.4301109514511312,0.1260013269163163,-0.04463438565871508
0.5254827757455944,0.4261971689514665,0.06716013916994054,-0.047834887319187266
0.4706021480130775,0.4222906208002301,0.015085950924282457,-0.05050357049288403
0.4254855583434009,0.4193534753383746,-0.03509451642713797,-0.05261191351633737
0.3803995769435139,0.4174002012627563,-0.07200064129271905,-0.05417684619618463
0.3705743223410945,0.4174002012627563,-0.0896360862388074,-0.05525962403838104
0.3490261004093087,0.4183768383005654,-0.10427408187238559,-0.05595835492361522
0.3352829872738374,0.4193534753383746,-0.12256988793054122,-0.05639514078718468
0.3235294116746816,0.4193534753383746,-0.12999848434214997,-0.05670001751019089
0.3294061994742595,0.4203301123761837,-0.12644859313096285,-0.05699464126683469
0.3294061994742595,0.4193534753383746,-0.1265184461028875,-0.05737875092189921
0.3235294116746816,0.4183768383005654,-0.12793231963700935,-0.0579218097156198
0.3352829872738374,0.4164235642249472,-0.12191070587330685,-0.058661046225281586
0.3392008458068894,0.4134864187630917,-0.11277641421145651,-0.05960563720904998
0.3490261004093087,0.4115331446874735,-0.10473003888821525,-0.06074532987766847
0.3549028882088867,0.4095798706118552,-0.09859221258377064,-0.062060720646139246
0.3549028882088867,0.4066499594984279,-0.09778520933895743,-0.06353194619120614
0.3549028882088867,0.4046894510743815,-0.09768396908956821,-0.06514280878786761
0.3588207467419387,0.4037128140365724,-0.09347713242347647,-0.06687831158091351
0.3549028882088867,0.4037128140365724,-0.09641008371265514,-0.06871507646604172
0.3451082418762568,0.4027361769987633,-0.10893498558106292,-0.07060591549675181
0.3352829872738374,0.4027361769987633,-0.11265013951676604,-0.07246157029063434
0.3451082418762568,0.4027361769987633,-0.10865082499990643,-0.0741339153998257
0.3352829872738374,0.4027361769987633,-0.1158990581864349,-0.07540540943290475
0.3235294116746816,0.4017595399609542,-0.12482172232255485,-0.07598909442613593
0.3352829872738374,0.400782902923145,-0.1167504046265242,-0.07554198210051723
0.3490261004093087,0.4017595399609542,-0.1026091333155976,-0.07369241132360943
0.3490261004093087,0.4027361769987633,-0.09666514119250995,-0.07007930567177341
0.3588207467419387,0.4066499594984279,-0.0958766543797777,-0.06439872232510538
0.3490261004093087,0.4134864187630917,-0.09730272716916276,-0.056451168795896636
0.3451082418762568,0.4213067494139927,-0.10466913859002382,-0.04618225303216759
0.3294061994742595,0.4320642255267494,-0.12098208417177701,-0.03370953263460307
0.3098169068089997,0.4467282497907424,-0.13857839655616552,-0.01932997512803403
0.3039095107396323,0.4652988222059719,-0.14237999578251773,-0.0035051185340915355
0.3235294116746816,0.4858226686968196,-0.13098448835954604,0.01317546619394184
0.3196115531416296,0.5053771124982864,-0.12125523312845707,0.030048023078608193
0.3294061994742595,0.524924321951325,-0.12394531298580932,0.04643811802591534
0.3235294116746816,0.5415416202909363,-0.12592160425985283,0.061724205781519915
0.3137347653420516,0.5552290075171202,-0.12623495068627835,0.07539152432907525
0.3098169068089997,0.5659792492814486,-0.14522527712953434,0.08706832730450881
0.3039095107396323,0.5728229428945406,-0.1483212999551445,0.09653974345958286
0.3098169068089997,0.5757600883563961,-0.11899279587466535,0.10373872641628308
0.3039095107396323,0.5767367253942053,-0.1600139880656596,0.1087178135837453
0.2490288830071153,0.5767367253942053,-0.21090211682658408,0.11160888870091186
0.4490233178115022,0.5767367253942053,0.058419919651616796,0.11258008207072989
1.227452835097264,0.5767367253942053,0.6886877133180459,0.11179889048169005
1.503906727835743,0.5767367253942053,1.1574712712842128,0.10940856656699682
1.503906727835743,0.5767367253942053,0.9776619939395836,0.10552131703493929
0.7509738992846084,0.5747834513185871,0.3396716851235084,0.100227712061336
0.3196115531416296,0.5718463058567315,-0.12006910788558278,0.09361791823348002
0.3098169068089997,0.5650026122436396,-0.16243493623756794,0.08580778908981831
0.3294061994742595,0.5552290075171202,-0.10065484320738705,0.0769620360255514
0.3137347653420516,0.5435021287149827,-0.13359768892596008,0.06730776824580144
0.2901970058739504,0.5307913785266078,-0.16286180973061043,0.05713426395721917
0.2941148644070023,0.517103991300424,-0.14997438680217348,0.046778178144353484
0.2999916522065803,0.5063537495360956,-0.14391792549190693,0.03659663961931119
0.3098169068089997,0.4965801448095762,-0.14152387293803814,0.026933113911898197
0.3137347653420516,0.4868065400830569,-0.13080231002246576,0.018082105794296397
0.3235294116746816,0.4780023380459186,-0.12262704630279911,0.010258718888836723
0.3294061994742595,0.4721425158190639,-0.11925256389029978,0.0035780142583465738
0.3352829872738374,0.4682287333193992,-0.11157197031366355,-0.0019526851973784602
0.3490261004093087,0.466275459243781,-0.09510956610960083,-0.00642762621460376
0.3705743223410945,0.4633455481303537,-0.08142109924089772,-0.010023988740884228
0.3646975345415166,0.4613850397063073,-0.07781985065435976,-0.012974140765350745
0.3843174354765659,0.459431765630689,-0.06563391667471408,-0.01553336329715077
0.4156909120107711,0.4565018545172618,-0.03120816673320801,-0.01794792235143036
0.4549001056110801,0.4535647090554062,0.008725765734397158,-0.02042780499512875
0.4901914406783372,0.4496581609041697,0.04040907536233583,-0.02312724015362219
0.5254827757455944,0.4457443784045051,0.07982149214620916,-0.026134586938827788
0.5901886580805307,0.4418378302532686,0.14152993078916654,-0.02947160948372755
0.654894540415467,0.437924047753604,0.2062464140330582,-0.03310084587163143
0.6960932715520916,0.4340174996023676,0.250103297518424,-0.036938899304073146
0.7353024651524006,0.4301109514511312,0.2832824853189061,-0.04087308438821299
0.7607991538870279,0.4261971689514665,0.3175367263985718,-0.044778896063431856
0.7803884465522877,0.4232672578380392,0.326745294614771,-0.048536123991765434
0.7411792529519786,0.4193534753383746,0.29541332891002264,-0.05204199031477872
0.7058879178847215,0.4174002012627563,0.25550216589874203,-0.05522032755690303
0.6647197950178864,0.414470290149329,0.21793345272247255,-0.05802643027309344
0.605890700482528,0.4115331446874735,0.1515762211397318,-0.06044772251268338
0.5098113416133866,0.4095798706118552,0.06575566934915819,-0.0625007329021167
0.4549001056110801,0.407626596536237,0.0021382238224045523,-0.06422506593416197
0.4039067281418257,0.4056660881121906,-0.04680661295503674,-0.06567516247596447
0.3451082418762568,0.4046894510743815,-0.10245309253468418,-0.06691072781502552
0.3137347653420516,0.4037128140365724,-0.14037908480099737,-0.06798681400219062
0.2999916522065803,0.4037128140365724,-0.1459028362157968,-0.0689446748397663
0.3098169068089997,0.4027361769987633,-0.1480640928372286,-0.06980462312606273
0.2843202180743724,0.4027361769987633,-0.15887885645516459,-0.07056212799523118
0.2999916522065803,0.4027361769987633,-0.15984644494987424,-0.07118820733474159
0.2901970058739504,0.4027361769987633,-0.153468444093932,-0.07163474462453258
0.3039095107396323,0.4017595399609542,-0.15665774096343754,-0.07184468496169624
0.2843202180743724,0.400782902923145,-0.1599219771156271,-0.071766179619549
0.3098169068089997,0.3998062658853359,-0.14980752135601313,-0.07136876427241111
0.3098169068089997,0.3988296288475269,-0.13779285392240453,-0.07065878604021883
0.3294061994742595,0.3988296288475269,-0.12886795915455648,-0.06969081305469599
0.3352829872738374,0.400782902923145,-0.11347096683304922,-0.0685719043804414
0.3549028882088867,0.4027361769987633,-0.10236597578315391,-0.06745648519215797
0.3490261004093087,0.4046894510743815,-0.10575271459185541,-0.06653105060531364
0.3451082418762568,0.4056660881121906,-0.10531405585786492,-0.06598970005143932
0.3588207467419387,0.4066499594984279,-0.10105504969010871,-0.06600318974058404
0.3392008458068894,0.4066499594984279,-0.113164506878299,-0.06668546531478702
0.3352829872738374,0.4056660881121906,-0.12194211451479436,-0.06806232753238028
0.3490261004093087,0.4037128140365724,-0.10346805841633248,-0.07004693430995698
0.374522789143936,0.4017595399609542,-0.08900895840195075,-0.07242627068341236
0.3392008458068894,0.3988296288475269,-0.10814522091630409,-0.0748616070525332
0.3294061994742595,0.3968691204234804,-0.1353041687473326,-0.07690445440614706
0.3235294116746816,0.3958924833856713,-0.1308837964126316,-0.0780277815697433
0.3588207467419387,0.3958924833856713,-0.0972493075914718,-0.07767045409221271
0.3843174354765659,0.3978529918097178,-0.0760608399788583,-0.07529113961232838
0.3803995769435139,0.400782902923145,-0.08070529805055825,-0.07042643356909067
0.3646975345415166,0.4056660881121906,-0.08506827401682819,-0.06274683876335471
0.374522789143936,0.414470290149329,-0.09485960250763106,-0.05210369083672334
0.3352829872738374,0.4271738059892756,-0.1214826693016236,-0.03856042874632256
0.3196115531416296,0.4437911043288869,-0.13224830942579713,-0.022402994992878088
0.3490261004093087,0.4643221851681628,-0.12510317342579463,-0.00412663735164189
0.3196115531416296,0.4868065400830569,-0.13142527892626293,0.01560032660408158
0.3235294116746816,0.5102675320357603,-0.1368953297969309,0.03599171746763641
0.3490261004093087,0.5337212896400352,-0.12149525756760156,0.05621061877212878
0.3392008458068894,0.553275733441502,-0.11366671190282789,0.07543955422618093
0.3196115531416296,0.5689163947433042,-0.14262872462580875,0.09294465840877573
0.3098169068089997,0.5826037819694881,-0.16264179857263641,0.10812625100603147
0.3451082418762568,0.5933540237338165,-0.1113220993898423,0.12055096973152928
0.3549028882088867,0.6001977173469085,-0.09111268150395725,0.12996393386077648
0.3235294116746816,0.605080902535954,-0.18681089353546135,0.1362825516222302
0.2901970058739504,0.6070414109600005,-0.12603832563035666,0.13957598965314366
0.8058851352869149,0.6080180479978096,0.3420324092623783,0.1400356793092831
1.503906727835743,0.6060575395737632,0.9541075243515581,0.13794246306147195
1.503906727835743,0.6021509914225267,1.199892745833597,0.13363522585873222
1.4725638595713273,0.597260571885053,0.8239400967770727,0.12748442489880457
0.4901914406783372,0.590416878271961,0.158376455920773,0.11987220351269855
0.3451082418762568,0.5826037819694881,-0.16787252125220406,0.11117909267807555
0.3843174354765659,0.5747834513185871,-0.10417223821981307,0.10177593837226939
0.3549028882088867,0.5659792492814486,-0.07381540286890165,0.09201884348938216
0.3451082418762568,0.5552290075171202,-0.13939505707000238,0.0822447039317352
0.3352829872738374,0.5444787657527919,-0.13960595469899995,0.0727653815564396
0.3352829872738374,0.5337212896400352,-0.11835290202023924,0.06385957861266703
0.3490261004093087,0.524924321951325,-0.12727198166382742,0.05576276380962505
0.3451082418762568,0.517103991300424,-0.12473326470273019,0.04865664870422375
0.3549028882088867,0.5092836606495229,-0.10932102658344409,0.042660390305260344
0.374522789143936,0.5044004754604773,-0.09837991639093269,0.037825748357853545
0.3843174354765659,0.5024472013848591,-0.0857722008636723,0.034137862053847404
0.3999888696087737,0.5014633299986218,-0.0668711736703628,0.03152224806398298
0.4294034168764529,0.5004866929608127,-0.045042769414207796,0.029857303848910048
0.4451054592784502,0.5004866929608127,-0.02281964642614546,0.028990401711711196
0.4745200065461294,0.4995100559230035,0.0022502177954038163,0.028754949764638355
0.4999860870109672,0.4995100559230035,0.029035129724321793,0.028985755277353517
0.5254827757455944,0.4995100559230035,0.053353614771539985,0.029530586558359943
0.5548973230132735,0.4995100559230035,0.08317460611616047,0.03025676709919104
0.5960654458801087,0.4995100559230035,0.12462164934031475,0.03105269298219563
0.6411820355497851,0.4995100559230035,0.16686207293213984,0.03182512922265772
0.6803912291500942,0.4995100559230035,0.20903611601910474,0.03249386140853217
0.7353024651524006,0.4995100559230035,0.2622038516750075,0.0329856548050222
0.7862652343518657,0.4995100559230035,0.31194467087945,0.03322945397855057
0.8058851352869149,0.4995100559230035,0.3330257239656683,0.03315435253374272
0.8058851352869149,0.4995100559230035,0.3319107968342877,0.032691148166226904
0.800008347487337,0.4995100559230035,0.3262719392518949,0.0317774023674342
0.7862652343518657,0.4995100559230035,0.31048025637478155,0.030365021497766778
0.7450971114850305,0.4975567818473854,0.27311380479930114,0.028428669728209552
0.6960932715520916,0.494626870733958,0.21836448692913832,0.025973007494049506
0.6293978516808398,0.4907130882342934,0.15680051174149018,0.023036929918680827
0.5705993654152709,0.4868065400830569,0.09428958124724608,0.01969360706417632
0.5098113416133866,0.4819161205455832,0.03402224492518103,0.016045995523053525
0.4549001056110801,0.4780023380459186,-0.019284340210923713,0.0122183377920455
0.4156909120107711,0.4740957898946821,-0.06146272357688729,0.008344789828046232
0.3843174354765659,0.4711658787812548,-0.09149997333219793,0.004556630463886842
0.3646975345415166,0.4672520962815901,-0.10944546116442112,0.0009695417952376584
0.3646975345415166,0.4633455481303537,-0.11586284699730093,-0.002327671569721465
0.3549028882088867,0.4584551285928799,-0.1157985396660072,-0.0052817089713272465
0.3646975345415166,0.4555252174794526,-0.11727939088326349,-0.007879687709781136
0.3549028882088867,0.4535647090554062,-0.11886208923787206,-0.010149550795976391
0.3646975345415166,0.4525880720175971,-0.111677907165682,-0.012155678497018213
0.3803995769435139,0.451611434979788,-0.09968875595100703,-0.013990163660432705
0.3803995769435139,0.4506347979419788,-0.09287845206789978,-0.01576102320314871
0.3941120818091958,0.4496581609041697,-0.08602614257864455,-0.01757921021953237
0.4039067281418257,0.4467282497907424,-0.07186767838027656,-0.01954643288892061
0.419608770543823,0.4428144672910778,-0.05811078095987275,-0.021745397570868654
0.4254855583434009,0.4398845561776505,-0.05223185484324374,-0.024233272744854293
0.4294034168764529,0.4349941366401767,-0.04815916217606381,-0.027038174639482004
0.4352802046760309,0.4310875884889403,-0.04141738498282322,-0.030157630359122008
0.4392286714788723,0.4261971689514665,-0.04005831467791534,-0.03355754839773139
0.4294034168764529,0.4232672578380392,-0.046798018704933365,-0.03717035923581268
0.4254855583434009,0.4213067494139927,-0.05339296537077829,-0.040891682794458865
0.4156909120107711,0.4193534753383746,-0.06045120979768735,-0.04457598251119982
0.4098141242111931,0.4174002012627563,-0.07142226984942861,-0.04803285091720482
0.3941120818091958,0.414470290149329,-0.07882595181298865,-0.05102640750589021
0.3999888696087737,0.4125097817252826,-0.08184980780058643,-0.05328041583422357
0.3941120818091958,0.4095798706118552,-0.08337830363718654,-0.0544910184338978
0.3999888696087737,0.4086032335740461,-0.0741834395559933,-0.054347595219886635
0.4254855583434009,0.4086032335740461,-0.05734600173403437,-0.05256051864310183
0.4254855583434009,0.4115331446874735,-0.04958270749583975,-0.04889292557646564
0.4254855583434009,0.4154469271871381,-0.051396578453855105,-0.0431924275556119
0.419608770543823,0.4222906208002301,-0.060853765542452046,-0.035418184218699356
0.3941120818091958,0.4330408625645585,-0.0821394133259952,-0.025659062883925093
0.374522789143936,0.4437911043288869,-0.10164161462000046,-0.014139658159685929
0.3803995769435139,0.4565018545172618,-0.10077333556191137,-0.0012125835040335531
0.3901942232761438,0.473119152856873,-0.0839532018805534,0.012662592997966186
0.4039067281418257,0.4897364511964843,-0.07503758409797898,0.026951417012299743
0.3901942232761438,0.5044004754604773,-0.08674252455377501,0.041083591393969034
0.3843174354765659,0.5180806283382331,-0.09526429927732785,0.05449394367632583
0.3803995769435139,0.5298147414887988,-0.09176212561990968,0.06666019206661188
0.3705743223410945,0.538611709177509,-0.10866056936702254,0.07713330284980047
0.3705743223410945,0.545455402790601,-0.11612686143148877,0.08555788786538426
0.374522789143936,0.5503385879796465,-0.08077294885429356,0.09168205240314048
0.374522789143936,0.5522990964036929,-0.11849275074282119,0.09535792121361049
0.274494963471953,0.5522990964036929,-0.21428353783473214,0.09653537979696647
0.4098141242111931,0.5503385879796465,-0.01878323836589595,0.09525215051308165
1.1313734762281225,0.5483853139040282,0.5859684166567403,0.09162311512879324
1.503906727835743,0.5435021287149827,1.0944570560423412,0.08583088938033746
1.503906727835743,0.5376350721396999,0.9838261905388409,0.07811831292083764
0.8803856639544811,0.5298147414887988,0.4141009016080382,0.06878214294058572
0.4392286714788723,0.5190644997244704,-0.016693730615675764,0.058166255893372695
0.4254855583434009,0.5073303865739046,-0.07785343677745593,0.04665236283718398
0.419608770543823,0.494626870733958,-0.040961025732767845,0.034646699754719915
0.3843174354765659,0.4809394835077741,-0.08902459490729911,0.022562204479010313
0.3451082418762568,0.4672520962815901,-0.13830109789719278,0.010797018422089206
0.3294061994742595,0.4555252174794526,-0.1410271343222479,-0.00028861438742910396
0.3392008458068894,0.444767741366696,-0.13337803790992014,-0.010394166248285451
0.3549028882088867,0.4349941366401767,-0.12494432551965082,-0.019296305586611835
0.3549028882088867,0.4281504430270847,-0.11479994653489123,-0.026859496300914446
0.3705743223410945,0.4242438948758483,-0.10554658190755732,-0.03303826102043461
0.3803995769435139,0.4203301123761837,-0.09360237800665165,-0.03787106642611319
0.3901942232761438,0.4174002012627563,-0.08235511994594925,-0.04146719523533308
0.3999888696087737,0.4154469271871381,-0.07460559121306756,-0.043989002785315194
0.4098141242111931,0.4125097817252826,-0.06313795296225652,-0.0456323622231174
0.4254855583434009,0.4105565076496644,-0.04628957237867723,-0.04660785403520356
0.4451054592784502,0.4095798706118552,-0.030547400534924413,-0.047124539865042975
0.4549001056110801,0.4086032335740461,-0.014209019774598243,-0.04737727374943807
0.4843146528787593,0.4086032335740461,0.009285799267249342,-0.04753772546067082
0.5098113416133866,0.4086032335740461,0.038746360029563026,-0.04774878104991368
0.5451026766806437,0.4086032335740461,0.07346177317433819,-0.04812175932824471
0.5901886580805307,0.407626596536237,0.11789601572172255,-0.04873585439543922
0.6411820355497851,0.4066499594984279,0.1699237031334553,-0.04963926930404546
0.6901858754827241,0.4056660881121906,0.21963259853423917,-0.05085156543586551
0.7313846066193487,0.4037128140365724,0.25910484973690434,-0.052366800037456376
0.7548917578176605,0.4017595399609542,0.2857324833433137,-0.05415708284256217
0.7705938002196577,0.3998062658853359,0.29892330051964155,-0.056176274019598224
0.7666759416866058,0.3988296288475269,0.2967691992352593,-0.05836367995836958
0.7450971114850305,0.3968691204234804,0.27582974048014236,-0.06064776813341315
0.7058879178847215,0.3939392093100531,0.23463083137858415,-0.06295005695716913
0.6450998940828371,0.3919859352344348,0.17717222212189226,-0.06518934912851723
0.5803940117479008,0.3890487897725793,0.11018295428454374,-0.06728632435563552
0.5098113416133866,0.3870955156969611,0.04092618442388532,-0.06916824945577633
0.4490233178115022,0.3841656045835338,-0.0197212762652993,-0.07077332446930565
0.4039067281418257,0.3831889675457247,-0.0639590944450542,-0.07205408028686983
0.374522789143936,0.3831889675457247,-0.09552624010608429,-0.07297935599214865
0.3451082418762568,0.3841656045835338,-0.12067758931947409,-0.07353472797358182
0.3294061994742595,0.3841656045835338,-0.14026160382617703,-0.07372174180533153
0.3137347653420516,0.3851422416213429,-0.1530123323567874,-0.07355670581787896
0.3098169068089997,0.3851422416213429,-0.1576972152596218,-0.07306993075968009
0.3098169068089997,0.386118878659152,-0.1567915508007021,-0.07230605518937885
0.3137347653420516,0.386118878659152,-0.15484461729043786,-0.07132555105953765
0.3137347653420516,0.3870955156969611,-0.15010176753391732,-0.07020682431959172
0.3294061994742595,0.3870955156969611,-0.13996544696189717,-0.0690476998389889
0.3352829872738374,0.3880721527347702,-0.12890597619710803,-0.06796467706638512
0.3451082418762568,0.3880721527347702,-0.12152297564101203,-0.06708828840949871
0.3490261004093087,0.3880721527347702,-0.11672109087571736,-0.06655325434899777
0.3549028882088867,0.3890487897725793,-0.11144594710645997,-0.06648291184590842
0.3549028882088867,0.3900326611588167,-0.10721936385637727,-0.06696853131774677
0.3646975345415166,0.3900326611588167,-0.10628920682018247,-0.06804547815357252
0.3549028882088867,0.3900326611588167,-0.10283447609674874,-0.06966945600488504
0.374522789143936,0.3900326611588167,-0.09599875215782949,-0.07169696957534255
0.3646975345415166,0.3880721527347702,-0.09691295836826337,-0.07387438674478379
0.3588207467419387,0.386118878659152,-0.10557804110335846,-0.07583940926752954
0.3549028882088867,0.3841656045835338,-0.11000557521402139,-0.07713738379472879
0.3549028882088867,0.3841656045835338,-0.10867705580663731,-0.07725288716799933
0.3549028882088867,0.3851422416213429,-0.10824569467224754,-0.07565473424487466
0.3549028882088867,0.3880721527347702,-0.10877493998616694,-0.07185034785546598
0.3646975345415166,0.392962572272244,-0.10026677595632245,-0.06544359614278028
0.3803995769435139,0.3998062658853359,-0.07888685385318968,-0.05618897026775432
0.4039067281418257,0.4095798706118552,-0.06318787309347601,-0.04403455956049154
0.3941120818091958,0.4242438948758483,-0.0668857536208695,-0.029146902555869113
0.3803995769435139,0.4428144672910778,-0.08087413936774103,-0.011912611639181541
0.3588207467419387,0.4652988222059719,-0.10547613092938378,0.007085356991892322
0.3235294116746816,0.487783177120866,-0.1399514190031455,0.027115167815943603
0.3039095107396323,0.5112441690735693,-0.15307425111610423,0.047361862783228216
0.3352829872738374,0.5337212896400352,-0.1327937366589974,0.06700288532342775
0.3451082418762568,0.553275733441502,-0.11390261757037407,0.08528315612377926
0.3392008458068894,0.5698930317811133,-0.11988958175165088,0.10157952283344344
0.3352829872738374,0.5826037819694881,-0.13243959783684517,0.1154461609410416
0.3235294116746816,0.5923773866960075,-0.1338359148612408,0.12663564633400254
0.3137347653420516,0.598237208922862,-0.14289408647910393,0.13509436681383502
0.3235294116746816,0.6011743543847177,-0.15149442314778366,0.14093497199439234
0.3352829872738374,0.6031276284603359,-0.11434097886101095,0.1443919704462967
0.3352829872738374,0.6031276284603359,-0.11696616833214951,0.14576878842902072
0.2549056708066933,0.604104265498145,-0.23970507949358114,0.14538525069103148
0.2490288830071153,0.604104265498145,-0.17019012036782194,0.14353348918209974
0.8902109185569005,0.6031276284603359,0.4033346993721565,0.1404480338973893
1.503906727835743,0.6001977173469085,1.0474302149957255,0.13629286502274945
1.503906727835743,0.5953072978094348,1.055599940052931,0.13116516698054748
0.9823418106232006,0.5914007496581983,0.4978114366151596,0.12511294971057035
0.4607768934106581,0.5855336930829155,0.03264264304361815,0.11816186323149021
0.4156909120107711,0.5786899994698235,-0.07267043927602498,0.11034550179027754
0.3843174354765659,0.5708696688189224,-0.06436443077791781,0.1017332822714698
0.3490261004093087,0.5630493381680214,-0.10533174476686914,0.09245058235957539
0.3352829872738374,0.553275733441502,-0.13677334309987477,0.0826871771193175
0.3196115531416296,0.5425254916771737,-0.13295886158475503,0.07269198043631267
0.3352829872738374,0.5307913785266078,-0.12413602775113416,0.06275447005488602
0.3490261004093087,0.5180806283382331,-0.11548970045068939,0.053175642285709764
0.3549028882088867,0.5073303865739046,-0.10179091254918599,0.04423346944480089
0.374522789143936,0.4985334188851945,-0.08427118394737337,0.036149119583030014
0.3843174354765659,0.4916897252721025,-0.07877252100896878,0.02906023962812526
0.3646975345415166,0.4887598141586752,-0.09320700502776486,0.023006273968330722
0.3588207467419387,0.4868065400830569,-0.09962776855415396,0.017928342727892052
0.3803995769435139,0.4858226686968196,-0.08176785676923409,0.013683224373430438
0.3999888696087737,0.4838693946212014,-0.05917690716544287,0.010068232446369594
0.4156909120107711,0.4809394835077741,-0.04161862350350244,0.006851933700026831
0.4392286714788723,0.4780023380459186,-0.02382482844739861,0.0038051097932864137
0.4549001056110801,0.473119152856873,-0.0033138143763485114,0.0007270897683437338
0.4843146528787593,0.4692053703572084,0.02632907211923148,-0.0025357929446594898
0.5294006342786464,0.4643221851681628,0.06597442462287548,-0.006080868219723926
0.5646919693459035,0.459431765630689,0.1084064181868876,-0.009948319653541095
0.615685346815158,0.4555252174794526,0.1542715858510803,-0.014126974068161963
0.6607713282150449,0.4525880720175971,0.20108142678127436,-0.018564169824885755
0.6960932715520916,0.4496581609041697,0.23708449803812975,-0.023177302887516772
0.7215593520169293,0.4457443784045051,0.26045515185452905,-0.027865276853933696
0.7313846066193487,0.4418378302532686,0.27344010202135516,-0.03251887894603516
0.7313846066193487,0.437924047753604,0.2696130720900704,-0.03702974662983067
0.7098057764177734,0.4330408625645585,0.2502870205384781,-0.04129791564962149
0.6803912291500942,0.4291270800648938,0.2227053290276241,-0.04523796808947547
0.6450998940828371,0.4252205319136574,0.1809109247716395,-0.0487836603230805
0.5803940117479008,0.4222906208002301,0.12407521416182483,-0.051890773177131914
0.5294006342786464,0.4203301123761837,0.06802324298753401,-0.05453792984827914
0.4803967943457073,0.4193534753383746,0.019335526348256773,-0.056725327884601426
0.4352802046760309,0.4183768383005654,-0.023914108838816235,-0.058471679674839815
0.3999888696087737,0.4174002012627563,-0.05957356461334966,-0.05981001631788607
0.3705743223410945,0.4164235642249472,-0.09196128112183535,-0.06078322998508342
0.3392008458068894,0.4164235642249472,-0.11904754826957871,-0.06144022462197426
0.3352829872738374,0.4164235642249472,-0.1265137870286011,-0.0618333339320739
0.3352829872738374,0.4164235642249472,-0.12336693675169275,-0.06201733043616323
0.3352829872738374,0.4164235642249472,-0.12927444242498232,-0.06204996229142036
0.3235294116746816,0.4164235642249472,-0.13174191739930025,-0.06199356007676343
0.3451082418762568,0.4174002012627563,-0.1195090982656192,-0.06191690018862054
0.3490261004093087,0.4164235642249472,-0.11158587892663525,-0.06189625378456237
0.3451082418762568,0.4164235642249472,-0.11299300049120832,-0.062014439227941795
0.3549028882088867,0.4154469271871381,-0.10890605100815398,-0.06235676512923207
0.3588207467419387,0.414470290149329,-0.10165590666588463,-0.0630030425306222
0.3588207467419387,0.414470290149329,-0.10019560934964591,-0.06401540861724345
0.3646975345415166,0.4134864187630917,-0.09974208570374163,-0.06542254937468066
0.3646975345415166,0.4134864187630917,-0.09418509334265597,-0.06720194949935818
0.374522789143936,0.4134864187630917,-0.08681066615561003,-0.0692628436007842
0.3803995769435139,0.4134864187630917,-0.08354876297023035,-0.07143333075337033
0.374522789143936,0.4125097817252826,-0.08316331563933771,-0.07345536691206446
0.3803995769435139,0.4115331446874735,-0.08462045075293403,-0.07499084192176929
0.3646975345415166,0.4095798706118552,-0.09453849347596707,-0.07564059746965719
0.3549028882088867,0.4086032335740461,-0.10887949881722706,-0.07497618976491226
0.3490261004093087,0.4095798706118552,-0.11017317635746299,-0.07258181788970768
0.3705743223410945,0.4125097817252826,-0.09447337416714204,-0.06810164012531895
0.3843174354765659,0.4193534753383746,-0.07500412292301464,-0.061286187213490086
0.3999888696087737,0.4271738059892756,-0.06285539053908967,-0.052031088184880024
0.4039067281418257,0.437924047753604,-0.059831240900796896,-0.040401950464311345
0.3941120818091958,0.451611434979788,-0.06476935406561757,-0.026640891075551905
0.3843174354765659,0.4701892417434457,-0.0810424910742051,-0.011152711569601787
0.3549028882088867,0.4907130882342934,-0.10626156820687736,0.005528226658149531
0.3392008458068894,0.5112441690735693,-0.12228773232632249,0.022786184485720985
0.3451082418762568,0.531768015564417,-0.11876664388744192,0.039980393278054444
0.3549028882088867,0.5483853139040282,-0.10741154985872542,0.056501264523423946
0.3588207467419387,0.5610960640924031,-0.10276185909372924,0.071818421404023
0.3549028882088867,0.5728229428945406,-0.10784740235657858,0.08551442037837911
0.3549028882088867,0.5835804190072973,-0.11110352533492128,0.09730104353867297
0.3451082418762568,0.5914007496581983,-0.11175111588321977,0.10701832841478043
0.3352829872738374,0.598237208922862,-0.12955295339281328,0.11461928529944666
0.3352829872738374,0.6031276284603359,-0.13770458233513383,0.12014507152415237
0.3294061994742595,0.6080180479978096,-0.1115579512038705,0.1236961123128069
0.3392008458068894,0.6099713220734279,-0.14250831573791162,0.12540436186719536
0.2588235293397452,0.6109479591112369,-0.20909480546246795,0.12541082060747563
0.4294034168764529,0.6099713220734279,0.004643241906817911,0.12385089857483893
1.1470449103603302,0.6070414109600005,0.6172874000605216,0.12084857422156188
1.503906727835743,0.6031276284603359,1.1232476558514453,0.1165187825471173
1.503906727835743,0.5992210803090994,0.9619961640190109,0.1109762051838835
0.7509738992846084,0.5933540237338165,0.3387397109165875,0.10434769118805866
0.4039067281418257,0.5865103301207246,-0.07018538560940062,0.09678497785570749
0.3901942232761438,0.5786899994698235,-0.08850022669547015,0.08847430169918533
0.3941120818091958,0.5708696688189224,-0.05286904794893021,0.0796399631961519
0.3646975345415166,0.5610960640924031,-0.10193305821916562,0.07053991793433968
0.3352829872738374,0.5503385879796465,-0.13239109050684778,0.061452898473027144
0.3294061994742595,0.5405649832531272,-0.13165263696371865,0.05265823133466174
0.3294061994742595,0.5307913785266078,-0.13020408031857567,0.04441111602982714
0.3490261004093087,0.5219944108378977,-0.11921451810154848,0.0369173298582757
0.3549028882088867,0.5141740801869966,-0.10676608401523997,0.03031181046745315
0.3646975345415166,0.5092836606495229,-0.09601846577772041,0.0246451868504572
0.3843174354765659,0.5053771124982864,-0.08120467734672226,0.019881087464849265
0.3901942232761438,0.5034238384226682,-0.0740529493389584,0.015905136862135665
0.3901942232761438,0.5034238384226682,-0.06858789701321077,0.012544324500541682
0.4156909120107711,0.5024472013848591,-0.05114070727003361,0.009593386067031823
0.4254855583434009,0.4995100559230035,-0.03687606627751978,0.006843491535727434
0.4294034168764529,0.4956035077717671,-0.031306523287977846,0.0041082627818561975
0.4490233178115022,0.4916897252721025,-0.016445282251388322,0.001243021980495692
0.4706021480130775,0.4868065400830569,0.009018691432578984,-0.001845097595041267
0.4999860870109672,0.4828927575833923,0.03756182730019883,-0.005196502381503232
0.5392258888810657,0.4780023380459186,0.07536469414924026,-0.00880644497498181
0.5843118702809528,0.473119152856873,0.12334615989970693,-0.012637513482617274
0.6353052477502072,0.4692053703572084,0.17111279481141362,-0.016633976995057472
0.6764733706170423,0.4652988222059719,0.21509088740091187,-0.020734825071598288
0.7156825642173513,0.4623689110925446,0.25366849785474066,-0.024883124226802018
0.7411792529519786,0.459431765630689,0.27741550923452946,-0.029030518025356906
0.7450971114850305,0.4565018545172618,0.2845549860700905,-0.03313702515742043
0.7450971114850305,0.4525880720175971,0.28254158666470863,-0.037167417412726896
0.7313846066193487,0.4486815238663607,0.2689317587249392,-0.04108612756193362
0.7000111300851435,0.444767741366696,0.2388962019163557,-0.04485273295668975
0.6607713282150449,0.4408611932154596,0.19889363151708228,-0.04841963982050393
0.615685346815158,0.4359707736779858,0.15435278186365198,-0.05173282726669813
0.5705993654152709,0.4320642255267494,0.10795678119472614,-0.05473561030269323
0.5254827757455944,0.4291270800648938,0.06656441668370425,-0.05737456065829846
0.4941092992113892,0.4261971689514665,0.03091722256203682,-0.05960617852708671
0.4607768934106581,0.4242438948758483,-0.0004049546151998762,-0.0614027631918651
0.4352802046760309,0.4232672578380392,-0.022578697553713667,-0.06275619465295856
0.4254855583434009,0.4232672578380392,-0.0391321518778709,-0.06367891631418018
0.4039067281418257,0.4232672578380392,-0.054522753269469204,-0.06420214324106004
0.3999888696087737,0.4232672578380392,-0.05927114884563633,-0.06437201819988962
0.4098141242111931,0.4242438948758483,-0.053255164264921,-0.0642449064620458
0.4098141242111931,0.4242438948758483,-0.048220491990954156,-0.0638831314381892
0.4156909120107711,0.4242438948758483,-0.04345045510736721,-0.06335217702506196
0.4254855583434009,0.4242438948758483,-0.03715090942757185,-0.06271977935086372
0.419608770543823,0.4232672578380392,-0.03594624206097831,-0.062056534699735544
0.4254855583434009,0.4222906208002301,-0.037500908924442355,-0.06143685760527797
0.419608770543823,0.4213067494139927,-0.036131726817919735,-0.06093856114661674
0.4254855583434009,0.4213067494139927,-0.03616854702504528,-0.06063921468217302
0.4156909120107711,0.4213067494139927,-0.041203946346445176,-0.06060790356681501
0.4098141242111931,0.4222906208002301,-0.048663577498448046,-0.06089206619926561
0.4039067281418257,0.4232672578380392,-0.05607516167012019,-0.061500525158137156
0.3941120818091958,0.4242438948758483,-0.06142690350402172,-0.06238531573174041
0.3941120818091958,0.4242438948758483,-0.06502029287719843,-0.06342603533958562
0.3901942232761438,0.4222906208002301,-0.06871392421517358,-0.0644208268858202
0.3803995769435139,0.4213067494139927,-0.07301564144413565,-0.06508757249237576
0.3803995769435139,0.4203301123761837,-0.08129775555871194,-0.06507747315287404
0.3646975345415166,0.4203301123761837,-0.08944714387606369,-0.06400122477310703
0.374522789143936,0.4222906208002301,-0.08214270517443503,-0.06146587407990834
0.3941120818091958,0.4242438948758483,-0.0637174972226224,-0.05711850708741846
0.3999888696087737,0.4291270800648938,-0.05517284300735735,-0.05069145143923162
0.3999888696087737,0.4359707736779858,-0.05640080035635221,-0.042042863790843536
0.3941120818091958,0.4457443784045051,-0.06031570382997416,-0.031186596042397256
0.3843174354765659,0.4565018545172618,-0.07407884237898649,-0.018306202532695593
0.3588207467419387,0.473119152856873,-0.09293217317118715,-0.0037498572626724737
0.3549028882088867,0.4907130882342934,-0.1018291238500219,0.01199437118960034
0.3549028882088867,0.5102675320357603,-0.10058013719950509,0.028340346236595787
0.3588207467419387,0.5288381044509897,-0.09382097306778905,0.04465730605880187
0.3646975345415166,0.545455402790601,-0.09028430734917325,0.06032731679456252
0.3549028882088867,0.560119427054594,-0.09870877295344488,0.07479839082081968
0.3549028882088867,0.5718463058567315,-0.10288302735608879,0.08762578680446381
0.3352829872738374,0.5796666365076326,-0.10760307744325982,0.09849629111113316
0.3294061994742595,0.5855336930829155,-0.134147765580757,0.10723348276387593
0.3352829872738374,0.5894402412341518,-0.12389073648643636,0.11378542184669366
0.3352829872738374,0.5923773866960075,-0.08409155018014978,0.11819915831603249
0.3451082418762568,0.5923773866960075,-0.1524073102808928,0.12058835932553927
0.2686181756723751,0.5923773866960075,-0.16519575424261718,0.12110090139450666
0.6803912291500942,0.5923773866960075,0.26809490353788734,0.11989247089235523
1.503906727835743,0.5914007496581983,0.9553389675326306,0.11711029954452556
1.503906727835743,0.5884636041963428,1.1796767072473044,0.11288855999939498
1.2823640710995703,0.5845570560451063,0.7082316743937724,0.10735423832756086
0.4490233178115022,0.5786899994698235,0.08569843356803868,0.10064007990770137
0.3294061994742595,0.5718463058567315,-0.15698668540170913,0.09289990493775421
0.3451082418762568,0.5620727011302122,-0.11223337898862609,0.08432139428009487
0.3294061994742595,0.5513224593658839,-0.09955508743932373,0.075132309719854
0.3196115531416296,0.539588346215318,-0.14191966446171866,0.06559779200447466
0.3039095107396323,0.5278614674131806,-0.1487443602058408,0.05600846464020456
0.2999916522065803,0.517103991300424,-0.14135275207856823,0.046661064722264056
0.3137347653420516,0.5083070236117138,-0.1389675625463877,0.037834781969828354
0.3196115531416296,0.4995100559230035,-0.13299133163789692,0.02976715873937826
0.3137347653420516,0.4926663623099116,-0.12880777894339507,0.022633276231198627
0.3294061994742595,0.4868065400830569,-0.12261585575935383,0.016531212351562744
0.3352829872738374,0.4809394835077741,-0.11450233365858002,0.011475673127593206
0.3352829872738374,0.4760490639703003,-0.10834500401173223,0.007400513047345353
0.3588207467419387,0.473119152856873,-0.0936032573243987,0.004169725057434565
0.374522789143936,0.4721425158190639,-0.07057302725246678,0.0015954626024745002
0.3941120818091958,0.4701892417434457,-0.054018899265956974,-0.00053920473915
0.4039067281418257,0.4672520962815901,-0.04406315332163461,-0.00245569193736896
0.419608770543823,0.4643221851681628,-0.026376094649130263,-0.004356503064300017
0.4549001056110801,0.4623689110925446,0.006816913155398896,-0.006405744360565294
0.4941092992113892,0.459431765630689,0.04845080073019474,-0.008715528670918038
0.5353080303480138,0.4555252174794526,0.08758941214963796,-0.011339366144047748
0.5705993654152709,0.4525880720175971,0.1255695815054197,-0.01427273977800676
0.6196032053482099,0.4486815238663607,0.17154736418242256,-0.01746024121049195
0.6647197950178864,0.444767741366696,0.22118937566221158,-0.020807950937293134
0.7058879178847215,0.4408611932154596,0.2570968899787939,-0.024199234119398165
0.7156825642173513,0.4359707736779858,0.2719927496380939,-0.027511808699108416
0.7156825642173513,0.4320642255267494,0.27003668224972194,-0.030633843123735127
0.7000111300851435,0.4291270800648938,0.25249888443401963,-0.033476996297821304
0.6647197950178864,0.4261971689514665,0.2221115042929087,-0.03598476641634101
0.6293978516808398,0.4242438948758483,0.1824912323775578,-0.03813525699415503
0.5745172239483228,0.4222906208002301,0.12950790952868055,-0.039938393624852714
0.5098113416133866,0.4222906208002301,0.06532331268869661,-0.0414285654661242
0.4490233178115022,0.4213067494139927,0.004720067588109997,-0.042654442858246176
0.4039067281418257,0.4203301123761837,-0.04345728267518807,-0.04366816998520441
0.3588207467419387,0.4183768383005654,-0.08165656582927135,-0.04451611204641359
0.3352829872738374,0.4154469271871381,-0.11377353932643464,-0.045232809782376676
0.3039095107396323,0.4134864187630917,-0.13747197259124316,-0.045838890894387835
0.2999916522065803,0.4125097817252826,-0.14550594494133662,-0.046342697589919976
0.3039095107396323,0.4115331446874735,-0.14152420456905193,-0.04674463687499461
0.2999916522065803,0.4115331446874735,-0.14166066739369318,-0.047042942924533405
0.2999916522065803,0.4125097817252826,-0.14814735676691193,-0.0472396478216927
0.2941148644070023,0.4125097817252826,-0.14636507802788642,-0.04734591184042163
0.3098169068089997,0.4115331446874735,-0.13638882320705942,-0.047386228346509164
0.3137347653420516,0.4105565076496644,-0.13141531443064372,-0.047401195030770546
0.3137347653420516,0.4095798706118552,-0.12763182051277858,-0.047448476429433596
0.3294061994742595,0.4086032335740461,-0.11713413130117598,-0.047601387791323724
0.3352829872738374,0.4066499594984279,-0.10894089584029848,-0.04794440749809574
0.3352829872738374,0.4056660881121906,-0.10670398288616097,-0.048565036401386194
0.3451082418762568,0.4046894510743815,-0.10216850981606054,-0.04954184127463597
0.3451082418762568,0.4046894510743815,-0.0966110526440745,-0.050929233393204855
0.3490261004093087,0.4027361769987633,-0.09714693507882781,-0.052740425816478316
0.3392008458068894,0.400782902923145,-0.10360512532925727,-0.05493085836748187
0.3352829872738374,0.3988296288475269,-0.11061513238244104,-0.05738491978507223
0.3294061994742595,0.3968691204234804,-0.11437121470341696,-0.059908861830299934
0.3235294116746816,0.3939392093100531,-0.11975789596822549,-0.0622323487554766
0.3196115531416296,0.3919859352344348,-0.12877277068393303,-0.0640201570001456
0.3137347653420516,0.3900326611588167,-0.12628516185900643,-0.06489422336753173
0.3392008458068894,0.3890487897725793,-0.10876377205468518,-0.06446469310294015
0.3451082418762568,0.3890487897725793,-0.0996502645576065,-0.0623670737223588
0.3352829872738374,0.3919859352344348,-0.10837323088314485,-0.05830132844692872
0.3235294116746816,0.3968691204234804,-0.12205998782548723,-0.05206801238427211
0.3098169068089997,0.4056660881121906,-0.13765721345248927,-0.04359656591914068
0.2843202180743724,0.4154469271871381,-0.15732930532392816,-0.032961692166481704
0.274494963471953,0.4281504430270847,-0.17446946852848466,-0.02038524393890058
0.2647003171393232,0.4428144672910778,-0.1798531690544651,-0.0062229898231672565
0.274494963471953,0.4604084026684982,-0.1711700251151183,0.009062264728430044
0.2784434302747945,0.4780023380459186,-0.16773984559171876,0.02493775002600753
0.2647003171393232,0.4956035077717671,-0.18194061129894246,0.0408430311572625
0.2647003171393232,0.5102675320357603,-0.18495377342033748,0.056231857511528364
0.2588235293397452,0.5229710478757068,-0.1778098112067013,0.07060822770046458
0.2686181756723751,0.5347051610262725,-0.19051206355190328,0.08355269827215889
0.274494963471953,0.5444787657527919,-0.17390408011864789,0.0947370094270986
0.2843202180743724,0.5522990964036929,-0.1369680667715965,0.10392730738208669
0.2901970058739504,0.5581589186305476,-0.19482006610780891,0.11097813414583042
0.2588235293397452,0.5610960640924031,-0.1812251196898319,0.11582062950208641
0.6293978516808398,0.5630493381680214,0.24272823322061796,0.11844890738314336
1.503906727835743,0.5630493381680214,0.9172236181314148,0.11890828765819197
1.503906727835743,0.5630493381680214,1.2380329799988774,0.11728802445476588
1.503906727835743,0.5610960640924031,0.8833272775052149,0.11371953791012858
0.5509794644802216,0.5581589186305476,0.21049190111326405,0.1083792576767878
0.3235294116746816,0.5522990964036929,-0.15516148093405766,0.10149348549427664
0.3451082418762568,0.5444787657527919,-0.12754008836336592,0.09334164646275232
0.3352829872738374,0.5366584351018908,-0.08607051366575202,0.08425423019774723
0.3235294116746816,0.524924321951325,-0.13538805184955807,0.0746026702295514
0.3137347653420516,0.5131974431491875,-0.14525135145374166,0.06478017394681454
0.3137347653420516,0.5004866929608127,-0.12914077021343362,0.05517471927044083
0.3294061994742595,0.4897364511964843,-0.12161543404488727,0.04613757447432496
0.3549028882088867,0.479962846469965,-0.10287748082231313,0.03795222454332816
0.3549028882088867,0.473119152856873,-0.09325167030204307,0.030809068486477235
0.3549028882088867,0.4672520962815901,-0.09694155519060929,0.02479053163335168
0.3646975345415166,0.4643221851681628,-0.09094041541967948,0.019869479667245272
0.3705743223410945,0.4623689110925446,-0.08173351876675422,0.01592143518672857
0.3803995769435139,0.4613850397063073,-0.07195020414751083,0.012748613214139481
0.4039067281418257,0.459431765630689,-0.05148089732545265,0.010111745881472024
0.4254855583434009,0.4565018545172618,-0.029723012006013825,0.00776448743223699
0.4392286714788723,0.4545485804416435,-0.013090062835521965,0.005485081957562923
0.46469475194371,0.451611434979788,0.0072499308777142285,0.0031008546324421907
0.4901914406783372,0.4477048868285516,0.034760860470763155,0.0005026519779160437
0.5254827757455944,0.4437911043288869,0.07085796462055843,-0.002351758816111752
0.5745172239483228,0.4389079191398414,0.1167909045088219,-0.0054444535723084135
0.6254799931477878,0.4349941366401767,0.1679758861002194,-0.008711848072605034
0.6764733706170423,0.4310875884889403,0.22144156695953782,-0.012063517416790829
0.7313846066193487,0.4291270800648938,0.2716346035019587,-0.015401668257619286
0.7666759416866058,0.4261971689514665,0.3077470529471213,-0.018638043783097198
0.7803884465522877,0.4232672578380392,0.32619011646092533,-0.02170600790754796
0.796090488954285,0.4213067494139927,0.33015711819421445,-0.024566745315936313
0.7764705880192357,0.4193534753383746,0.32331439815456897,-0.02720965813706411
0.7666759416866058,0.4174002012627563,0.30349548194118603,-0.02964796896661285
0.7215593520169293,0.4154469271871381,0.2604702271996814,-0.0319111630867912
0.654894540415467,0.4134864187630917,0.19701296491597659,-0.034036166831157594
0.5960654458801087,0.4115331446874735,0.13149987646663164,-0.03605905581838849
0.5294006342786464,0.4086032335740461,0.06992550091034667,-0.03800867115015659
0.4745200065461294,0.4066499594984279,0.01074440103709632,-0.03990290280602089
0.4254855583434009,0.4037128140365724,-0.036537387818979375,-0.041747722464991754
0.3941120818091958,0.4017595399609542,-0.06859807627283387,-0.0435384728351425
0.3705743223410945,0.400782902923145,-0.09517441120277009,-0.045262584172489684
0.3451082418762568,0.3988296288475269,-0.11589966335554956,-0.046902858018814914
0.3451082418762568,0.3988296288475269,-0.12296457866534483,-0.04844070083500654
0.3392008458068894,0.3978529918097178,-0.12252882345940407,-0.04985908421009574
0.3451082418762568,0.3978529918097178,-0.12404210839783218,-0.051145389107483744
0.3392008458068894,0.3968691204234804,-0.12312201788515884,-0.052294502541000064
0.3549028882088867,0.3958924833856713,-0.11510051357973922,-0.053312465688785046
0.3588207467419387,0.3939392093100531,-0.10572891483815965,-0.054220597010116243
0.3705743223410945,0.3919859352344348,-0.0981618051763879,-0.05505942231576903
0.3803995769435139,0.3900326611588167,-0.08754046085349941,-0.05589113647072551
0.3941120818091958,0.3890487897725793,-0.07386989549124987,-0.05679895537871512
0.4039067281418257,0.3880721527347702,-0.06503732557835032,-0.05788181123212595
0.4098141242111931,0.3880721527347702,-0.061305269051508175,-0.05924348210070007
0.4098141242111931,0.3870955156969611,-0.05678741432508405,-0.06097632862899366
0.4156909120107711,0.386118878659152,-0.058082541612885855,-0.06314108523911244
0.3999888696087737,0.3841656045835338,-0.0695925804856698,-0.06574531446436038
0.3941120818091958,0.3822123305079156,-0.07603945943627358,-0.06872392293008679
0.3999888696087737,0.3812284591216783,-0.07397050126452576,-0.0719254039657282
0.3901942232761438,0.3782985480082509,-0.08125160628107694,-0.07510715427939864
0.374522789143936,0.3753686368948236,-0.09711251066752333,-0.07794229479193236
0.374522789143936,0.3724314914329681,-0.10143885500225072,-0.08003894219427
0.3803995769435139,0.3704782173573498,-0.08992574604431915,-0.08097098276160344
0.4039067281418257,0.3685249432817316,-0.07401272061326117,-0.08031740819000938
0.4098141242111931,0.3704782173573498,-0.06105041875955408,-0.07770559426472022
0.4254855583434009,0.3743919998570145,-0.05343321332536831,-0.07285292779034422
0.4156909120107711,0.3822123305079156,-0.056437670444078075,-0.06560118585406961
0.4039067281418257,0.3939392093100531,-0.07477891937458471,-0.05593910572058177
0.374522789143936,0.4095798706118552,-0.10089858921049145,-0.044010454638849665
0.3588207467419387,0.4242438948758483,-0.11739529558940545,-0.03010718001691419
0.3646975345415166,0.4389079191398414,-0.11481975410674675,-0.014649329473382326
0.374522789143936,0.4555252174794526,-0.1008609194850597,0.0018450959755852783
0.3843174354765659,0.4740957898946821,-0.09640953233761736,0.01879651263262373
0.3646975345415166,0.4916897252721025,-0.11015935815261364,0.03560245576966874
0.3705743223410945,0.5073303865739046,-0.11665761870863875,0.05167506091634646
0.3549028882088867,0.5210177738000886,-0.11278400025116142,0.06647440133958764
0.3549028882088867,0.5337212896400352,-0.13237729347547306,0.0795356324847941
0.3549028882088867,0.545455402790601,-0.1360257138919842,0.09048887475126993
0.3490261004093087,0.5542523704793112,-0.10098437524322167,0.09907162385754435
0.3588207467419387,0.5610960640924031,-0.1523995396485247,0.10513406010514673
0.2686181756723751,0.5650026122436396,-0.21900146899489795,0.10863794989246699
0.4901914406783372,0.5659792492814486,0.07040763134255289,0.10965001022957975
1.3078301515644082,0.5650026122436396,0.7178486711397999,0.10833073605550989
1.503906727835743,0.5610960640924031,1.1415829372171256,0.10491979395235046
1.503906727835743,0.5562056445549294,0.9228697166826418,0.09971912656987608
0.7764705880192357,0.5513224593658839,0.34281856276856915,0.09307483137855116
0.4549001056110801,0.5444787657527919,-0.028616596151616748,0.08535865136714788
0.4451054592784502,0.5376350721396999,-0.06670788445745875,0.07694960949395022
0.4039067281418257,0.5288381044509897,-0.05661946871447721,0.06821609014014546
0.3803995769435139,0.5190644997244704,-0.11072736894701848,0.059498678333115416
0.3549028882088867,0.5102675320357603,-0.1366675529825919,0.05109434507465217
0.3490261004093087,0.5024472013848591,-0.13047144742536104,0.04324296965797023
0.3549028882088867,0.4956035077717671,-0.13059412148651625,0.03611746874449288
0.3646975345415166,0.4897364511964843,-0.12681490296555895,0.029818760883697146
0.3705743223410945,0.4848460316590105,-0.11189016146871389,0.02437639726449555
0.3901942232761438,0.4809394835077741,-0.09579931071371411,0.019755036405424146
0.3999888696087737,0.4780023380459186,-0.0925298789452837,0.015866183312904902
0.3843174354765659,0.4760490639703003,-0.09753865792905216,0.012583895109215643
0.4039067281418257,0.473119152856873,-0.08633833125556657,0.009762600339239487
0.4254855583434009,0.4721425158190639,-0.06329003152911887,0.007254891641301638
0.4352802046760309,0.4701892417434457,-0.051482108662605275,0.004927190570182264
0.4451054592784502,0.4672520962815901,-0.04410502624960039,0.0026715469397316127
0.4607768934106581,0.4652988222059719,-0.027651101911479896,0.00041246477693211215
0.4843146528787593,0.4633455481303537,-0.0064929065913189275,-0.0018915680284981439
0.5058934830803345,0.4604084026684982,0.020486272326633928,-0.004251382677847668
0.5548973230132735,0.4584551285928799,0.06049750657068632,-0.006654158363845771
0.5960654458801087,0.4565018545172618,0.11037367694489825,-0.009072657306614931
0.6509766818824151,0.4545485804416435,0.15954717952324368,-0.011474990771144826
0.6901858754827241,0.451611434979788,0.19897646562549412,-0.013833329300336678
0.7156825642173513,0.4496581609041697,0.2279481824113467,-0.016130257438109624
0.7411792529519786,0.4486815238663607,0.24841144682942337,-0.01836191661211623
0.7450971114850305,0.4477048868285516,0.2558622794446664,-0.020537655705226386
0.7411792529519786,0.4467282497907424,0.24944260813824573,-0.02267655832594824
0.7215593520169293,0.444767741366696,0.23203223392021158,-0.024801796872657565
0.6901858754827241,0.4428144672910778,0.19738869809334955,-0.026934106109992414
0.6353052477502072,0.4408611932154596,0.1454453626858433,-0.02908568931859993
0.5843118702809528,0.4389079191398414,0.09231632591971828,-0.031255619329365616
0.5353080303480138,0.4369474107157949,0.04523941164813313,-0.03342740544747838
0.4941092992113892,0.4349941366401767,-0.0011787039175267869,-0.0355689873193501
0.4392286714788723,0.4330408625645585,-0.04545635347844933,-0.037635060084404995
0.419608770543823,0.4320642255267494,-0.0806228707705034,-0.03957136423236124
0.3843174354765659,0.4301109514511312,-0.10001325327117064,-0.04132039935279893
0.3901942232761438,0.4291270800648938,-0.10574716697647552,-0.04282793474806008
0.374522789143936,0.4281504430270847,-0.11605209444989603,-0.044049669827546656
0.3588207467419387,0.4281504430270847,-0.1338617481057376,-0.04495742768204936
0.3549028882088867,0.4281504430270847,-0.13457063115300416,-0.04554433924057545
0.3803995769435139,0.4281504430270847,-0.11592897238069627,-0.04582857085100989
0.3803995769435139,0.4281504430270847,-0.10589249740112275,-0.04585522151885906
0.3901942232761438,0.4291270800648938,-0.10799204965280955,-0.04569603687765062
0.3843174354765659,0.4291270800648938,-0.10178111095188946,-0.04544656909998387
0.4039067281418257,0.4291270800648938,-0.09145328367538379,-0.04522040042615841
0.3999888696087737,0.4281504430270847,-0.09247391397109156,-0.04514009230846997
0.3941120818091958,0.4281504430270847,-0.09373891006562504,-0.04532468385256944
0.4098141242111931,0.4281504430270847,-0.08648185749584691,-0.045873927077493194
0.4039067281418257,0.4281504430270847,-0.08541464255223218,-0.04685007246743049
0.3999888696087737,0.4281504430270847,-0.09167330581914523,-0.0482588578033745
0.3999888696087737,0.4281504430270847,-0.09235551228224753,-0.050032222031480354
0.3999888696087737,0.4281504430270847,-0.09144764774084403,-0.052015902231659986
0.3941120818091958,0.4271738059892756,-0.09631479110900676,-0.053965220406758184
0.3901942232761438,0.4252205319136574,-0.10261922655537607,-0.05555184485513682
0.3803995769435139,0.4242438948758483,-0.1087289515651439,-0.05638307161530053
0.3803995769435139,0.4242438948758483,-0.11344373524287855,-0.056033359879191114
0.3803995769435139,0.4252205319136574,-0.10665148182777312,-0.054085788869028935
0.4098141242111931,0.4281504430270847,-0.08561298628688875,-0.05017916177242084
0.419608770543823,0.4320642255267494,-0.0655391814431796,-0.044054997941406174
0.4352802046760309,0.4389079191398414,-0.061278217886850075,-0.03559789082116662
0.4098141242111931,0.4486815238663607,-0.07373227266236836,-0.024862881651678083
0.3999888696087737,0.4623689110925446,-0.09645821384404654,-0.012084756249251328
0.3646975345415166,0.4789862094321558,-0.1201203438400217,0.0023334944233937807
0.3588207467419387,0.4985334188851945,-0.13369742911843516,0.01785266864254912
0.3588207467419387,0.517103991300424,-0.1294505987717302,0.033846028926522546
0.3803995769435139,0.5356817980640817,-0.10973178186926093,0.0496579685818383
0.3901942232761438,0.5522990964036929,-0.09675168065583582,0.0646642326717188
0.3843174354765659,0.5650026122436396,-0.10594362559271184,0.07832509499506445
0.3803995769435139,0.5757600883563961,-0.11169372577018424,0.09022434849975458
0.3646975345415166,0.5835804190072973,-0.1119634389539201,0.10008969017762896
0.3646975345415166,0.590416878271961,-0.13536422382584196,0.10779345146591027
0.3646975345415166,0.5933540237338165,-0.1269847852981222,0.11333593108366327
0.374522789143936,0.5953072978094348,-0.08323121716680806,0.1168162267291149
0.3803995769435139,0.5953072978094348,-0.14350832172952435,0.11839704003975902
0.3098169068089997,0.5962839348472438,-0.17555269209476657,0.11827024468915225
0.615685346815158,0.5962839348472438,0.19845416418187026,0.11662904323485346
1.4882352937035352,0.5953072978094348,0.8631210882195369,0.11365051240297934
1.503906727835743,0.5933540237338165,1.1913598609430711,0.10948972175450916
1.503906727835743,0.590416878271961,0.8607931105199496,0.10428402258905364
0.6293978516808398,0.5845570560451063,0.2447898565640264,0.09816410679418598
0.4352802046760309,0.5786899994698235,-0.08061349063235668,0.09126739396992727
0.4451054592784502,0.5708696688189224,-0.05400523561516194,0.08374932993999712
0.4490233178115022,0.5610960640924031,-0.012841042426296474,0.07578914260556202
0.4294034168764529,0.5522990964036929,-0.060718789759118,0.067588199079184
0.3999888696087737,0.5435021287149827,-0.09095171700530308,0.05936094489251213
0.3803995769435139,0.5337212896400352,-0.09368131781677552,0.051320079517001724
0.3999888696087737,0.524924321951325,-0.08440911662793027,0.04365881814705312
0.4254855583434009,0.5180806283382331,-0.060076685720425196,0.036533628087636306
0.4254855583434009,0.5131974431491875,-0.05280301885624607,0.03005064493851727
0.419608770543823,0.5083070236117138,-0.06231487493380606,0.02425812804990084
0.4254855583434009,0.5034238384226682,-0.05626053543861973,0.019146037666666477
0.4392286714788723,0.5004866929608127,-0.04075369348969693,0.014652466621336414
0.4451054592784502,0.4965801448095762,-0.03449969561812363,0.010675561695843244
0.4490233178115022,0.4926663623099116,-0.03077483350173305,0.007088896994927331
0.4607768934106581,0.4887598141586752,-0.01920231857497276,0.0037580444550883497
0.4745200065461294,0.4858226686968196,-0.002126810636254403,0.0005562538152834544
0.4941092992113892,0.4828927575833923,0.013680717364904966,-0.002622438966951799
0.5058934830803345,0.479962846469965,0.029232694853251084,-0.005853860514835978
0.5294006342786464,0.4760490639703003,0.052784779797482355,-0.009178782245194169
0.5646919693459035,0.4721425158190639,0.08605117954954196,-0.012602588012558313
0.6000139126829501,0.4682287333193992,0.12523123816219273,-0.01609914558352971
0.6450998940828371,0.4652988222059719,0.16881611632585702,-0.01961802392926049
0.6862680169496722,0.4613850397063073,0.21043464964397762,-0.023093872238526807
0.7156825642173513,0.4584551285928799,0.24083935182721658,-0.026456643926181696
0.7313846066193487,0.4545485804416435,0.2582496519904777,-0.029641378473864315
0.7411792529519786,0.451611434979788,0.26456308436052517,-0.0325963887684265
0.7313846066193487,0.4486815238663607,0.26112231739962405,-0.035288914501715896
0.7215593520169293,0.4457443784045051,0.24580026450057482,-0.03770760166409142
0.6803912291500942,0.444767741366696,0.21026873419301972,-0.03986156663899186
0.6293978516808398,0.4428144672910778,0.15504434957743723,-0.04177628322364098
0.5646919693459035,0.4408611932154596,0.09588675386721511,-0.043487025388793094
0.5156881294129645,0.4398845561776505,0.042593546791755366,-0.04503100507128453
0.46469475194371,0.4389079191398414,-0.005111964296145428,-0.04643957478099765
0.4254855583434009,0.437924047753604,-0.04343888077912751,-0.0477318820363692
0.3999888696087737,0.4359707736779858,-0.07107468746479652,-0.048911158378470466
0.374522789143936,0.4340174996023676,-0.09342360488171807,-0.04996440170181327
0.3588207467419387,0.4330408625645585,-0.10933592301278094,-0.05086561851625287
0.3549028882088867,0.4320642255267494,-0.11407811551946011,-0.05158216404935397
0.3549028882088867,0.4310875884889403,-0.11127624547461404,-0.05208320746565906
0.3588207467419387,0.4310875884889403,-0.10896600486975058,-0.05234904574488499
0.3549028882088867,0.4310875884889403,-0.11064681891423542,-0.052379894235369526
0.3549028882088867,0.4310875884889403,-0.11217412534544909,-0.052202848858039094
0.3549028882088867,0.4310875884889403,-0.10858762038984024,-0.05187588685940572
0.3646975345415166,0.4310875884889403,-0.10192238759187863,-0.05148800083088421
0.3705743223410945,0.4310875884889403,-0.09317997706265557,-0.051154826653092
0.3803995769435139,0.4301109514511312,-0.08231426913816792,-0.05100944919326296
0.3843174354765659,0.4301109514511312,-0.08064250361760873,-0.051188484812875155
0.3705743223410945,0.4291270800648938,-0.09168577227772798,-0.05181407353745384
0.3646975345415166,0.4281504430270847,-0.09667383869064405,-0.05297306280479067
0.3705743223410945,0.4271738059892756,-0.09224073158338039,-0.05469537208094504
0.3646975345415166,0.4252205319136574,-0.09667091456017621,-0.05693417720741677
0.3549028882088867,0.4232672578380392,-0.10545426500206405,-0.05955099510247916
0.3549028882088867,0.4213067494139927,-0.10450999172162126,-0.062308837828038206
0.3549028882088867,0.4203301123761837,-0.10749151396672241,-0.06487623097506005
0.3352829872738374,0.4183768383005654,-0.1214311142380362,-0.06684399242305324
0.3352829872738374,0.4174002012627563,-0.12438710866845083,-0.06775522349856765
0.3490261004093087,0.4154469271871381,-0.11073912869010702,-0.06714702462251812
0.3549028882088867,0.414470290149329,-0.09992343175997656,-0.0646002060275715
0.3646975345415166,0.4154469271871381,-0.09706081091558032,-0.05979112007228228
0.3549028882088867,0.4213067494139927,-0.09673349067748699,-0.052538261474342256
0.3549028882088867,0.4301109514511312,-0.10678450252576971,-0.042836031454782965
0.3235294116746816,0.4428144672910778,-0.12921886470202204,-0.03086935936099016
0.3098169068089997,0.4584551285928799,-0.14596202764681626,-0.01700561369370307
0.3137347653420516,0.4770257010081094,-0.14363535855506265,-0.0017639022052580824
0.3235294116746816,0.4975567818473854,-0.12849641997359906,0.014234289727364785
0.3352829872738374,0.5141740801869966,-0.12052089934836642,0.030325952706520894
0.3235294116746816,0.5288381044509897,-0.1284642536087269,0.04586985463898547
0.3294061994742595,0.5425254916771737,-0.13028765294287595,0.0603031294516606
0.3098169068089997,0.5552290075171202,-0.1302969941391104,0.07318355633149148
0.3098169068089997,0.5650026122436396,-0.15460868035089895,0.08421266204588201
0.3098169068089997,0.5728229428945406,-0.14780564567693316,0.09323803264524456
0.3098169068089997,0.5767367253942053,-0.11026817235534635,0.10023648529550111
0.3196115531416296,0.5786899994698235,-0.17049872581988307,0.1052826436355566
0.2686181756723751,0.5796666365076326,-0.18082008809062577,0.1085096112224216
0.6000139126829501,0.5806432735454417,0.2228995002669136,0.11006946603439424
1.503906727835743,0.5806432735454417,0.9048841561550428,0.11010093439836172
1.503906727835743,0.5806432735454417,1.2395667018951886,0.10870985151555485
1.503906727835743,0.5786899994698235,0.8890968055294859,0.10596521968172812
0.5646919693459035,0.5777133624320144,0.2138819777604739,0.10191040826905548
0.3098169068089997,0.5737995799323498,-0.1600058488943761,0.0965859352558306
0.3352829872738374,0.5698930317811133,-0.13776621322264096,0.09005789616451437
0.3294061994742595,0.5630493381680214,-0.09358112718053552,0.08244490012288505
0.3137347653420516,0.5542523704793112,-0.1369742151872333,0.07393658799493613
0.3196115531416296,0.5435021287149827,-0.14009887035127128,0.0647984526161092
0.3098169068089997,0.5307913785266078,-0.12717961704966788,0.055360480038275914
0.3098169068089997,0.5180806283382331,-0.13744532409796856,0.04599053964501262
0.3235294116746816,0.5063537495360956,-0.12866724234682772,0.03705675167968207
0.3294061994742595,0.4956035077717671,-0.11211481363641548,0.028885522969229818
0.3352829872738374,0.487783177120866,-0.11218567528520593,0.021723011307584156
0.3392008458068894,0.4819161205455832,-0.10736811362454284,0.015707219386056053
0.3549028882088867,0.479962846469965,-0.08951488441434577,0.01085585824684756
0.374522789143936,0.4780023380459186,-0.07190170197468551,0.00707201559223806
0.3843174354765659,0.4780023380459186,-0.059501443226344465,0.0041662100938176004
0.3941120818091958,0.4770257010081094,-0.05190071994993417,0.0018903809437282174
0.4039067281418257,0.4760490639703003,-0.04071803875051715,-2.260256854637076e-05
0.4294034168764529,0.473119152856873,-0.01356340832802129,-0.0018208697875798244
0.4706021480130775,0.4692053703572084,0.024087586925980623,-0.0037029941640874396
0.5058934830803345,0.4652988222059719,0.06366846837504056,-0.005799051454735624
0.5607741108128516,0.4613850397063073,0.11504967531301,-0.008164846622051566
0.615685346815158,0.4574784915550708,0.17532024786011036,-0.010788373418577265
0.6705965828174644,0.4525880720175971,0.2211272103209392,-0.013605611480242228
0.6901858754827241,0.4496581609041697,0.25337394729396384,-0.01652160801320317
0.7353024651524006,0.4467282497907424,0.28747919394172694,-0.01943251043937776
0.7548917578176605,0.444767741366696,0.3123641055668927,-0.02224474587371797
0.7548917578176605,0.4428144672910778,0.3138841040862524,-0.02488868206441071
0.7450971114850305,0.4408611932154596,0.2995396165708693,-0.027325537038412995
0.7156825642173513,0.4389079191398414,0.2737979331994982,-0.029547689117207204
0.6705965828174644,0.4369474107157949,0.2288437397566788,-0.03157361377844496
0.60980855901558,0.4349941366401767,0.16450448733893783,-0.03343931070001918
0.5353080303480138,0.4330408625645585,0.094930822671571,-0.03518827452732855
0.4745200065461294,0.4301109514511312,0.0312174531360399,-0.0368618741682567
0.4156909120107711,0.4281504430270847,-0.02831363281468612,-0.03849154846656206
0.3588207467419387,0.4261971689514665,-0.08159795848210641,-0.04009364056154252
0.3235294116746816,0.4242438948758483,-0.12067440739519339,-0.04166712398795198
0.2941148644070023,0.4213067494139927,-0.14762436767058718,-0.04319402497906661
0.2784434302747945,0.4203301123761837,-0.165384426190601,-0.04464206044646589
0.2686181756723751,0.4193534753383746,-0.1713593249591751,-0.045968899928131274
0.274494963471953,0.4183768383005654,-0.1716036805684717,-0.04712751327931424
0.2686181756723751,0.4174002012627563,-0.1717273663333455,-0.04807222029560872
0.274494963471953,0.4174002012627563,-0.16777716087228223,-0.048765192321482846
0.2843202180743724,0.4164235642249472,-0.1613889416252678,-0.049183158287710554
0.2843202180743724,0.4154469271871381,-0.15513484461718835,-0.049323896754985115
0.2999916522065803,0.414470290149329,-0.14470103393564515,-0.049211784823488196
0.3098169068089997,0.4134864187630917,-0.13352877744003777,-0.048901330302575825
0.3137347653420516,0.4134864187630917,-0.1280128139454712,-0.048477403393899506
0.3196115531416296,0.414470290149329,-0.12457550383472063,-0.048050977377771725
0.3235294116746816,0.414470290149329,-0.11968463897649624,-0.04774966170115962
0.3294061994742595,0.414470290149329,-0.11387884953170423,-0.047703097885583357
0.3352829872738374,0.414470290149329,-0.1079480225637599,-0.048024213490254423
0.3392008458068894,0.414470290149329,-0.10566481774173256,-0.04878820637158839
0.3352829872738374,0.4134864187630917,-0.10716290124413824,-0.05001182406704684
0.3392008458068894,0.4125097817252826,-0.10617695157482283,-0.05163590589146538
0.3392008458068894,0.4105565076496644,-0.10392947148108624,-0.05351417296330764
0.3392008458068894,0.4086032335740461,-0.10615944904795206,-0.05541082698259758
0.3392008458068894,0.407626596536237,-0.10485517905114174,-0.057008669541434166
0.3549028882088867,0.4056660881121906,-0.09010255802419792,-0.05792826820444913
0.3705743223410945,0.4046894510743815,-0.0739923468184659,-0.05775730287611627
0.374522789143936,0.4056660881121906,-0.07217097281290207,-0.05608778555097018
0.3646975345415166,0.4086032335740461,-0.07895866675260559,-0.05255756000610745
0.3588207467419387,0.4134864187630917,-0.08721872990199458,-0.046891575127227185
0.3490261004093087,0.4203301123761837,-0.09973178081110025,-0.038938048865043325
0.3294061994742595,0.4281504430270847,-0.1114011092821332,-0.02869486440066874
0.3352829872738374,0.4408611932154596,-0.11690958384817957,-0.016322379604083486
0.3235294116746816,0.4565018545172618,-0.11939264628040093,-0.0021402930982535023
0.3294061994742595,0.4740957898946821,-0.11985657826251997,0.013391765356050854
0.3196115531416296,0.4926663623099116,-0.1247146217367546,0.02970792500732099
0.3196115531416296,0.5102675320357603,-0.13313465783756367,0.04617989925839153
0.3137347653420516,0.5268848303753715,-0.1303805945281667,0.06216535688109962
0.3098169068089997,0.5415416202909363,-0.13402824721170886,0.077054861003109
0.3196115531416296,0.553275733441502,-0.14329481286639736,0.09031210636401361
0.3294061994742595,0.5630493381680214,-0.10739869668808108,0.10150375839142048
0.3352829872738374,0.5708696688189224,-0.1028300443900351,0.11031722394335314
0.2843202180743724,0.5747834513185871,-0.20748249694666432,0.11656669710966618
0.2686181756723751,0.5777133624320144,-0.12779839801286522,0.12018941920783495
0.8960877063564784,0.5786899994698235,0.41535993955467126,0.12123500000205176
1.503906727835743,0.5786899994698235,1.039629961153323,0.11985075906454945
1.503906727835743,0.5767367253942053,1.107908247532515,0.11626544000162105
1.1117535752930732,0.5728229428945406,0.5851095943426169,0.110772605247371
0.4294034168764529,0.566963120667686,0.04338046430324652,0.10371395005900373
0.374522789143936,0.5581589186305476,-0.10903921442113285,0.0954620789526703
0.4039067281418257,0.5483853139040282,-0.05336335071064036,0.08640219358788168
0.3588207467419387,0.5376350721396999,-0.07299384979836859,0.07691262707139385
0.3451082418762568,0.5268848303753715,-0.12352173780566598,0.06734497990259451
0.3352829872738374,0.517103991300424,-0.11592578230883589,0.05800541160648634
0.3451082418762568,0.5073303865739046,-0.10358410914393124,0.04913910237219376
0.3588207467419387,0.4995100559230035,-0.10220048456425358,0.0409198441580185
0.3646975345415166,0.4936429993477207,-0.0847811796305844,0.03344613893432662
0.3843174354765659,0.4887598141586752,-0.07517849485361733,0.02674420838820411
0.3646975345415166,0.4838693946212014,-0.08811566661405283,0.020777216903894537
0.3646975345415166,0.4780023380459186,-0.09273576103249334,0.015459116024907689
0.3803995769435139,0.4701892417434457,-0.07570920091084629,0.010671111272283035
0.3999888696087737,0.4652988222059719,-0.05746676154209721,0.006278872009303146
0.4098141242111931,0.4633455481303537,-0.04677641321050886,0.0021489998128550315
0.4254855583434009,0.4604084026684982,-0.03305631229282113,-0.0018364212957310154
0.4451054592784502,0.4574784915550708,-0.012653792701550433,-0.0057683047436965515
0.4706021480130775,0.4535647090554062,0.011332294512492484,-0.00970318244888048
0.4999860870109672,0.4486815238663607,0.04189285421127219,-0.013660833315279553
0.5451026766806437,0.4437911043288869,0.0841870710051316,-0.017627164411672405
0.5960654458801087,0.4389079191398414,0.13709392600423548,-0.02156173014069929
0.6509766818824151,0.4349941366401767,0.19063182974036863,-0.025408465528352558
0.6960932715520916,0.4320642255267494,0.23382209460099093,-0.029107721434880614
0.7254772105499813,0.4291270800648938,0.26605131670138527,-0.03260764774244352
0.7509738992846084,0.4261971689514665,0.2880075596897538,-0.03587331711843893
0.7548917578176605,0.4232672578380392,0.29277640282053174,-0.03889253365742959
0.7450971114850305,0.4203301123761837,0.2829281992201211,-0.04167783986547998
0.7313846066193487,0.4183768383005654,0.26773778777432977,-0.04426472323923864
0.7000111300851435,0.4154469271871381,0.2376896312204601,-0.046706424066079104
0.6509766818824151,0.414470290149329,0.1844714154585629,-0.049066085212453835
0.5901886580805307,0.4115331446874735,0.12884988382397558,-0.05140726722108452
0.5509794644802216,0.4095798706118552,0.08483967095447474,-0.05378405098217244
0.5058934830803345,0.407626596536237,0.03862358675274363,-0.056232030873306804
0.4490233178115022,0.4056660881121906,-0.012369994654399134,-0.058761449065122554
0.4156909120107711,0.4037128140365724,-0.0543464463568156,-0.061353539715348286
0.3803995769435139,0.400782902923145,-0.08486295298772514,-0.06396083335249089
0.3588207467419387,0.3978529918097178,-0.1068516701977294,-0.06651170373419155
0.3490261004093087,0.3958924833856713,-0.12074322829423788,-0.06891885001638458
0.3392008458068894,0.392962572272244,-0.12672484385773922,-0.07109079290538571
0.3490261004093087,0.3910092981966258,-0.1210311148763778,-0.07294495188332073
0.3549028882088867,0.3900326611588167,-0.11043564204453221,-0.07442056174893814
0.3646975345415166,0.3890487897725793,-0.1102940227283144,-0.07548963174474813
0.3490261004093087,0.3890487897725793,-0.11337465903021349,-0.07616434922746693
0.3705743223410945,0.3890487897725793,-0.10486798360877214,-0.07649972535605627
0.374522789143936,0.3890487897725793,-0.09355782616872402,-0.07659077687347408
0.3803995769435139,0.3890487897725793,-0.09014793512008663,-0.076564045915676
0.3803995769435139,0.3890487897725793,-0.09060738742693059,-0.07656373111993178
0.3843174354765659,0.3880721527347702,-0.08980470955332787,-0.0767331406412411
0.3803995769435139,0.3880721527347702,-0.08635668328725088,-0.07719261903603714
0.3941120818091958,0.3870955156969611,-0.08315419200001244,-0.07801559102963111
0.3901942232761438,0.3870955156969611,-0.08116816348276784,-0.07920492459197594
0.3901942232761438,0.3870955156969611,-0.07855149748461179,-0.08067239822233392
0.3999888696087737,0.3870955156969611,-0.08121498416043475,-0.08222453266819389
0.3803995769435139,0.3880721527347702,-0.0867332302788085,-0.08355821468911867
0.3901942232761438,0.3880721527347702,-0.08521631647784014,-0.08426917879623033
0.3901942232761438,0.3890487897725793,-0.088091415060431,-0.0838753548104401
0.3705743223410945,0.3910092981966258,-0.098949111834168,-0.08185530042759945
0.3843174354765659,0.392962572272244,-0.09361455716538496,-0.07769957167364278
0.4039067281418257,0.3968691204234804,-0.07177340784474788,-0.07097028191645183
0.4156909120107711,0.4027361769987633,-0.0587265507981839,-0.06136175303037117
0.4156909120107711,0.4134864187630917,-0.06082662068087578,-0.048753648876180944
0.4039067281418257,0.4291270800648938,-0.07305110678071786,-0.03324784928604676
0.3843174354765659,0.4486815238663607,-0.09173013351367643,-0.015181889445005262
0.3705743223410945,0.4711658787812548,-0.10662313505349247,0.004885049541916049
0.3646975345415166,0.4956035077717671,-0.11173529656582727,0.026213414418408024
0.374522789143936,0.5210177738000886,-0.10553317805164328,0.047947232821723335
0.3843174354765659,0.5444787657527919,-0.09012721122379325,0.06919242016589444
0.3901942232761438,0.5679397577054951,-0.08876236117740814,0.08909873063111863
0.374522789143936,0.5865103301207246,-0.10752350731854216,0.10693404488283616
0.3588207467419387,0.6011743543847177,-0.11478985036828183,0.12214100229297205
0.3549028882088867,0.6099713220734279,-0.12229423499885551,0.1343690214236681
0.3451082418762568,0.6158383786487107,-0.14436859034680083,0.14347898647684776
0.3490261004093087,0.618768289762138,-0.12299844418467042,0.1495224841436742
0.3490261004093087,0.6207215638377562,-0.11507766052285555,0.1527014905487736
0.2999916522065803,0.6216982008755654,-0.22167029976984112,0.15331701899647462
0.2647003171393232,0.6207215638377562,-0.16955229355550988,0.1517160478986423
0.8568479044863799,0.6168150156865198,0.35946934784995055,0.14824514851265744
1.503906727835743,0.6129012331868552,0.9991494588572162,0.1432170659339813
1.503906727835743,0.6080180479978096,1.0810008437924157,0.13689361077395046
1.1313734762281225,0.604104265498145,0.5796624564802176,0.12948505662176413
0.4901914406783372,0.598237208922862,0.07197935061807255,0.12116321942384924
0.4294034168764529,0.5914007496581983,-0.08610154451511809,0.11208296459268197
0.4098141242111931,0.5835804190072973,-0.06802640960312095,0.10240550242731908
0.374522789143936,0.5747834513185871,-0.09315958833306272,0.09231681110957482
0.3588207467419387,0.5620727011302122,-0.13249616752248566,0.08203592338264318
0.3451082418762568,0.5483853139040282,-0.138022107302883,0.0718103889800567
0.3392008458068894,0.5347051610262725,-0.1335994437803853,0.06189945528108777
0.3646975345415166,0.523947684913516,-0.12207979807245681,0.052548620788097494
0.374522789143936,0.5141740801869966,-0.11027569311952076,0.043961371413366944
0.3646975345415166,0.5073303865739046,-0.10757451381419067,0.03627452402615877
0.3901942232761438,0.5034238384226682,-0.10076775206133515,0.029542579020323832
0.3843174354765659,0.5014633299986218,-0.09230565820645888,0.02373420671109886
0.3941120818091958,0.4985334188851945,-0.08874786316647602,0.018741156151791675
0.4039067281418257,0.494626870733958,-0.07785241316470562,0.014397278788488078
0.4254855583434009,0.4907130882342934,-0.0577126416251307,0.010503659940872486
0.4392286714788723,0.4868065400830569,-0.039236576310060195,0.006855328041824076
0.4607768934106581,0.4819161205455832,-0.02499118873070229,0.00326551420216479
0.4706021480130775,0.4780023380459186,-0.008414617580963355,-0.0004154424625044777
0.4999860870109672,0.4740957898946821,0.018060815224374943,-0.004288133197467779
0.5392258888810657,0.4701892417434457,0.05504124376864507,-0.008399459333627072
0.5745172239483228,0.466275459243781,0.09684981845407742,-0.012744841757623441
0.6254799931477878,0.4623689110925446,0.14015227569732588,-0.01727613333904704
0.6647197950178864,0.4574784915550708,0.18495374786467747,-0.021913708486994313
0.7058879178847215,0.451611434979788,0.2251918742565509,-0.026560934267487582
0.7313846066193487,0.4477048868285516,0.2477030072069652,-0.031119057778580875
0.7313846066193487,0.4428144672910778,0.2518224094441355,-0.03550052865711571
0.7313846066193487,0.4389079191398414,0.2504676056348714,-0.03963900478874638
0.7254772105499813,0.4349941366401767,0.24259215434004158,-0.04349480265287284
0.6960932715520916,0.4330408625645585,0.2166890013465401,-0.04705530035904497
0.654894540415467,0.4310875884889403,0.17419329302793882,-0.05033066718795136
0.605890700482528,0.4281504430270847,0.12353326317716917,-0.05334611795226906
0.5509794644802216,0.4261971689514665,0.07239159222949884,-0.05613247832192593
0.5098113416133866,0.4232672578380392,0.028495386420380683,-0.058717038432589824
0.4706021480130775,0.4203301123761837,-0.010014564289281137,-0.061116432309458076
0.4294034168764529,0.4183768383005654,-0.049188833865162124,-0.06333271294550737
0.3999888696087737,0.4154469271871381,-0.08182389097234777,-0.0653530724461952
0.3803995769435139,0.4134864187630917,-0.09715461443600697,-0.06715295885791882
0.3803995769435139,0.4115331446874735,-0.10066976870787503,-0.0687018002124715
0.374522789143936,0.4105565076496644,-0.1039469885217687,-0.06997024545250002
0.374522789143936,0.4115331446874735,-0.10438965145173384,-0.07093780230513765
0.3843174354765659,0.4115331446874735,-0.09511705354999928,-0.07159994732054012
0.3941120818091958,0.4115331446874735,-0.08309323996382892,-0.07197405568659276
0.4039067281418257,0.4105565076496644,-0.07667961527200522,-0.07210364806209207
0.4039067281418257,0.4095798706118552,-0.07100417295471345,-0.07206035620436076
0.419608770543823,0.407626596536237,-0.061186944067525666,-0.07194273313462325
0.4254855583434009,0.407626596536237,-0.05006350171619359,-0.07187081260905456
0.4392286714788723,0.407626596536237,-0.038646181488655944,-0.07197543677374295
0.4490233178115022,0.407626596536237,-0.027756938035859446,-0.07238199137083874
0.4549001056110801,0.4086032335740461,-0.0226517011542426,-0.07318927592134637
0.4490233178115022,0.4095798706118552,-0.024601870342246188,-0.07444554755811386
0.4549001056110801,0.407626596536237,-0.02593378385961576,-0.07612495505264065
0.4490233178115022,0.4056660881121906,-0.020639892116490498,-0.07810827441101738
0.46469475194371,0.4046894510743815,-0.016231440198404674,-0.08017185048778779
0.4490233178115022,0.4027361769987633,-0.022789290178894188,-0.0819879371932936
0.4392286714788723,0.4017595399609542,-0.03603978032061788,-0.08313837525566625
0.4294034168764529,0.4017595399609542,-0.046093504919104016,-0.08314194272475947
0.4254855583434009,0.4027361769987633,-0.04751491292264466,-0.08149391785546162
0.4352802046760309,0.4046894510743815,-0.03860579060339642,-0.07771457092142613
0.4451054592784502,0.4086032335740461,-0.028393403995456423,-0.07140166248355302
0.4451054592784502,0.4164235642249472,-0.028400424871257456,-0.062280841804466115
0.4352802046760309,0.4271738059892756,-0.03601481515144871,-0.05024741781720725
0.4254855583434009,0.4428144672910778,-0.04788794186838505,-0.03539356333268485
0.4039067281418257,0.4623689110925446,-0.06799562848585441,-0.01801665774447577
0.3803995769435139,0.4848460316590105,-0.0901341468853717,0.001393065188491634
0.3705743223410945,0.5044004754604773,-0.10106863564865735,0.022184619563294285
0.374522789143936,0.523947684913516,-0.09714622989134053,0.04359467756284095
0.3803995769435139,0.545455402790601,-0.08803194388401217,0.06480704919637942
0.3803995769435139,0.5689163947433042,-0.09002145672118254,0.08501693898528367
0.374522789143936,0.5894402412341518,-0.09754008518895306,0.10349317799665345
0.3705743223410945,0.6070414109600005,-0.09559037561813986,0.11963160523386102
0.3549028882088867,0.6207215638377562,-0.11022944356368782,0.13299347069341666
0.3490261004093087,0.6285418944886573,-0.1327350634070741,0.14332443840473263
0.3549028882088867,0.6334323140261311,-0.09976010809795925,0.15055246117968105
0.3646975345415166,0.6353855881017493,-0.0951334926238991,0.1547660460540289
0.3039095107396323,0.6344089510639401,-0.20208541735621008,0.15617754003652676
0.2941148644070023,0.6304951685642756,-0.11811011259707921,0.15507835470222692
0.9372558292233136,0.6265886204130391,0.43189885074308326,0.15179404313024525
1.503906727835743,0.6216982008755654,1.0417569385706713,0.14664665227877657
1.503906727835743,0.6158383786487107,1.0709333072052696,0.13992987602366924
1.047047692958137,0.6109479591112369,0.527096918729614,0.13189957185814996
0.4156909120107711,0.605080902535954,0.006739348498532194,0.12277875673593595
0.374522789143936,0.5992210803090994,-0.12375228196465121,0.112772981652839
0.3843174354765659,0.590416878271961,-0.07301415099913448,0.10208972617479527
0.3549028882088867,0.5786899994698235,-0.09915416660582033,0.0909547437828315
0.3235294116746816,0.5640259752058304,-0.14765723314984078,0.07961939761087038
0.3196115531416296,0.5483853139040282,-0.14094126273536606,0.06835573351710295
0.3294061994742595,0.5337212896400352,-0.13176938153462908,0.05743960752304028
0.3235294116746816,0.5210177738000886,-0.13669932924289244,0.04712557703186055
0.3352829872738374,0.5102675320357603,-0.12946380138076094,0.037619510544237476
0.3392008458068894,0.5034238384226682,-0.11803153826918884,0.0290554121260985
0.3490261004093087,0.4975567818473854,-0.11241382299189333,0.021481792827869044
0.3549028882088867,0.4926663623099116,-0.10621222704994664,0.01486053141919048
0.3588207467419387,0.4897364511964843,-0.09786405237830495,0.00907830276115788
0.374522789143936,0.4848460316590105,-0.08741010380501675,0.003968079237167696
0.3843174354765659,0.479962846469965,-0.07219015757871736,-0.000663505240139468
0.4039067281418257,0.4740957898946821,-0.0549054748671766,-0.005007743446077922
0.419608770543823,0.4692053703572084,-0.038777434489925745,-0.009228780690530248
0.4392286714788723,0.4652988222059719,-0.017438102326731608,-0.013445137219990818
0.4706021480130775,0.4604084026684982,0.01423478874509502,-0.01771967488785104
0.5098113416133866,0.4545485804416435,0.05089094617130337,-0.022058454037995626
0.5451026766806437,0.4496581609041697,0.09212931424351019,-0.026417663188770975
0.6000139126829501,0.4437911043288869,0.1413598862222492,-0.03071675052832371
0.6411820355497851,0.4389079191398414,0.18801073037068383,-0.03485515379793787
0.6803912291500942,0.4349941366401767,0.22330369917034448,-0.03872974153213156
0.7058879178847215,0.4320642255267494,0.25294682132754975,-0.04225030461810583
0.7254772105499813,0.4291270800648938,0.2712355289725676,-0.04535111360390038
0.7215593520169293,0.4271738059892756,0.26455356332624125,-0.04799750415213839
0.6901858754827241,0.4252205319136574,0.2423218224731457,-0.05018742572895937
0.6764733706170423,0.4232672578380392,0.21700164659816512,-0.05194866784002899
0.6254799931477878,0.4213067494139927,0.17765677183465678,-0.053332934802448724
0.5745172239483228,0.4193534753383746,0.11875144333772393,-0.0544080525238556
0.5058934830803345,0.4174002012627563,0.055357269597690516,-0.055249436398108726
0.4490233178115022,0.4164235642249472,-0.00276709452349865,-0.05593167421086039
0.3999888696087737,0.4154469271871381,-0.05336710363655775,-0.05652083900351239
0.3588207467419387,0.4154469271871381,-0.08953141133234051,-0.05706804533175582
0.3392008458068894,0.4154469271871381,-0.11399053359498512,-0.05760479833210264
0.3137347653420516,0.414470290149329,-0.1360490439645013,-0.05814075971957819
0.3039095107396323,0.414470290149329,-0.14656908870050617,-0.05866452474967859
0.3098169068089997,0.4134864187630917,-0.1388869177870862,-0.05914775987633168
0.3196115531416296,0.4115331446874735,-0.1329911164720002,-0.05955257133870457
0.3098169068089997,0.4095798706118552,-0.13671793588714665,-0.05984133506535672
0.3196115531416296,0.4086032335740461,-0.13070124776510725,-0.05998757814543277
0.3352829872738374,0.4095798706118552,-0.11479476396755017,-0.05998607753671284
0.3352829872738374,0.4095798706118552,-0.1108018174472798,-0.0598603058851628
0.3352829872738374,0.4095798706118552,-0.11594220754019696,-0.05966571156001008
0.3392008458068894,0.4095798706118552,-0.10773496883578904,-0.05948789751849985
0.3549028882088867,0.407626596536237,-0.09105648164995137,-0.0594353569849397
0.3646975345415166,0.407626596536237,-0.08882473064320416,-0.05962694497311449
0.3451082418762568,0.4066499594984279,-0.09528105952682517,-0.060174758953258405
0.3588207467419387,0.4056660881121906,-0.0934821652946441,-0.061163653854922506
0.3549028882088867,0.4037128140365724,-0.09183658429724066,-0.0626292408741137
0.3451082418762568,0.4027361769987633,-0.09873779349892607,-0.06453683052529789
0.3451082418762568,0.400782902923145,-0.10570328710770906,-0.06676424618177909
0.3352829872738374,0.3998062658853359,-0.10909366160189723,-0.06909162769073603
0.3352829872738374,0.3978529918097178,-0.1113662787656198,-0.07120114244013864
0.3352829872738374,0.3958924833856713,-0.11183062539402629,-0.07268881136100817
0.3392008458068894,0.3949158463478622,-0.1076935352982073,-0.07308939650152453
0.3451082418762568,0.3958924833856713,-0.09762782302485602,-0.07191357592272307
0.3646975345415166,0.3968691204234804,-0.08727716069255607,-0.06869467749776739
0.3549028882088867,0.3998062658853359,-0.084448171611308,-0.0630403529529585
0.3588207467419387,0.4056660881121906,-0.09198796637605125,-0.054683064512813746
0.3352829872738374,0.414470290149329,-0.10843857554221875,-0.043522467627749646
0.3196115531416296,0.4271738059892756,-0.12575811205741858,-0.029653030957771342
0.3137347653420516,0.4437911043288869,-0.13268131151213516,-0.013371731142377953
0.3235294116746816,0.4652988222059719,-0.1228080215935535,0.0048366758827948254
0.3392008458068894,0.487783177120866,-0.10381417716635027,0.024335861349515254
0.3490261004093087,0.5102675320357603,-0.09901969020028131,0.04439111256635956
0.3352829872738374,0.5307913785266078,-0.10942923924527075,0.06423216511309066
0.3352829872738374,0.5493619509418374,-0.11118972715422198,0.08311687876959005
0.3196115531416296,0.566963120667686,-0.11973907148310184,0.1003871660850176
0.3196115531416296,0.5816199105832508,-0.13796419289813627,0.11551029800748898
0.3294061994742595,0.5923773866960075,-0.10931131691553277,0.12810149356976916
0.3352829872738374,0.598237208922862,-0.09476223124033736,0.13792704109782924
0.3039095107396323,0.6001977173469085,-0.1824189248467623,0.1448905809786168
0.2843202180743724,0.6011743543847177,-0.11950674345776624,0.1490080173561128
0.8313818240215421,0.6021509914225267,0.37876386389739136,0.15037816607428525
1.503906727835743,0.6021509914225267,1.009125351275296,0.14915618337220224
1.503906727835743,0.6021509914225267,1.1556203496418727,0.14553499638789252
1.227452835097264,0.5992210803090994,0.6659530197789115,0.13973689169889758
0.3941120818091958,0.5943306607716257,0.04075334726097983,0.1320140385928576
0.2901970058739504,0.5865103301207246,-0.1986155481409177,0.1226540109628966
0.3137347653420516,0.5757600883563961,-0.1356359840698665,0.11198503506342312
0.3098169068089997,0.5620727011302122,-0.11668469013581087,0.10037599344127698
0.2941148644070023,0.545455402790601,-0.1642933271873092,0.08822795974008774
0.2784434302747945,0.5298147414887988,-0.17017323404385393,0.075956642767094
0.274494963471953,0.5180806283382331,-0.16527401245628723,0.06396776391879366
0.2843202180743724,0.5063537495360956,-0.16753155382091145,0.052629286168522964
0.2999916522065803,0.4956035077717671,-0.14653299818551607,0.042245108242524344
0.3294061994742595,0.4868065400830569,-0.11751369922910515,0.033034388515935466
0.3451082418762568,0.4789862094321558,-0.10243627134457714,0.025119454918850672
0.3549028882088867,0.473119152856873,-0.09457845768530561,0.018523704393151992
0.3588207467419387,0.4692053703572084,-0.08695375276583166,0.013179302132132874
0.374522789143936,0.4652988222059719,-0.07640920523001232,0.008943087699642922
0.3901942232761438,0.4613850397063073,-0.05669599213754162,0.005618086617055762
0.419608770543823,0.4584551285928799,-0.029629238956975067,0.0029775594512512103
0.4451054592784502,0.4555252174794526,-0.005108792475022503,0.0007886129958838208
0.46469475194371,0.4535647090554062,0.016632734812539185,-0.0011670836309603243
0.4941092992113892,0.4506347979419788,0.043797775794424634,-0.0030771956661404865
0.5294006342786464,0.4486815238663607,0.07905081389357016,-0.005088160531532784
0.5745172239483228,0.4467282497907424,0.12430896732195162,-0.007300357939831336
0.6293978516808398,0.4428144672910778,0.18018304179747668,-0.009768567617446324
0.6901858754827241,0.4398845561776505,0.23635218337960207,-0.012506753619007759
0.7313846066193487,0.4359707736779858,0.28288008549706806,-0.015495833764941116
0.7666759416866058,0.4320642255267494,0.3144035926653941,-0.018692897170123585
0.7764705880192357,0.4291270800648938,0.3226429441815086,-0.022040391498801326
0.7607991538870279,0.4271738059892756,0.31177237701395993,-0.025474143797616
0.7509738992846084,0.4252205319136574,0.2952605927484756,-0.028929635062638362
0.7156825642173513,0.4213067494139927,0.2651967387512052,-0.03234652855680161
0.6647197950178864,0.4154469271871381,0.20918167269969565,-0.03567180416023015
0.5960654458801087,0.4115331446874735,0.14371463194058245,-0.038861832224048834
0.5392258888810657,0.4086032335740461,0.08565266925349789,-0.041883443557412955
0.4843146528787593,0.4066499594984279,0.02712885220228002,-0.04471381829063583
0.419608770543823,0.4037128140365724,-0.032131822453678495,-0.047339051274629416
0.3803995769435139,0.400782902923145,-0.07628086417420304,-0.049751530389584186
0.3549028882088867,0.3988296288475269,-0.10215996054433625,-0.05194660292460295
0.3352829872738374,0.3978529918097178,-0.11797454202412333,-0.053919263773418095
0.3294061994742595,0.3968691204234804,-0.12921141716028509,-0.055661740756819886
0.3196115531416296,0.3949158463478622,-0.13784473564108965,-0.0571628507388546
0.3137347653420516,0.392962572272244,-0.1407350195652888,-0.058409783794835
0.3235294116746816,0.3919859352344348,-0.13809426976417077,-0.05939250051685658
0.3196115531416296,0.3900326611588167,-0.13570911861740675,-0.060110280642139365
0.3294061994742595,0.3890487897725793,-0.13124193417662938,-0.06057931866900013
0.3352829872738374,0.3890487897725793,-0.12204471240775258,-0.06083980247100895
0.3490261004093087,0.3890487897725793,-0.11321533734275666,-0.060960746025660165
0.3549028882088867,0.3890487897725793,-0.10249784115244047,-0.06104099981254781
0.374522789143936,0.3880721527347702,-0.08726545659860035,-0.06120526497450175
0.3843174354765659,0.3870955156969611,-0.07806843225064229,-0.0615944828736764
0.3803995769435139,0.386118878659152,-0.07738477972689894,-0.06235059724531132
0.3941120818091958,0.3841656045835338,-0.07314358442165546,-0.06359640345943418
0.3901942232761438,0.3841656045835338,-0.066202401286658,-0.06541203870341977
0.3999888696087737,0.3831889675457247,-0.06895026181537704,-0.06781059243254649
0.3803995769435139,0.3812284591216783,-0.07848505189069072,-0.07071617393863308
0.3803995769435139,0.3782985480082509,-0.08537950528548058,-0.07394830557717919
0.3705743223410945,0.3763452739326327,-0.09459345375576485,-0.07721645970176293
0.3549028882088867,0.3743919998570145,-0.10804422668991158,-0.08012780178765337
0.3549028882088867,0.3724314914329681,-0.11199846048467087,-0.08220978176937159
0.3646975345415166,0.3704782173573498,-0.10082143855691567,-0.08294725959166442
0.3803995769435139,0.3695015803195408,-0.0854406330939489,-0.08183154447199296
0.3941120818091958,0.3695015803195408,-0.07351859652935253,-0.0784163699437786
0.4039067281418257,0.3734081284707772,-0.06317847346668293,-0.07237387066884206
0.4098141242111931,0.3802518220838691,-0.05769296932983884,-0.06354259874250763
0.3999888696087737,0.3919859352344348,-0.06863844955213055,-0.05195994558304597
0.374522789143936,0.407626596536237,-0.09558019871140569,-0.03787317528773882
0.3451082418762568,0.4271738059892756,-0.12082761184990426,-0.021726410004657096
0.3451082418762568,0.4486815238663607,-0.1292458470569377,-0.004124766565719957
0.3490261004093087,0.4701892417434457,-0.11859589173021227,0.014219380661323652
0.3646975345415166,0.4897364511964843,-0.10471654070644067,0.03255018954851781
0.3705743223410945,0.5053771124982864,-0.1059117126127158,0.05013309466514828
0.3588207467419387,0.5219944108378977,-0.10796280565758387,0.06631191254483336
0.3705743223410945,0.5356817980640817,-0.1040564698088688,0.08055171208854663
0.3490261004093087,0.545455402790601,-0.12075060789978768,0.09246373298434095
0.3588207467419387,0.553275733441502,-0.12641698967839915,0.10181175216954091
0.3549028882088867,0.5581589186305476,-0.0972806574582028,0.10850215249747802
0.3490261004093087,0.5610960640924031,-0.1408590951739588,0.11256214957572007
0.2784434302747945,0.5620727011302122,-0.21045386037801728,0.1141118735414615
0.4549001056110801,0.5610960640924031,0.03365139880325216,0.11333611889755914
1.2078329341622147,0.5591427900167849,0.6500354197209126,0.11046060715367066
1.503906727835743,0.5571822815927384,1.1142938715033732,0.1057357812946956
1.503906727835743,0.553275733441502,0.9598401987840961,0.09942884281539793
0.845094328887224,0.5474086768662192,0.39856739333102875,0.09182243918505709
0.4706021480130775,0.5415416202909363,0.0006290243785903107,0.08321663955670652
0.4451054592784502,0.5327446526022261,-0.060446936231920614,0.07393002763164878
0.4098141242111931,0.5219944108378977,-0.04553220896143959,0.06429609422624033
0.3901942232761438,0.5102675320357603,-0.09629654738998912,0.05465255269206703
0.3490261004093087,0.4985334188851945,-0.1342199822832459,0.04532337484535831
0.3451082418762568,0.487783177120866,-0.12952458768204078,0.03659567227109924
0.3588207467419387,0.479962846469965,-0.12157738542687457,0.02869537593916913
0.3646975345415166,0.4721425158190639,-0.12145798001327926,0.0217665012083611
0.3588207467419387,0.4672520962815901,-0.11540655510555885,0.015858448030177972
0.3843174354765659,0.4633455481303537,-0.10052878186886313,0.010924422675310665
0.3941120818091958,0.4613850397063073,-0.09063233441251112,0.006832031715707434
0.3901942232761438,0.4604084026684982,-0.08506452822624136,0.0033848320431883435
0.419608770543823,0.459431765630689,-0.07038088192647897,0.00035158147638622984
0.4254855583434009,0.4565018545172618,-0.05392942970483783,-0.002501453009341363
0.4352802046760309,0.4545485804416435,-0.04731625937555852,-0.005380210675670744
0.4490233178115022,0.4506347979419788,-0.03939894133858553,-0.008439078323398868
0.4607768934106581,0.4457443784045051,-0.018179651292626456,-0.011766753036163325
0.4941092992113892,0.4418378302532686,0.0066877738152431,-0.015382953613295903
0.5156881294129645,0.4369474107157949,0.028816199161284445,-0.01924530031260269
0.5451026766806437,0.4330408625645585,0.06521587385965823,-0.023264110367604444
0.60980855901558,0.4281504430270847,0.11887659462663604,-0.02732186413167354
0.6509766818824151,0.4242438948758483,0.16660358804892836,-0.03129376488680393
0.6862680169496722,0.4213067494139927,0.20208021213541322,-0.03506610563042442
0.7215593520169293,0.4193534753383746,0.23178761986544694,-0.03854996392619273
0.7353024651524006,0.4174002012627563,0.2495283630868308,-0.04168890143337299
0.7411792529519786,0.4164235642249472,0.25541390253254626,-0.044460596244557046
0.7450971114850305,0.414470290149329,0.2548582454900043,-0.04687338984437788
0.7254772105499813,0.4115331446874735,0.23995021065555422,-0.04895934818722425
0.6960932715520916,0.4086032335740461,0.20665696087527466,-0.05076553127182594
0.6509766818824151,0.4066499594984279,0.16367478572088526,-0.052344849717500856
0.605890700482528,0.4056660881121906,0.11589763435746912,-0.05374743077461243
0.5509794644802216,0.4056660881121906,0.06418780674406854,-0.05501310131213121
0.5058934830803345,0.4056660881121906,0.014629425212256372,-0.05616554169160741
0.4607768934106581,0.4056660881121906,-0.027163893218515887,-0.05720877295281821
0.4254855583434009,0.4046894510743815,-0.06294029799013023,-0.058126686695889516
0.4039067281418257,0.4037128140365724,-0.09010614521699546,-0.058886122770827366
0.3843174354765659,0.4027361769987633,-0.09873579275146332,-0.05944350273509916
0.3999888696087737,0.4027361769987633,-0.0968883364761662,-0.059754356661558275
0.3803995769435139,0.4017595399609542,-0.1051236225590581,-0.05978443848614999
0.374522789143936,0.4017595399609542,-0.11818845204266183,-0.05952068894252201
0.3705743223410945,0.4027361769987633,-0.11855235022118235,-0.05898018172484261
0.3803995769435139,0.4046894510743815,-0.11168095627028823,-0.05821542019092652
0.3803995769435139,0.4066499594984279,-0.10931235316996546,-0.057314909246746544
0.3803995769435139,0.4095798706118552,-0.11001081487442746,-0.056398674589351806
0.3843174354765659,0.4105565076496644,-0.10922054315293758,-0.0556091107298418
0.3843174354765659,0.4095798706118552,-0.10282822412360612,-0.05509798058873684
0.4039067281418257,0.4086032335740461,-0.0912720505099229,-0.0550104571184606
0.4039067281418257,0.4056660881121906,-0.08402818403608361,-0.055466900859902066
0.4098141242111931,0.4046894510743815,-0.08411294271611036,-0.056542914033265446
0.4039067281418257,0.4046894510743815,-0.08533656828865652,-0.05824844780216593
0.4039067281418257,0.4046894510743815,-0.08827871530079989,-0.06050752870743632
0.3999888696087737,0.4056660881121906,-0.09316281412420849,-0.06314134863422086
0.3941120818091958,0.4056660881121906,-0.09257990474766271,-0.06585856038430402
0.4098141242111931,0.4046894510743815,-0.08779180577063035,-0.06825705211899288
0.3999888696087737,0.4027361769987633,-0.0865263995452599,-0.06984078611662378
0.4039067281418257,0.400782902923145,-0.08890477962599766,-0.07005335435561999
0.4039067281418257,0.3998062658853359,-0.08929002483478099,-0.06832700335686225
0.4098141242111931,0.400782902923145,-0.07908906513918398,-0.064142633515906
0.4294034168764529,0.4056660881121906,-0.061512343609619255,-0.05709346491171601
0.4392286714788723,0.4154469271871381,-0.056122557082896825,-0.046943399776709346
0.419608770543823,0.4291270800648938,-0.06574650574316952,-0.03367105575371535
0.4156909120107711,0.4457443784045051,-0.07917091813583142,-0.017492056929575853
0.3901942232761438,0.4643221851681628,-0.10028350972138833,0.0011448712054064013
0.3646975345415166,0.4887598141586752,-0.1248995114634299,0.021588702032284808
0.3588207467419387,0.5131974431491875,-0.13171873813359591,0.04304054413630093
0.374522789143936,0.538611709177509,-0.11889408262987777,0.06462487058987135
0.3803995769435139,0.5610960640924031,-0.10611673416746494,0.08546808814790778
0.3843174354765659,0.5806432735454417,-0.10702883777102444,0.10477390445164285
0.3803995769435139,0.597260571885053,-0.11445705204115203,0.12188566283646411
0.3588207467419387,0.6099713220734279,-0.12201521180339468,0.13632817950018702
0.3549028882088867,0.6207215638377562,-0.1402411783938703,0.1478251105330604
0.3549028882088867,0.6265886204130391,-0.1422401694684312,0.1562917907622693
0.3588207467419387,0.6295185315264664,-0.10981708005796155,0.1618071422465811
0.3705743223410945,0.6314790399505128,-0.13676857171109594,0.16457109916047055
0.2941148644070023,0.6314790399505128,-0.1998779558112883,0.1648556428601409
0.4607768934106581,0.6295185315264664,0.00981470494275633,0.16295778025183108
1.1509933771631715,0.6256119833752299,0.5998238061857194,0.15916167890354335
1.503906727835743,0.6216982008755654,1.088344768185053,0.15371498376432446
1.503906727835743,0.6158383786487107,0.9528369422224495,0.14682149379280077
0.8215565694191228,0.6109479591112369,0.3688575755790968,0.1386493031788816
0.4451054592784502,0.604104265498145,-0.04254725397867138,0.12935065335025928
0.4254855583434009,0.5962839348472438,-0.07999579839622885,0.11908756079489931
0.4392286714788723,0.5865103301207246,-0.03287339753846995,0.10805621076124573
0.4254855583434009,0.5747834513185871,-0.06141942355830755,0.09650341937816924
0.3999888696087737,0.5610960640924031,-0.09291435496917955,0.08473018223015619
0.3843174354765659,0.54643203982841,-0.09707043387812203,0.07308014023240958
0.3999888696087737,0.5327446526022261,-0.08351924294379999,0.06191411413278346
0.4352802046760309,0.5210177738000886,-0.05341574630723171,0.0515749428476257
0.4490233178115022,0.5102675320357603,-0.03465226365853233,0.04234901456040376
0.4490233178115022,0.5014633299986218,-0.03231788401933871,0.034431667076946684
0.46469475194371,0.4956035077717671,-0.022780100883070344,0.02790296497744645
0.4706021480130775,0.4926663623099116,-0.010944656596893112,0.022718433394580025
0.4745200065461294,0.4916897252721025,-0.008158668331108277,0.018716538998780233
0.4803967943457073,0.4907130882342934,-0.003271484487026091,0.015641615880984075
0.4901914406783372,0.4907130882342934,0.008586037314378299,0.013178194927831139
0.4999860870109672,0.4887598141586752,0.018685823566607165,0.010990907455682021
0.5098113416133866,0.4858226686968196,0.02749893938370078,0.008763647173665632
0.5254827757455944,0.4809394835077741,0.04508787386478288,0.006232491459873225
0.5509794644802216,0.4760490639703003,0.0719480642420521,0.0032086717846287393
0.5843118702809528,0.4711658787812548,0.10067699486152434,-0.0004099177174904138
0.60980855901558,0.4672520962815901,0.13514668725423945,-0.004638180699990708
0.6647197950178864,0.4623689110925446,0.18175718566410978,-0.009412380104639087
0.7058879178847215,0.4584551285928799,0.22863768817456495,-0.014605314108840297
0.7353024651524006,0.4535647090554062,0.25904074461632015,-0.02004560748583933
0.7548917578176605,0.4486815238663607,0.27301940980724704,-0.02553892766945481
0.7509738992846084,0.4428144672910778,0.2788598305882459,-0.030889291277344823
0.7548917578176605,0.437924047753604,0.27482312710670953,-0.035918863849318625
0.7313846066193487,0.4320642255267494,0.255523358097125,-0.040484745316104104
0.6960932715520916,0.4271738059892756,0.2231088727122837,-0.044491267573601626
0.654894540415467,0.4222906208002301,0.1765496044923189,-0.04789646143267536
0.5901886580805307,0.4193534753383746,0.11699582832185787,-0.05071173739329143
0.5353080303480138,0.4193534753383746,0.062089519231838315,-0.05299458113927007
0.4941092992113892,0.4193534753383746,0.019250609688085063,-0.05483517540767757
0.4490233178115022,0.4193534753383746,-0.024283778567502468,-0.05633910033451171
0.4039067281418257,0.4183768383005654,-0.06660797585571515,-0.05760922883407887
0.3803995769435139,0.4164235642249472,-0.09368956589208552,-0.05873022677076049
0.3646975345415166,0.414470290149329,-0.10610890815947219,-0.05975853222866032
0.3588207467419387,0.4125097817252826,-0.1111724457076606,-0.06071948211021738
0.3588207467419387,0.4105565076496644,-0.11269153391336657,-0.061611742142422585
0.3588207467419387,0.4095798706118552,-0.1111942947234803,-0.06241776752105285
0.3646975345415166,0.407626596536237,-0.10274878077350166,-0.06311795712562715
0.3803995769435139,0.407626596536237,-0.09089031530532055,-0.06370559817246456
0.3803995769435139,0.4066499594984279,-0.08589932553946467,-0.06419964325248634
0.3843174354765659,0.4056660881121906,-0.0841775778952059,-0.06465275232561038
0.3901942232761438,0.4056660881121906,-0.07696373013255156,-0.06515275981859107
0.3941120818091958,0.4056660881121906,-0.07182530349299161,-0.0658166721507525
0.3901942232761438,0.4046894510743815,-0.07702385742088429,-0.0667773456212662
0.3803995769435139,0.4027361769987633,-0.08396669229234889,-0.06816400594993455
0.3803995769435139,0.400782902923145,-0.08456216277426219,-0.07007861421589624
0.3843174354765659,0.3978529918097178,-0.08183911612115717,-0.07257068488905369
0.3803995769435139,0.3949158463478622,-0.08099596562309085,-0.07561353274880327
0.374522789143936,0.392962572272244,-0.08958495667035506,-0.0790851093847352
0.3588207467419387,0.3900326611588167,-0.10687253167288001,-0.08275658039512578
0.3392008458068894,0.3870955156969611,-0.11740547049606247,-0.08629150230226082
0.3451082418762568,0.3841656045835338,-0.12117468361689662,-0.08925774566096518
0.3352829872738374,0.3822123305079156,-0.1261424481744737,-0.09115308659070755
0.3392008458068894,0.3802518220838691,-0.11676647195486647,-0.09144370022893077
0.3705743223410945,0.3812284591216783,-0.09436616347226418,-0.0896128365638692
0.3705743223410945,0.3831889675457247,-0.08852002055896235,-0.0852150461507094
0.3588207467419387,0.3880721527347702,-0.09630411075320057,-0.07792979993933863
0.3646975345415166,0.3968691204234804,-0.09889249844907363,-0.06760755373678848
0.3490261004093087,0.4095798706118552,-0.10633686298608197,-0.05430151617654517
0.3352829872738374,0.4252205319136574,-0.12269228801882595,-0.038279722552224726
0.3235294116746816,0.444767741366696,-0.13291414791879694,-0.020014413472920416
0.3294061994742595,0.4672520962815901,-0.1299821202103446,-0.00014884730586452584
0.3352829872738374,0.4907130882342934,-0.11699297897044898,0.02055496617263786
0.3451082418762568,0.5131974431491875,-0.11165461566739386,0.04128114470102537
0.3352829872738374,0.5337212896400352,-0.12329795783163268,0.061228962857079766
0.3196115531416296,0.553275733441502,-0.13052413258351242,0.07967699168063029
0.3137347653420516,0.5689163947433042,-0.1387959921316837,0.09603427042608866
0.3098169068089997,0.5796666365076326,-0.1531959679515345,0.10987273068302952
0.3235294116746816,0.5884636041963428,-0.12461412412049079,0.12093829104732151
0.3235294116746816,0.5943306607716257,-0.1120980053702904,0.12914154595077476
0.2901970058739504,0.597260571885053,-0.2046083413439429,0.13453211640547544
0.2647003171393232,0.5992210803090994,-0.14316640003461725,0.13726292417585362
0.8352996825545941,0.5992210803090994,0.37210334472715284,0.13755155099607025
1.503906727835743,0.5962839348472438,1.0146412921619752,0.13564540852572346
1.503906727835743,0.5933540237338165,1.133772411434452,0.1317958778714225
1.1666648112953797,0.590416878271961,0.6193461015352861,0.12624423565467166
0.3941120818091958,0.5845570560451063,0.024236350784556188,0.11921949599064834
0.3098169068089997,0.5777133624320144,-0.17769861805134132,0.11094574350423429
0.3294061994742595,0.5708696688189224,-0.12199675407780376,0.10165460236361881
0.3137347653420516,0.5610960640924031,-0.11656146914693398,0.0915975665220093
0.3098169068089997,0.5493619509418374,-0.14966199805916397,0.08105318643058379
0.3098169068089997,0.5366584351018908,-0.13958098948872902,0.0703255174777348
0.3098169068089997,0.5229710478757068,-0.13198224143553705,0.059732493926253995
0.3196115531416296,0.5102675320357603,-0.13047990107101476,0.049585471086128735
0.3352829872738374,0.4995100559230035,-0.11172651751313808,0.0401634308323727
0.3451082418762568,0.4907130882342934,-0.10262595501194449,0.03168671526859056
0.3392008458068894,0.4838693946212014,-0.10351214319517688,0.02429535749570235
0.3549028882088867,0.4770257010081094,-0.09482212279609771,0.018036176495177886
0.3549028882088867,0.473119152856873,-0.08973024084677067,0.012861122216154182
0.3549028882088867,0.4701892417434457,-0.08939287118202151,0.008637322503483785
0.3705743223410945,0.4682287333193992,-0.07564689921476755,0.00516728599319677
0.3901942232761438,0.4652988222059719,-0.055530459251448075,0.002216086196195169
0.4039067281418257,0.4623689110925446,-0.038448246328710044,-0.0004586336720062253
0.4352802046760309,0.459431765630689,-0.01215018337269901,-0.0030781872243948122
0.46469475194371,0.4565018545172618,0.023958630300421963,-0.00581969843883246
0.5058934830803345,0.4525880720175971,0.05770105003897848,-0.008800980370195277
0.5353080303480138,0.4477048868285516,0.09578209881983868,-0.012074751929614425
0.5960654458801087,0.4437911043288869,0.14950475862837487,-0.015632061293047072
0.6509766818824151,0.4398845561776505,0.20823310835987452,-0.0194134884175897
0.6960932715520916,0.4349941366401767,0.25414196814511103,-0.023325725919484473
0.7254772105499813,0.4291270800648938,0.28042126339930334,-0.027260578425354808
0.7313846066193487,0.4252205319136574,0.2898459346514344,-0.031113285575977166
0.7313846066193487,0.4213067494139927,0.2881503902370163,-0.03479736616809671
0.7156825642173513,0.4183768383005654,0.27305046856057325,-0.038253913891222555
0.6803912291500942,0.4164235642249472,0.23767617542937758,-0.04145438494701979
0.6293978516808398,0.414470290149329,0.187031424569871,-0.044397199813951835
0.5705993654152709,0.4115331446874735,0.12895804334963148,-0.04709964072939263
0.5058934830803345,0.4095798706118552,0.06215004475210405,-0.04958729046096013
0.4352802046760309,0.4066499594984279,-0.005608997944994016,-0.05188347534704553
0.3843174354765659,0.4037128140365724,-0.05808964805741686,-0.05400085793995074
0.3451082418762568,0.400782902923145,-0.09730676070901963,-0.05593661318826799
0.3098169068089997,0.3978529918097178,-0.1324399353714901,-0.05767172385918017
0.2843202180743724,0.3958924833856713,-0.15648229713657302,-0.059174069356270335
0.2784434302747945,0.3949158463478622,-0.16480464184828147,-0.06040435065257169
0.274494963471953,0.3939392093100531,-0.16768117308768685,-0.06132359806479572
0.2686181756723751,0.392962572272244,-0.17100507868805004,-0.06190102975447685
0.274494963471953,0.3939392093100531,-0.17173284352323298,-0.06212125259211639
0.2686181756723751,0.3939392093100531,-0.16847812790819686,-0.06199008577353573
0.2843202180743724,0.392962572272244,-0.16221839316582004,-0.06153853214393834
0.2843202180743724,0.392962572272244,-0.15494727831487293,-0.060824560378626547
0.2941148644070023,0.3949158463478622,-0.14867896172816134,-0.059932410219172755
0.3039095107396323,0.3958924833856713,-0.14008144977734344,-0.058969190981303085
0.3137347653420516,0.3968691204234804,-0.12578641005157754,-0.05805868716667227
0.3294061994742595,0.3968691204234804,-0.11479212253811107,-0.05733247156289774
0.3294061994742595,0.3958924833856713,-0.11446785878594676,-0.056918553146003796
0.3235294116746816,0.3939392093100531,-0.11490102576631618,-0.05692783646243771
0.3352829872738374,0.3939392093100531,-0.11242012590835831,-0.05743876080453908
0.3235294116746816,0.392962572272244,-0.11653058086118802,-0.05848079832463855
0.3196115531416296,0.392962572272244,-0.12352088055389408,-0.06001810864411603
0.3196115531416296,0.392962572272244,-0.12534428043780393,-0.0619354624644132
0.3137347653420516,0.3919859352344348,-0.1279304706147103,-0.06402925977873658
0.3137347653420516,0.3910092981966258,-0.13081795866100657,-0.06600671977723838
0.3235294116746816,0.3880721527347702,-0.12014298865703175,-0.06749583969281961
0.3490261004093087,0.3870955156969611,-0.09485635576694175,-0.0680674450014045
0.3705743223410945,0.386118878659152,-0.07301758202726878,-0.06726877350627564
0.3803995769435139,0.3880721527347702,-0.06626121129053217,-0.06466593689887559
0.3705743223410945,0.3900326611588167,-0.07042335132674289,-0.05989072531832333
0.3646975345415166,0.3949158463478622,-0.08354715493894031,-0.05268593244555242
0.3392008458068894,0.4046894510743815,-0.10519467386439477,-0.04294294907384016
0.3196115531416296,0.4183768383005654,-0.12274295630129528,-0.030725973437155905
0.3294061994742595,0.4330408625645585,-0.12203245883032406,-0.016278817717430748
0.3352829872738374,0.4477048868285516,-0.10509949459782435,-1.2686257001666258e-05
0.3549028882088867,0.4682287333193992,-0.09350576766664423,0.0175239957648854
0.3490261004093087,0.4897364511964843,-0.09924151937688765,0.03569004218819356
0.3451082418762568,0.5102675320357603,-0.09888607478977059,0.0538044528327385
0.3549028882088867,0.5288381044509897,-0.09315663248698819,0.07120069627714355
0.3294061994742595,0.5444787657527919,-0.11594690179209215,0.0872750221542836
0.3352829872738374,0.5571822815927384,-0.12377613478516039,0.10152275806267794
0.3352829872738374,0.5659792492814486,-0.09072568498889506,0.11355903425452038
0.3235294116746816,0.5728229428945406,-0.1414811254724873,0.12312351972907631
0.2392036284046959,0.5777133624320144,-0.22405127158434573,0.1300717916609129
0.4156909120107711,0.5806432735454417,0.024060546182887024,0.1343581878543038
1.1960793585630587,0.5816199105832508,0.6594741272566167,0.1360159366967536
1.503906727835743,0.5816199105832508,1.1430715228740747,0.13513989009638483
1.503906727835743,0.5806432735454417,0.9902735849748256,0.13187549840289642
0.8215565694191228,0.5786899994698235,0.39301316162466216,0.1264152023675842
0.3901942232761438,0.5737995799323498,-0.04676089576179966,0.119000780320952
0.374522789143936,0.5659792492814486,-0.10186868308660352,0.10992805308834809
0.3843174354765659,0.5562056445549294,-0.05512393704781922,0.099549290557014
0.3549028882088867,0.5444787657527919,-0.09215793272234679,0.08826896300055175
0.3392008458068894,0.5298147414887988,-0.12447534965006483,0.07653003029115295
0.3352829872738374,0.5151507172248058,-0.11131237092704824,0.06479033033297914
0.3588207467419387,0.5034238384226682,-0.09429020384779407,0.05349118973411611
0.374522789143936,0.4916897252721025,-0.08109367103747393,0.0430224732819833
0.3803995769435139,0.4819161205455832,-0.074902932560255,0.03368941580902684
0.3705743223410945,0.4740957898946821,-0.07922671612526941,0.025686567368137736
0.3803995769435139,0.4682287333193992,-0.08039400038411534,0.01908316291660924
0.3803995769435139,0.4633455481303537,-0.07118777804154021,0.01382248965081576
0.4039067281418257,0.4604084026684982,-0.05293065461288296,0.00973570239713914
0.4254855583434009,0.4584551285928799,-0.03154894964188357,0.006568365556480028
0.4392286714788723,0.4584551285928799,-0.017037795592024285,0.004016086388258579
0.4490233178115022,0.4574784915550708,-0.00717068808866082,0.0017642177868856233
0.4706021480130775,0.4565018545172618,0.01044143694133946,-0.0004740113992386498
0.4941092992113892,0.4525880720175971,0.039428117266954894,-0.0029262567716114357
0.5353080303480138,0.4486815238663607,0.07342180100238024,-0.005740743731039108
0.5646919693459035,0.4437911043288869,0.10844151364838732,-0.008978899637016605
0.60980855901558,0.4389079191398414,0.1483976747161542,-0.012620668085493341
0.654894540415467,0.4340174996023676,0.19664969867217116,-0.016580200316868042
0.7098057764177734,0.4291270800648938,0.24797711923047874,-0.02072823025603358
0.7509738992846084,0.4261971689514665,0.2913344877835098,-0.024916899991394802
0.7764705880192357,0.4232672578380392,0.3152198738794927,-0.029003099264461336
0.7803884465522877,0.4203301123761837,0.3171406663272619,-0.03286732279721494
0.7666759416866058,0.4174002012627563,0.30728550992936543,-0.03642630950806836
0.7548917578176605,0.414470290149329,0.28962689343394404,-0.039638961885076096
0.7156825642173513,0.4125097817252826,0.2543199350776632,-0.04250601288097003
0.6647197950178864,0.4095798706118552,0.2006093813939392,-0.04506452886041059
0.605890700482528,0.4066499594984279,0.14207284376691573,-0.047378635246531166
0.5509794644802216,0.4046894510743815,0.08665024700771262,-0.04952790171663354
0.4999860870109672,0.4027361769987633,0.03500240954932486,-0.05159473506390393
0.4549001056110801,0.400782902923145,-0.010341138588228695,-0.05365201776036611
0.4156909120107711,0.3998062658853359,-0.04943256864870478,-0.05575216534089778
0.3843174354765659,0.3978529918097178,-0.0833594566216076,-0.0579187375562988
0.3588207467419387,0.3958924833856713,-0.10587899211360696,-0.06014165104684763
0.3549028882088867,0.3939392093100531,-0.11330767117535602,-0.06237682650460072
0.3549028882088867,0.3919859352344348,-0.11290828645050743,-0.06455072700654993
0.3549028882088867,0.3910092981966258,-0.11152249436672654,-0.06656973341989017
0.3588207467419387,0.3890487897725793,-0.11089611893014856,-0.06833371409461005
0.3588207467419387,0.3880721527347702,-0.10985686382879609,-0.0697525221206117
0.3646975345415166,0.386118878659152,-0.1031087114311936,-0.07076352376027809
0.3803995769435139,0.3851422416213429,-0.09129467686513584,-0.07134768525563312
0.3843174354765659,0.3831889675457247,-0.08377627534010904,-0.07154134137787753
0.3901942232761438,0.3822123305079156,-0.08179487576051814,-0.0714407059605493
0.3901942232761438,0.3831889675457247,-0.07940530513413004,-0.07119663629663997
0.3941120818091958,0.3841656045835338,-0.07773827925290666,-0.07099824082521569
0.3941120818091958,0.3841656045835338,-0.07842200469726066,-0.0710455813524109
0.3901942232761438,0.3851422416213429,-0.0790440309869075,-0.0715137319194813
0.3941120818091958,0.3870955156969611,-0.08228274953351392,-0.07251246486731805
0.3803995769435139,0.3890487897725793,-0.08898098403677021,-0.07404748481701995
0.3803995769435139,0.3890487897725793,-0.09453075434089725,-0.07599007679494789
0.3705743223410945,0.3880721527347702,-0.10267142131034779,-0.07806191879327774
0.3588207467419387,0.386118878659152,-0.11533961130740064,-0.07984037069995484
0.3549028882088867,0.3831889675457247,-0.11858493591616759,-0.08078681481757291
0.3705743223410945,0.3822123305079156,-0.10484273240824207,-0.08029697639638618
0.3901942232761438,0.3812284591216783,-0.08558058426217643,-0.07776825164666695
0.3999888696087737,0.3841656045835338,-0.07210611294825583,-0.0726756615956933
0.4156909120107711,0.3890487897725793,-0.06552722522670343,-0.06464580868473029
0.4039067281418257,0.3988296288475269,-0.06611700728622662,-0.053517635023730935
0.3999888696087737,0.414470290149329,-0.08019893239112776,-0.039380111031662106
0.3705743223410945,0.4340174996023676,-0.10647894641720493,-0.022580147518832652
0.3451082418762568,0.4574784915550708,-0.12780396488519327,-0.0036985694416498544
0.3490261004093087,0.4809394835077741,-0.132750759367212,0.01650290773979404
0.3549028882088867,0.5044004754604773,-0.12173978289997028,0.03715612050358857
0.3705743223410945,0.5268848303753715,-0.1038020089273554,0.05737149033009226
0.3803995769435139,0.5474086768662192,-0.10184945317646503,0.07632151939894549
0.3646975345415166,0.5640259752058304,-0.11508933303302345,0.09331138913148589
0.3490261004093087,0.5767367253942053,-0.12149689471076836,0.10782789053662022
0.3549028882088867,0.5855336930829155,-0.13179436942655975,0.11956181334355133
0.3490261004093087,0.5923773866960075,-0.13405778884706063,0.12840341382279508
0.3549028882088867,0.5962839348472438,-0.1070699616334598,0.13441484367773035
0.3588207467419387,0.597260571885053,-0.1378709770959306,0.13778669713902283
0.274494963471953,0.598237208922862,-0.20942337213343065,0.1387876107241936
0.4352802046760309,0.598237208922862,-0.011062293664250846,0.1377159380878771
1.1176609713624406,0.597260571885053,0.5807246705306425,0.13486103258733692
1.503906727835743,0.5943306607716257,1.0877442457276842,0.13047899379729275
1.503906727835743,0.590416878271961,0.9695019535327356,0.12478447160677535
0.845094328887224,0.5865103301207246,0.38787108334829323,0.1179569168227835
0.4352802046760309,0.5816199105832508,-0.034238598181300914,0.11015704731584972
0.419608770543823,0.5747834513185871,-0.09138158289469189,0.10154763838836356
0.3941120818091958,0.5659792492814486,-0.06519582820318542,0.0923123045926167
0.3803995769435139,0.5542523704793112,-0.10434262916105505,0.08266682723311555
0.3549028882088867,0.5425254916771737,-0.13536923611051724,0.07285964075624515
0.3392008458068894,0.5307913785266078,-0.13646408511539496,0.06316084110067714
0.3490261004093087,0.5200411367622795,-0.1294339004721055,0.05384182570013096
0.374522789143936,0.5102675320357603,-0.11836015696312319,0.04514975088328698
0.3646975345415166,0.5034238384226682,-0.10767882093506845,0.03728197283354447
0.3901942232761438,0.4975567818473854,-0.0947816775731169,0.030365421819136082
0.3999888696087737,0.4926663623099116,-0.0872002874364509,0.0244446366033682
0.3843174354765659,0.4887598141586752,-0.09072826115495998,0.019480347588349718
0.4039067281418257,0.487783177120866,-0.08382155059118823,0.01535849921952866
0.419608770543823,0.4848460316590105,-0.06182804453521479,0.011907841345213296
0.4352802046760309,0.4819161205455832,-0.04589576740756686,0.008922990998441991
0.4490233178115022,0.4789862094321558,-0.035784115227921104,0.00618935217552257
0.46469475194371,0.4760490639703003,-0.016818252222991274,0.0035064887991762307
0.4901914406783372,0.473119152856873,0.0077850539022693245,0.0007072803875537509
0.5156881294129645,0.4701892417434457,0.03130386230076242,-0.002328840516004883
0.5451026766806437,0.4672520962815901,0.06365610964465873,-0.005669303780135003
0.5901886580805307,0.4633455481303537,0.10822012046405782,-0.009328364877570217
0.6353052477502072,0.459431765630689,0.14951410014796518,-0.013272832973165343
0.6647197950178864,0.4555252174794526,0.1850874641512617,-0.01743226777512473
0.7058879178847215,0.451611434979788,0.22285671572916538,-0.021712009381858424
0.7353024651524006,0.4467282497907424,0.24960363487181034,-0.026007254634878175
0.7313846066193487,0.4428144672910778,0.2534470581196085,-0.03021643244624133
0.7313846066193487,0.4389079191398414,0.24514966454859688,-0.03425234922835724
0.7098057764177734,0.4359707736779858,0.22924459113718476,-0.03804996771798281
0.6803912291500942,0.4330408625645585,0.19707520412705332,-0.041570224813416934
0.6293978516808398,0.4310875884889403,0.14905345758932906,-0.04479990873688004
0.5843118702809528,0.4281504430270847,0.09807795639799784,-0.0477481739474375
0.5294006342786464,0.4252205319136574,0.05319310869382236,-0.050440643992856506
0.4941092992113892,0.4222906208002301,0.006811979791882151,-0.0529121716833553
0.4352802046760309,0.4203301123761837,-0.043770596247573026,-0.05519923236169575
0.4039067281418257,0.4183768383005654,-0.07757602155826562,-0.05733274433164596
0.3941120818091958,0.4164235642249472,-0.08855405990293772,-0.05933196339206227
0.3803995769435139,0.414470290149329,-0.10033733190881633,-0.06120003153809383
0.3646975345415166,0.414470290149329,-0.11673910627295635,-0.0629217477846922
0.3588207467419387,0.4134864187630917,-0.12093821618115584,-0.0644641204379115
0.3646975345415166,0.4134864187630917,-0.11834689809510347,-0.06578018319418408
0.3588207467419387,0.4125097817252826,-0.11979274479533779,-0.06681630653593115
0.3646975345415166,0.4105565076496644,-0.11632214994811102,-0.06752271631610574
0.374522789143936,0.4095798706118552,-0.10591950709813072,-0.06786615270922043
0.3803995769435139,0.4086032335740461,-0.09969996948452936,-0.06784273164277543
0.3803995769435139,0.4086032335740461,-0.09808808674340987,-0.0674883840906665
0.3843174354765659,0.4086032335740461,-0.0969386735407673,-0.06688400755179487
0.3803995769435139,0.4086032335740461,-0.09749822552961607,-0.06615280574442343
0.3843174354765659,0.4086032335740461,-0.09506481023156327,-0.06544821589321344
0.3941120818091958,0.4105565076496644,-0.0850803493283007,-0.06493224431269798
0.3999888696087737,0.4125097817252826,-0.07719877712018389,-0.0647458163624935
0.3999888696087737,0.4154469271871381,-0.08001234693961334,-0.06497467182642695
0.3901942232761438,0.4164235642249472,-0.08598357642187913,-0.06561603394910112
0.3901942232761438,0.4174002012627563,-0.08769849580260579,-0.06655228586305106
0.3901942232761438,0.4174002012627563,-0.08897733285700982,-0.06753780424573026
0.3803995769435139,0.4164235642249472,-0.09283270781105615,-0.0682037589355539
0.3843174354765659,0.4154469271871381,-0.09639701563096999,-0.06808320651095211
0.3803995769435139,0.414470290149329,-0.09290609295909583,-0.06665554732692935
0.3999888696087737,0.414470290149329,-0.07808408017621024,-0.06340591730213263
0.4098141242111931,0.4174002012627563,-0.0626089606538776,-0.0578919876675732
0.4254855583434009,0.4232672578380392,-0.05638581414215845,-0.04980858639450837
0.4098141242111931,0.4320642255267494,-0.05555131564124031,-0.03904003723772896
0.4156909120107711,0.4457443784045051,-0.0676516480499734,-0.02569137885856839
0.374522789143936,0.4643221851681628,-0.0962805194169206,-0.010092594123565227
0.3588207467419387,0.4858226686968196,-0.11200492881718677,0.007225770271909331
0.3803995769435139,0.5083070236117138,-0.09877717904760093,0.025582421322625514
0.3941120818091958,0.5307913785266078,-0.075954087540233,0.04421303996000269
0.4098141242111931,0.5513224593658839,-0.06084374742662756,0.06234541199382111
0.4156909120107711,0.566963120667686,-0.06063911330086479,0.07927060332907106
0.4039067281418257,0.5777133624320144,-0.06769147344062987,0.09440019722369968
0.3901942232761438,0.5884636041963428,-0.07574479761578409,0.10730285336510846
0.3803995769435139,0.597260571885053,-0.09514057435494092,0.1177176550426627
0.3901942232761438,0.604104265498145,-0.08925577859483622,0.12554580131178453
0.3941120818091958,0.6080180479978096,-0.05052826468873619,0.13082533972591986
0.3999888696087737,0.6099713220734279,-0.09489989107637446,0.13369546916879393
0.3196115531416296,0.6109479591112369,-0.15522258599257574,0.13435749564714
0.5254827757455944,0.6099713220734279,0.111412183029752,0.133038969412912
1.2921587174322002,0.6070414109600005,0.7263426747150892,0.12996609461776246
1.503906727835743,0.6031276284603359,1.1496531334454976,0.12534747187456943
1.503906727835743,0.598237208922862,0.9387068056892576,0.11936994143451975
0.7509738992846084,0.5933540237338165,0.33828415365924036,0.11220505572394031
0.4156909120107711,0.5865103301207246,-0.05646393064585313,0.1040228102485793
0.3999888696087737,0.5786899994698235,-0.08849129349968454,0.09500798170550377
0.3941120818091958,0.5698930317811133,-0.05164768848640776,0.08537401226018937
0.3843174354765659,0.5591427900167849,-0.0843281382817805,0.07536996990382959
0.3588207467419387,0.5474086768662192,-0.11303417527492418,0.06527763988579846
0.3352829872738374,0.5356817980640817,-0.12422099736093589,0.05539798704833501
0.3392008458068894,0.5229710478757068,-0.12224039422329196,0.046028632447870706
0.3705743223410945,0.5131974431491875,-0.09823678319008744,0.037436082260521635
0.374522789143936,0.5053771124982864,-0.08602365774919957,0.02982774074419378
0.3705743223410945,0.4995100559230035,-0.08999024503900993,0.02332892217192842
0.3843174354765659,0.494626870733958,-0.08034361164597018,0.0179691395466791
0.3941120818091958,0.4907130882342934,-0.06696694614620453,0.013680185125943599
0.3941120818091958,0.4897364511964843,-0.06492442100535459,0.010306383495784062
0.4039067281418257,0.4887598141586752,-0.058814077956855226,0.007625329836422899
0.4156909120107711,0.4868065400830569,-0.04343687823014798,0.005375781178765512
0.4294034168764529,0.4848460316590105,-0.029464591903317856,0.0032884331002073952
0.4451054592784502,0.4809394835077741,-0.01535102701243527,0.0011152510267745746
0.46469475194371,0.4770257010081094,0.0071839916198547585,-0.0013462293563814983
0.4941092992113892,0.4740957898946821,0.03651182885824794,-0.004235963181049755
0.5294006342786464,0.4701892417434457,0.06940531926432851,-0.007622786837976031
0.5646919693459035,0.466275459243781,0.1111759388601486,-0.011503954611766674
0.6196032053482099,0.4613850397063073,0.1599536220797539,-0.015811826422904435
0.654894540415467,0.4565018545172618,0.20003283340578454,-0.020426208666203892
0.6803912291500942,0.451611434979788,0.22525176134165847,-0.02519058541987741
0.7000111300851435,0.4477048868285516,0.24358392074336352,-0.029930409442378007
0.7098057764177734,0.4428144672910778,0.25621527128891264,-0.034471719934724525
0.7098057764177734,0.4389079191398414,0.25518821219540005,-0.03865855303605648
0.6901858754827241,0.4340174996023676,0.23629563696960407,-0.042367823347077664
0.654894540415467,0.4301109514511312,0.2019894596556679,-0.045520529162966256
0.60980855901558,0.4271738059892756,0.15717797056321728,-0.048088304471024905
0.5607741108128516,0.4252205319136574,0.10740171211746583,-0.05009460581495487
0.5058934830803345,0.4242438948758483,0.055936638123190004,-0.051610263819996414
0.4549001056110801,0.4222906208002301,0.0017201257310681204,-0.05274373464332807
0.3999888696087737,0.4222906208002301,-0.050080275162371714,-0.053627044827331306
0.3646975345415166,0.4213067494139927,-0.08562591683674507,-0.0543989972025946
0.3451082418762568,0.4193534753383746,-0.10485673736600548,-0.05518760092632721
0.3294061994742595,0.4193534753383746,-0.12137493103069291,-0.05609386663627423
0.3137347653420516,0.4193534753383746,-0.1329240328793952,-0.05717907265625967
0.3235294116746816,0.4183768383005654,-0.12798804412844308,-0.05845737516189555
0.3294061994742595,0.4164235642249472,-0.11603076945417706,-0.05989517237311841
0.3352829872738374,0.414470290149329,-0.11520969570760856,-0.06141786686822854
0.3235294116746816,0.4115331446874735,-0.12086139935705274,-0.06292359641496645
0.3352829872738374,0.4095798706118552,-0.11544268157759585,-0.0643022703960974
0.3392008458068894,0.4066499594984279,-0.10199702003396141,-0.06545710918826317
0.3549028882088867,0.4046894510743815,-0.0978452394182503,-0.06632508947744546
0.3392008458068894,0.4027361769987633,-0.10012094220691455,-0.06689243719957126
0.3549028882088867,0.4017595399609542,-0.09428881473411294,-0.06720169303941284
0.3588207467419387,0.4027361769987633,-0.08570922502494355,-0.06734792990123495
0.3549028882088867,0.4027361769987633,-0.08696661508634713,-0.06746333797436649
0.3549028882088867,0.4037128140365724,-0.09326194824524289,-0.06769137592219605
0.3451082418762568,0.4037128140365724,-0.09485897401104315,-0.06815366617276646
0.3490261004093087,0.4046894510743815,-0.09668958540741801,-0.0689144239314707
0.3352829872738374,0.4046894510743815,-0.10652784484972339,-0.06994816936424415
0.3294061994742595,0.4037128140365724,-0.11506457441062563,-0.0711165986653047
0.3235294116746816,0.4027361769987633,-0.11440906724751511,-0.07215969330431227
0.3352829872738374,0.4017595399609542,-0.11319563896581994,-0.07270445703534581
0.3294061994742595,0.400782902923145,-0.10644520650590368,-0.07229227087942376
0.3588207467419387,0.3998062658853359,-0.08454903891011749,-0.07042306917312874
0.3705743223410945,0.4017595399609542,-0.07164770617151925,-0.06661177488397323
0.3549028882088867,0.4066499594984279,-0.08443745229774134,-0.060450144240188436
0.3392008458068894,0.414470290149329,-0.09963876924164333,-0.05166578425518492
0.3352829872738374,0.4232672578380392,-0.10879553362772092,-0.040169892288880495
0.3098169068089997,0.4340174996023676,-0.1257848653801641,-0.026086275038355533
0.3039095107396323,0.451611434979788,-0.13784005531933657,-0.009756351436602672
0.3137347653420516,0.4740957898946821,-0.12539200247870036,0.008281990844441766
0.3294061994742595,0.4965801448095762,-0.10829060727251623,0.027339895609167247
0.3235294116746816,0.5180806283382331,-0.11602835987491478,0.0466415542171172
0.3098169068089997,0.538611709177509,-0.1292170661133429,0.06539765127650765
0.3196115531416296,0.5571822815927384,-0.11841895630088072,0.08287755277472728
0.3137347653420516,0.5728229428945406,-0.11889874584938045,0.09846994915552992
0.3098169068089997,0.5835804190072973,-0.13990131708228004,0.11172391225874352
0.3137347653420516,0.5914007496581983,-0.11630945860463458,0.12236594043447684
0.3098169068089997,0.5953072978094348,-0.11157156449772644,0.13029287718480942
0.274494963471953,0.597260571885053,-0.2080659662002899,0.13554478818588472
0.2588235293397452,0.597260571885053,-0.12400133792251723,0.13826515127617692
0.886262451754059,0.5953072978094348,0.42042792835186493,0.13865741155725336
1.503906727835743,0.5943306607716257,1.0512785243017477,0.13694676027723462
1.503906727835743,0.5933540237338165,1.124813844326066,0.1333539721706904
1.1019589289604432,0.5914007496581983,0.5880879715294067,0.1280847186222865
0.3803995769435139,0.5884636041963428,0.012438735163313161,0.12133373333733459
0.3039095107396323,0.5835804190072973,-0.16715112176278082,0.1132995052652608
0.3294061994742595,0.5757600883563961,-0.10654078769467193,0.10420271258000821
0.3196115531416296,0.5650026122436396,-0.100406912119584,0.09430097729929358
0.3098169068089997,0.5513224593658839,-0.13706987168566373,0.0838938281282531
0.2999916522065803,0.5366584351018908,-0.13503167820408601,0.07331462127126863
0.3039095107396323,0.5219944108378977,-0.1280302438715499,0.06290977998808052
0.3098169068089997,0.5112441690735693,-0.1265866635554776,0.05300906963318397
0.3235294116746816,0.5024472013848591,-0.1145250478136324,0.0438928407919646
0.3294061994742595,0.4936429993477207,-0.10365094182014513,0.035762787939680296
0.3392008458068894,0.4868065400830569,-0.09506690720478715,0.028721869904575863
0.3549028882088867,0.4819161205455832,-0.08450736189297182,0.022767089824132218
0.3549028882088867,0.4780023380459186,-0.07640968747567553,0.017796383414531325
0.3705743223410945,0.4760490639703003,-0.0661292517394643,0.013628368587094776
0.3843174354765659,0.4740957898946821,-0.05236474228036417,0.010031548348229025
0.3941120818091958,0.4711658787812548,-0.03881519017727391,0.006758086697352664
0.419608770543823,0.4672520962815901,-0.01772785350163506,0.003576769646054216
0.4490233178115022,0.4623689110925446,0.015122945886407373,0.0003003073851542296
0.4901914406783372,0.4574784915550708,0.05284669469397343,-0.003196449401717878
0.5254827757455944,0.4525880720175971,0.09269843030910072,-0.006968920464530256
0.5745172239483228,0.4477048868285516,0.13625077626364862,-0.01100549556981241
0.6196032053482099,0.4428144672910778,0.1850661036037224,-0.015238681735826912
0.6705965828174644,0.437924047753604,0.23625480940026372,-0.019561919044106726
0.7156825642173513,0.4330408625645585,0.2768773439331425,-0.023848937938695164
0.7353024651524006,0.4301109514511312,0.3017036620612746,-0.027972707129202034
0.7548917578176605,0.4261971689514665,0.3188576329404039,-0.03182160839827066
0.7607991538870279,0.4232672578380392,0.32243683542614043,-0.035311313041661456
0.7313846066193487,0.4203301123761837,0.2979921980572464,-0.03839172478474346
0.6901858754827241,0.4183768383005654,0.2511559689546599,-0.041049109908085725
0.6293978516808398,0.4154469271871381,0.194961907639901,-0.043304042149307886
0.5705993654152709,0.4125097817252826,0.13175168980391339,-0.045206013000959944
0.4999860870109672,0.4095798706118552,0.06475164325421826,-0.04682553594385421
0.4392286714788723,0.407626596536237,0.0014641695194327307,-0.0482444291227823
0.3843174354765659,0.4066499594984279,-0.0540399825635651,-0.04954487912952326
0.3352829872738374,0.4056660881121906,-0.09982392386905595,-0.05079801566750621
0.3039095107396323,0.4056660881121906,-0.13675877610322026,-0.05205306801048445
0.2686181756723751,0.4056660881121906,-0.16683160437209782,-0.05332857734553049
0.2549056708066933,0.4046894510743815,-0.18522087965843187,-0.054607370227247556
0.2490288830071153,0.4027361769987633,-0.18780016249977868,-0.05583684241027048
0.2588235293397452,0.400782902923145,-0.18132579955696965,-0.056935457149618826
0.2647003171393232,0.3988296288475269,-0.17330598382506907,-0.057805307258434684
0.274494963471953,0.3968691204234804,-0.16477811595240338,-0.05834937738495041
0.2843202180743724,0.3968691204234804,-0.15586653671313294,-0.058491090252839016
0.2941148644070023,0.3968691204234804,-0.14507157255111042,-0.05819308388709073
0.3098169068089997,0.3968691204234804,-0.12982377624321803,-0.05747206185025331
0.3294061994742595,0.3978529918097178,-0.11281691321187133,-0.05640695658786241
0.3392008458068894,0.3998062658853359,-0.09867392552560815,-0.0551384362200808
0.3549028882088867,0.400782902923145,-0.08898442142982553,-0.05385884371397779
0.3549028882088867,0.4017595399609542,-0.0843445503838841,-0.05279285871477355
0.3588207467419387,0.4027361769987633,-0.08360915354681948,-0.052170377885763265
0.3588207467419387,0.4037128140365724,-0.08396219163989581,-0.052194193889687705
0.3549028882088867,0.4027361769987633,-0.08523506712948677,-0.05300592222971575
0.3588207467419387,0.400782902923145,-0.0869520489857717,-0.05465419136651522
0.3549028882088867,0.3998062658853359,-0.08553659183024223,-0.057069291236364644
0.3588207467419387,0.3978529918097178,-0.08555298875750711,-0.06004822950951451
0.3490261004093087,0.3949158463478622,-0.09574304769744417,-0.06325347405325212
0.3392008458068894,0.392962572272244,-0.10351151644603886,-0.06622754904984914
0.3549028882088867,0.3910092981966258,-0.0904619351888294,-0.06842407733864209
0.374522789143936,0.3890487897725793,-0.07010575459025631,-0.06925386752577002
0.3843174354765659,0.3870955156969611,-0.06255647179855414,-0.0681423944041223
0.3803995769435139,0.3880721527347702,-0.062497253624098685,-0.06459281118907223
0.3803995769435139,0.3919859352344348,-0.06839732833205321,-0.05824689903958817
0.3588207467419387,0.3998062658853359,-0.08792019073422846,-0.04893561282107172
0.3352829872738374,0.4125097817252826,-0.10885700906596338,-0.03671151766360866
0.3352829872738374,0.4281504430270847,-0.1156459426161255,-0.02185752127853069
0.3392008458068894,0.4477048868285516,-0.107617268213983,-0.004869619184017954
0.3549028882088867,0.4701892417434457,-0.09228222778708313,0.013584686241529847
0.3588207467419387,0.4926663623099116,-0.09039887872611792,0.032726793799391425
0.3490261004093087,0.5131974431491875,-0.10374891905906199,0.05173777189625592
0.3392008458068894,0.5327446526022261,-0.1054473405855075,0.06982956011891782
0.3392008458068894,0.5483853139040282,-0.1104714780965578,0.08630705189105276
0.3352829872738374,0.5591427900167849,-0.12525478644505308,0.10061361959423262
0.3451082418762568,0.5689163947433042,-0.09673631719801364,0.11235599687036173
0.3451082418762568,0.5747834513185871,-0.09653787364283876,0.12130825800107221
0.2784434302747945,0.5796666365076326,-0.20974786705445891,0.12739808390072702
0.2647003171393232,0.5826037819694881,-0.14486637742048752,0.1306808867973557
0.8666731590887993,0.5835804190072973,0.3943571685413605,0.13130833400229822
1.503906727835743,0.5826037819694881,1.0292173911230496,0.129497401587912
1.503906727835743,0.5796666365076326,1.1063633245617859,0.1255046249914249
1.1215788298954923,0.5757600883563961,0.5931691996929801,0.1196081565246256
0.4490233178115022,0.5689163947433042,0.060959284168329506,0.11209805599519287
0.3901942232761438,0.5610960640924031,-0.10415974438730848,0.10327332637078782
0.3803995769435139,0.553275733441502,-0.06972155962990441,0.09344284899004378
0.3549028882088867,0.5444787657527919,-0.0886406828771367,0.08292673299459408
0.3392008458068894,0.5327446526022261,-0.13199070383562733,0.07205473226089727
0.3235294116746816,0.5200411367622795,-0.12672691085919652,0.06115929313215666
0.3490261004093087,0.5083070236117138,-0.11124521810876725,0.05056234694004256
0.3549028882088867,0.4975567818473854,-0.10269641876902362,0.04055681173354196
0.374522789143936,0.4868065400830569,-0.08577541133695354,0.03138543278604985
0.3843174354765659,0.4780023380459186,-0.0741166093992052,0.023220654706928207
0.3843174354765659,0.4711658787812548,-0.07655577527703405,0.016149471946118602
0.3843174354765659,0.4652988222059719,-0.07582891600854114,0.010166632692581232
0.3999888696087737,0.4613850397063073,-0.06136450597988035,0.00517829354927897
0.419608770543823,0.459431765630689,-0.04187909876355308,0.001016476901470991
0.4352802046760309,0.4565018545172618,-0.02717870159738217,-0.002537201980613195
0.4451054592784502,0.4545485804416435,-0.016745363126793922,-0.005721735487548226
0.4607768934106581,0.4535647090554062,-0.0035010837838084364,-0.008765178488916506
0.4803967943457073,0.451611434979788,0.01742654463287614,-0.011856077559491094
0.5058934830803345,0.4477048868285516,0.04267440149670302,-0.015122178633638433
0.5392258888810657,0.4428144672910778,0.07144383792247777,-0.01861952188362105
0.5745172239483228,0.437924047753604,0.11359778409303939,-0.022333225985121316
0.6353052477502072,0.4330408625645585,0.16648623511204136,-0.026189199170046053
0.6764733706170423,0.4281504430270847,0.21095243276960796,-0.030074155675733377
0.7098057764177734,0.4242438948758483,0.24426728763507846,-0.03386005834588133
0.7411792529519786,0.4213067494139927,0.27318715807447713,-0.03742865151960368
0.7548917578176605,0.4183768383005654,0.28664827611071575,-0.04069208957139859
0.7450971114850305,0.4164235642249472,0.2783876406971852,-0.043606644834791965
0.7313846066193487,0.414470290149329,0.26196217674774835,-0.046177839429296326
0.7098057764177734,0.4134864187630917,0.23994101161635334,-0.04845681689225745
0.6647197950178864,0.4125097817252826,0.19767087590533697,-0.050529120120904325
0.60980855901558,0.4105565076496644,0.13606755160271716,-0.0524980938815616
0.5451026766806437,0.4086032335740461,0.07796135410587404,-0.054465759642493804
0.5058934830803345,0.407626596536237,0.03364901577983591,-0.056514174880593675
0.46469475194371,0.4056660881121906,-0.00826248270495453,-0.05869004195143934
0.419608770543823,0.4037128140365724,-0.04939104142085468,-0.060994775852937035
0.3941120818091958,0.400782902923145,-0.08027518145277092,-0.0633814590279499
0.3705743223410945,0.3978529918097178,-0.10230818839833632,-0.06575917076236545
0.3549028882088867,0.3958924833856713,-0.11688237663712268,-0.06800418524223206
0.3549028882088867,0.3949158463478622,-0.12013155218530269,-0.06997664208313172
0.3549028882088867,0.392962572272244,-0.11881680000691938,-0.0715406382639452
0.3549028882088867,0.3919859352344348,-0.1195516290382366,-0.0725853052463151
0.3588207467419387,0.3919859352344348,-0.11605855658509046,-0.07304427576268452
0.3705743223410945,0.3919859352344348,-0.1052483987764616,-0.0729109745713237
0.3803995769435139,0.3919859352344348,-0.09538664442768202,-0.07224739410078096
0.3803995769435139,0.3919859352344348,-0.09449092727019426,-0.0711844634491498
0.3803995769435139,0.3939392093100531,-0.09932302366878462,-0.06991281797323198
0.374522789143936,0.3958924833856713,-0.09849842822395469,-0.06866376822081685
0.3901942232761438,0.3988296288475269,-0.09010441752776213,-0.06768154608740047
0.3941120818091958,0.400782902923145,-0.08377531395950323,-0.06718932881962271
0.3901942232761438,0.400782902923145,-0.0845411393180663,-0.06735281941916331
0.3941120818091958,0.400782902923145,-0.08943448483564585,-0.06824598069957113
0.3843174354765659,0.3998062658853359,-0.0907613530584103,-0.06982368883604947
0.3941120818091958,0.3978529918097178,-0.08588203234503103,-0.07190558331715408
0.3941120818091958,0.3968691204234804,-0.08709277767672688,-0.07417435885865074
0.3803995769435139,0.3958924833856713,-0.09820599761747664,-0.0761903098535539
0.374522789143936,0.3939392093100531,-0.1046470719635808,-0.07742221071642309
0.3803995769435139,0.3939392093100531,-0.10314631880134825,-0.07729268949189547
0.3803995769435139,0.3949158463478622,-0.09825796719570162,-0.07523425877086284
0.3941120818091958,0.3968691204234804,-0.08660929673259508,-0.07075033559559782
0.4098141242111931,0.4027361769987633,-0.07407180470449587,-0.06347422984770437
0.4098141242111931,0.4115331446874735,-0.0709264534949284,-0.05321855045030683
0.3999888696087737,0.4242438948758483,-0.07883416315686903,-0.04000804940271532
0.3901942232761438,0.4418378302532686,-0.09978577223478549,-0.02409071249349662
0.3490261004093087,0.4643221851681628,-0.12469974591297193,-0.005924774212142503
0.3549028882088867,0.487783177120866,-0.13422029228906665,0.01385715666931195
0.3549028882088867,0.5092836606495229,-0.12631706486119917,0.03450222883076635
0.3705743223410945,0.5288381044509897,-0.11179828291098745,0.05520250625749827
0.3803995769435139,0.5503385879796465,-0.1043481677591407,0.07516269828006657
0.3705743223410945,0.5708696688189224,-0.11270667902272972,0.09366220013328853
0.3646975345415166,0.5884636041963428,-0.12154170824226508,0.11010446296798737
0.3490261004093087,0.6011743543847177,-0.129478153506288,0.12404875090068479
0.3392008458068894,0.6099713220734279,-0.149789207812149,0.13522196626742536
0.3549028882088867,0.6158383786487107,-0.13749323752342194,0.1435112294917513
0.3549028882088867,0.618768289762138,-0.10426467304727098,0.14894084025992824
0.3451082418762568,0.6207215638377562,-0.16772046546692648,0.1516394969580279
0.2901970058739504,0.6216982008755654,-0.19867558602202726,0.15180467925894559
0.5745172239483228,0.6207215638377562,0.15258155143166394,0.14967069784681983
1.4176526235690208,0.6168150156865198,0.8088499604312532,0.14548526996405955
1.503906727835743,0.6129012331868552,1.175021313442584,0.1394970580304336
1.503906727835743,0.6080180479978096,0.8708062210617619,0.1319539583531082
0.6254799931477878,0.6021509914225267,0.23700984538671413,0.12310952512742326
0.4039067281418257,0.5943306607716257,-0.11231900368508943,0.11323316365393252
0.4039067281418257,0.5835804190072973,-0.09856178856650209,0.10261897994777708
0.3941120818091958,0.5718463058567315,-0.06699518638822492,0.09158865031146163
0.374522789143936,0.5581589186305476,-0.11900915754424324,0.08048530356331511
0.3490261004093087,0.545455402790601,-0.14709254802568772,0.0696577773998809
0.3294061994742595,0.5347051610262725,-0.14359152831212707,0.05943708321240597
0.3588207467419387,0.524924321951325,-0.1322874219616551,0.05010886137025707
0.374522789143936,0.5161273542626148,-0.11568282682037945,0.041886626179658534
0.374522789143936,0.5092836606495229,-0.10589442625128201,0.0348905949537727
0.3901942232761438,0.5034238384226682,-0.09695998375407476,0.029136012813173028
0.4039067281418257,0.5004866929608127,-0.08740019294297655,0.02453335740367527
0.3941120818091958,0.4985334188851945,-0.08535506898866088,0.020900888222061317
0.4098141242111931,0.4975567818473854,-0.07967627337585793,0.017987986521299938
0.4254855583434009,0.4965801448095762,-0.06290041189398723,0.015505964640019031
0.4392286714788723,0.494626870733958,-0.041123468444398,0.013161859749649108
0.4706021480130775,0.4926663623099116,-0.021087042867842715,0.010690406724395479
0.4745200065461294,0.4887598141586752,-0.008399669387084389,0.00787994871666813
0.4941092992113892,0.4848460316590105,0.0073287459428371384,0.0045893254927211425
0.5254827757455944,0.479962846469965,0.03995871921231308,0.0007544675920032315
0.5646919693459035,0.4740957898946821,0.07841207783740653,-0.003614847180121429
0.6000139126829501,0.4692053703572084,0.1144480832082569,-0.00844618646535446
0.6450998940828371,0.4643221851681628,0.16049025067117634,-0.013620824908602485
0.6960932715520916,0.459431765630689,0.20963354637238713,-0.01899224688957385
0.7215593520169293,0.4545485804416435,0.2362571181153253,-0.024404100971859587
0.7254772105499813,0.4496581609041697,0.2417100921191983,-0.02970564688671322
0.7313846066193487,0.4467282497907424,0.24458622354098009,-0.03476361969217855
0.7254772105499813,0.4428144672910778,0.2423569337535345,-0.03947026425957209
0.7098057764177734,0.437924047753604,0.22378659400195128,-0.04374789369472278
0.6764733706170423,0.4330408625645585,0.1930951842326145,-0.0475505668134485
0.6411820355497851,0.4281504430270847,0.15654465519787067,-0.05086335160541317
0.5960654458801087,0.4252205319136574,0.11171174630106641,-0.05369932392314889
0.5451026766806437,0.4232672578380392,0.06180120387506357,-0.05609424172844835
0.4999860870109672,0.4213067494139927,0.016299066977748716,-0.05809896090635672
0.4607768934106581,0.4222906208002301,-0.022998125160165785,-0.05977013211054509
0.4254855583434009,0.4213067494139927,-0.05727039471707486,-0.061160349455330276
0.3999888696087737,0.4203301123761837,-0.08277646024198046,-0.06230942598979493
0.3843174354765659,0.4193534753383746,-0.09877056743539782,-0.06323859416544263
0.374522789143936,0.4183768383005654,-0.10748677927611364,-0.06394906434047441
0.374522789143936,0.4174002012627563,-0.10756734448710437,-0.06442560648533584
0.3803995769435139,0.4174002012627563,-0.1014475607403243,-0.06464485847290118
0.3843174354765659,0.4164235642249472,-0.09741674825305419,-0.06458712060613434
0.3843174354765659,0.4154469271871381,-0.09626735652103523,-0.06424962458475858
0.3901942232761438,0.4164235642249472,-0.09170039410272593,-0.06365877666522539
0.3941120818091958,0.4174002012627563,-0.08491586057352975,-0.06287876426129928
0.3999888696087737,0.4174002012627563,-0.08244851266416982,-0.06201423770131512
0.3941120818091958,0.4183768383005654,-0.08332766574418302,-0.06120549536282635
0.3999888696087737,0.4193534753383746,-0.08159709328754415,-0.06061559121405999
0.4039067281418257,0.4193534753383746,-0.07441937075364688,-0.060409922471622975
0.4156909120107711,0.4203301123761837,-0.06297977751393319,-0.060730032223032616
0.4254855583434009,0.4193534753383746,-0.05371067952005727,-0.06166445117550942
0.4254855583434009,0.4183768383005654,-0.05216099938983066,-0.06322025445076716
0.4254855583434009,0.4174002012627563,-0.05241890660284673,-0.06529948511735209
0.4294034168764529,0.4164235642249472,-0.04804046952469554,-0.06768459828160282
0.4294034168764529,0.414470290149329,-0.0473418733833034,-0.07003654690103779
0.419608770543823,0.4115331446874735,-0.05754320629541434,-0.07190802276049603
0.4098141242111931,0.4105565076496644,-0.0657135076711675,-0.07277269950036519
0.419608770543823,0.4115331446874735,-0.056574561873094176,-0.07206924889081848
0.4392286714788723,0.4134864187630917,-0.036194918683495995,-0.06925669850529347
0.4549001056110801,0.4164235642249472,-0.01961305912723652,-0.0638756690960046
0.46469475194371,0.4213067494139927,-0.010855314440297265,-0.05560841868498255
0.4607768934106581,0.4291270800648938,-0.01146631285193428,-0.04432968604985992
0.4490233178115022,0.4418378302532686,-0.027005405653603733,-0.030140418467017663
0.419608770543823,0.4604084026684982,-0.05193373719666762,-0.013377935515367442
0.3999888696087737,0.4819161205455832,-0.0727985426222637,0.005400977853285392
0.3901942232761438,0.5053771124982864,-0.08331294510043526,0.025463501083576097
0.3941120818091958,0.5288381044509897,-0.07739959434665152,0.04596582381066857
0.4098141242111931,0.5513224593658839,-0.05977552208370391,0.06603122488669198
0.4156909120107711,0.5708696688189224,-0.05803995840176587,0.08483042178057627
0.3941120818091958,0.5884636041963428,-0.07556281546350943,0.10165316027965442
0.3803995769435139,0.6011743543847177,-0.0882997296228282,0.11596164711627262
0.3646975345415166,0.6099713220734279,-0.10332703281300828,0.12741959687332105
0.3646975345415166,0.6158383786487107,-0.11450840929055493,0.13589476193140995
0.3588207467419387,0.6177916527243289,-0.09357704257829638,0.14143709148471967
0.3705743223410945,0.618768289762138,-0.10678760937072548,0.14423835122069714
0.3098169068089997,0.6177916527243289,-0.16804650866454454,0.14458148733855317
0.4254855583434009,0.6158383786487107,-0.012474322669015232,0.14278886679659067
1.037253046625507,0.6129012331868552,0.5336583392163992,0.1391777414369704
1.503906727835743,0.6080180479978096,1.0705415519184465,0.13402915402416019
1.503906727835743,0.6031276284603359,1.0202654773939555,0.12757352079258194
0.9117591404886864,0.598237208922862,0.4408228993749049,0.11999284301050551
0.3941120818091958,0.5914007496581983,-0.04434859979036118,0.11143644601763751
0.3646975345415166,0.5835804190072973,-0.12769867209889385,0.10204479303391895
0.3803995769435139,0.5737995799323498,-0.07081594518850617,0.09197466706687149
0.3646975345415166,0.5630493381680214,-0.0940676509919491,0.08141907887992539
0.3392008458068894,0.5522990964036929,-0.13362659049691306,0.07061660294741691
0.3196115531416296,0.539588346215318,-0.13661435300555907,0.0598471830830895
0.3294061994742595,0.524924321951325,-0.13262432133737895,0.049414355774756995
0.3352829872738374,0.5122208061113784,-0.1274178204694682,0.03961680586375417
0.3451082418762568,0.5004866929608127,-0.11610122892635405,0.030714619300724166
0.3549028882088867,0.4916897252721025,-0.10219494285099377,0.022896944530404948
0.374522789143936,0.4868065400830569,-0.08904347361338029,0.016257615605560896
0.374522789143936,0.4838693946212014,-0.08247861793516803,0.010783619337909955
0.3803995769435139,0.4819161205455832,-0.07813499950372463,0.006358550608643794
0.3941120818091958,0.479962846469965,-0.06610139006545859,0.0027801559584758927
0.4039067281418257,0.4760490639703003,-0.05153522314315492,-0.00021147898042917895
0.4156909120107711,0.473119152856873,-0.04291535429943959,-0.00290003767300288
0.4254855583434009,0.4701892417434457,-0.032015917119194076,-0.005558633948259237
0.4451054592784502,0.466275459243781,-0.008456341034161633,-0.008419659873183587
0.4803967943457073,0.4623689110925446,0.021288235981489857,-0.011652265826676493
0.5058934830803345,0.4584551285928799,0.0520048946654524,-0.01534949349822208
0.5451026766806437,0.4535647090554062,0.09175206482055669,-0.0195256423491169
0.5960654458801087,0.4477048868285516,0.13823742529785107,-0.0241231372137924
0.6293978516808398,0.4418378302532686,0.17804635431379312,-0.029027072785144447
0.6607713282150449,0.4359707736779858,0.20780104028328508,-0.0340848197942145
0.6862680169496722,0.4310875884889403,0.22914157575557242,-0.039127676480820245
0.6862680169496722,0.4261971689514665,0.23994379363568255,-0.04399159686350705
0.6960932715520916,0.4213067494139927,0.23801516594902128,-0.04853449021829231
0.6705965828174644,0.4164235642249472,0.22235174531938443,-0.05264833266398301
0.6450998940828371,0.4134864187630917,0.1941194392673055,-0.056265206682749494
0.60980855901558,0.4105565076496644,0.1553120349714662,-0.059357278884442026
0.5509794644802216,0.4086032335740461,0.10642157076573296,-0.06193156629967031
0.5058934830803345,0.4066499594984279,0.04993210795256586,-0.06402102904662893
0.4392286714788723,0.4046894510743815,-0.00569026584750932,-0.06567393451008008
0.3999888696087737,0.4027361769987633,-0.05163744934010654,-0.06694347244789342
0.3588207467419387,0.4017595399609542,-0.08878849978853331,-0.06787926530642187
0.3294061994742595,0.3988296288475269,-0.11965172567631403,-0.06852181602020627
0.3098169068089997,0.3978529918097178,-0.13708578721411252,-0.06890022783013001
0.3098169068089997,0.3978529918097178,-0.13837233985452846,-0.06903289645114744
0.3137347653420516,0.3968691204234804,-0.13378824242391593,-0.06893047203311226
0.3137347653420516,0.3988296288475269,-0.13122460672808736,-0.0686002900780597
0.3196115531416296,0.3998062658853359,-0.129249174501237,-0.06805161832921422
0.3196115531416296,0.400782902923145,-0.12430165795288675,-0.06730129430685383
0.3294061994742595,0.400782902923145,-0.1168495157779191,-0.06637943700119144
0.3352829872738374,0.400782902923145,-0.11111299270459976,-0.06533477078213484
0.3352829872738374,0.400782902923145,-0.10744564422030287,-0.06423871636732409
0.3451082418762568,0.3998062658853359,-0.10169534240626432,-0.06318696065741801
0.3490261004093087,0.3998062658853359,-0.0939655271877986,-0.062296962508108726
0.3549028882088867,0.3998062658853359,-0.08909244936892331,-0.06169999602140036
0.3549028882088867,0.400782902923145,-0.08959419603647242,-0.061526984053238816
0.3490261004093087,0.400782902923145,-0.0933349298577127,-0.061888490668290407
0.3451082418762568,0.400782902923145,-0.09826542743806088,-0.06285061391961558
0.3392008458068894,0.3998062658853359,-0.10394900626476612,-0.06440982971590613
0.3352829872738374,0.3978529918097178,-0.10673328984387094,-0.06647076630934329
0.3352829872738374,0.3968691204234804,-0.10653705531316271,-0.06883121877948488
0.3294061994742595,0.3949158463478622,-0.11393469539844193,-0.07117835153454904
0.3098169068089997,0.392962572272244,-0.12984067749547146,-0.07309898600209952
0.3098169068089997,0.3910092981966258,-0.1338282013256716,-0.07410519089569022
0.3235294116746816,0.3890487897725793,-0.11545938969953957,-0.07367422125045638
0.3490261004093087,0.3900326611588167,-0.09353418465439313,-0.07129945783892058
0.3549028882088867,0.3919859352344348,-0.08567529353627092,-0.06654678261509375
0.3490261004093087,0.3968691204234804,-0.09021905367551003,-0.05910923811552715
0.3352829872738374,0.4046894510743815,-0.1063266442238048,-0.04885224059218219
0.3098169068089997,0.4174002012627563,-0.13080875426141408,-0.03584229047128057
0.2941148644070023,0.4340174996023676,-0.14320904586465708,-0.020354113589106264
0.3098169068089997,0.4555252174794526,-0.13331037122824715,-0.002854289834571403
0.3196115531416296,0.4789862094321558,-0.11748441771678607,0.016036821392665303
0.3294061994742595,0.4995100559230035,-0.11168185552961842,0.0355994658770516
0.3196115531416296,0.517103991300424,-0.11735269745674624,0.055077266803977974
0.3196115531416296,0.5356817980640817,-0.12381982158899849,0.07373959398929225
0.3098169068089997,0.553275733441502,-0.12501279279895475,0.09093556770584266
0.3039095107396323,0.5679397577054951,-0.133149269407496,0.10613378416755727
0.3196115531416296,0.5786899994698235,-0.13262118305795106,0.1189445262037451
0.3098169068089997,0.5865103301207246,-0.1075632488436768,0.12912410034399674
0.3235294116746816,0.590416878271961,-0.12833677910549357,0.13656370260801398
0.2843202180743724,0.5933540237338165,-0.1666502851372663,0.14126747474870766
0.4451054592784502,0.5943306607716257,0.04773594527321622,0.1433257263552244
1.1058767874934952,0.5943306607716257,0.6124551628555309,0.14288934362071382
1.503906727835743,0.5923773866960075,1.1127095560449738,0.14015015483748883
1.503906727835743,0.590416878271961,1.0446566889708353,0.13532978356747907
0.9156769990217384,0.5865103301207246,0.46520053571861253,0.1286768429483617
0.3549028882088867,0.5796666365076326,-0.049929935003113685,0.12046985549234743
0.3098169068089997,0.5718463058567315,-0.15836960124468039,0.11102162465252378
0.3392008458068894,0.5610960640924031,-0.08915938628856707,0.1006803510862682
0.3352829872738374,0.5474086768662192,-0.09629286663715803,0.08982368017150079
0.3196115531416296,0.5337212896400352,-0.12810165602228796,0.07884384193272409
0.3137347653420516,0.5210177738000886,-0.12092401112024592,0.06812456077158854
0.3196115531416296,0.5083070236117138,-0.11685546013400727,0.05801277466764683
0.3196115531416296,0.4995100559230035,-0.12223951747657384,0.048789780432381136
0.3196115531416296,0.4916897252721025,-0.11598871394849862,0.040646859472812304
0.3352829872738374,0.4848460316590105,-0.10508651773601076,0.033669743244387415
0.3392008458068894,0.4789862094321558,-0.09785917365376795,0.027834747242202567
0.3490261004093087,0.4750724269324912,-0.091011269869777,0.02301746265564081
0.3549028882088867,0.473119152856873,-0.08219379593700503,0.019012926662403555
0.3705743223410945,0.4701892417434457,-0.07032172643180004,0.015564474648517065
0.3803995769435139,0.4672520962815901,-0.05581079109622468,0.012397244007490984
0.3999888696087737,0.4643221851681628,-0.04201981034254733,0.009251753242884318
0.4098141242111931,0.4604084026684982,-0.026733288900315018,0.005913208320712282
0.4392286714788723,0.4555252174794526,-0.0018565864769322566,0.0022330964931528063
0.4706021480130775,0.4506347979419788,0.03234345162563747,-0.0018590141923052227
0.5098113416133866,0.444767741366696,0.06933117937109502,-0.006354028670319087
0.5509794644802216,0.4398845561776505,0.11198405706418053,-0.011171384935651113
0.605890700482528,0.4349941366401767,0.16552327135137088,-0.016174707708283706
0.6607713282150449,0.4301109514511312,0.22102974923951013,-0.02119252478051765
0.7058879178847215,0.4252205319136574,0.2651114217970202,-0.026041314756096067
0.7353024651524006,0.4203301123761837,0.29567612793412135,-0.030548250164892873
0.7548917578176605,0.4164235642249472,0.31322450040993177,-0.0345712644556788
0.7509738992846084,0.4125097817252826,0.3113940907904233,-0.03801443862123873
0.7313846066193487,0.4086032335740461,0.2884993140445689,-0.04083716464781025
0.6901858754827241,0.4056660881121906,0.2512067558619099,-0.043056116510228386
0.6450998940828371,0.4046894510743815,0.20148372287023278,-0.04473977677154483
0.5803940117479008,0.4046894510743815,0.13959002590705297,-0.045996153444177464
0.5156881294129645,0.4046894510743815,0.07398628548668383,-0.046955326820571255
0.4549001056110801,0.4046894510743815,0.011990718383050346,-0.04774940233294893
0.3999888696087737,0.4056660881121906,-0.042691879232878635,-0.04849304020037547
0.3588207467419387,0.4037128140365724,-0.0827629280836259,-0.04926775980077442
0.3352829872738374,0.4017595399609542,-0.10923744827804782,-0.0501125948431433
0.3098169068089997,0.3998062658853359,-0.13262704426675637,-0.05102250011131774
0.2941148644070023,0.3988296288475269,-0.14991762324456487,-0.0519544493174158
0.2941148644070023,0.3958924833856713,-0.1493573284524588,-0.0528397738900062
0.3098169068089997,0.3939392093100531,-0.13500279972868687,-0.05360027520999383
0.3235294116746816,0.3939392093100531,-0.12095126792438887,-0.05416516768098568
0.3294061994742595,0.3958924833856713,-0.11419439930617117,-0.05448604284312871
0.3352829872738374,0.3958924833856713,-0.11240022455219142,-0.05454773383365316
0.3352829872738374,0.3968691204234804,-0.10755760091283542,-0.05437397132122309
0.3490261004093087,0.3978529918097178,-0.09811871991339864,-0.05402770222988547
0.3549028882088867,0.3978529918097178,-0.09172329913697216,-0.053606613838726995
0.3588207467419387,0.3978529918097178,-0.08659375915782414,-0.053234688341614024
0.3705743223410945,0.3968691204234804,-0.0762383512159688,-0.05305058309414411
0.3803995769435139,0.3958924833856713,-0.06872182517345232,-0.05319344540889493
0.374522789143936,0.3949158463478622,-0.06991468324206247,-0.05378662003458152
0.3803995769435139,0.3939392093100531,-0.07079282186970003,-0.054919767832010524
0.374522789143936,0.392962572272244,-0.07093212695254496,-0.056630271588966795
0.3705743223410945,0.3919859352344348,-0.08028010111888803,-0.05888540812486317
0.3549028882088867,0.3900326611588167,-0.09286643378847939,-0.061567435881426415
0.3549028882088867,0.3880721527347702,-0.09499820117709784,-0.06446424034333158
0.3549028882088867,0.3870955156969611,-0.09438761107318937,-0.06726827299403071
0.3490261004093087,0.3841656045835338,-0.1024809959631243,-0.06958607490781657
0.3451082418762568,0.3822123305079156,-0.10391997306051648,-0.07095966063307384
0.3646975345415166,0.3822123305079156,-0.08688213845123716,-0.07089953531859991
0.3803995769435139,0.3841656045835338,-0.07152263998806546,-0.06892734293490162
0.3803995769435139,0.3870955156969611,-0.07129756265964812,-0.06462439514088075
0.374522789143936,0.3910092981966258,-0.07587064093616167,-0.0576808871577584
0.3705743223410945,0.3988296288475269,-0.0854099220689911,-0.04793969601259007
0.3451082418762568,0.4105565076496644,-0.10489826274380161,-0.03542852194926441
0.3352829872738374,0.4261971689514665,-0.11936066760048519,-0.02037503026103752
0.3392008458068894,0.4457443784045051,-0.11524357521628195,-0.003201673941404798
0.3549028882088867,0.4682287333193992,-0.09798931297640813,0.015500210042197315
0.374522789143936,0.4897364511964843,-0.08228131940423523,0.03501420994307087
0.3705743223410945,0.5112441690735693,-0.08022259110733641,0.05455492830434076
0.3803995769435139,0.5307913785266078,-0.08359261440774483,0.07332899774371802
0.3588207467419387,0.5474086768662192,-0.08656372442394052,0.09059336663803201
0.3549028882088867,0.5620727011302122,-0.10624038060272406,0.10570427668793281
0.3549028882088867,0.5728229428945406,-0.1127057983297576,0.11815246484745867
0.3490261004093087,0.5796666365076326,-0.08350721949151631,0.12758275132961786
0.3549028882088867,0.5835804190072973,-0.1220472245581517,0.13379877220618608
0.2784434302747945,0.5865103301207246,-0.19218239531499434,0.13675566843610248
0.4451054592784502,0.5874869671585337,0.04077550380722464,0.1365446591380501
1.1960793585630587,0.5855336930829155,0.6541938734940761,0.13337345238802303
1.503906727835743,0.5806432735454417,1.1306327817632957,0.12754556374945838
1.503906727835743,0.5737995799323498,0.9792638632968846,0.11944026102740643
0.8313818240215421,0.5659792492814486,0.39675851548563695,0.10949350705658051
0.4254855583434009,0.5562056445549294,-0.022782977930087177,0.09817926957907419
0.4098141242111931,0.5444787657527919,-0.08076481651208009,0.08599010733009509
0.3941120818091958,0.5298147414887988,-0.047410888581715147,0.07341612814711933
0.3803995769435139,0.5161273542626148,-0.08274339272044037,0.06092221401021659
0.3588207467419387,0.5024472013848591,-0.11409666180770112,0.048924562144313295
0.3451082418762568,0.4916897252721025,-0.10977745345118456,0.03776865690626927
0.3588207467419387,0.4819161205455832,-0.1029107300518595,0.02771133662162911
0.3705743223410945,0.4740957898946821,-0.103643380409778,0.018909458230317852
0.3549028882088867,0.4672520962815901,-0.09783749174470155,0.011416888287929078
0.3941120818091958,0.4604084026684982,-0.07665329556835053,0.00519043837701033
0.4039067281418257,0.4555252174794526,-0.06256931064397211,0.00010419652475291045
0.3941120818091958,0.4535647090554062,-0.0670966523921747,-0.0040293518823284425
0.4039067281418257,0.4525880720175971,-0.06465557463995458,-0.007433910181470768
0.419608770543823,0.4506347979419788,-0.048411487197081146,-0.010342799832176099
0.4294034168764529,0.4467282497907424,-0.033903686370150635,-0.012974566801144293
0.4490233178115022,0.4437911043288869,-0.02134958546685156,-0.015513660768481752
0.4607768934106581,0.4398845561776505,-0.0058727683709457424,-0.018098037269283027
0.4843146528787593,0.4369474107157949,0.015786512035465706,-0.02081418897941256
0.5156881294129645,0.4340174996023676,0.04787295079090576,-0.023698883469433125
0.5548973230132735,0.4320642255267494,0.08431125324368272,-0.02674606235273841
0.5901886580805307,0.4291270800648938,0.12153276848855703,-0.029917018281461944
0.6353052477502072,0.4261971689514665,0.16642646154658983,-0.03315201320641829
0.6862680169496722,0.4232672578380392,0.21343325531130342,-0.03638176023315264
0.7156825642173513,0.4203301123761837,0.2471207225790242,-0.03953752097251906
0.7353024651524006,0.4174002012627563,0.2642437819947273,-0.042558911741416315
0.7450971114850305,0.414470290149329,0.2705143509043784,-0.045398864647191235
0.7353024651524006,0.4125097817252826,0.26857482473123734,-0.048025566977521486
0.7313846066193487,0.4115331446874735,0.2534598868317062,-0.05042160852737447
0.6862680169496722,0.4095798706118552,0.2178370113183991,-0.052580973569305044
0.6411820355497851,0.4086032335740461,0.16581634001795542,-0.05450483985591447
0.5843118702809528,0.4066499594984279,0.11128782053837998,-0.05619728042979657
0.5353080303480138,0.4056660881121906,0.06190589591643608,-0.057661840050679015
0.4901914406783372,0.4037128140365724,0.015373585268349591,-0.058899606017842235
0.4451054592784502,0.4017595399609542,-0.02928749462951992,-0.05990891981702422
0.4098141242111931,0.400782902923145,-0.06547456003904695,-0.06068642705308055
0.3843174354765659,0.4017595399609542,-0.08990563211956915,-0.06122889301090991
0.3705743223410945,0.4027361769987633,-0.10747073837700048,-0.061535225703445946
0.3549028882088867,0.4027361769987633,-0.11835700031873791,-0.061608416935330264
0.3588207467419387,0.4037128140365724,-0.11980752030954092,-0.06145745224821381
0.3588207467419387,0.4046894510743815,-0.11697029160500332,-0.06109944001428115
0.3646975345415166,0.4056660881121906,-0.11249105701045341,-0.060562166024469344
0.374522789143936,0.4056660881121906,-0.10334841740332762,-0.05988701323623804
0.3803995769435139,0.4056660881121906,-0.09657263107681927,-0.059131774390416274
0.3803995769435139,0.4066499594984279,-0.09880469504207046,-0.05837244272530098
0.3803995769435139,0.4066499594984279,-0.09768065452559119,-0.057702752406376304
0.3901942232761438,0.407626596536237,-0.08705319569845885,-0.0572302092458384
0.3999888696087737,0.4086032335740461,-0.08214009931613137,-0.05706767175251014
0.3941120818091958,0.407626596536237,-0.08290695724068321,-0.05732016880423936
0.4039067281418257,0.407626596536237,-0.07545491081286901,-0.058067455548796616
0.4098141242111931,0.4066499594984279,-0.07268697816237268,-0.05934368360417243
0.3901942232761438,0.4056660881121906,-0.08779809820134137,-0.06111639695847516
0.3803995769435139,0.4056660881121906,-0.10058492387476517,-0.06326778154608144
0.3803995769435139,0.4046894510743815,-0.10119551396683751,-0.06558158178628883
0.374522789143936,0.4037128140365724,-0.1061644897859714,-0.06773918417041883
0.3646975345415166,0.4027361769987633,-0.11648862078732161,-0.06932787843637292
0.3588207467419387,0.4027361769987633,-0.12267626905312148,-0.06986314323901513
0.3549028882088867,0.4037128140365724,-0.12792293059778986,-0.06882502113150969
0.3549028882088867,0.4066499594984279,-0.12652363527962415,-0.0657064507162032
0.374522789143936,0.4086032335740461,-0.10715806372449728,-0.060069103705643216
0.3999888696087737,0.4134864187630917,-0.08455967165029972,-0.05160018308269774
0.4039067281418257,0.4222906208002301,-0.07730311418714843,-0.04016221665930848
0.4039067281418257,0.4359707736779858,-0.07964696216202975,-0.025827645171103926
0.3941120818091958,0.4545485804416435,-0.08932991833683908,-0.00889137309343702
0.3705743223410945,0.4770257010081094,-0.11314357320858073,0.010142533490404839
0.3490261004093087,0.5014633299986218,-0.13428048379240354,0.03059963352267522
0.3549028882088867,0.5268848303753715,-0.1287767174616161,0.05169455470002728
0.3803995769435139,0.5522990964036929,-0.10473557890400384,0.07260256182791677
0.3941120818091958,0.5728229428945406,-0.08980044705881868,0.09253264152138885
0.3843174354765659,0.5874869671585337,-0.09777418397344696,0.11079155533458876
0.374522789143936,0.6021509914225267,-0.11617358852127285,0.1268304939558935
0.3490261004093087,0.6129012331868552,-0.1288504354239653,0.14026966424454565
0.3451082418762568,0.6216982008755654,-0.1410505700856153,0.1509003491755634
0.3549028882088867,0.6285418944886573,-0.1407381936022469,0.1586676959987417
0.3490261004093087,0.632455676988322,-0.1168173027423839,0.16364006279822263
0.3588207467419387,0.6344089510639401,-0.14101093874114629,0.165971951434272
0.2941148644070023,0.6353855881017493,-0.1974884561781417,0.16586742524842807
0.4451054592784502,0.6344089510639401,-0.009517019367440533,0.16354967431948347
1.0960821411608652,0.6314790399505128,0.5608673407648458,0.15924038966297518
1.503906727835743,0.6265886204130391,1.0748302260557083,0.15315026740910248
1.503906727835743,0.6207215638377562,0.9695104466913327,0.1454797288286666
0.8411764703541721,0.611924596149046,0.3761706013527413,0.13642717439775673
0.4156909120107711,0.6031276284603359,-0.05871591497771888,0.12620101160895741
0.3999888696087737,0.5923773866960075,-0.11250010772833233,0.11503139059021462
0.3901942232761438,0.5796666365076326,-0.0818076519167005,0.1031780193097238
0.3646975345415166,0.5659792492814486,-0.11443265675967197,0.09093148649282394
0.3705743223410945,0.553275733441502,-0.13399932531335665,0.07860697275757199
0.3352829872738374,0.5405649832531272,-0.1379772808839966,0.06653076367164183
0.3451082418762568,0.5288381044509897,-0.14380808899174774,0.05502126289897574
0.3588207467419387,0.5190644997244704,-0.13150398108612388,0.0443670227576488
0.3705743223410945,0.5102675320357603,-0.11387710198321463,0.03480462265101093
0.3843174354765659,0.5024472013848591,-0.10020887513185082,0.02649913574016055
0.4039067281418257,0.4936429993477207,-0.0862261614547782,0.019529604158037804
0.4039067281418257,0.4858226686968196,-0.08217251275246859,0.013881535117498378
0.4039067281418257,0.4819161205455832,-0.0797109840804734,0.009447929850355164
0.4254855583434009,0.479962846469965,-0.06508249996733391,0.00603960002429376
0.4352802046760309,0.4789862094321558,-0.049837579905910076,0.003404366973879051
0.4490233178115022,0.4789862094321558,-0.036280439327195976,0.001253283943820286
0.4745200065461294,0.4780023380459186,-0.014522152236676016,-0.0007093439075683991
0.4941092992113892,0.4760490639703003,0.009255685480424698,-0.0027561907071945854
0.5196059879460164,0.473119152856873,0.03222824160440162,-0.0051114458471544
0.5509794644802216,0.4701892417434457,0.06530470575212612,-0.007932894089806361
0.5960654458801087,0.4652988222059719,0.10818566769224316,-0.011303382532978266
0.6353052477502072,0.4604084026684982,0.15094412215284966,-0.015231887312080878
0.6803912291500942,0.4545485804416435,0.19198052635939425,-0.019662872602737965
0.7156825642173513,0.4496581609041697,0.231044179238946,-0.02449150436424341
0.7450971114850305,0.4457443784045051,0.25862463365570737,-0.02958173250831581
0.7548917578176605,0.4398845561776505,0.2675171465655653,-0.03478433917406083
0.7450971114850305,0.4349941366401767,0.26154466170872104,-0.03995264782687521
0.7313846066193487,0.4320642255267494,0.243794817641398,-0.04495447010651426
0.7000111300851435,0.4281504430270847,0.21352498336945197,-0.049679810016851594
0.654894540415467,0.4242438948758483,0.1731056127403127,-0.05404465963351808
0.615685346815158,0.4193534753383746,0.12476469803990758,-0.057991728643513714
0.5548973230132735,0.414470290149329,0.07393900458585567,-0.061489037580689215
0.5156881294129645,0.4105565076496644,0.029125807142010962,-0.06452703442192387
0.4745200065461294,0.407626596536237,-0.012146561560557316,-0.06711451104709967
0.4294034168764529,0.4056660881121906,-0.05276611553978185,-0.06927338352775939
0.4039067281418257,0.4046894510743815,-0.0829083396330798,-0.07103251446970395
0.3843174354765659,0.4046894510743815,-0.09945692316600123,-0.07242115590805755
0.374522789143936,0.4046894510743815,-0.10990714309045113,-0.07346308128197566
0.3705743223410945,0.4046894510743815,-0.11392264432579047,-0.0741727962836158
0.374522789143936,0.4037128140365724,-0.10919498220595165,-0.07455514729334069
0.3803995769435139,0.4017595399609542,-0.10377354013173384,-0.07460908460358698
0.3803995769435139,0.4017595399609542,-0.10304945546564141,-0.07433537775958535
0.3843174354765659,0.400782902923145,-0.0994272708413924,-0.07374699410556229
0.3941120818091958,0.4017595399609542,-0.08855561857971729,-0.07287997790985735
0.4039067281418257,0.4037128140365724,-0.079838670905559,-0.0718022546784951
0.4039067281418257,0.4037128140365724,-0.07873381248862682,-0.0706178979815537
0.4039067281418257,0.4046894510743815,-0.07791958892049314,-0.06946493431231428
0.4098141242111931,0.4046894510743815,-0.07398411678512762,-0.06850556533830246
0.4098141242111931,0.4046894510743815,-0.07085488411830972,-0.06790865254149693
0.4156909120107711,0.4056660881121906,-0.06733211838711019,-0.06782541783397099
0.419608770543823,0.4056660881121906,-0.06115952528773007,-0.06836055178038379
0.4254855583434009,0.4066499594984279,-0.05654063169677834,-0.06954218209554615
0.4254855583434009,0.4066499594984279,-0.05543950602906056,-0.07129520727351228
0.4254855583434009,0.4056660881121906,-0.05506968353929445,-0.07342303212815056
0.4254855583434009,0.4037128140365724,-0.055475991180250796,-0.07560246133288036
0.4254855583434009,0.4017595399609542,-0.05529229950069808,-0.0773952574467756
0.4294034168764529,0.3988296288475269,-0.04888626969821555,-0.07827771961296766
0.4451054592784502,0.3978529918097178,-0.03740717219022201,-0.07768689233300864
0.4490233178115022,0.3988296288475269,-0.02771815750337499,-0.07507914112403016
0.4607768934106581,0.400782902923145,-0.020133957677024975,-0.0699943582318757
0.46469475194371,0.407626596536237,-0.014447192515966368,-0.06211745077111631
0.4549001056110801,0.4164235642249472,-0.020902390393481674,-0.051328339842111215
0.4392286714788723,0.4281504430270847,-0.04417038019435187,-0.037732616880289865
0.4039067281418257,0.444767741366696,-0.068554819949955,-0.021667241091927775
0.3999888696087737,0.466275459243781,-0.08116235224878274,-0.0036790194005814464
0.3941120818091958,0.4897364511964843,-0.08288445360830365,0.015522315822262307
0.4039067281418257,0.5122208061113784,-0.072657293309665,0.035130487529958794
0.4098141242111931,0.5327446526022261,-0.06471396159932759,0.05431925728289303
0.4039067281418257,0.5522990964036929,-0.078140668840122,0.0723182650068613
0.3803995769435139,0.5679397577054951,-0.09150179995193859,0.08847751571815124
0.374522789143936,0.5786899994698235,-0.0982804021439463,0.1023121529077672
0.3646975345415166,0.5874869671585337,-0.11841214228795496,0.11352281045892353
0.3705743223410945,0.5933540237338165,-0.10589364126232341,0.12199114742834105
0.374522789143936,0.5953072978094348,-0.07818798202423484,0.12775430423566356
0.3549028882088867,0.5953072978094348,-0.1518912529027614,0.1309652104416343
0.3098169068089997,0.5962839348472438,-0.15636145699700482,0.1318473819982043
0.6803912291500942,0.5962839348472438,0.25675953830889914,0.13065281266086276
1.503906727835743,0.5943306607716257,0.9161794466317996,0.12762986821762512
1.503906727835743,0.5914007496581983,1.1844961394183957,0.12300519030005601
1.4019505811670236,0.5874869671585337,0.7787714100378753,0.11698023313498634
0.5058934830803345,0.5826037819694881,0.1379269444703469,0.10973992665216932
0.3549028882088867,0.5757600883563961,-0.15537560463922787,0.1014686446736791
0.374522789143936,0.566963120667686,-0.10918922184679553,0.09236751890492374
0.3646975345415166,0.5562056445549294,-0.08113167133008442,0.08266734088324647
0.3549028882088867,0.5435021287149827,-0.12874002112980126,0.07263275013393077
0.3352829872738374,0.5307913785266078,-0.13757107318823125,0.06255575159940077
0.3352829872738374,0.5180806283382331,-0.12964975980095073,0.052739249733919406
0.3392008458068894,0.5083070236117138,-0.13066581100586472,0.04347357015652357
0.3549028882088867,0.5004866929608127,-0.11965994900293228,0.035010331544122024
0.3549028882088867,0.4936429993477207,-0.1096578443035259,0.027538307271513195
0.3646975345415166,0.4868065400830569,-0.10540980486767351,0.021165224952749657
0.374522789143936,0.4809394835077741,-0.09545868587442452,0.015908187012690755
0.3803995769435139,0.4770257010081094,-0.08621109911551053,0.011693952020766273
0.3901942232761438,0.4750724269324912,-0.07812593102799296,0.008368917797953805
0.4039067281418257,0.473119152856873,-0.06362849472742146,0.005717382713013717
0.419608770543823,0.4701892417434457,-0.048128952171134304,0.003485636296198629
0.4294034168764529,0.4682287333193992,-0.03580193906942935,0.001408808550038219
0.4490233178115022,0.4652988222059719,-0.019516207809319185,-0.0007626994585632332
0.4706021480130775,0.4623689110925446,0.006125878724107589,-0.0032400151674581153
0.5058934830803345,0.4584551285928799,0.0397156474464659,-0.006177956360773478
0.5451026766806437,0.4545485804416435,0.07850101267077489,-0.009663871752841849
0.5843118702809528,0.4506347979419788,0.12169313632866076,-0.013713667612557608
0.6353052477502072,0.4457443784045051,0.16753881004626145,-0.01827482022557191
0.6705965828174644,0.4398845561776505,0.20864677251429492,-0.023235601739970232
0.7000111300851435,0.4349941366401767,0.23502262448918004,-0.028439292523614972
0.7098057764177734,0.4291270800648938,0.24478498462952372,-0.033701796880845736
0.7058879178847215,0.4232672578380392,0.24544172431826378,-0.03883082938581707
0.7058879178847215,0.4174002012627563,0.23942084312745654,-0.043644718177940654
0.6803912291500942,0.4125097817252826,0.21974558261920735,-0.047988906639937774
0.6450998940828371,0.4086032335740461,0.18248176684478232,-0.05174847161822741
0.5960654458801087,0.4056660881121906,0.13244136578664922,-0.054855456565062695
0.5392258888810657,0.4037128140365724,0.07911393847637326,-0.057290518821302434
0.4901914406783372,0.4027361769987633,0.02796813143628083,-0.05907919374823112
0.4392286714788723,0.400782902923145,-0.02274351745172845,-0.06028380477526731
0.3901942232761438,0.3998062658853359,-0.06945712244203615,-0.060992527148054435
0.3588207467419387,0.3988296288475269,-0.1024221872135943,-0.061307257869939326
0.3392008458068894,0.3978529918097178,-0.12190979071366678,-0.06133179193845953
0.3235294116746816,0.3978529918097178,-0.13453628454322913,-0.061161483543615204
0.3235294116746816,0.3978529918097178,-0.1389602442394245,-0.060875220365777395
0.3235294116746816,0.3978529918097178,-0.13326659909841287,-0.060530248215853615
0.3352829872738374,0.3988296288475269,-0.12581502885711604,-0.06016016967418769
0.3352829872738374,0.3988296288475269,-0.12315882244737365,-0.059776264779227414
0.3392008458068894,0.3988296288475269,-0.11899747483312748,-0.05937207995421708
0.3490261004093087,0.3998062658853359,-0.10984442930967057,-0.0589309502682299
0.3549028882088867,0.400782902923145,-0.1037325896398723,-0.0584357439859633
0.3549028882088867,0.3998062658853359,-0.10164849329583145,-0.05787966191126298
0.3646975345415166,0.3978529918097178,-0.09477746458448973,-0.05727641332868018
0.3705743223410945,0.3968691204234804,-0.08509865761342607,-0.05666760319478542
0.374522789143936,0.3958924833856713,-0.08406586637638691,-0.056124904897138325
0.3646975345415166,0.3958924833856713,-0.0916090612075802,-0.055744846504840885
0.3588207467419387,0.3968691204234804,-0.0979991618601537,-0.05563499570698849
0.3549028882088867,0.3978529918097178,-0.10125007635137084,-0.05589193040825278
0.3549028882088867,0.3988296288475269,-0.10335817140943603,-0.05657331717675914
0.3490261004093087,0.3988296288475269,-0.10324956357118319,-0.05766823173604969
0.3549028882088867,0.3988296288475269,-0.10555981561534827,-0.05907108437512035
0.3392008458068894,0.3978529918097178,-0.113293056000751,-0.06056482267017167
0.3392008458068894,0.3958924833856713,-0.11698928281860264,-0.06181833221353653
0.3451082418762568,0.3949158463478622,-0.11184587595411204,-0.06240120352895482
0.3490261004093087,0.3939392093100531,-0.10361067339321817,-0.06181652309807923
0.3646975345415166,0.3949158463478622,-0.09262650884572414,-0.059549460573343364
0.374522789143936,0.3968691204234804,-0.07872873461022277,-0.055126606884348735
0.3803995769435139,0.400782902923145,-0.07532196208004241,-0.04817869911768922
0.3588207467419387,0.4066499594984279,-0.09453690253001654,-0.03849793364370057
0.3352829872738374,0.4164235642249472,-0.12122310643259647,-0.026080862974697756
0.3235294116746816,0.4310875884889403,-0.1280256156056412,-0.01114916941927206
0.3392008458068894,0.451611434979788,-0.11622254480993918,0.005856494391458898
0.3490261004093087,0.4760490639703003,-0.10733158581234883,0.024310174757309226
0.3392008458068894,0.5004866929608127,-0.10873717786833294,0.043457556696501025
0.3451082418762568,0.5200411367622795,-0.1146330615774286,0.06248769293695065
0.3352829872738374,0.5366584351018908,-0.11782087541719918,0.08060854082689395
0.3196115531416296,0.5522990964036929,-0.12674797636649976,0.09711521119984948
0.3196115531416296,0.5659792492814486,-0.1427579055298007,0.11144192357829533
0.3352829872738374,0.5757600883563961,-0.12166929947405929,0.1231921635417198
0.3294061994742595,0.5816199105832508,-0.09861620590051537,0.1321455490033288
0.3137347653420516,0.5845570560451063,-0.17323724216021552,0.13824373999022707
0.2843202180743724,0.5855336930829155,-0.1642587419711947,0.1415608534736969
0.6411820355497851,0.5845570560451063,0.2499462118209304,0.14226581861671458
1.503906727835743,0.5826037819694881,0.9135729003532048,0.14058459649999158
1.503906727835743,0.5796666365076326,1.235124009107814,0.1367691230064759
1.503906727835743,0.5767367253942053,0.8733868651122453,0.13107746993058858
0.5196059879460164,0.5718463058567315,0.1839175670700894,0.12376658822702338
0.3098169068089997,0.5659792492814486,-0.1798429786516486,0.11509579621470803
0.3352829872738374,0.5581589186305476,-0.13565060687283986,0.10533662379855391
0.3392008458068894,0.5474086768662192,-0.08749574285200147,0.09478329122433256
0.3235294116746816,0.5347051610262725,-0.1360452188218477,0.08375825977283091
0.3235294116746816,0.5219944108378977,-0.13957170719821474,0.07260883955124606
0.3196115531416296,0.5083070236117138,-0.12230492376515817,0.06169332144431957
0.3294061994742595,0.4965801448095762,-0.1265140722857987,0.051357852213544886
0.3392008458068894,0.4848460316590105,-0.11685584339796853,0.04190763657968256
0.3451082418762568,0.4760490639703003,-0.1045286508287482,0.03357755100022845
0.3490261004093087,0.4682287333193992,-0.10542235761304572,0.026507658428196176
0.3549028882088867,0.4623689110925446,-0.0976484035162764,0.020728420657243396
0.374522789143936,0.4584551285928799,-0.08003444868595766,0.016158799397954792
0.3843174354765659,0.4574784915550708,-0.06666863495162721,0.01261822966559556
0.3999888696087737,0.4565018545172618,-0.05544746138703527,0.009851030011263993
0.4098141242111931,0.4555252174794526,-0.042316008738971664,0.007559632133716345
0.4254855583434009,0.4545485804416435,-0.02819916985750158,0.005441520942775353
0.4451054592784502,0.451611434979788,-0.008872962692647484,0.0032243065000526717
0.4745200065461294,0.4477048868285516,0.0215029448448261,0.0006939837008222616
0.5156881294129645,0.4428144672910778,0.0616536331449701,-0.0022870223217101387
0.5607741108128516,0.437924047753604,0.1068120487398943,-0.005773387138663496
0.60980855901558,0.4330408625645585,0.1560611046582897,-0.009741320243317225
0.6607713282150449,0.4281504430270847,0.20709512558560603,-0.014101633291460957
0.7058879178847215,0.4232672578380392,0.2504374275754994,-0.0187182762705185
0.7313846066193487,0.4193534753383746,0.2790170678992101,-0.02342899948688985
0.7509738992846084,0.414470290149329,0.2944669080090751,-0.02806521849466661
0.7509738992846084,0.4115331446874735,0.29804924821360457,-0.03246895907568581
0.7411792529519786,0.407626596536237,0.285653373268749,-0.03650570563906606
0.7098057764177734,0.4046894510743815,0.2546747063080851,-0.04007285601995324
0.6607713282150449,0.4017595399609542,0.20672760387826877,-0.04310413631084526
0.6000139126829501,0.3988296288475269,0.1440449648455603,-0.045570662603067066
0.5294006342786464,0.3958924833856713,0.07352441590138993,-0.04747935516673348
0.4607768934106581,0.3939392093100531,0.007370357411133578,-0.04886920884532701
0.4098141242111931,0.3919859352344348,-0.04879348459131588,-0.04980566283799224
0.3588207467419387,0.3919859352344348,-0.09484180355564653,-0.050373170589262724
0.3294061994742595,0.3919859352344348,-0.12734115601931717,-0.05066616534722527
0.3098169068089997,0.392962572272244,-0.14721345107996464,-0.0507789497663696
0.2941148644070023,0.392962572272244,-0.1609804435578775,-0.05079548311253837
0.2901970058739504,0.392962572272244,-0.16781698048467167,-0.050780405230842054
0.2941148644070023,0.3939392093100531,-0.16167670401869288,-0.05077276366661426
0.3137347653420516,0.3949158463478622,-0.1444401394675913,-0.05078373850107531
0.3294061994742595,0.3939392093100531,-0.12636341706053927,-0.05079920199644387
0.3451082418762568,0.392962572272244,-0.11486533483720501,-0.05078723793045684
0.3451082418762568,0.392962572272244,-0.10938724238654725,-0.050709843823524337
0.3549028882088867,0.3919859352344348,-0.10643064003247571,-0.050537109537682805
0.3549028882088867,0.3919859352344348,-0.10087550882501983,-0.05026143825346108
0.3705743223410945,0.3919859352344348,-0.08902937268326579,-0.04990903694999108
0.3803995769435139,0.3919859352344348,-0.07790113125351464,-0.0495460310071833
0.3843174354765659,0.3919859352344348,-0.0751420113150248,-0.04927713906472556
0.3843174354765659,0.3919859352344348,-0.07408259624341726,-0.04923581210863552
0.3901942232761438,0.392962572272244,-0.06972533129210264,-0.049565992243714364
0.3901942232761438,0.392962572272244,-0.06972012039733105,-0.050397045627179886
0.3843174354765659,0.392962572272244,-0.07531162059839011,-0.05181478155721841
0.3803995769435139,0.3919859352344348,-0.07924776940062514,-0.05383254284530566
0.3803995769435139,0.3900326611588167,-0.08191599923025504,-0.05636690012828539
0.3705743223410945,0.3870955156969611,-0.08787043401940667,-0.0592223466067567
0.3646975345415166,0.3841656045835338,-0.09778563008419222,-0.062088547983802124
0.3549028882088867,0.3822123305079156,-0.10647538138000838,-0.06455227465191163
0.3588207467419387,0.3802518220838691,-0.1016722641678096,-0.06612434498538357
0.3803995769435139,0.37927518504606,-0.08248449904978099,-0.06627997419718612
0.3941120818091958,0.3812284591216783,-0.06697132748688896,-0.06450905727599826
0.4039067281418257,0.3831889675457247,-0.061027576808788925,-0.06037130466241143
0.3999888696087737,0.3890487897725793,-0.05759906324709393,-0.05354999069883996
0.4039067281418257,0.3968691204234804,-0.0654347722601032,-0.0438975664930189
0.3705743223410945,0.407626596536237,-0.08844314048051999,-0.03146671525317643
0.3549028882088867,0.4222906208002301,-0.10827209089659276,-0.016521725880252053
0.3549028882088867,0.4428144672910778,-0.11302399476615235,0.0004726472856825814
0.3588207467419387,0.4643221851681628,-0.10147082320055484,0.018884568110037626
0.3803995769435139,0.4868065400830569,-0.08445091983726066,0.03796703883431816
0.3803995769435139,0.5073303865739046,-0.08586297107428206,0.05692161383765483
0.3705743223410945,0.5268848303753715,-0.09662185003615002,0.07496527709566264
0.3549028882088867,0.5444787657527919,-0.10144484991779394,0.09139156733385084
0.3549028882088867,0.5571822815927384,-0.11971976398776807,0.10561837326888864
0.3549028882088867,0.5659792492814486,-0.11589296944656048,0.11721746530258026
0.3646975345415166,0.5718463058567315,-0.0778334849521804,0.12592424048642656
0.3588207467419387,0.5757600883563961,-0.13127068461913682,0.13162964010169909
0.2843202180743724,0.5767367253942053,-0.19350530321788703,0.13435901191365224
0.5058934830803345,0.5757600883563961,0.10584060828550981,0.13424425137388077
1.3333268402990353,0.5737995799323498,0.7525106441978012,0.1314956212170891
1.503906727835743,0.5708696688189224,1.1635612279686882,0.12637831966558
1.503906727835743,0.5679397577054951,0.9313360690778818,0.11919652133826772
0.7509738992846084,0.5620727011302122,0.33815481090600524,0.11028484388988452
0.4294034168764529,0.5542523704793112,-0.043116884692506206,0.10000472529207201
0.4156909120107711,0.5425254916771737,-0.0773607740023313,0.08874171825398748
0.3941120818091958,0.5298147414887988,-0.05351728962256063,0.07689961847249134
0.374522789143936,0.5161273542626148,-0.09918180050583544,0.0648885837765026
0.3549028882088867,0.5024472013848591,-0.12317919158326006,0.0531064915092454
0.3490261004093087,0.4907130882342934,-0.11184260669261635,0.041915041216715486
0.3705743223410945,0.479962846469965,-0.10354240154023273,0.03161392172641454
0.374522789143936,0.4701892417434457,-0.09704730988072204,0.022417344877130565
0.3803995769435139,0.4613850397063073,-0.0887650726511568,0.01443729455312029
0.3941120818091958,0.4545485804416435,-0.07768465834237828,0.0076770345699293556
0.4039067281418257,0.4506347979419788,-0.06769744230355665,0.002036921523674994
0.4039067281418257,0.4486815238663607,-0.06866433700674038,-0.00266743028474329
0.4039067281418257,0.4477048868285516,-0.06659591735553506,-0.006676797045189422
0.4294034168764529,0.4467282497907424,-0.044152356952240665,-0.010253953964491646
0.4549001056110801,0.4437911043288869,-0.01791182491256764,-0.01364862279778021
0.46469475194371,0.4389079191398414,-0.00712521217832769,-0.017067225186030384
0.4745200065461294,0.4340174996023676,0.00010151161240918444,-0.0206517895748565
0.4941092992113892,0.4291270800648938,0.021149933219888135,-0.024470364109412758
0.5254827757455944,0.4242438948758483,0.0523294722569222,-0.028519008183329777
0.5607741108128516,0.4193534753383746,0.08505487803152352,-0.03273346048994248
0.5960654458801087,0.4154469271871381,0.12359599412623075,-0.03700728619595694
0.6450998940828371,0.4115331446874735,0.169980714005401,-0.041212808657761175
0.6901858754827241,0.4086032335740461,0.2141656891684804,-0.045221362134898135
0.7215593520169293,0.4056660881121906,0.24814126031113687,-0.048920175570822164
0.7411792529519786,0.4037128140365724,0.26612884157356953,-0.052224268286246635
0.7450971114850305,0.4027361769987633,0.2660537281549504,-0.055082854385733515
0.7313846066193487,0.400782902923145,0.26064176703880715,-0.0574806917411605
0.7313846066193487,0.3978529918097178,0.2521686966357395,-0.05943540168219075
0.7000111300851435,0.3958924833856713,0.22241112079489625,-0.06099194953604257
0.6450998940828371,0.3949158463478622,0.1735083358187244,-0.062215294777895516
0.605890700482528,0.3939392093100531,0.12357598117890216,-0.0631819163115841
0.5451026766806437,0.392962572272244,0.07161023933900217,-0.06397072049790059
0.4941092992113892,0.3939392093100531,0.015705723649079167,-0.0646538457149788
0.4451054592784502,0.3939392093100531,-0.032276879866940895,-0.06528805188653454
0.4098141242111931,0.3939392093100531,-0.06822640985067349,-0.06590761648993754
0.3803995769435139,0.3939392093100531,-0.09634377424941709,-0.06651980918799134
0.3646975345415166,0.3939392093100531,-0.11507324056113183,-0.0671039650208028
0.3549028882088867,0.3939392093100531,-0.12209781880708989,-0.06761487766616922
0.3549028882088867,0.3939392093100531,-0.12373082074187795,-0.06799072371637851
0.3549028882088867,0.3939392093100531,-0.12503965883524737,-0.06816507313001195
0.3588207467419387,0.3939392093100531,-0.1186781734264774,-0.06808181536334447
0.374522789143936,0.3939392093100531,-0.10475249811860221,-0.06771112529803767
0.3803995769435139,0.3939392093100531,-0.10012768265414732,-0.06706401997324318
0.374522789143936,0.3939392093100531,-0.10394866075979159,-0.06620274551780413
0.3803995769435139,0.3949158463478622,-0.09855151393143166,-0.0652443143054836
0.3901942232761438,0.3968691204234804,-0.09169891255058435,-0.0643550846746626
0.3803995769435139,0.3978529918097178,-0.09790979047085151,-0.06373535225946522
0.3803995769435139,0.3988296288475269,-0.1001831317647361,-0.06359438090162722
0.3941120818091958,0.3998062658853359,-0.0866463637850724,-0.06411790425676553
0.3999888696087737,0.3998062658853359,-0.07988989538448979,-0.06543160800072262
0.3901942232761438,0.3988296288475269,-0.09114740660221017,-0.06756522465298342
0.3803995769435139,0.3968691204234804,-0.10001535252619684,-0.07042245336925242
0.3803995769435139,0.3949158463478622,-0.09941889441797844,-0.07376182822542512
0.3803995769435139,0.3919859352344348,-0.10404373281403292,-0.0771928608181504
0.3646975345415166,0.3890487897725793,-0.11177925734575753,-0.08019033033614552
0.374522789143936,0.3880721527347702,-0.1109721332186353,-0.08212761462807584
0.3705743223410945,0.3880721527347702,-0.10845196730946019,-0.08232763776820957
0.374522789143936,0.3900326611588167,-0.10802292881752405,-0.0801275806811346
0.3843174354765659,0.392962572272244,-0.09714529308568015,-0.07495119369093553
0.4039067281418257,0.3978529918097178,-0.07764525896599284,-0.06638061149117605
0.4156909120107711,0.4066499594984279,-0.06661807849946423,-0.05421833711141868
0.4156909120107711,0.4203301123761837,-0.06685053558779903,-0.03852998273094112
0.4039067281418257,0.4408611932154596,-0.07542573473295966,-0.019659873339337823
0.3901942232761438,0.466275459243781,-0.09666096203738703,0.0017850947072926974
0.3588207467419387,0.4936429993477207,-0.11931256773416767,0.024983235721104526
0.3588207467419387,0.5229710478757068,-0.12439731739323696,0.04897213822864218
0.3705743223410945,0.5513224593658839,-0.1143488591552889,0.0727390328782088
0.3803995769435139,0.5767367253942053,-0.09947753793040216,0.09531459435461354
0.3901942232761438,0.5953072978094348,-0.09100859543295324,0.1158568315564686
0.3901942232761438,0.6099713220734279,-0.09798969557738646,0.13371379602914207
0.3705743223410945,0.6226748379133744,-0.10798419135201423,0.14845797157839385
0.3549028882088867,0.6314790399505128,-0.12277225711731049,0.1598903751755104
0.3549028882088867,0.6383154992151766,-0.1420094631464047,0.16801740079564037
0.3549028882088867,0.6412526446770321,-0.118079640681266,0.17300732813037437
0.3646975345415166,0.6422292817148413,-0.10560653297449875,0.1751357068107197
0.3196115531416296,0.6432059187526503,-0.199633299746141,0.17472939886318778
0.2941148644070023,0.6422292817148413,-0.151690250102498,0.17211803995058006
0.845094328887224,0.6383154992151766,0.35386188236723937,0.16759938548432993
1.503906727835743,0.6334323140261311,0.9893329855466664,0.16142195007126833
1.503906727835743,0.6275652574508482,1.0839966616227477,0.15378510463975195
1.1313734762281225,0.6207215638377562,0.5725819986094789,0.14485383986957887
0.4607768934106581,0.6129012331868552,0.04349341755688127,0.13478306314995006
0.4098141242111931,0.605080902535954,-0.10730376992378983,0.12374482236931791
0.419608770543823,0.5943306607716257,-0.06438102696971244,0.11195147286363161
0.3843174354765659,0.5816199105832508,-0.07893439113351408,0.09966868493989363
0.3803995769435139,0.5659792492814486,-0.11822731253271013,0.08721431479877838
0.3588207467419387,0.5513224593658839,-0.12200829485417768,0.07494222234467199
0.3549028882088867,0.5366584351018908,-0.12031670863742897,0.06321347714899209
0.374522789143936,0.524924321951325,-0.1155182078914784,0.0523602377888423
0.3803995769435139,0.5141740801869966,-0.10066417024778207,0.04264922835355997
0.3941120818091958,0.5063537495360956,-0.08523521612440228,0.03425183180304629
0.4156909120107711,0.5004866929608127,-0.07077785696836805,0.027226438623810793
0.4156909120107711,0.4975567818473854,-0.06496535378734836,0.021516200747802184
0.4156909120107711,0.4965801448095762,-0.06664025584828406,0.0169622926450673
0.4254855583434009,0.4956035077717671,-0.05716367968836093,0.013329809671186401
0.4451054592784502,0.494626870733958,-0.037308691310547606,0.01034117838209676
0.4607768934106581,0.4916897252721025,-0.0212806990134058,0.007710926322962341
0.4745200065461294,0.4868065400830569,-0.007072138670927377,0.00517607765646952
0.4941092992113892,0.4819161205455832,0.011407832957843523,0.002518122255644614
0.5156881294129645,0.4770257010081094,0.033977778831311006,-0.00042510508033889396
0.5451026766806437,0.473119152856873,0.0638584717164515,-0.0037569390508984937
0.5843118702809528,0.4692053703572084,0.10213527250427205,-0.00752640520149589
0.6254799931477878,0.4652988222059719,0.1434712590507101,-0.011736660077774286
0.6647197950178864,0.4633455481303537,0.18481595159846398,-0.01635450851414834
0.7058879178847215,0.459431765630689,0.22285327573799396,-0.021319055420084117
0.7313846066193487,0.4545485804416435,0.2507918007186219,-0.026548688519946045
0.7450971114850305,0.4496581609041697,0.26531302286583913,-0.03194656442011376
0.7509738992846084,0.444767741366696,0.2672728341835951,-0.0374053229196112
0.7353024651524006,0.4389079191398414,0.2574277489225905,-0.04281183914340287
0.7156825642173513,0.4330408625645585,0.23369624353067694,-0.04805255098096352
0.6764733706170423,0.4271738059892756,0.19488774784668378,-0.05301943215089748
0.6254799931477878,0.4222906208002301,0.1481847006577212,-0.057616194378780336
0.5843118702809528,0.4193534753383746,0.10075779065267966,-0.0617639742517702
0.5294006342786464,0.4164235642249472,0.05167401589489123,-0.06540570855275596
0.4843146528787593,0.4125097817252826,0.003853224293211983,-0.0685086041590066
0.4451054592784502,0.4095798706118552,-0.03537923845312005,-0.07106442088994608
0.4098141242111931,0.407626596536237,-0.06780401053674906,-0.07308757461490954
0.3843174354765659,0.4066499594984279,-0.0974182065663004,-0.07461132146724402
0.3588207467419387,0.4066499594984279,-0.11812695019063768,-0.07568256570143427
0.3549028882088867,0.4066499594984279,-0.12503673689546543,-0.0763561468471882
0.3549028882088867,0.4066499594984279,-0.12432337907632782,-0.07668969636243307
0.3549028882088867,0.4066499594984279,-0.12232256801382844,-0.07674016077618082
0.3588207467419387,0.4066499594984279,-0.12059716212034044,-0.07656278560372287
0.3588207467419387,0.4066499594984279,-0.1189880765089806,-0.07621277676827465
0.3646975345415166,0.4066499594984279,-0.11350763878819582,-0.07574913031602494
0.3705743223410945,0.4056660881121906,-0.10577773150754612,-0.07523940935554424
0.374522789143936,0.4066499594984279,-0.10575655541223106,-0.07476370893768987
0.3646975345415166,0.4056660881121906,-0.10957946381456093,-0.07441582288563298
0.374522789143936,0.4056660881121906,-0.10437164058622384,-0.07429980198579272
0.3803995769435139,0.4056660881121906,-0.09605026801320718,-0.07452068639184414
0.3803995769435139,0.4046894510743815,-0.09633268157968619,-0.07516914867220986
0.374522789143936,0.4046894510743815,-0.10082351186114155,-0.07630098390533895
0.374522789143936,0.4037128140365724,-0.10391596021768364,-0.07791366806972339
0.3646975345415166,0.4037128140365724,-0.10827273317604794,-0.0799233733487291
0.3646975345415166,0.4027361769987633,-0.11388663394375687,-0.08214665065450102
0.3549028882088867,0.4017595399609542,-0.1181731744301532,-0.08429123360882106
0.3549028882088867,0.400782902923145,-0.12195692817832575,-0.08595989431008855
0.3490261004093087,0.3988296288475269,-0.1249082906593762,-0.08666991252752351
0.3549028882088867,0.3988296288475269,-0.1203789540310467,-0.08588860446608583
0.3705743223410945,0.400782902923145,-0.10364394707172475,-0.08308278234969388
0.3901942232761438,0.4027361769987633,-0.08384567402829508,-0.07777740556933514
0.3999888696087737,0.4086032335740461,-0.07421659847561747,-0.06961649902751067
0.3999888696087737,0.4183768383005654,-0.07431919794912512,-0.05841807680043582
0.3901942232761438,0.4301109514511312,-0.08069112715958818,-0.044214665253858566
0.3803995769435139,0.4467282497907424,-0.09689489152410775,-0.027272273587104635
0.3549028882088867,0.4682287333193992,-0.11433794755815459,-0.008083286848254469
0.3588207467419387,0.4926663623099116,-0.11458649974315654,0.012667538421447395
0.3803995769435139,0.517103991300424,-0.09461043211917511,0.03416058589387338
0.3999888696087737,0.5405649832531272,-0.06833289838430245,0.05551510216157147
0.4156909120107711,0.5630493381680214,-0.05730270540567204,0.07586907846736134
0.4098141242111931,0.5826037819694881,-0.06470777069880346,0.09445422624965173
0.3999888696087737,0.598237208922862,-0.06786390522254312,0.11065588263571574
0.3941120818091958,0.6099713220734279,-0.07397064653553866,0.12405029453184638
0.3941120818091958,0.6177916527243289,-0.08722519827127881,0.13441558351486263
0.4039067281418257,0.6207215638377562,-0.0594325675441807,0.14171712443182627
0.4098141242111931,0.6216982008755654,-0.04695126078591785,0.14607229668828417
0.3705743223410945,0.6207215638377562,-0.13638516300485087,0.14770280577234834
0.3490261004093087,0.618768289762138,-0.08083832928275186,0.14688438760701208
0.8902109185569005,0.6158383786487107,0.4077027120686596,0.14390336924183986
1.503906727835743,0.6129012331868552,1.0077081510587798,0.13902734859326774
1.503906727835743,0.6099713220734279,1.0957486312057871,0.13249365528077767
1.1470449103603302,0.6060575395737632,0.603440818271901,0.12451503165392207
0.4745200065461294,0.6001977173469085,0.07147835634161528,0.11529803685336805
0.4039067281418257,0.5914007496581983,-0.09892395169943824,0.10506690962914275
0.4098141242111931,0.5796666365076326,-0.05558478741588737,0.09408467097563039
0.3941120818091958,0.5659792492814486,-0.059071658744847474,0.08266430564769435
0.3803995769435139,0.5503385879796465,-0.09879207199053561,0.07116560368922405
0.3549028882088867,0.5356817980640817,-0.10833291005799323,0.05997690406895549
0.3549028882088867,0.5229710478757068,-0.11107815369082444,0.049484592857231405
0.3588207467419387,0.5141740801869966,-0.1064555343785107,0.04003588397326722
0.3803995769435139,0.5063537495360956,-0.08871703514560819,0.03190162154908397
0.3803995769435139,0.4985334188851945,-0.08252566711458537,0.025245558419718078
0.3843174354765659,0.4936429993477207,-0.08200043450812416,0.02010516163480101
0.3941120818091958,0.4907130882342934,-0.07076558613037708,0.01638696901523872
0.4039067281418257,0.4897364511964843,-0.06208189327090124,0.013877251157286564
0.4039067281418257,0.4887598141586752,-0.05875878650169996,0.01226649160141976
0.419608770543823,0.4887598141586752,-0.04608003656758128,0.01118426328388655
0.4352802046760309,0.4887598141586752,-0.028484454167761356,0.010239745477534985
0.4490233178115022,0.4868065400830569,-0.014347971116269571,0.009062598831168674
0.4706021480130775,0.4828927575833923,0.006540044858200207,0.0073392454052553366
0.4999860870109672,0.479962846469965,0.037927520122518876,0.004840659114416443
0.5353080303480138,0.4760490639703003,0.07008954606295317,0.0014392676534934333
0.5646919693459035,0.4711658787812548,0.10512860187499927,-0.0028858667961558122
0.615685346815158,0.4652988222059719,0.15019679960218588,-0.008055059821420987
0.654894540415467,0.4584551285928799,0.19508487954196446,-0.013903628039140404
0.6901858754827241,0.4525880720175971,0.22681946967981043,-0.020204796446063985
0.7098057764177734,0.4457443784045051,0.24861232752919227,-0.02669712287925539
0.7254772105499813,0.4398845561776505,0.26492573259456925,-0.033113526833483155
0.7313846066193487,0.4330408625645585,0.2680785539473682,-0.03920909699494184
0.7098057764177734,0.4261971689514665,0.2519476348581268,-0.04478507338201403
0.6862680169496722,0.4203301123761837,0.22249333684725248,-0.04970669438127639
0.6450998940828371,0.414470290149329,0.18716888434671353,-0.05391300084302385
0.605890700482528,0.4105565076496644,0.14442838353687584,-0.05741731280924473
0.5509794644802216,0.4086032335740461,0.09133842378405793,-0.06029804619173801
0.4941092992113892,0.407626596536237,0.03417240383211335,-0.06268081392633086
0.4392286714788723,0.4066499594984279,-0.018713443949632154,-0.06471418090670246
0.3999888696087737,0.4056660881121906,-0.062310497705774515,-0.06654267968902175
0.3646975345415166,0.4037128140365724,-0.09124260352203321,-0.06828137811470632
0.3490261004093087,0.4017595399609542,-0.11010287869823276,-0.06999618827740718
0.3352829872738374,0.3988296288475269,-0.12702593858271066,-0.07169321062481118
0.3196115531416296,0.3958924833856713,-0.1327331043509054,-0.07331890973781821
0.3352829872738374,0.392962572272244,-0.12703622063387318,-0.07477112877763305
0.3294061994742595,0.3910092981966258,-0.1287203752549015,-0.07591920889407143
0.3235294116746816,0.3900326611588167,-0.13110809009985835,-0.07663008663732707
0.3392008458068894,0.3890487897725793,-0.12030237144123551,-0.07679638619617746
0.3451082418762568,0.3890487897725793,-0.11360800298774615,-0.07636225112191802
0.3392008458068894,0.3890487897725793,-0.11464332336501362,-0.07534290930683113
0.3549028882088867,0.3890487897725793,-0.10418701954496665,-0.07383464266476947
0.3646975345415166,0.3910092981966258,-0.0922770474863478,-0.0720128778431699
0.3588207467419387,0.392962572272244,-0.0964781186577508,-0.07011749438154746
0.3549028882088867,0.3958924833856713,-0.10208347627880827,-0.06842609747015335
0.3588207467419387,0.3978529918097178,-0.09819964275852663,-0.067217753152155
0.3549028882088867,0.3978529918097178,-0.09920191437985965,-0.06673125135143453
0.3490261004093087,0.3978529918097178,-0.10970180778948142,-0.06712304691204267
0.3352829872738374,0.3968691204234804,-0.11744800302006933,-0.06843044380258693
0.3352829872738374,0.3949158463478622,-0.12240496969448694,-0.07054530652150465
0.3235294116746816,0.3919859352344348,-0.13141313984898076,-0.07320267727895526
0.3196115531416296,0.3890487897725793,-0.13566231770918,-0.07598723878306525
0.3235294116746816,0.3870955156969611,-0.1299453820064841,-0.0783586942655625
0.3352829872738374,0.3851422416213429,-0.12456917497351942,-0.07969497988866915
0.3294061994742595,0.3831889675457247,-0.11865633149907552,-0.07934994912070692
0.3549028882088867,0.3831889675457247,-0.10599283479771718,-0.07671996917264513
0.3549028882088867,0.3851422416213429,-0.09649596295507971,-0.0713120206689787
0.3588207467419387,0.3910092981966258,-0.09615111545067681,-0.06280478339436572
0.3549028882088867,0.4017595399609542,-0.10055636173940466,-0.05109424561473107
0.3392008458068894,0.4164235642249472,-0.11404018047926667,-0.03631686735648167
0.3196115531416296,0.4359707736779858,-0.13506939026103404,-0.018846225635635278
0.3137347653420516,0.459431765630689,-0.14129642675711412,0.0007370278452904147
0.3294061994742595,0.4848460316590105,-0.12182639169241834,0.021697867179206184
0.3588207467419387,0.5083070236117138,-0.1000485224334429,0.0432146074257965
0.3490261004093087,0.5278614674131806,-0.09842756900065328,0.06445180901461124
0.3549028882088867,0.545455402790601,-0.10605943726300557,0.08462832160835156
0.3352829872738374,0.5630493381680214,-0.1128398621330626,0.10307209379456454
0.3235294116746816,0.5786899994698235,-0.13000771327578983,0.11925632237971868
0.3294061994742595,0.5914007496581983,-0.1338449100628436,0.1328148940997747
0.3352829872738374,0.6001977173469085,-0.10324712647847062,0.14353825555478691
0.3451082418762568,0.604104265498145,-0.11490283740226294,0.1513535347960377
0.3137347653420516,0.6060575395737632,-0.15617127991557472,0.1562947581119106
0.4490233178115022,0.6070414109600005,0.03482132332576973,0.1584701022337194
1.076462240225816,0.6070414109600005,0.5765374262607045,0.15803298159032997
1.503906727835743,0.605080902535954,1.0837565863066343,0.15516225251067997
1.503906727835743,0.6031276284603359,1.0455327890200166,0.15005415925323143
0.9607935886914148,0.598237208922862,0.4817168584641225,0.1429254499045596
0.3705743223410945,0.5923773866960075,-0.0427960176726038,0.13402411655379948
0.3196115531416296,0.5835804190072973,-0.16202441858795882,0.12364217320117565
0.3549028882088867,0.5708696688189224,-0.09535593432654635,0.11212427296391289
0.3392008458068894,0.5562056445549294,-0.10174438177614648,0.09986694887766959
0.3352829872738374,0.5405649832531272,-0.12808028662338988,0.08730559961010415
0.3352829872738374,0.5259009589891341,-0.11875337087593454,0.07488941255555359
0.3294061994742595,0.5122208061113784,-0.11786056677825398,0.06304740974088623
0.3392008458068894,0.4995100559230035,-0.11805178467243156,0.052151000999357815
0.3490261004093087,0.4887598141586752,-0.10543865080067516,0.04247942427318697
0.3549028882088867,0.479962846469965,-0.09671621628924708,0.03419416074502521
0.3646975345415166,0.4740957898946821,-0.08772530259624313,0.027326975839095876
0.3803995769435139,0.4692053703572084,-0.0778005893484596,0.021783943617331412
0.374522789143936,0.4672520962815901,-0.0745907508680904,0.01736506549933767
0.3901942232761438,0.466275459243781,-0.06512454162619756,0.013796384883893146
0.4098141242111931,0.4652988222059719,-0.0460121000309873,0.010769342166853308
0.419608770543823,0.4623689110925446,-0.030504829146231052,0.007980970316865765
0.4451054592784502,0.4574784915550708,-0.012787283331526945,0.0051686976168143425
0.4706021480130775,0.451611434979788,0.01966827700550441,0.002134994647710639
0.5156881294129645,0.4457443784045051,0.05942938690613312,-0.0012405172413048333
0.5509794644802216,0.4398845561776505,0.0976457993127817,-0.005001270893465393
0.5960654458801087,0.4359707736779858,0.14162341591138158,-0.00912391556515346
0.6509766818824151,0.4320642255267494,0.19648348285718817,-0.013534882341911737
0.7058879178847215,0.4281504430270847,0.25090775530160997,-0.01812961149318777
0.7450971114850305,0.4242438948758483,0.29127616527777506,-0.022791268618157147
0.7705938002196577,0.4183768383005654,0.3149389232960543,-0.0274066902561188
0.7803884465522877,0.4134864187630917,0.3258408413982778,-0.031878209424531075
0.7803884465522877,0.4095798706118552,0.32566424387759163,-0.0361307615256577
0.7666759416866058,0.4056660881121906,0.31079104565077265,-0.040114285415048814
0.7313846066193487,0.4027361769987633,0.2765403112337855,-0.04380198318478241
0.6764733706170423,0.3988296288475269,0.22132150567852765,-0.047185474137270506
0.605890700482528,0.3958924833856713,0.14938693202254316,-0.05026817924129055
0.5294006342786464,0.392962572272244,0.0743686618054379,-0.05305831964136482
0.46469475194371,0.3890487897725793,0.009057026168887337,-0.05556270500538997
0.4098141242111931,0.386118878659152,-0.04729247524075328,-0.05778210017680289
0.3588207467419387,0.3831889675457247,-0.09657646067525863,-0.059708516509130685
0.3235294116746816,0.3822123305079156,-0.13252916617223612,-0.061324425875069595
0.3039095107396323,0.3822123305079156,-0.15395601794287164,-0.06260375545770044
0.2901970058739504,0.3822123305079156,-0.16517525561307034,-0.06351458415027138
0.2901970058739504,0.3802518220838691,-0.16725772652388807,-0.06402356827032653
0.2941148644070023,0.37927518504606,-0.1631918009531177,-0.0641020629479678
0.2999916522065803,0.37927518504606,-0.15688395594423726,-0.0637335890161654
0.3098169068089997,0.37927518504606,-0.14779886837749265,-0.06292184964074596
0.3196115531416296,0.3812284591216783,-0.13783179590448388,-0.06169815626751376
0.3294061994742595,0.3831889675457247,-0.12920389179563155,-0.06012702703890068
0.3392008458068894,0.3841656045835338,-0.117574733153139,-0.05830885899741334
0.3549028882088867,0.3851422416213429,-0.10442189466178321,-0.056378834883896535
0.3588207467419387,0.3870955156969611,-0.09930464569385589,-0.0545015123397964
0.3588207467419387,0.3890487897725793,-0.09968560217311967,-0.05286086099843011
0.3646975345415166,0.3900326611588167,-0.09415964084444167,-0.05164592049465911
0.374522789143936,0.3900326611588167,-0.08515735942163455,-0.0510327564853368
0.374522789143936,0.3900326611588167,-0.08371488348143509,-0.051163919694277624
0.3705743223410945,0.3900326611588167,-0.09043652268845415,-0.052127087748344826
0.3588207467419387,0.3880721527347702,-0.0991847681516417,-0.0539349503723101
0.3549028882088867,0.3851422416213429,-0.10676995908925785,-0.05650863700306842
0.3490261004093087,0.3822123305079156,-0.11032780441314508,-0.059667006645274946
0.3490261004093087,0.37927518504606,-0.11107666900022234,-0.06312387857915294
0.3451082418762568,0.3763452739326327,-0.11666307141177384,-0.06649480147253782
0.3392008458068894,0.3734081284707772,-0.12105342871276523,-0.0693142758279271
0.3549028882088867,0.3714548543951589,-0.10631516131739269,-0.07106346986798458
0.3803995769435139,0.3724314914329681,-0.08047901540437451,-0.07120741590445616
0.3941120818091958,0.3743919998570145,-0.0698098850694122,-0.06923950520290807
0.3843174354765659,0.3773219109704418,-0.07409849791154008,-0.064729904241269
0.3843174354765659,0.3822123305079156,-0.080892390347457,-0.05737338756324664
0.3646975345415166,0.3890487897725793,-0.09623478559518459,-0.04703118073039174
0.3451082418762568,0.400782902923145,-0.11794911725202947,-0.0337610354414815
0.3392008458068894,0.4174002012627563,-0.12359952765219687,-0.01783030972440691
0.3549028882088867,0.437924047753604,-0.10811091668417556,0.0002914456674312747
0.3705743223410945,0.4604084026684982,-0.09448177454748262,0.019961108746307403
0.3588207467419387,0.4828927575833923,-0.10073500546550744,0.04040924325679662
0.3588207467419387,0.5053771124982864,-0.11119178178196881,0.060800422788734265
0.3549028882088867,0.5259009589891341,-0.10559983443243602,0.08029905576203836
0.3490261004093087,0.5435021287149827,-0.11088475543662091,0.09813253729087186
0.3490261004093087,0.5591427900167849,-0.12900975742152496,0.11364437083427291
0.3549028882088867,0.5698930317811133,-0.10080825624218354,0.12633189611967674
0.3588207467419387,0.5767367253942053,-0.09245200403312603,0.13586599965636204
0.3196115531416296,0.5806432735454417,-0.18851070663198022,0.14209314026677894
0.2999916522065803,0.5816199105832508,-0.11707115387496836,0.1450226289780567
0.886262451754059,0.5806432735454417,0.3996997379804705,0.14480384444953384
1.503906727835743,0.5786899994698235,1.0105137594446416,0.14169860887118227
1.503906727835743,0.5757600883563961,1.1052431232252786,0.1360532668604434
1.1764594576280094,0.5698930317811133,0.6246525085968649,0.12827341011273802
0.4803967943457073,0.5630493381680214,0.0848079156330758,0.11880223877012397
0.3999888696087737,0.553275733441502,-0.10406929949170708,0.108101887467755
0.4039067281418257,0.5405649832531272,-0.06188655585393649,0.09663616306167759
0.3941120818091958,0.5268848303753715,-0.06054359329099819,0.08485322318009407
0.374522789143936,0.5141740801869966,-0.10331181495886488,0.07316758971622646
0.3549028882088867,0.5014633299986218,-0.11296823270942105,0.06194208012597615
0.3549028882088867,0.4916897252721025,-0.1117471961177548,0.05147122459533873
0.3588207467419387,0.4828927575833923,-0.10902648019491155,0.04196816357300739
0.3803995769435139,0.4750724269324912,-0.09401177777249527,0.03355682471520517
0.3843174354765659,0.4682287333193992,-0.08045585434922546,0.02627054454872825
0.3999888696087737,0.4613850397063073,-0.07115425366192761,0.02005751017422722
0.4098141242111931,0.4555252174794526,-0.06274219802719341,0.014792668386446215
0.4098141242111931,0.451611434979788,-0.05722952120354515,0.010295149800293816
0.4254855583434009,0.4486815238663607,-0.04724650253866274,0.006349730427149561
0.4392286714788723,0.4467282497907424,-0.03142726009196948,0.0027303513736516446
0.4549001056110801,0.4437911043288869,-0.016110201620383645,-0.0007766971417780423
0.4745200065461294,0.4398845561776505,0.003111678598173522,-0.004352470638533955
0.4999860870109672,0.4359707736779858,0.02817085656415747,-0.008130207274902124
0.5254827757455944,0.4310875884889403,0.052598868240822445,-0.01218684972604452
0.5509794644802216,0.4271738059892756,0.08076013080612159,-0.016541801575227257
0.5960654458801087,0.4222906208002301,0.12071760379885135,-0.02116244406982962
0.6353052477502072,0.4174002012627563,0.16547474648423194,-0.025975076420080966
0.6803912291500942,0.4115331446874735,0.2046380394429673,-0.03087933020092272
0.7098057764177734,0.4056660881121906,0.23852159865718753,-0.03576377454499365
0.7411792529519786,0.4017595399609542,0.2666475465659333,-0.040520411964194376
0.7548917578176605,0.3988296288475269,0.2812561994807313,-0.04505612035188547
0.7548917578176605,0.3949158463478622,0.28050226316611887,-0.04929981360721053
0.7411792529519786,0.3919859352344348,0.2684212420653361,-0.05320501087787785
0.7215593520169293,0.3890487897725793,0.24423973134526675,-0.056748360169658695
0.6803912291500942,0.386118878659152,0.20854120980968718,-0.059925239741803006
0.6411820355497851,0.3822123305079156,0.1643443379256187,-0.06274378164196946
0.5843118702809528,0.3802518220838691,0.10959428110854409,-0.06521856994744663
0.5254827757455944,0.3782985480082509,0.04974509515766274,-0.06736498423359301
0.4745200065461294,0.3763452739326327,-0.0002365209147224094,-0.06919483419580372
0.4392286714788723,0.3753686368948236,-0.0382624500455564,-0.07071366232923607
0.4039067281418257,0.3743919998570145,-0.07119646661192797,-0.07191989233990366
0.3803995769435139,0.3734081284707772,-0.09567491599343589,-0.07280584142877275
0.3705743223410945,0.3734081284707772,-0.10791203524926529,-0.07336046885198538
0.3588207467419387,0.3734081284707772,-0.11506826507098286,-0.07357359285630032
0.3588207467419387,0.3734081284707772,-0.12145033005733731,-0.07344117721879748
0.3549028882088867,0.3753686368948236,-0.1198787655541449,-0.07297117314347834
0.3705743223410945,0.3753686368948236,-0.10788720071779888,-0.07218930020557791
0.3803995769435139,0.3763452739326327,-0.09770428147254101,-0.07114405113470909
0.3803995769435139,0.3773219109704418,-0.09654461663598206,-0.06991010996595659
0.3843174354765659,0.3802518220838691,-0.09430543146322476,-0.06858932216850958
0.3941120818091958,0.3812284591216783,-0.0844735350151435,-0.06730841404103861
0.3999888696087737,0.3822123305079156,-0.07734289530288063,-0.06621284365916812
0.3999888696087737,0.3822123305079156,-0.08031117304094193,-0.0654564224405804
0.3941120818091958,0.3822123305079156,-0.0834030717777356,-0.06518663482646478
0.3999888696087737,0.3812284591216783,-0.07943928645652988,-0.06552595356726981
0.3999888696087737,0.3802518220838691,-0.07959107644167937,-0.06654999963013422
0.3901942232761438,0.3802518220838691,-0.08902986350015366,-0.06826418264189367
0.3843174354765659,0.3802518220838691,-0.09482730714301123,-0.07058142288161379
0.3843174354765659,0.37927518504606,-0.09584633992509797,-0.07330450099137707
0.374522789143936,0.3782985480082509,-0.10571533087918356,-0.07611718191373235
0.3588207467419387,0.3773219109704418,-0.12042905648257225,-0.07858816637562105
0.3549028882088867,0.3763452739326327,-0.12583260570450686,-0.08019091582414409
0.3549028882088867,0.3753686368948236,-0.12560863181617377,-0.08034046984241236
0.3549028882088867,0.3763452739326327,-0.12532820659322555,-0.07844573459934402
0.3646975345415166,0.3773219109704418,-0.11634607451861798,-0.07397275142975475
0.3803995769435139,0.3822123305079156,-0.09954178501750213,-0.06651168248028622
0.3941120818091958,0.3890487897725793,-0.08857215377741924,-0.055838276545712655
0.3941120818091958,0.400782902923145,-0.0855014346170422,-0.04195997513030444
0.3901942232761438,0.4183768383005654,-0.090785407427054,-0.025137998360988113
0.3705743223410945,0.4418378302532686,-0.11305441983489362,-0.0058798125358038595
0.3392008458068894,0.4672520962815901,-0.14009723683723618,0.015099028721601678
0.3352829872738374,0.494626870733958,-0.1459491161670944,0.03693941348471542
0.3549028882088867,0.5210177738000886,-0.13032223831645426,0.05872056209039325
0.3646975345415166,0.5425254916771737,-0.11309316416820514,0.0795471834096825
0.3705743223410945,0.560119427054594,-0.11247881569484412,0.09862912159631564
0.3588207467419387,0.5757600883563961,-0.12602550600691426,0.11534254627494729
0.3490261004093087,0.5874869671585337,-0.13078569728447034,0.129265516434708
0.3392008458068894,0.5962839348472438,-0.13855318811225625,0.14018549609600348
0.3352829872738374,0.6011743543847177,-0.15826863208328829,0.14808109954207724
0.3451082418762568,0.604104265498145,-0.1321059984461293,0.1530841993679598
0.3588207467419387,0.605080902535954,-0.1072697776651212,0.1554310090651796
0.3235294116746816,0.6060575395737632,-0.19476909256842956,0.15541155351999777
0.2901970058739504,0.605080902535954,-0.1661427282495258,0.15332603033570594
0.7705938002196577,0.6031276284603359,0.3049010343953267,0.14945422161191793
1.503906727835743,0.6001977173469085,0.9489186137065406,0.14404089343335516
1.503906727835743,0.5953072978094348,1.1315721439151731,0.13729669567358618
1.2921587174322002,0.590416878271961,0.6935923206766528,0.12941107625215323
0.5156881294129645,0.5835804190072973,0.1183553072030395,0.12057163175005052
0.4039067281418257,0.5747834513185871,-0.11517098801429415,0.11098343629101431
0.4098141242111931,0.5640259752058304,-0.07853286350393499,0.10088234570678624
0.3901942232761438,0.5522990964036929,-0.0737837560620045,0.09053796716816691
0.3705743223410945,0.539588346215318,-0.1230158902911678,0.08024456134652648
0.3549028882088867,0.5278614674131806,-0.13067517263772876,0.07030103409451531
0.3549028882088867,0.517103991300424,-0.12118492636502934,0.06098373220142917
0.3705743223410945,0.5073303865739046,-0.11691687361779898,0.05251743677061147
0.3803995769435139,0.4995100559230035,-0.10259829174864163,0.04505042662395326
0.3941120818091958,0.494626870733958,-0.08826502705676655,0.038638705646246684
0.4039067281418257,0.4916897252721025,-0.07897561822990258,0.03324263588561485
0.4156909120107711,0.4907130882342934,-0.06913395179725078,0.02873668812497762
0.419608770543823,0.4887598141586752,-0.062255644255849174,0.024930386252870078
0.4294034168764529,0.4868065400830569,-0.05428646275271848,0.021596420621769672
0.4451054592784502,0.4828927575833923,-0.03843297846040575,0.018500843603341224
0.4607768934106581,0.4789862094321558,-0.021884740455746385,0.015430417817219207
0.4745200065461294,0.4750724269324912,-0.009401022749728597,0.012213366482304191
0.4901914406783372,0.4701892417434457,0.008011168275591786,0.008731519254918394
0.5196059879460164,0.4652988222059719,0.03494799447703247,0.004923645948475049
0.5451026766806437,0.4623689110925446,0.06450379639144914,0.0007812259791714581
0.5843118702809528,0.4584551285928799,0.09717530930559282,-0.0036612066714538202
0.6196032053482099,0.4535647090554062,0.141941064694069,-0.00833869986986581
0.6803912291500942,0.4486815238663607,0.192090429178193,-0.013169199653188765
0.7098057764177734,0.4437911043288869,0.23065999680637692,-0.018065633287338154
0.7411792529519786,0.4398845561776505,0.25631201981538987,-0.022945362453069957
0.7548917578176605,0.4349941366401767,0.2733294622117943,-0.027736227698113604
0.7607991538870279,0.4310875884889403,0.27645927030738826,-0.03237909459275548
0.7450971114850305,0.4281504430270847,0.2643804685039557,-0.03682748849193458
0.7254772105499813,0.4252205319136574,0.24146734667466316,-0.04104545445228422
0.6901858754827241,0.4222906208002301,0.20773690408822237,-0.04500507946337081
0.6450998940828371,0.4183768383005654,0.16376428256125186,-0.048685039105510156
0.5960654458801087,0.4134864187630917,0.11243524023219795,-0.05207100155945077
0.5392258888810657,0.407626596536237,0.05748502527805825,-0.05515780808288584
0.4901914406783372,0.4037128140365724,0.008408144335221482,-0.05795232525838408
0.4549001056110801,0.400782902923145,-0.027816790758747732,-0.06047514892030424
0.4254855583434009,0.3998062658853359,-0.05621355666744007,-0.06275931214499458
0.3999888696087737,0.3998062658853359,-0.08140597751069509,-0.064844937281907
0.3843174354765659,0.3998062658853359,-0.09857480774188244,-0.06677015422170005
0.374522789143936,0.3998062658853359,-0.10546397629394605,-0.06856010901677721
0.374522789143936,0.3998062658853359,-0.108491937074238,-0.07021698681222531
0.3705743223410945,0.3988296288475269,-0.1100947141089462,-0.07171429146015815
0.374522789143936,0.3968691204234804,-0.10642189935245813,-0.0729980153960629
0.3803995769435139,0.3939392093100531,-0.1013435448254105,-0.0739958910859298
0.3803995769435139,0.3919859352344348,-0.10038266838133668,-0.07463394785945406
0.3843174354765659,0.3890487897725793,-0.09634154368013437,-0.0748575754759807
0.3941120818091958,0.3880721527347702,-0.08617532682542553,-0.07465273890439139
0.3999888696087737,0.3890487897725793,-0.08222182979705045,-0.07406232350492409
0.3901942232761438,0.3900326611588167,-0.08742859954141055,-0.07319303036816552
0.3941120818091958,0.392962572272244,-0.0893784382474619,-0.07220972690180551
0.3901942232761438,0.3949158463478622,-0.08647526037177868,-0.07131636302639645
0.3941120818091958,0.3958924833856713,-0.08908015546665371,-0.07072500920116843
0.3803995769435139,0.3968691204234804,-0.09676786897684647,-0.0706167880688776
0.3803995769435139,0.3978529918097178,-0.10030192662586987,-0.07110012437372819
0.3803995769435139,0.3988296288475269,-0.0996676524909281,-0.07217266476256846
0.374522789143936,0.3988296288475269,-0.10252887707633979,-0.07369334877523671
0.3705743223410945,0.3968691204234804,-0.11141082780239522,-0.07537037391306715
0.3549028882088867,0.3949158463478622,-0.12116914055832466,-0.07676914202320394
0.3549028882088867,0.3939392093100531,-0.12566998209408844,-0.0773417971590373
0.3549028882088867,0.3949158463478622,-0.12289281016157819,-0.07647697748799898
0.3646975345415166,0.3958924833856713,-0.11332384406306456,-0.07356534430044584
0.3803995769435139,0.3998062658853359,-0.09839445980608383,-0.06807373079438854
0.3941120818091958,0.4037128140365724,-0.08331971937087039,-0.05961870381247367
0.3999888696087737,0.4115331446874735,-0.07754828245002074,-0.04802927949051008
0.3901942232761438,0.4252205319136574,-0.08817709983174554,-0.03338885650934205
0.3646975345415166,0.4437911043288869,-0.11142186671015379,-0.016048464810591828
0.3451082418762568,0.4672520962815901,-0.13289327598403228,0.003392772633208984
0.3392008458068894,0.4926663623099116,-0.13753539386386182,0.024138961485378883
0.3549028882088867,0.5190644997244704,-0.12094678144890035,0.045274102072949726
0.3803995769435139,0.5435021287149827,-0.09786683757147298,0.06585311506737128
0.3803995769435139,0.5640259752058304,-0.09309941218399465,0.08499366562422318
0.3705743223410945,0.5796666365076326,-0.10834695791377932,0.10195524569253785
0.3549028882088867,0.5914007496581983,-0.12019820586249295,0.11619460140975114
0.3451082418762568,0.5992210803090994,-0.12612506404263565,0.12739121365474088
0.3549028882088867,0.6031276284603359,-0.12900284855924798,0.1354421046854608
0.3646975345415166,0.604104265498145,-0.10480662369741149,0.14043057222154176
0.374522789143936,0.6031276284603359,-0.09512813535155745,0.14257751762929632
0.3352829872738374,0.6031276284603359,-0.15219559744741978,0.14218612807553968
0.3941120818091958,0.6021509914225267,-0.07775079366172262,0.1395904937739058
0.8255050362219641,0.6001977173469085,0.37773708200318257,0.13511647544482183
1.503906727835743,0.5962839348472438,0.9697792877040551,0.12905944347921697
1.503906727835743,0.5923773866960075,1.1146976439972358,0.12167933117455546
1.227452835097264,0.5865103301207246,0.6630541513416593,0.11320970258295651
0.5098113416133866,0.5786899994698235,0.11017158837702132,0.10387492132267302
0.419608770543823,0.5689163947433042,-0.09018069419012137,0.09390842106919696
0.4254855583434009,0.5562056445549294,-0.04720499937754842,0.08356562214919526
0.4156909120107711,0.5435021287149827,-0.03976466535070031,0.07312697920269386
0.4098141242111931,0.5327446526022261,-0.0759372037638876,0.06288943220541333
0.3803995769435139,0.5210177738000886,-0.0886971054999705,0.053147450429329716
0.3705743223410945,0.5092836606495229,-0.0985531025682384,0.04416726823489511
0.374522789143936,0.5004866929608127,-0.09890700309294788,0.03615941849028336
0.3941120818091958,0.4936429993477207,-0.07762597267485155,0.029255097632559953
0.4039067281418257,0.487783177120866,-0.06601176099447033,0.023491209640082195
0.4039067281418257,0.4858226686968196,-0.06770679401780823,0.018807265467567457
0.4098141242111931,0.4838693946212014,-0.05967683540572684,0.015055008627473592
0.4254855583434009,0.4828927575833923,-0.04648009955589268,0.012019209311508404
0.4294034168764529,0.4809394835077741,-0.039244840012678445,0.00944606648451685
0.4392286714788723,0.4780023380459186,-0.030651311324218757,0.0070745151826566675
0.4549001056110801,0.4750724269324912,-0.015901918187674197,0.004665640183818355
0.4706021480130775,0.4711658787812548,0.002689990658125249,0.0020262286164555647
0.4941092992113892,0.4672520962815901,0.024546801383455257,-0.0009760891768987339
0.5156881294129645,0.4643221851681628,0.04653360445538153,-0.004407064636358791
0.5392258888810657,0.459431765630689,0.0707952265687951,-0.00826892495509737
0.5745172239483228,0.4545485804416435,0.10690753687869742,-0.01251070857842752
0.6196032053482099,0.4486815238663607,0.1504078939227414,-0.01704345217933482
0.654894540415467,0.4437911043288869,0.1875663029781455,-0.021757456282605926
0.6862680169496722,0.4398845561776505,0.2190138725765883,-0.02653889220779672
0.7156825642173513,0.4349941366401767,0.2477663967906578,-0.03128348626393266
0.7313846066193487,0.4310875884889403,0.26440510230321046,-0.035905840218298075
0.7313846066193487,0.4271738059892756,0.2647294882230131,-0.040343920994777266
0.7215593520169293,0.4232672578380392,0.25470976195273953,-0.04455915801378589
0.7000111300851435,0.4203301123761837,0.23380778625055043,-0.04853326200929438
0.6647197950178864,0.4164235642249472,0.1979699752972811,-0.05226322866458404
0.615685346815158,0.4125097817252826,0.15089762763871437,-0.05575596752860445
0.5646919693459035,0.407626596536237,0.09764828537308196,-0.059023615268563506
0.5058934830803345,0.4027361769987633,0.04132423771842977,-0.06207996182397007
0.4549001056110801,0.3998062658853359,-0.010415413186083588,-0.06493775813849602
0.4156909120107711,0.3968691204234804,-0.05010881412411704,-0.0676062545786054
0.3843174354765659,0.3949158463478622,-0.07903294936936056,-0.07008832712180224
0.3646975345415166,0.3939392093100531,-0.10163966451888018,-0.07237697751415192
0.3451082418762568,0.392962572272244,-0.1177152304787055,-0.07445164805042039
0.3392008458068894,0.3910092981966258,-0.12559288576125519,-0.07627538648957204
0.3392008458068894,0.3890487897725793,-0.12518842786244178,-0.07779417477916564
0.3451082418762568,0.3870955156969611,-0.1174804965788715,-0.07893956847273263
0.3549028882088867,0.386118878659152,-0.1094048617465296,-0.07963523924572322
0.3549028882088867,0.386118878659152,-0.10843959418363505,-0.07980726932527268
0.3549028882088867,0.3870955156969611,-0.1076940392660619,-0.07939732333583571
0.3646975345415166,0.3880721527347702,-0.09826252222626376,-0.07837722691309115
0.374522789143936,0.3880721527347702,-0.08870048297302632,-0.0767630035719206
0.374522789143936,0.3890487897725793,-0.08740968384355868,-0.07462602472463674
0.374522789143936,0.3900326611588167,-0.08788657656515672,-0.07209866229975104
0.374522789143936,0.3910092981966258,-0.08763739160402528,-0.06937187093650643
0.3705743223410945,0.3939392093100531,-0.09157070708065931,-0.06668267613909881
0.3646975345415166,0.3958924833856713,-0.0969217101761109,-0.06429072377569485
0.3588207467419387,0.3988296288475269,-0.10158168514307465,-0.06244480078651042
0.3549028882088867,0.4027361769987633,-0.1096914960337147,-0.06134232923465087
0.3392008458068894,0.4046894510743815,-0.11743775033923867,-0.06108688261486139
0.3451082418762568,0.4056660881121906,-0.11999485558849501,-0.06165031158583127
0.3352829872738374,0.4066499594984279,-0.12378681705081954,-0.06284664991266933
0.3294061994742595,0.4056660881121906,-0.13024992135275837,-0.06432429920872441
0.3352829872738374,0.4037128140365724,-0.12863969408614612,-0.0655809984203598
0.3392008458068894,0.4017595399609542,-0.11701483033844666,-0.06600295022769949
0.3549028882088867,0.3988296288475269,-0.10827817448806736,-0.06492560458483276
0.3549028882088867,0.3968691204234804,-0.10524818766241482,-0.06170960259552645
0.3588207467419387,0.3998062658853359,-0.0983943894100701,-0.05582203190582183
0.3646975345415166,0.4066499594984279,-0.09809412761922054,-0.04691123172643464
0.3392008458068894,0.4183768383005654,-0.11989401938853461,-0.034863508262497574
0.3137347653420516,0.4340174996023676,-0.14406252752481513,-0.019832442399323313
0.3137347653420516,0.4555252174794526,-0.14743518537502387,-0.002235630336472431
0.3235294116746816,0.4809394835077741,-0.13594718889424548,0.01728107821424392
0.3392008458068894,0.5044004754604773,-0.11914878736219499,0.03790650215822871
0.3451082418762568,0.524924321951325,-0.11262226190594514,0.05874462010790841
0.3352829872738374,0.545455402790601,-0.12744555555671286,0.07890069840845207
0.3235294116746816,0.5650026122436396,-0.13442090690109246,0.09756103563502944
0.3196115531416296,0.5806432735454417,-0.13141827981169826,0.11405618805624473
0.3235294116746816,0.5933540237338165,-0.14804157652511205,0.1279007892963936
0.3196115531416296,0.6011743543847177,-0.1374839511665144,0.13880708422465304
0.3235294116746816,0.605080902535954,-0.10943643015173686,0.14667351782653418
0.3352829872738374,0.6070414109600005,-0.16778078194489773,0.15155356361996128
0.2941148644070023,0.6070414109600005,-0.1371436085064431,0.15361279696498165
0.7254772105499813,0.605080902535954,0.2981222385661308,0.15308346834819153
1.503906727835743,0.6031276284603359,0.9433203307406408,0.15022525607595255
1.503906727835743,0.6001977173469085,1.1966534645976656,0.1452986150549178
1.4019505811670236,0.597260571885053,0.7920209203301862,0.13855368460352774
0.4941092992113892,0.5923773866960075,0.1395660232325918,0.13023382327651817
0.3196115531416296,0.5845570560451063,-0.1715410804528833,0.1205893681222259
0.3490261004093087,0.5757600883563961,-0.12643260830730185,0.10989495718744087
0.3392008458068894,0.5640259752058304,-0.09179988905491332,0.09846319920313991
0.3392008458068894,0.5493619509418374,-0.12784283579812497,0.08664868779726671
0.3451082418762568,0.5347051610262725,-0.12001993105900176,0.07483898691591119
0.3392008458068894,0.5190644997244704,-0.1101654030851586,0.06343258666888076
0.3352829872738374,0.5073303865739046,-0.12269707520565493,0.05280709619736329
0.3490261004093087,0.4975567818473854,-0.11446266519396228,0.043283300078164014
0.3549028882088867,0.4897364511964843,-0.09855724691954294,0.03509166221027467
0.3646975345415166,0.4819161205455832,-0.09201672683485691,0.028347379569493843
0.3803995769435139,0.4770257010081094,-0.08219178826249593,0.02303850710187478
0.3843174354765659,0.4740957898946821,-0.06894987493279991,0.019029454351516786
0.4039067281418257,0.473119152856873,-0.055113384491096214,0.016079679382269795
0.419608770543823,0.4721425158190639,-0.04032881932687526,0.013874996722383699
0.4254855583434009,0.4721425158190639,-0.028501739363172206,0.012066920225588099
0.4451054592784502,0.4711658787812548,-0.016165376489022817,0.01031423431058746
0.4607768934106581,0.4692053703572084,0.004819798797378368,0.008320776047832195
0.4941092992113892,0.4652988222059719,0.036151146001888845,0.005864267932371041
0.5353080303480138,0.4604084026684982,0.07618466784876515,0.002812800883478014
0.5803940117479008,0.4545485804416435,0.12410434740540788,-0.0008721366309378684
0.6353052477502072,0.4486815238663607,0.17593922643427495,-0.005144852519156346
0.6803912291500942,0.4428144672910778,0.22334793494164662,-0.009893765748247133
0.7215593520169293,0.437924047753604,0.2623919551343106,-0.014964693635081634
0.7509738992846084,0.4340174996023676,0.29443091174901614,-0.020184871563074084
0.7764705880192357,0.4291270800648938,0.3163215626644492,-0.025384202464223862
0.7803884465522877,0.4252205319136574,0.32377588093385756,-0.030411479841492985
0.7764705880192357,0.4213067494139927,0.31716525222608594,-0.03514468947226022
0.7509738992846084,0.4164235642249472,0.29304572001727747,-0.03949564325016217
0.7058879178847215,0.4125097817252826,0.24702716457130022,-0.0434099509623582
0.6450998940828371,0.4086032335740461,0.18679666187739893,-0.04686366027564973
0.5803940117479008,0.4056660881121906,0.12178820939000244,-0.0498578786590548
0.5098113416133866,0.4027361769987633,0.050951420116553514,-0.052412475151449124
0.4392286714788723,0.3998062658853359,-0.020068174209244585,-0.054559666716706735
0.3843174354765659,0.3978529918097178,-0.07338530902057411,-0.05633799835487557
0.3549028882088867,0.3958924833856713,-0.10539884037214751,-0.05778698281267469
0.3294061994742595,0.3949158463478622,-0.12928127317915347,-0.058942527990143795
0.3098169068089997,0.3949158463478622,-0.14908775134434601,-0.05983327718259552
0.2999916522065803,0.3939392093100531,-0.1595812105201249,-0.06047809007663956
0.2999916522065803,0.392962572272244,-0.16015195163584942,-0.06088501318149038
0.3039095107396323,0.3939392093100531,-0.1544475299525451,-0.06105213121447635
0.3098169068089997,0.3939392093100531,-0.1503437501369661,-0.0609706134583263
0.3098169068089997,0.3949158463478622,-0.15148155957018394,-0.060630079315677265
0.3098169068089997,0.3949158463478622,-0.14715466631489466,-0.06002610561390255
0.3294061994742595,0.3958924833856713,-0.13350449615283236,-0.05916926756094381
0.3352829872738374,0.3958924833856713,-0.12375609756293267,-0.058094568295814775
0.3392008458068894,0.3958924833856713,-0.12084483101459989,-0.05686956620159991
0.3451082418762568,0.3958924833856713,-0.11608076885840264,-0.05559910680418358
0.3490261004093087,0.3958924833856713,-0.11146686732954558,-0.05442448106317996
0.3490261004093087,0.3978529918097178,-0.11150433982278533,-0.05351522099121262
0.3490261004093087,0.3978529918097178,-0.1121892144028798,-0.05305267820444573
0.3490261004093087,0.3988296288475269,-0.11188331915790276,-0.05320592644825795
0.3490261004093087,0.3998062658853359,-0.11280904721763917,-0.05410214275201337
0.3451082418762568,0.3998062658853359,-0.11500628373367083,-0.05579512898249619
0.3451082418762568,0.3978529918097178,-0.11823956574696955,-0.058236706303680566
0.3392008458068894,0.3949158463478622,-0.12114089983168377,-0.06125606704914192
0.3392008458068894,0.3919859352344348,-0.12311619582260054,-0.0645516473769988
0.3352829872738374,0.3890487897725793,-0.12705436350943705,-0.06769873901670397
0.3352829872738374,0.386118878659152,-0.1270564828400616,-0.07017410980178142
0.3490261004093087,0.3831889675457247,-0.11249808286589849,-0.07139662782788274
0.3705743223410945,0.3831889675457247,-0.09274138235437777,-0.07078055695595065
0.3803995769435139,0.3841656045835338,-0.0831765472758561,-0.06779610531176178
0.3803995769435139,0.3890487897725793,-0.08029381325750763,-0.062030280130484845
0.3803995769435139,0.3958924833856713,-0.0845403130397921,-0.053240408877993216
0.3588207467419387,0.4056660881121906,-0.10475595871282818,-0.04139300332487464
0.3352829872738374,0.4203301123761837,-0.12636110656485122,-0.026682036740388552
0.3352829872738374,0.4398845561776505,-0.1295754552812936,-0.009523138665621225
0.3451082418762568,0.4623689110925446,-0.11951190283783968,0.009476508572531869
0.3549028882088867,0.4858226686968196,-0.1077998325684269,0.029569121311672705
0.3588207467419387,0.5092836606495229,-0.10440260824201819,0.0499313377543755
0.3588207467419387,0.5298147414887988,-0.10954474083978996,0.06973434252939219
0.3549028882088867,0.5483853139040282,-0.10742482566998385,0.08820961329203188
0.3451082418762568,0.5630493381680214,-0.11310041247792187,0.10470210039611239
0.3490261004093087,0.5737995799323498,-0.13184016861225525,0.11870539941799531
0.3451082418762568,0.5816199105832508,-0.1085123533381211,0.12987701026912504
0.3549028882088867,0.5894402412341518,-0.09776996631245277,0.13803527352878886
0.3196115531416296,0.5943306607716257,-0.1870484315738042,0.1431422764293705
0.2999916522065803,0.5953072978094348,-0.11998411427933298,0.14527845993392202
0.8705910176218512,0.5943306607716257,0.3890039358025007,0.14461477880548107
1.503906727835743,0.5923773866960075,1.0052776634470888,0.14138731665419774
1.503906727835743,0.5894402412341518,1.1102650229013056,0.135877571406406
1.1823668536973768,0.5835804190072973,0.6280580109617305,0.12839954640572165
0.4745200065461294,0.5757600883563961,0.08014307907899958,0.11929272269896618
0.3941120818091958,0.566963120667686,-0.10858582454518517,0.10891840938128729
0.4039067281418257,0.5562056445549294,-0.06193623673424479,0.09765621638213903
0.3941120818091958,0.5435021287149827,-0.06081638796598394,0.08589757961721133
0.374522789143936,0.531768015564417,-0.0999369100660027,0.07403428459275813
0.3705743223410945,0.5180806283382331,-0.09901132409891289,0.062441516396758344
0.3705743223410945,0.5044004754604773,-0.0937656732161557,0.0514567422433705
0.374522789143936,0.4936429993477207,-0.09305355215801797,0.0413572923099085
0.3941120818091958,0.4838693946212014,-0.0774114129485649,0.032340450058098096
0.3999888696087737,0.4760490639703003,-0.06679701423423169,0.02450990890098713
0.4039067281418257,0.4711658787812548,-0.0630557304772685,0.01787153550796415
0.419608770543823,0.4682287333193992,-0.051974944305949684,0.012339708098414332
0.4254855583434009,0.466275459243781,-0.042811234277584834,0.007753485124096956
0.4294034168764529,0.4633455481303537,-0.03772064294853506,0.003900024830018736
0.4451054592784502,0.459431765630689,-0.027257521709811765,0.0005415133071175315
0.4549001056110801,0.4545485804416435,-0.013028014250046176,-0.002558345214201388
0.4745200065461294,0.4506347979419788,0.005007388549954137,-0.005611532508768067
0.4999860870109672,0.4477048868285516,0.029218775313571217,-0.008788674075436227
0.5254827757455944,0.4437911043288869,0.0552995452151537,-0.012208586962462869
0.5548973230132735,0.4408611932154596,0.08593890295073787,-0.015934333974623082
0.6000139126829501,0.437924047753604,0.12781145024844462,-0.01997515552389567
0.6450998940828371,0.4340174996023676,0.17560507072383946,-0.024293374534977777
0.6901858754827241,0.4291270800648938,0.21909692517464607,-0.028815199228120324
0.7254772105499813,0.4242438948758483,0.2545234047237286,-0.03344415099022499
0.7548917578176605,0.4193534753383746,0.28291183885669374,-0.0380755882204874
0.7705938002196577,0.4134864187630917,0.3014867790891271,-0.042610571517095394
0.7764705880192357,0.4095798706118552,0.3019558910783191,-0.04696727150583465
0.7548917578176605,0.4056660881121906,0.28555522484982476,-0.05108838392361784
0.7353024651524006,0.4037128140365724,0.2630665427070197,-0.054943629110353866
0.7058879178847215,0.400782902923145,0.23262703111281968,-0.05852729090303968
0.654894540415467,0.3988296288475269,0.18443250125086894,-0.06185167917748922
0.5960654458801087,0.3958924833856713,0.12301260961458177,-0.06493811364770302
0.5353080303480138,0.3919859352344348,0.06222218187809656,-0.06780732756505534
0.4803967943457073,0.3890487897725793,0.009376867880969177,-0.07047104210881254
0.4392286714788723,0.3870955156969611,-0.034925815134728484,-0.07292599791136681
0.4039067281418257,0.3851422416213429,-0.0689490705419922,-0.07515117123284926
0.3803995769435139,0.3841656045835338,-0.09088280095349838,-0.077108422975522
0.3705743223410945,0.3822123305079156,-0.10541920992552883,-0.07874646338153661
0.3549028882088867,0.3812284591216783,-0.11602440757813803,-0.08000769487552321
0.3549028882088867,0.37927518504606,-0.11967594750677629,-0.08083716034300556
0.3549028882088867,0.37927518504606,-0.11842587195902093,-0.08119249921234399
0.3588207467419387,0.3802518220838691,-0.11562935422546197,-0.08105359853054157
0.3646975345415166,0.3812284591216783,-0.10729976701387653,-0.08043061708076635
0.3803995769435139,0.3822123305079156,-0.09616833786380329,-0.07936926604795388
0.3803995769435139,0.3841656045835338,-0.09143906181111594,-0.07795256285023011
0.3843174354765659,0.3870955156969611,-0.09168291631436026,-0.0762986327471872
0.3803995769435139,0.3890487897725793,-0.09210183875743957,-0.07455445747954646
0.3843174354765659,0.3900326611588167,-0.09287079715710063,-0.07288572373754441
0.3803995769435139,0.3900326611588167,-0.09099527656666638,-0.07146307166033099
0.3901942232761438,0.3910092981966258,-0.08717935864897525,-0.0704451159409928
0.3843174354765659,0.3910092981966258,-0.08917248946669333,-0.06995875414252588
0.3803995769435139,0.3910092981966258,-0.09515125905315341,-0.07007766672344001
0.374522789143936,0.3919859352344348,-0.09951572135051406,-0.07080062239701834
0.3705743223410945,0.3939392093100531,-0.10635905849033878,-0.07203212989185834
0.3588207467419387,0.3949158463478622,-0.11507038573863032,-0.07356886386744922
0.3549028882088867,0.3949158463478622,-0.12006533782624718,-0.07509576028416996
0.3549028882088867,0.3939392093100531,-0.12245139828643056,-0.07619532911959477
0.3588207467419387,0.392962572272244,-0.11577258163712419,-0.07637234873877195
0.3803995769435139,0.392962572272244,-0.09277554544200699,-0.07509379847556054
0.4156909120107711,0.3939392093100531,-0.06578649906103184,-0.07184108656942544
0.4254855583434009,0.3978529918097178,-0.04499836427683505,-0.06616893468239614
0.4451054592784502,0.4027361769987633,-0.03131289073952789,-0.0577632734589417
0.4549001056110801,0.4125097817252826,-0.026539835932926848,-0.046489657895878986
0.4490233178115022,0.4271738059892756,-0.01981385317147635,-0.0324243356823428
0.4607768934106581,0.4467282497907424,-0.01814049329760097,-0.015862280352821754
0.4254855583434009,0.4711658787812548,-0.05475332356588194,0.0027000193584359165
0.3588207467419387,0.4936429993477207,-0.11115736839160284,0.022605113681012614
0.3352829872738374,0.5131974431491875,-0.14319408400464861,0.043092823366566245
0.3196115531416296,0.5337212896400352,-0.15984406614755126,0.06336795876560963
0.3098169068089997,0.5552290075171202,-0.16492301554126176,0.08266845848811029
0.3137347653420516,0.5747834513185871,-0.15797614665905557,0.10032546546447255
0.3098169068089997,0.5894402412341518,-0.17204812875415526,0.11580848760893717
0.3235294116746816,0.6011743543847177,-0.1640405448116319,0.128751173372901
0.3196115531416296,0.6089946850356187,-0.12254782573163162,0.1389561846294323
0.3235294116746816,0.6138778702246642,-0.1902928959798475,0.1463808330900443
0.2490288830071153,0.6177916527243289,-0.23041607587444216,0.15110800172409283
0.5901886580805307,0.6197449267999471,0.18300100463751767,0.15330881587826523
1.503906727835743,0.6197449267999471,0.9006299760023496,0.15320419822240205
1.503906727835743,0.6168150156865198,1.1743180877596031,0.1510318097070142
1.3431520949014546,0.6138778702246642,0.7345223290911269,0.1470231897025795
0.5156881294129645,0.6099713220734279,0.12692225136252683,0.14139351682487478
0.3941120818091958,0.6070414109600005,-0.11668560872261154,0.1343436818029366
0.3999888696087737,0.6021509914225267,-0.08514165510121399,0.1260717076800539
0.3705743223410945,0.5943306607716257,-0.0862403601348996,0.1167884901721428
0.3451082418762568,0.5855336930829155,-0.14122143956729144,0.10673190055512592
0.3235294116746816,0.5737995799323498,-0.15957183563930438,0.09617382247401902
0.3137347653420516,0.560119427054594,-0.1528529474452373,0.08541660968453436
0.3451082418762568,0.54643203982841,-0.13731102529916864,0.074778275165036
0.3588207467419387,0.5347051610262725,-0.12051935009452569,0.06456871341593316
0.3549028882088867,0.523947684913516,-0.11827587215610692,0.055061629426060923
0.3646975345415166,0.5141740801869966,-0.11366185174309597,0.0464680067001496
0.3803995769435139,0.5073303865739046,-0.09925444706753567,0.038916666711678136
0.3843174354765659,0.5044004754604773,-0.09078596999919171,0.03244589054288736
0.3941120818091958,0.5024472013848591,-0.08233225693022991,0.027007590293580516
0.4156909120107711,0.5004866929608127,-0.06550336763873124,0.022482736096492057
0.4254855583434009,0.4975567818473854,-0.047763351642688086,0.018704393048948782
0.4490233178115022,0.494626870733958,-0.030043179595962477,0.015483432979832894
0.4706021480130775,0.4907130882342934,-0.008127822574564776,0.012632027007494924
0.4941092992113892,0.4868065400830569,0.01980277577750571,0.009981220410531655
0.5353080303480138,0.4828927575833923,0.05555194612758722,0.007390767330648798
0.5745172239483228,0.4789862094321558,0.09730082652800713,0.004751402673291761
0.615685346815158,0.4750724269324912,0.14052913666617686,0.0019813717667643447
0.6607713282150449,0.4721425158190639,0.18045225327631997,-0.0009799977609241232
0.6901858754827241,0.4701892417434457,0.21482270161032824,-0.00417874986054371
0.7215593520169293,0.4682287333193992,0.2441443197717974,-0.007650462064411684
0.7411792529519786,0.4652988222059719,0.2631839983564251,-0.011420934079138502
0.7450971114850305,0.4623689110925446,0.26744798461030717,-0.0155035112156428
0.7353024651524006,0.4584551285928799,0.26062645178778765,-0.019894230667690624
0.7215593520169293,0.4545485804416435,0.24050491774266566,-0.02456661709815349
0.6764733706170423,0.4506347979419788,0.20211953121177248,-0.029468082400254895
0.6293978516808398,0.444767741366696,0.1522102800161402,-0.03451954037281056
0.5803940117479008,0.4389079191398414,0.10040462391086893,-0.03961911876075473
0.5254827757455944,0.4330408625645585,0.0524063939712845,-0.04464987925587848
0.4901914406783372,0.4271738059892756,0.009980361996393352,-0.04949045808936265
0.4451054592784502,0.4222906208002301,-0.030766852598149107,-0.05402677938396738
0.4098141242111931,0.4183768383005654,-0.06682873714367171,-0.05816268613092214
0.3901942232761438,0.4154469271871381,-0.08766046371432076,-0.06182756539688611
0.3803995769435139,0.4125097817252826,-0.09584635205852973,-0.06497974942307755
0.374522789143936,0.4115331446874735,-0.10257213579490157,-0.06760546632395474
0.3705743223410945,0.4105565076496644,-0.10687879142868469,-0.06971415106857831
0.3705743223410945,0.4105565076496644,-0.10467894950297146,-0.07133177205192819
0.374522789143936,0.4095798706118552,-0.10426700840163292,-0.07249427590262726
0.3646975345415166,0.4086032335740461,-0.11052600561073328,-0.07324315802603498
0.3646975345415166,0.407626596536237,-0.11223866981704776,-0.07362450273649196
0.374522789143936,0.4066499594984279,-0.10298213781393548,-0.0736917443520014
0.3803995769435139,0.4056660881121906,-0.0947179555554803,-0.07351115430950264
0.3803995769435139,0.4046894510743815,-0.09727170459182154,-0.07316797592758383
0.374522789143936,0.4046894510743815,-0.10201956294432749,-0.07277048041768105
0.374522789143936,0.4056660881121906,-0.10003746352429958,-0.07244918577126326
0.3803995769435139,0.4056660881121906,-0.09889893615763287,-0.07234911501421414
0.3705743223410945,0.4056660881121906,-0.10303575424455069,-0.07261416411416101
0.374522789143936,0.4056660881121906,-0.1032876371109704,-0.07336416934963913
0.374522789143936,0.4046894510743815,-0.1004595697296436,-0.07466684723798385
0.374522789143936,0.4046894510743815,-0.10347418764674846,-0.07650820723790024
0.3646975345415166,0.4037128140365724,-0.10865396214615992,-0.07876612373347931
0.3646975345415166,0.4037128140365724,-0.11324634197163627,-0.08119231399500305
0.3549028882088867,0.4027361769987633,-0.12103898717742997,-0.08340781018570091
0.3490261004093087,0.4017595399609542,-0.12507275417792216,-0.08491597306094611
0.3549028882088867,0.4017595399609542,-0.1222391035328585,-0.08513511311193804
0.3549028882088867,0.4017595399609542,-0.12113877915066915,-0.0834499819662373
0.3588207467419387,0.4037128140365724,-0.11518175153062506,-0.07927810239440812
0.3803995769435139,0.4056660881121906,-0.09619697464017861,-0.07214362604677296
0.3941120818091958,0.4105565076496644,-0.08128058941541531,-0.06174877577397642
0.3941120818091958,0.4222906208002301,-0.08160301950635461,-0.048031644417593056
0.3843174354765659,0.4398845561776505,-0.0887499409825186,-0.03119982197697431
0.374522789143936,0.4633455481303537,-0.10426442437808664,-0.01173230982538168
0.3451082418762568,0.4887598141586752,-0.12717897587634536,0.009652875187295398
0.3392008458068894,0.5161273542626148,-0.13616669613213372,0.03206210423423799
0.3549028882088867,0.5425254916771737,-0.12151168401547892,0.05451174268249016
0.374522789143936,0.566963120667686,-0.09940147762642057,0.07602328496316879
0.3803995769435139,0.5874869671585337,-0.0928297022220345,0.09571389994291475
0.3705743223410945,0.6031276284603359,-0.10679854107918701,0.11286948402366138
0.3588207467419387,0.6138778702246642,-0.11618939712531132,0.12699088970367853
0.3490261004093087,0.6197449267999471,-0.1189595520505791,0.13780915645113115
0.3451082418762568,0.6226748379133744,-0.13633571853741375,0.14527123118436583
0.3549028882088867,0.6236587092996118,-0.12520863933850038,0.14950263776058892
0.3549028882088867,0.6246353463374209,-0.09292375213432086,0.1507568198456209
0.3549028882088867,0.6246353463374209,-0.15000176145999872,0.1493618570378764
0.3235294116746816,0.6226748379133744,-0.15298857653485093,0.14567395715824047
0.6411820355497851,0.618768289762138,0.236250127845699,0.14004413755820075
1.503906727835743,0.6138778702246642,0.8922372880116092,0.13280071634217436
1.503906727835743,0.6089946850356187,1.207076535429857,0.124246520326386
1.4882352937035352,0.6011743543847177,0.8476237982452678,0.11466675641008879
0.5607741108128516,0.5914007496581983,0.19803999083855064,0.10434174573851836
0.3803995769435139,0.5786899994698235,-0.1287033882768248,0.0935584375298187
0.3999888696087737,0.5659792492814486,-0.09038166025228977,0.08261576353855812
0.3901942232761438,0.5542523704793112,-0.0551660300499322,0.0718210669800607
0.3803995769435139,0.5425254916771737,-0.10303991595640853,0.061477396259712956
0.3646975345415166,0.5307913785266078,-0.11491381556534999,0.05186376420567587
0.3549028882088867,0.5210177738000886,-0.10850972861983116,0.04321212038203198
0.3646975345415166,0.5131974431491875,-0.10977816778245655,0.035685566357672206
0.3803995769435139,0.5063537495360956,-0.09712238288112929,0.029362195415012785
0.3803995769435139,0.5024472013848591,-0.08619937940827369,0.02422791427447001
0.3941120818091958,0.5004866929608127,-0.08100483430448491,0.02017991358956845
0.4039067281418257,0.4995100559230035,-0.06777927307656068,0.01704044856617386
0.4156909120107711,0.4975567818473854,-0.05681340253629027,0.014578713647302783
0.419608770543823,0.4956035077717671,-0.05100615611644532,0.01253728513291393
0.4352802046760309,0.4926663623099116,-0.03766931505843497,0.010659149391313572
0.4549001056110801,0.4897364511964843,-0.017017282987134855,0.008711738841866247
0.4745200065461294,0.4868065400830569,0.004707513960215213,0.006505405756984228
0.4999860870109672,0.4838693946212014,0.02635418380360345,0.0039050030526967218
0.5196059879460164,0.479962846469965,0.04998809924259405,0.0008343906956032434
0.5548973230132735,0.4760490639703003,0.08265878504724262,-0.0027254372378531892
0.5960654458801087,0.473119152856873,0.12636993112405215,-0.00674336191680921
0.6450998940828371,0.4692053703572084,0.1718030719656273,-0.011148797311488413
0.6803912291500942,0.4633455481303537,0.21296090622305425,-0.01584447623719144
0.7254772105499813,0.4584551285928799,0.2515668317639318,-0.020719896431722163
0.7548917578176605,0.4525880720175971,0.28631947124492346,-0.0256640019099594
0.7803884465522877,0.4467282497907424,0.31017743385465496,-0.03057573846685324
0.7901830928849176,0.4418378302532686,0.3179951723991729,-0.035371317555268664
0.7803884465522877,0.4369474107157949,0.3126226814861021,-0.03998744696768255
0.7666759416866058,0.4340174996023676,0.2955564680407805,-0.04438045838433085
0.7313846066193487,0.4320642255267494,0.2610062492931438,-0.04852209478232015
0.6803912291500942,0.4291270800648938,0.21192242235062755,-0.05239350966189061
0.6293978516808398,0.4252205319136574,0.1593391261779552,-0.055979481576823226
0.5745172239483228,0.4203301123761837,0.10444416301752676,-0.05926470229097093
0.5156881294129645,0.4154469271871381,0.04720171384532526,-0.06223320502139635
0.46469475194371,0.4105565076496644,-0.004162982834010787,-0.0648708075595061
0.4254855583434009,0.407626596536237,-0.04522144191978068,-0.06716930137103141
0.3901942232761438,0.4056660881121906,-0.07668528902197547,-0.06913045800051948
0.3705743223410945,0.4037128140365724,-0.09889891944339357,-0.07076798316881343
0.3588207467419387,0.4046894510743815,-0.11112777382959246,-0.07210628542486337
0.3549028882088867,0.4046894510743815,-0.1110994905780089,-0.07317607254328751
0.3646975345415166,0.4046894510743815,-0.10510263414015562,-0.07400796504165294
0.3646975345415166,0.4046894510743815,-0.10466662422683863,-0.0746261426084479
0.3588207467419387,0.4037128140365724,-0.10586828534655238,-0.07504424666695389
0.3705743223410945,0.4027361769987633,-0.10086879222757732,-0.07526528167701417
0.3705743223410945,0.4017595399609542,-0.0954972729827855,-0.07528622861964954
0.374522789143936,0.400782902923145,-0.0927332138052679,-0.07510678118819299
0.3803995769435139,0.3998062658853359,-0.08859939667430616,-0.074740353116808
0.3803995769435139,0.3988296288475269,-0.08568105354243669,-0.07422456239047125
0.3803995769435139,0.3988296288475269,-0.08753699691879055,-0.07362797854385857
0.374522789143936,0.3978529918097178,-0.09221465516409848,-0.07305014250855497
0.3705743223410945,0.3988296288475269,-0.09711229901459277,-0.07261276250157461
0.3646975345415166,0.3998062658853359,-0.10087606057820925,-0.07244147693579808
0.3646975345415166,0.3998062658853359,-0.10361884610585709,-0.07263946326502223
0.3588207467419387,0.4017595399609542,-0.10655936129799845,-0.07325615653223566
0.3549028882088867,0.4027361769987633,-0.11190172532693946,-0.07425605035144928
0.3451082418762568,0.4037128140365724,-0.1216163715673228,-0.0754936084108838
0.3352829872738374,0.4037128140365724,-0.13060825240131874,-0.07670038391338957
0.3352829872738374,0.4017595399609542,-0.13039270572286196,-0.07748930055877862
0.3451082418762568,0.3988296288475269,-0.12176900082619872,-0.07737867988209726
0.3549028882088867,0.3978529918097178,-0.11056269166519174,-0.07583531712688191
0.3646975345415166,0.3988296288475269,-0.09981612178239763,-0.07233234305342161
0.374522789143936,0.4017595399609542,-0.09387437441029253,-0.06641454495940302
0.3646975345415166,0.407626596536237,-0.09747674394857705,-0.05776193242716798
0.3549028882088867,0.4193534753383746,-0.11258994071228753,-0.04624201987881516
0.3294061994742595,0.4359707736779858,-0.13580879427053888,-0.031942652483231436
0.3098169068089997,0.4535647090554062,-0.15352415705166755,-0.015180007838522866
0.3137347653420516,0.4721425158190639,-0.15349620735491937,0.003519877510312637
0.3235294116746816,0.494626870733958,-0.13969370817240753,0.023463814249689262
0.3392008458068894,0.517103991300424,-0.12689048286786134,0.043852739846244194
0.3352829872738374,0.539588346215318,-0.1267406161623328,0.06385339685709676
0.3352829872738374,0.5591427900167849,-0.13474292488805573,0.08267090677620606
0.3137347653420516,0.5757600883563961,-0.14347477388205587,0.09961282198598549
0.3098169068089997,0.5894402412341518,-0.15827692826637826,0.11413681023833554
0.3098169068089997,0.5992210803090994,-0.16015526949734524,0.12587696462844697
0.3137347653420516,0.605080902535954,-0.13561046976919985,0.1346473387768733
0.3294061994742595,0.6080180479978096,-0.147169385248636,0.14042503891989233
0.2999916522065803,0.6070414109600005,-0.1687826480555634,0.1433184084536476
0.4803967943457073,0.605080902535954,0.04655116860034775,0.14352793992467877
1.1215788298954923,0.6021509914225267,0.6061309028586729,0.14130812168767784
1.503906727835743,0.5992210803090994,1.1020451922624233,0.13693729793390863
1.503906727835743,0.5962839348472438,0.9885901702288966,0.13069996665044697
0.800008347487337,0.5933540237338165,0.35717832046298237,0.12288232579441623
0.3196115531416296,0.5874869671585337,-0.12971304464825822,0.11377817943150494
0.3098169068089997,0.5796666365076326,-0.1807409676578336,0.10369950942314714
0.3392008458068894,0.5679397577054951,-0.10885086607678604,0.09298489298847176
0.3352829872738374,0.5542523704793112,-0.12412078086080273,0.08199982830884436
0.3352829872738374,0.538611709177509,-0.13906820987691265,0.07112564626288476
0.3294061994742595,0.523947684913516,-0.12639617677563325,0.0607372382953756
0.3352829872738374,0.5122208061113784,-0.12807299023449872,0.05117325007059337
0.3352829872738374,0.5034238384226682,-0.12899888592418657,0.04270468724614767
0.3451082418762568,0.4965801448095762,-0.1181873269563782,0.03550847004126168
0.3549028882088867,0.4926663623099116,-0.10490167147228338,0.029651352035047894
0.374522789143936,0.4897364511964843,-0.09047396011732001,0.02508727826850749
0.3803995769435139,0.4887598141586752,-0.0817542963699865,0.021668430699040418
0.3843174354765659,0.487783177120866,-0.07695348652234926,0.019167614069696522
0.3999888696087737,0.4848460316590105,-0.06302606708300819,0.0173078245219201
0.419608770543823,0.4828927575833923,-0.04344914352921096,0.01579411659392908
0.4352802046760309,0.4809394835077741,-0.02531285970512553,0.014343234325084345
0.4607768934106581,0.4780023380459186,-0.002932125870633854,0.012707614294534214
0.4843146528787593,0.4740957898946821,0.023726358541118823,0.010691892003072597
0.5156881294129645,0.4701892417434457,0.05134716667926649,0.00816157448168535
0.5451026766806437,0.466275459243781,0.08636583626024989,0.005044792147320934
0.5960654458801087,0.4633455481303537,0.13107124784175242,0.0013287963477040367
0.6411820355497851,0.459431765630689,0.1803188999447088,-0.0029469684195908394
0.6901858754827241,0.4555252174794526,0.22999444390950707,-0.007699722849634634
0.7353024651524006,0.4506347979419788,0.27046674140605176,-0.012813222437017416
0.7548917578176605,0.4457443784045051,0.29498878058468825,-0.018148245627102412
0.7705938002196577,0.4398845561776505,0.30983112523967393,-0.023553585607703043
0.7803884465522877,0.4340174996023676,0.31533105670436745,-0.02887739603400543
0.7607991538870279,0.4271738059892756,0.3028820644820603,-0.033978448804636845
0.7353024651524006,0.4222906208002301,0.2714970403114811,-0.03873645639878553
0.6862680169496722,0.4164235642249472,0.22469581228804333,-0.043060286712548725
0.6254799931477878,0.4125097817252826,0.16518256853414742,-0.04689283590472607
0.5607741108128516,0.4095798706118552,0.09816894027218752,-0.050211622716479894
0.4941092992113892,0.4066499594984279,0.03249380408418808,-0.05302480811266931
0.4392286714788723,0.4056660881121906,-0.021285525097882306,-0.055363200711385736
0.3999888696087737,0.4056660881121906,-0.062163248203962226,-0.057269677940717974
0.3646975345415166,0.4037128140365724,-0.097154381949206,-0.05878809651462703
0.3392008458068894,0.4017595399609542,-0.12118990529603826,-0.05995396126263764
0.3352829872738374,0.3998062658853359,-0.1269091737818811,-0.06078874856658051
0.3352829872738374,0.3978529918097178,-0.1256135209073244,-0.06129892174430527
0.3352829872738374,0.3968691204234804,-0.12758601412765325,-0.061479613155823745
0.3294061994742595,0.3978529918097178,-0.12853754819408275,-0.061322019440257065
0.3392008458068894,0.3978529918097178,-0.12701833080312283,-0.06082298600417175
0.3352829872738374,0.3988296288475269,-0.12183450010797053,-0.05999507821130167
0.3549028882088867,0.3998062658853359,-0.10866428997324537,-0.058875534200841434
0.3646975345415166,0.400782902923145,-0.09607757248326128,-0.057532720327322984
0.3705743223410945,0.4017595399609542,-0.09178275066182341,-0.056068980181258124
0.3705743223410945,0.4037128140365724,-0.08816846999880842,-0.05461906859098092
0.3803995769435139,0.4037128140365724,-0.08437799696596378,-0.053343708446796714
0.374522789143936,0.4046894510743815,-0.08502646777158994,-0.05241821003959659
0.374522789143936,0.4046894510743815,-0.08578389777495748,-0.05201654688001993
0.374522789143936,0.4046894510743815,-0.09004626416270145,-0.05229178420926078
0.3549028882088867,0.4037128140365724,-0.10346256371234758,-0.05335429223079277
0.3490261004093087,0.4017595399609542,-0.11411190022955914,-0.05524969253835929
0.3451082418762568,0.3988296288475269,-0.11543391732070724,-0.057938893498000854
0.3451082418762568,0.3958924833856713,-0.11777949147734235,-0.061282785506126355
0.3352829872738374,0.392962572272244,-0.12387425627237827,-0.06503414745335095
0.3352829872738374,0.3900326611588167,-0.128708500490234,-0.06883904205895175
0.3294061994742595,0.386118878659152,-0.13039291830061733,-0.07224941253849987
0.3392008458068894,0.3841656045835338,-0.12333897855533128,-0.07474768289502091
0.3549028882088867,0.3831889675457247,-0.10572544625263106,-0.07578290309167457
0.374522789143936,0.3831889675457247,-0.0883332253442191,-0.07481645924284516
0.3803995769435139,0.3851422416213429,-0.08046525264607875,-0.0713737547856139
0.374522789143936,0.3890487897725793,-0.08621188465429473,-0.06509677303012958
0.3588207467419387,0.3958924833856713,-0.10568205556255467,-0.05579132243387293
0.3352829872738374,0.4056660881121906,-0.12334702960812391,-0.04346236749864887
0.3392008458068894,0.4203301123761837,-0.12380512969800331,-0.02833146938279749
0.3490261004093087,0.4389079191398414,-0.11386933072660228,-0.010832174861071535
0.3549028882088867,0.4613850397063073,-0.10559253174592927,0.008417884686770141
0.3549028882088867,0.4858226686968196,-0.10551258585672241,0.02866581508306665
0.3549028882088867,0.5092836606495229,-0.11174272687940517,0.04908727525226814
0.3451082418762568,0.5298147414887988,-0.11313810186360349,0.06885671612235028
0.3352829872738374,0.5474086768662192,-0.12288818710571343,0.08721443800226852
0.3352829872738374,0.5630493381680214,-0.13843471514018815,0.10352169543507728
0.3451082418762568,0.5757600883563961,-0.10974371462570126,0.11729750492517999
0.3490261004093087,0.5845570560451063,-0.0978432661946603,0.12823419687137064
0.3196115531416296,0.5884636041963428,-0.18348169898448086,0.13619238880577886
0.3039095107396323,0.5914007496581983,-0.11502032463280987,0.14117931857275787
0.8568479044863799,0.5923773866960075,0.3837128042293679,0.14331682863269207
1.503906727835743,0.590416878271961,1.0007370893531855,0.14280631358926457
1.503906727835743,0.5884636041963428,1.1270531381061384,0.13989744992068104
1.2019561463626367,0.5855336930829155,0.6374047837701204,0.13486567094994717
0.4156909120107711,0.5816199105832508,0.035863483384744516,0.12800057065536682
0.3137347653420516,0.5757600883563961,-0.18706023172533934,0.119604340766663
0.3451082418762568,0.5689163947433042,-0.12006188156879316,0.10999666878521001
0.3549028882088867,0.560119427054594,-0.08944929118908915,0.09952088133117554
0.3490261004093087,0.5483853139040282,-0.12445793145860751,0.08854590495707357
0.3352829872738374,0.5337212896400352,-0.12944079858121985,0.07745989900537234
0.3294061994742595,0.5190644997244704,-0.12593619900008135,0.06665388004647799
0.3352829872738374,0.5073303865739046,-0.1322812930749001,0.05649662999145479
0.3352829872738374,0.4975567818473854,-0.1275446853550745,0.047304788191404316
0.3490261004093087,0.4897364511964843,-0.11171568850838717,0.03931354594748802
0.374522789143936,0.4819161205455832,-0.09015427647434607,0.03265351469811942
0.3901942232761438,0.4770257010081094,-0.07182896565958728,0.0273383099097262
0.3999888696087737,0.4740957898946821,-0.0648229276990594,0.0232655701259822
0.4039067281418257,0.473119152856873,-0.05610152863096407,0.020231887781815925
0.4294034168764529,0.4721425158190639,-0.03716414448551068,0.01795980681396694
0.4451054592784502,0.4721425158190639,-0.016240298507648156,0.016133019543259602
0.4706021480130775,0.4711658787812548,0.007261605755176369,0.014434553889339608
0.4999860870109672,0.4701892417434457,0.03586869352742826,0.012582348637290146
0.5254827757455944,0.466275459243781,0.062486178022500276,0.010357239729062093
0.5548973230132735,0.4623689110925446,0.09120017473953441,0.007619891107332548
0.5960654458801087,0.4574784915550708,0.13342649253297997,0.004315283317027517
0.6509766818824151,0.4525880720175971,0.18550004311127039,0.00046557503213751306
0.7000111300851435,0.4467282497907424,0.23829841891960316,-0.0038459833802159675
0.7509738992846084,0.4418378302532686,0.28658361601232435,-0.008496218000497109
0.7862652343518657,0.4369474107157949,0.321333955712201,-0.013344059893493809
0.800008347487337,0.4320642255267494,0.3386656240916885,-0.01824967583370154
0.8117619230864929,0.4281504430270847,0.34493800140350445,-0.02308807344141174
0.800008347487337,0.4261971689514665,0.3387735208476595,-0.027756098356064268
0.7764705880192357,0.4242438948758483,0.3105270725029128,-0.032173382704978465
0.7254772105499813,0.4203301123761837,0.26186830068554495,-0.03627917344414886
0.6647197950178864,0.4164235642249472,0.20195185470131582,-0.04002769706046905
0.6000139126829501,0.4125097817252826,0.1333644310332835,-0.043384581822060106
0.5254827757455944,0.407626596536237,0.06326243407455641,-0.046325934023947864
0.4706021480130775,0.4037128140365724,0.005750361356015352,-0.048840299275856126
0.4254855583434009,0.3998062658853359,-0.03942566581800246,-0.05093239088706098
0.3843174354765659,0.3978529918097178,-0.07965646897341949,-0.05262654569763337
0.3549028882088867,0.3958924833856713,-0.10949775663416118,-0.05396764926222589
0.3392008458068894,0.3958924833856713,-0.12509390528327713,-0.05501784116367329
0.3352829872738374,0.3978529918097178,-0.13106150334273337,-0.05584853945690993
0.3352829872738374,0.3998062658853359,-0.12611938114715082,-0.056528896039329535
0.3549028882088867,0.400782902923145,-0.11343996368794769,-0.05711325942726705
0.3549028882088867,0.400782902923145,-0.1070519168165394,-0.057631082568083705
0.3588207467419387,0.400782902923145,-0.10796667823078299,-0.0580826071867821
0.3588207467419387,0.3988296288475269,-0.1044632774234383,-0.05844251668685224
0.3705743223410945,0.3958924833856713,-0.0959746708766276,-0.05867183142420767
0.374522789143936,0.3939392093100531,-0.08925182980193665,-0.05873609503540279
0.3803995769435139,0.3919859352344348,-0.08535178139160686,-0.05862593614703513
0.3803995769435139,0.3910092981966258,-0.08440415582951435,-0.058374925165488305
0.3803995769435139,0.3919859352344348,-0.08540901587408012,-0.05806964109848763
0.3803995769435139,0.3939392093100531,-0.08387919095691798,-0.05784808668270918
0.3843174354765659,0.3958924833856713,-0.08184017671142811,-0.05788479728600404
0.3803995769435139,0.3968691204234804,-0.08496848179025915,-0.05836368458869646
0.374522789143936,0.3978529918097178,-0.0903492696769282,-0.05944223049454924
0.3705743223410945,0.3968691204234804,-0.095105505510216,-0.061212562731569185
0.3646975345415166,0.3949158463478622,-0.10200875495955902,-0.06366587121948997
0.3549028882088867,0.3919859352344348,-0.1085719532703914,-0.0666664674555855
0.3549028882088867,0.3890487897725793,-0.11280217321337258,-0.06994064792988448
0.3451082418762568,0.386118878659152,-0.11988785254601944,-0.0730836324872887
0.3392008458068894,0.3831889675457247,-0.1259913657301431,-0.07558549900432891
0.3490261004093087,0.3802518220838691,-0.11839368038309475,-0.07687450218834505
0.3646975345415166,0.3802518220838691,-0.09955572096965545,-0.07637370644352219
0.3803995769435139,0.3812284591216783,-0.08663361105609736,-0.0735647639060717
0.3803995769435139,0.386118878659152,-0.08612351487571773,-0.06805123141207972
0.3705743223410945,0.3939392093100531,-0.09383877837209527,-0.059613294982412746
0.3549028882088867,0.4027361769987633,-0.11263786701535253,-0.048246287203079004
0.3294061994742595,0.4154469271871381,-0.13807607042287817,-0.03417694632396073
0.3137347653420516,0.4330408625645585,-0.14842185092576238,-0.017853906189970573
0.3352829872738374,0.4555252174794526,-0.13595198588725932,8.770717717539517e-05
0.3490261004093087,0.4789862094321558,-0.11541498999738108,0.018883773118869497
0.3588207467419387,0.5024472013848591,-0.1056428155934787,0.03771315606694869
0.3549028882088867,0.524924321951325,-0.11450859645555776,0.055773783279622326
0.3490261004093087,0.5405649832531272,-0.12050136338084912,0.07235158394785188
0.3352829872738374,0.5503385879796465,-0.12031534252387292,0.08687256278826269
0.3352829872738374,0.5591427900167849,-0.14225464054997303,0.09893192079881771
0.3352829872738374,0.5640259752058304,-0.13820276288623845,0.1082989836391473
0.3392008458068894,0.5689163947433042,-0.09680138059605548,0.11490143039057905
0.3451082418762568,0.5718463058567315,-0.15545525870307977,0.11879572812935743
0.274494963471953,0.5728229428945406,-0.1994274639410231,0.12013211220314372
0.5509794644802216,0.5737995799323498,0.1618985973247072,0.11912187692408936
1.452943958636278,0.5728229428945406,0.8434826353552791,0.11601257851301244
1.503906727835743,0.5718463058567315,1.2045156153964363,0.11107366406222734
1.503906727835743,0.5689163947433042,0.8906778387751971,0.10459178457118229
0.6450998940828371,0.5630493381680214,0.2654685413016965,0.09687237661125213
0.3999888696087737,0.5552290075171202,-0.08963866895905015,0.08824262198226313
0.3941120818091958,0.5435021287149827,-0.09218933240243443,0.07905093853013508
0.3843174354765659,0.531768015564417,-0.06007299911258216,0.06965961474801088
0.374522789143936,0.5210177738000886,-0.10038812777320649,0.060429549467625236
0.3549028882088867,0.5112441690735693,-0.11916354535895703,0.0516985261738869
0.3392008458068894,0.5034238384226682,-0.12070550981446665,0.04375632788630491
0.3451082418762568,0.4975567818473854,-0.12566872854592062,0.03682088926194321
0.3588207467419387,0.4916897252721025,-0.11026343672766797,0.031019577474348005
0.374522789143936,0.4868065400830569,-0.09187622624417692,0.026378844138750194
0.3803995769435139,0.4838693946212014,-0.08902927726764782,0.02282421750829369
0.3803995769435139,0.4819161205455832,-0.0858184567248356,0.02019114860265252
0.3941120818091958,0.4819161205455832,-0.07719886020922141,0.018245726869446456
0.3999888696087737,0.4809394835077741,-0.06594039701110418,0.016712868840077805
0.419608770543823,0.4809394835077741,-0.04877481161487878,0.015308445438925624
0.4392286714788723,0.4809394835077741,-0.03185236894466062,0.013771161330727017
0.4490233178115022,0.4789862094321558,-0.01674715626171863,0.01188997943078028
0.4745200065461294,0.4760490639703003,0.0051563888670492376,0.00952353227551594
0.4999860870109672,0.473119152856873,0.02942187281583744,0.006609197426861241
0.5196059879460164,0.4692053703572084,0.05329784625066105,0.003161129050934099
0.5607741108128516,0.4643221851681628,0.09049672103228777,-0.0007417631271392217
0.60980855901558,0.459431765630689,0.14073652311295878,-0.004975402192408115
0.654894540415467,0.4545485804416435,0.18617662143134597,-0.009394143889798683
0.6901858754827241,0.4486815238663607,0.22169527797180422,-0.013854335696547997
0.7254772105499813,0.4437911043288869,0.25400910701434193,-0.018233952658405588
0.7450971114850305,0.4418378302532686,0.2790252116641391,-0.022445287257306306
0.7548917578176605,0.4408611932154596,0.2827182878124121,-0.026439145192875112
0.7353024651524006,0.4389079191398414,0.26663704484754447,-0.030200843729459602
0.7156825642173513,0.4369474107157949,0.24704693204481373,-0.03374007422797856
0.6901858754827241,0.4340174996023676,0.22012629913941356,-0.03707785867831392
0.6450998940828371,0.4301109514511312,0.1728401070457206,-0.04023407451028187
0.5843118702809528,0.4261971689514665,0.11988592324587247,-0.04321835369306442
0.5509794644802216,0.4222906208002301,0.07540005004748478,-0.04602587761373097
0.4941092992113892,0.4183768383005654,0.02740802223125713,-0.0486381193173897
0.4451054592784502,0.4164235642249472,-0.025412339854091325,-0.05102734582449053
0.4039067281418257,0.414470290149329,-0.06719985429722944,-0.05316297446888789
0.374522789143936,0.4125097817252826,-0.09512576419223628,-0.055017777972023445
0.3549028882088867,0.4115331446874735,-0.11497022498925984,-0.056572369904174566
0.3451082418762568,0.4125097817252826,-0.12665012728812808,-0.05781718631250974
0.3392008458068894,0.4125097817252826,-0.12972680998100358,-0.058752098471296414
0.3451082418762568,0.4134864187630917,-0.1267880904093888,-0.05938462481246963
0.3490261004093087,0.4134864187630917,-0.12102639760348446,-0.059728222719217045
0.3549028882088867,0.4134864187630917,-0.11574924431120055,-0.05980215186650735
0.3588207467419387,0.4134864187630917,-0.11285006476210988,-0.059633876115648354
0.3588207467419387,0.4134864187630917,-0.11090950156064357,-0.059264043523605064
0.3646975345415166,0.4125097817252826,-0.10784012343300345,-0.05875299292884847
0.3646975345415166,0.4115331446874735,-0.10461252047695312,-0.05818675069837225
0.3705743223410945,0.4115331446874735,-0.10309862860364968,-0.057679862362872085
0.3646975345415166,0.4115331446874735,-0.10342906899746551,-0.05737237755694825
0.3705743223410945,0.4125097817252826,-0.10440737297650056,-0.05741900672006142
0.3646975345415166,0.4134864187630917,-0.10371937123455852,-0.057969851311896
0.3705743223410945,0.4134864187630917,-0.10275415243360342,-0.05914392854244016
0.3646975345415166,0.4134864187630917,-0.10662279497024468,-0.060998581967622874
0.3588207467419387,0.4125097817252826,-0.11282622611501546,-0.06349938610394093
0.3549028882088867,0.4115331446874735,-0.11663921452098633,-0.06649599355575318
0.3490261004093087,0.4086032335740461,-0.1233767070888448,-0.06970933877112093
0.3392008458068894,0.4066499594984279,-0.13367011192776035,-0.07273463155217715
0.3294061994742595,0.4046894510743815,-0.1396337564122463,-0.0750627068713606
0.3352829872738374,0.4027361769987633,-0.14114178762263227,-0.0761197443956301
0.3352829872738374,0.400782902923145,-0.13436423713591744,-0.07532244274296043
0.3588207467419387,0.400782902923145,-0.1130893670920898,-0.07214283175790528
0.3803995769435139,0.4046894510743815,-0.09383853456939005,-0.06617453346224629
0.3843174354765659,0.4115331446874735,-0.0894857207642616,-0.05719100166867458
0.374522789143936,0.4232672578380392,-0.09111145266227343,-0.045186542245904446
0.3803995769435139,0.4389079191398414,-0.10324549511264816,-0.03039290638602022
0.3352829872738374,0.459431765630689,-0.1281704058477987,-0.013267746328801058
0.3352829872738374,0.4838693946212014,-0.14090526599129533,0.005544328864282933
0.3451082418762568,0.5083070236117138,-0.1306471670315321,0.025272787342442704
0.3549028882088867,0.5298147414887988,-0.11374205040640363,0.045095271127213114
0.3646975345415166,0.5483853139040282,-0.10958360985597614,0.0642137595750408
0.3549028882088867,0.5640259752058304,-0.12131283694647067,0.08192204615195002
0.3451082418762568,0.5796666365076326,-0.12617521196956152,0.0976560320561332
0.3392008458068894,0.5914007496581983,-0.12907978720076227,0.11102186942663093
0.3352829872738374,0.6001977173469085,-0.14849873762810747,0.12180089125901424
0.3392008458068894,0.6070414109600005,-0.13253560243481274,0.12993383525053062
0.3490261004093087,0.6109479591112369,-0.10461139526690715,0.13548965315242664
0.3294061994742595,0.6129012331868552,-0.17865288778545074,0.1386259101380415
0.2941148644070023,0.6138778702246642,-0.1623123753892756,0.13954825524742587
0.7313846066193487,0.6148617416109016,0.2883699212148116,0.13847567352304407
1.503906727835743,0.6129012331868552,0.9453621948124551,0.1356163973370572
1.503906727835743,0.6099713220734279,1.147821339113991,0.13115684436134542
1.2921587174322002,0.605080902535954,0.6996078655348063,0.12526327522640593
0.4941092992113892,0.6001977173469085,0.10662698449664028,0.11809350724511988
0.3843174354765659,0.5933540237338165,-0.12685156914343648,0.10981431450217496
0.3941120818091958,0.5855336930829155,-0.08380724362244374,0.10061928212599783
0.3803995769435139,0.5767367253942053,-0.07706655864469046,0.09074197381358756
0.3588207467419387,0.5640259752058304,-0.12358302061138533,0.0804603366699642
0.3490261004093087,0.5513224593658839,-0.12903760569425912,0.07009016625724784
0.3451082418762568,0.5405649832531272,-0.12309189334139259,0.05996782617338845
0.3549028882088867,0.5298147414887988,-0.12151048548822543,0.05042471390053624
0.3705743223410945,0.5210177738000886,-0.10587409407745207,0.04175764541654314
0.3803995769435139,0.5122208061113784,-0.09279252063123376,0.034200084363008094
0.3901942232761438,0.5063537495360956,-0.08388583443336407,0.027898944802862688
0.4039067281418257,0.5024472013848591,-0.07112554474528529,0.022900694063260937
0.4098141242111931,0.5004866929608127,-0.06767067542505187,0.019148882589551212
0.4039067281418257,0.4995100559230035,-0.06543113068865729,0.016493312497995422
0.4352802046760309,0.4985334188851945,-0.04475637661643986,0.014709195721625405
0.4549001056110801,0.4985334188851945,-0.017704777203530798,0.013523227667519306
0.4745200065461294,0.4965801448095762,0.00044274503872217285,0.012642773400743306
0.4941092992113892,0.494626870733958,0.01709226470273624,0.011784385416172568
0.5156881294129645,0.4936429993477207,0.042035877260366145,0.01069849484243546
0.5509794644802216,0.4926663623099116,0.07616694782781203,0.009188056083287847
0.5901886580805307,0.4916897252721025,0.11441422461184547,0.00711989447364361
0.6293978516808398,0.487783177120866,0.15413565256758816,0.004428369961015282
0.6705965828174644,0.4848460316590105,0.19756672211140824,0.001111754671369777
0.7156825642173513,0.479962846469965,0.2375981674747824,-0.0027775148782035
0.7353024651524006,0.4740957898946821,0.262690090305071,-0.007146854945029786
0.7509738992846084,0.4692053703572084,0.2750050388436825,-0.011879483908052543
0.7548917578176605,0.4652988222059719,0.27929876431542117,-0.016849860926982707
0.7450971114850305,0.4604084026684982,0.2711888239762833,-0.021936528635165296
0.7254772105499813,0.4565018545172618,0.24916602977857252,-0.0270310354609959
0.6901858754827241,0.4525880720175971,0.2159693890329748,-0.0320425639436136
0.6450998940828371,0.4477048868285516,0.17007940521901094,-0.03689876277493505
0.5901886580805307,0.4428144672910778,0.11366834553587857,-0.04154386408533503
0.5294006342786464,0.4389079191398414,0.05702817433472621,-0.04593537536178706
0.4843146528787593,0.4340174996023676,0.006641337429712676,-0.05004050508898598
0.4392286714788723,0.4301109514511312,-0.03473270136533274,-0.05383313502892891
0.4098141242111931,0.4261971689514665,-0.0640410073630201,-0.05729172741493931
0.3901942232761438,0.4222906208002301,-0.08700680379137275,-0.06039816650115709
0.3646975345415166,0.4193534753383746,-0.10868396064607881,-0.06313727303323696
0.3549028882088867,0.4183768383005654,-0.11994683780546708,-0.06549666437301441
0.3588207467419387,0.4164235642249472,-0.11695462234141626,-0.06746677645382948
0.3646975345415166,0.4154469271871381,-0.10975510158112353,-0.06904114240964523
0.3705743223410945,0.414470290149329,-0.10327902061499555,-0.07021728513355797
0.3803995769435139,0.414470290149329,-0.09609032483822172,-0.07099868039517014
0.3843174354765659,0.4134864187630917,-0.08882161306289192,-0.07139811645156831
0.3941120818091958,0.4134864187630917,-0.08107672506560243,-0.07144242662287298
0.4039067281418257,0.4134864187630917,-0.07098649830065525,-0.07117806253161317
0.4156909120107711,0.4134864187630917,-0.058404954490302245,-0.07067640620345957
0.4254855583434009,0.4125097817252826,-0.04874653281981767,-0.0700372132624321
0.4254855583434009,0.4115331446874735,-0.04945002549007349,-0.06938826651251807
0.419608770543823,0.4115331446874735,-0.05513135006220359,-0.06887933871260837
0.4156909120107711,0.4115331446874735,-0.05604761001567374,-0.06866906141345173
0.419608770543823,0.4115331446874735,-0.058498322769469105,-0.06890435535759427
0.4039067281418257,0.4125097817252826,-0.06689032840153114,-0.06969361999474381
0.4039067281418257,0.4134864187630917,-0.07091436423673525,-0.07107664666417608
0.4039067281418257,0.4134864187630917,-0.07162645107826789,-0.07299582769452125
0.3901942232761438,0.4125097817252826,-0.08098060636508594,-0.07527425096821591
0.3803995769435139,0.4115331446874735,-0.09556632881719157,-0.07760632079567192
0.3705743223410945,0.4086032335740461,-0.10170849776480526,-0.07956543569534145
0.3803995769435139,0.4066499594984279,-0.09385329793939196,-0.08063104476842749
0.3941120818091958,0.4046894510743815,-0.07893250873784406,-0.08023441059976714
0.4039067281418257,0.4056660881121906,-0.06901059471727933,-0.07781912896497173
0.4098141242111931,0.4086032335740461,-0.06553673472236085,-0.0729094786470743
0.4039067281418257,0.4125097817252826,-0.06505160207632052,-0.06517753475243072
0.3999888696087737,0.4193534753383746,-0.07764263726684077,-0.054499074897609294
0.3646975345415166,0.4320642255267494,-0.10536742987782505,-0.040988909594144654
0.3490261004093087,0.4496581609041697,-0.12349929646475946,-0.025008536332121745
0.3588207467419387,0.4721425158190639,-0.11579513445703271,-0.007142881613379731
0.374522789143936,0.4956035077717671,-0.09660093438034789,0.011852152294089953
0.3803995769435139,0.5180806283382331,-0.09141755877333181,0.031124563098496212
0.3646975345415166,0.538611709177509,-0.10802676370597193,0.04981279044318611
0.3549028882088867,0.5571822815927384,-0.12102990686747339,0.06713118220162116
0.3392008458068894,0.5718463058567315,-0.12262649281356797,0.0824420256906679
0.3451082418762568,0.5835804190072973,-0.136676060569404,0.0953043357586839
0.3451082418762568,0.590416878271961,-0.12960817344059367,0.10549372639813848
0.3549028882088867,0.5943306607716257,-0.09450120673160041,0.11299262764376629
0.3588207467419387,0.5953072978094348,-0.13839389538722882,0.11795498114737064
0.2999916522065803,0.5943306607716257,-0.17360978089159126,0.12065350404748926
0.5451026766806437,0.5943306607716257,0.13020475955864497,0.12141993663299226
1.3431520949014546,0.5943306607716257,0.7622343283522967,0.12058896009829513
1.503906727835743,0.5943306607716257,1.1718995406511217,0.11845468768114632
1.503906727835743,0.5943306607716257,0.9067701339861247,0.11524526975853966
0.6353052477502072,0.5923773866960075,0.24046539101013484,0.11111704660000335
0.3294061994742595,0.5894402412341518,-0.15356067825234992,0.1061657760305106
0.3646975345415166,0.5855336930829155,-0.1298614634618822,0.1004495411121848
0.374522789143936,0.5786899994698235,-0.07247494110534755,0.09401646394123246
0.3549028882088867,0.5708696688189224,-0.11673497592980227,0.08693042067247725
0.3490261004093087,0.560119427054594,-0.1323769637852221,0.07928936913587571
0.3352829872738374,0.5493619509418374,-0.12339735744192806,0.07123321558346246
0.3451082418762568,0.5405649832531272,-0.1273457743239323,0.0629407424722531
0.3549028882088867,0.531768015564417,-0.11431879617855106,0.05461735873486604
0.3705743223410945,0.5229710478757068,-0.09945646211218713,0.04647687839409193
0.3646975345415166,0.5151507172248058,-0.1005421253929379,0.038721075860728066
0.3803995769435139,0.5083070236117138,-0.09105961065500172,0.031520567594180135
0.3941120818091958,0.5014633299986218,-0.07282396432370417,0.024999875072175364
0.3999888696087737,0.4956035077717671,-0.06799046674848595,0.019228547737245333
0.4039067281418257,0.4907130882342934,-0.06459605034385621,0.014219136664818336
0.419608770543823,0.4868065400830569,-0.04663152492443985,0.009931738312656315
0.4451054592784502,0.4848460316590105,-0.024458025727383634,0.006283868198478845
0.4607768934106581,0.4819161205455832,-0.00445252226969101,0.0031636797546632164
0.4901914406783372,0.4789862094321558,0.02232397020860974,0.0004441533220757126
0.5254827757455944,0.4760490639703003,0.05820691901442257,-0.0020040263832013325
0.5646919693459035,0.4721425158190639,0.09854619681233137,-0.004302591060184142
0.605890700482528,0.4682287333193992,0.1404112304338919,-0.0065595492216047775
0.6509766818824151,0.4652988222059719,0.18182272377353245,-0.008866508353264534
0.6862680169496722,0.4623689110925446,0.22397418387239074,-0.01129838562266309
0.7313846066193487,0.459431765630689,0.2629168815384759,-0.013914072124035596
0.7509738992846084,0.4565018545172618,0.28577521613596724,-0.01675673713663342
0.7548917578176605,0.4545485804416435,0.2905703808430965,-0.0198529618602842
0.7509738992846084,0.451611434979788,0.2847568516123455,-0.023210593208160817
0.7313846066193487,0.4486815238663607,0.2661687758005566,-0.026815897591765475
0.6960932715520916,0.4437911043288869,0.23252979012529396,-0.03063106696446577
0.654894540415467,0.4389079191398414,0.18861428638252964,-0.03459324457632238
0.5960654458801087,0.4349941366401767,0.13353926296994612,-0.03861599628334449
0.5353080303480138,0.4320642255267494,0.06888116866647741,-0.04259369440405327
0.4706021480130775,0.4271738059892756,0.008794659189308395,-0.046408768344433506
0.4254855583434009,0.4213067494139927,-0.039367485789685394,-0.04994127656936522
0.3843174354765659,0.4174002012627563,-0.08021679044025454,-0.053079769776630606
0.3490261004093087,0.4154469271871381,-0.11187772462389134,-0.05573202404711106
0.3352829872738374,0.4134864187630917,-0.13041571427114873,-0.05783409888275225
0.3235294116746816,0.4115331446874735,-0.13811911586832748,-0.05935641307700366
0.3294061994742595,0.4095798706118552,-0.13386649648959198,-0.06030602814872291
0.3392008458068894,0.4086032335740461,-0.12249434436211697,-0.06072489687724812
0.3451082418762568,0.4095798706118552,-0.1191726695014761,-0.060684379987559774
0.3392008458068894,0.4105565076496644,-0.12110808480026858,-0.06027686933066635
0.3490261004093087,0.4125097817252826,-0.11355226557906209,-0.05960586322794496
0.3588207467419387,0.4125097817252826,-0.10374299103312909,-0.05877618397706529
0.3588207467419387,0.4134864187630917,-0.10192843426788684,-0.05788602284052098
0.3646975345415166,0.4134864187630917,-0.09706081879576,-0.057022051261286275
0.374522789143936,0.4134864187630917,-0.08615736684211754,-0.05625802491711018
0.3803995769435139,0.4125097817252826,-0.08259358038095677,-0.055656329329546325
0.3705743223410945,0.4115331446874735,-0.08712844230976158,-0.055271004149191415
0.3705743223410945,0.4095798706118552,-0.09301036361369361,-0.055150153762619815
0.3588207467419387,0.4086032335740461,-0.1004973442672181,-0.0553354935611812
0.3549028882088867,0.4086032335740461,-0.10487175159337968,-0.05585723008290582
0.3588207467419387,0.4086032335740461,-0.10256604375394854,-0.05672354916251798
0.3549028882088867,0.4086032335740461,-0.10407596176789408,-0.05790552555720474
0.3451082418762568,0.4095798706118552,-0.11552203689634234,-0.05931992126802827
0.3294061994742595,0.4086032335740461,-0.1291346459971795,-0.06081367038518076
0.3235294116746816,0.4086032335740461,-0.13732700620168806,-0.062154464986069864
0.3235294116746816,0.407626596536237,-0.13476819408608906,-0.06303151755846947
0.3392008458068894,0.4056660881121906,-0.12018985918395156,-0.06306924452856488
0.3549028882088867,0.4046894510743815,-0.10400173926228667,-0.06185448109439521
0.3646975345415166,0.4056660881121906,-0.09548367657266169,-0.05897529405366461
0.3588207467419387,0.4086032335740461,-0.09670752498101363,-0.05406703809539864
0.3490261004093087,0.4134864187630917,-0.11310038459616552,-0.04685953189436819
0.3196115531416296,0.4213067494139927,-0.13737198965915112,-0.03721849134497244
0.3098169068089997,0.4340174996023676,-0.14648570869609323,-0.02517481604078879
0.3235294116746816,0.4496581609041697,-0.13819051470155655,-0.01093695220079503
0.3294061994742595,0.4692053703572084,-0.1265669996433064,0.0051158956152982755
0.3392008458068894,0.487783177120866,-0.11791710075978314,0.022458960167012924
0.3392008458068894,0.5034238384226682,-0.11901596813440528,0.04046204609188837
0.3392008458068894,0.5219944108378977,-0.12315417703787712,0.05843923741804669
0.3235294116746816,0.5405649832531272,-0.12323159711815238,0.07570196167946179
0.3294061994742595,0.5581589186305476,-0.13652830184337778,0.09160923953890886
0.3294061994742595,0.5728229428945406,-0.13398372146619622,0.10560966096939534
0.3352829872738374,0.5826037819694881,-0.09886422936344047,0.1172709564675765
0.3451082418762568,0.5884636041963428,-0.13248552368575486,0.12629500902862817
0.2999916522065803,0.5914007496581983,-0.1701150882946324,0.13251861250352573
0.5058934830803345,0.5923773866960075,0.11305795670017907,0.13590272774181503
1.2882408588991483,0.5914007496581983,0.7283580533631763,0.13651475637653857
1.503906727835743,0.5894402412341518,1.1572921970777759,0.13450891909980464
1.503906727835743,0.5865103301207246,0.9648898268398358,0.13010903019003964
0.7705938002196577,0.5845570560451063,0.34809894368804994,0.12359604890172221
0.3490261004093087,0.5786899994698235,-0.09897102069857325,0.11530033383496685
0.3352829872738374,0.5708696688189224,-0.14341786606994172,0.1055962921689887
0.3705743223410945,0.5610960640924031,-0.07639109901437678,0.09489584421188133
0.3549028882088867,0.545455402790601,-0.0932545077163422,0.08363726246866042
0.3588207467419387,0.5298147414887988,-0.11003353629864057,0.07226744369639236
0.3490261004093087,0.5180806283382331,-0.10181753608795721,0.06121797175632899
0.3451082418762568,0.5073303865739046,-0.10816208364665308,0.05087756223432486
0.3549028882088867,0.4975567818473854,-0.10616321693177967,0.041564874377606593
0.3646975345415166,0.4897364511964843,-0.08912712369772999,0.03350592777364497
0.374522789143936,0.4828927575833923,-0.08059694131422301,0.026819658900469705
0.3803995769435139,0.4770257010081094,-0.07749759711006257,0.021513880279182992
0.3843174354765659,0.4740957898946821,-0.0705454851510732,0.017492381183303856
0.3941120818091958,0.4721425158190639,-0.061983320017794635,0.014572340632845555
0.4039067281418257,0.4711658787812548,-0.052241073434483476,0.012509777847658766
0.4156909120107711,0.4701892417434457,-0.0405354480336113,0.011029636341105967
0.4294034168764529,0.4692053703572084,-0.025576780007103925,0.009856494971012732
0.4549001056110801,0.4672520962815901,-0.0026837682734045165,0.008741958976812292
0.4843146528787593,0.466275459243781,0.030074904162230916,0.007485491032248898
0.5254827757455944,0.4633455481303537,0.06822116237908193,0.005946634215186648
0.5646919693459035,0.4604084026684982,0.10876490962877325,0.004048015884659638
0.60980855901558,0.4565018545172618,0.15486451415554026,0.0017699540914867956
0.6647197950178864,0.4535647090554062,0.20665762392524017,-0.0008613190944924542
0.7098057764177734,0.4506347979419788,0.2557288407882413,-0.003789055070509061
0.7509738992846084,0.4477048868285516,0.29307290283651544,-0.006942058655240486
0.7705938002196577,0.4437911043288869,0.31537087451537316,-0.010248826570012132
0.7803884465522877,0.4408611932154596,0.3237533765621137,-0.013647867615390176
0.7764705880192357,0.437924047753604,0.31964298036910865,-0.017093220648039704
0.7548917578176605,0.4349941366401767,0.29949368746547467,-0.020555127970098206
0.7156825642173513,0.4330408625645585,0.25789449950611226,-0.02401667812019089
0.654894540415467,0.4291270800648938,0.1989574435344265,-0.027467865256170135
0.5901886580805307,0.4252205319136574,0.13378461960831722,-0.030898787636772382
0.5254827757455944,0.4213067494139927,0.06769626789911014,-0.03429356452124175
0.4607768934106581,0.4164235642249472,0.0046240702493035996,-0.037626064099312344
0.4098141242111931,0.4134864187630917,-0.04726908423611814,-0.04085790195052875
0.3705743223410945,0.4095798706118552,-0.08687328240286235,-0.04393861697907793
0.3392008458068894,0.4066499594984279,-0.11796787644632387,-0.046807616023130744
0.3196115531416296,0.4056660881121906,-0.137790149802689,-0.04939743961475596
0.3098169068089997,0.4046894510743815,-0.14680217904137588,-0.051638071098141454
0.3098169068089997,0.4027361769987633,-0.15027780394408718,-0.05346223277599999
0.3098169068089997,0.3998062658853359,-0.14472415343066064,-0.054811683045368854
0.3294061994742595,0.3978529918097178,-0.13095864997780893,-0.05564431450309835
0.3352829872738374,0.3968691204234804,-0.12215249595082345,-0.05594142589838741
0.3392008458068894,0.3978529918097178,-0.11892767720901976,-0.055714160653297526
0.3451082418762568,0.3988296288475269,-0.1124901028299422,-0.055008025020423165
0.3549028882088867,0.4017595399609542,-0.10622701556573344,-0.053904677153861116
0.3549028882088867,0.4037128140365724,-0.10078983218148523,-0.0525206538868478
0.3705743223410945,0.4046894510743815,-0.09054829908187682,-0.05100311612797009
0.374522789143936,0.4046894510743815,-0.08367069340343222,-0.04952284116969819
0.374522789143936,0.4046894510743815,-0.08584107622030053,-0.04826453796107756
0.3705743223410945,0.4046894510743815,-0.08708189198590359,-0.04741428660919836
0.374522789143936,0.4046894510743815,-0.08746623102955353,-0.047143799763846514
0.3646975345415166,0.4046894510743815,-0.09420950421741224,-0.04759150350397511
0.3588207467419387,0.4046894510743815,-0.10109771595148312,-0.04884118034115629
0.3549028882088867,0.4037128140365724,-0.10574276341821018,-0.05089994734328245
0.3490261004093087,0.4017595399609542,-0.11333263579300254,-0.05367837104821038
0.3392008458068894,0.3998062658853359,-0.1182346896278949,-0.056976236480184225
0.3451082418762568,0.3978529918097178,-0.11917516762985957,-0.06047764984241461
0.3392008458068894,0.3949158463478622,-0.12166070986432909,-0.0637586379056626
0.3451082418762568,0.3919859352344348,-0.11457415202988858,-0.06630918994175466
0.3705743223410945,0.3900326611588167,-0.09387822763968653,-0.06756984924034169
0.3803995769435139,0.3890487897725793,-0.08029658873869966,-0.06698071490076904
0.3843174354765659,0.3910092981966258,-0.07920252245697804,-0.06403841344748928
0.3803995769435139,0.3939392093100531,-0.08027137388589772,-0.058354660569451225
0.374522789143936,0.3998062658853359,-0.0917000913306668,-0.04970884163771432
0.3451082418762568,0.4095798706118552,-0.11563653998003244,-0.03808690722269017
0.3352829872738374,0.4252205319136574,-0.12873028813126794,-0.023700030349824507
0.3451082418762568,0.444767741366696,-0.12017322599678527,-0.006978964791543773
0.3588207467419387,0.4672520962815901,-0.10423351246823026,0.01145638109468124
0.3646975345415166,0.4897364511964843,-0.09949931435088444,0.030848641582294143
0.3549028882088867,0.5122208061113784,-0.11024867057608992,0.05036893694772958
0.3549028882088867,0.531768015564417,-0.11361585526943574,0.06918785329989999
0.3490261004093087,0.5483853139040282,-0.1084518734189098,0.08654186818937332
0.3451082418762568,0.5620727011302122,-0.12624784297959646,0.10178705232646759
0.3490261004093087,0.5728229428945406,-0.1262230010456371,0.11443466957613876
0.3549028882088867,0.5806432735454417,-0.08525640240479843,0.12416676002348243
0.3646975345415166,0.5845570560451063,-0.1256555637804733,0.1308331695926921
0.2999916522065803,0.5865103301207246,-0.17963489227605264,0.13443415460969263
0.5098113416133866,0.5874869671585337,0.10933457429331234,0.1350942166701037
1.3176554061668275,0.5874869671585337,0.740431318343424,0.13303302138094886
1.503906727835743,0.5845570560451063,1.1543435327508096,0.12853821715560004
1.503906727835743,0.5796666365076326,0.9421763724172938,0.12194310070058405
0.7803884465522877,0.5728229428945406,0.35671523012621037,0.11360997128163075
0.4254855583434009,0.5650026122436396,-0.04241387386681251,0.10391823471176366
0.4039067281418257,0.5552290075171202,-0.08968996471190538,0.09325521337548334
0.3999888696087737,0.5435021287149827,-0.05166451064476674,0.08200732920329173
0.3941120818091958,0.5298147414887988,-0.07821828842313741,0.07054982376255224
0.374522789143936,0.517103991300424,-0.10391198088733772,0.059234261927714145
0.3549028882088867,0.5063537495360956,-0.1105424846623827,0.048374348703955274
0.3588207467419387,0.4965801448095762,-0.11226863126237879,0.03823161537519116
0.3803995769435139,0.487783177120866,-0.09569676207737185,0.029002988764066144
0.3901942232761438,0.479962846469965,-0.07876514594360248,0.020812120640990955
0.3941120818091958,0.4740957898946821,-0.07970389692629572,0.013705818730656221
0.3941120818091958,0.4672520962815901,-0.07986649082446093,0.007656226018811377
0.4039067281418257,0.4623689110925446,-0.06826490333675547,0.0025687105491753437
0.419608770543823,0.459431765630689,-0.055523922759781366,-0.0017051696492086164
0.4294034168764529,0.4555252174794526,-0.044715874637161764,-0.005350765796929355
0.4451054592784502,0.4535647090554062,-0.029181233445733812,-0.008571055352153864
0.46469475194371,0.4506347979419788,-0.011080431617695945,-0.01156681477527747
0.4803967943457073,0.4477048868285516,0.0045020454178302735,-0.014518173881275352
0.4999860870109672,0.444767741366696,0.025030774950983777,-0.0175693364761961
0.5353080303480138,0.4428144672910778,0.05775042847997272,-0.020817911344978648
0.5745172239483228,0.4398845561776505,0.0980897544882399,-0.024309821203088274
0.6196032053482099,0.4359707736779858,0.14223411875073788,-0.028040186629985118
0.6647197950178864,0.4310875884889403,0.1875460552541079,-0.031959916246707416
0.7058879178847215,0.4271738059892756,0.22652386774783254,-0.03598699416415644
0.7353024651524006,0.4222906208002301,0.25782343229674515,-0.040020758840219654
0.7607991538870279,0.4183768383005654,0.28209156786567224,-0.04395700044450494
0.7705938002196577,0.414470290149329,0.2895393419829351,-0.04770161647835189
0.7548917578176605,0.4125097817252826,0.27690230795365023,-0.05118090479263779
0.7353024651524006,0.4105565076496644,0.25460842416648727,-0.05434727942574458
0.7058879178847215,0.407626596536237,0.22388129156498154,-0.057180108993184604
0.654894540415467,0.4066499594984279,0.1763737361794867,-0.05968227374492179
0.6000139126829501,0.4046894510743815,0.11601503736539029,-0.06187371030752821
0.5392258888810657,0.4037128140365724,0.05866923341809083,-0.06378355586054126
0.4941092992113892,0.4017595399609542,0.012240512150376172,-0.06544250179091601
0.4549001056110801,0.3998062658853359,-0.029710843171943987,-0.06687665580559972
0.4098141242111931,0.3978529918097178,-0.0711363006580274,-0.06810367566322434
0.3803995769435139,0.3968691204234804,-0.1045828021499462,-0.06913132988490504
0.3588207467419387,0.3968691204234804,-0.124870703991309,-0.06995814928860644
0.3490261004093087,0.3968691204234804,-0.13470843122512288,-0.07057559240348839
0.3490261004093087,0.3968691204234804,-0.13693905194164063,-0.07097116125340068
0.3490261004093087,0.3968691204234804,-0.13475122520822516,-0.07113205623356127
0.3549028882088867,0.3978529918097178,-0.13196370783691214,-0.07104911195136467
0.3588207467419387,0.3978529918097178,-0.1264976799742914,-0.07072083512955894
0.3705743223410945,0.3988296288475269,-0.1156949761270066,-0.07015736483316906
0.3803995769435139,0.400782902923145,-0.1069150339554039,-0.06938411791231343
0.3803995769435139,0.4017595399609542,-0.10638864289672328,-0.06844479275423267
0.3803995769435139,0.4027361769987633,-0.10746941063700025,-0.06740328809335473
0.3803995769435139,0.4037128140365724,-0.10660073630107872,-0.0663439397892463
0.3803995769435139,0.4037128140365724,-0.10997621775055741,-0.06536930346327915
0.3705743223410945,0.4037128140365724,-0.11554094434039634,-0.06459459933609671
0.374522789143936,0.4046894510743815,-0.11656995442364812,-0.06413802085762771
0.3705743223410945,0.4046894510743815,-0.11805004096056507,-0.06410650810022868
0.3646975345415166,0.4046894510743815,-0.12501556424808893,-0.06457733229674217
0.3588207467419387,0.4046894510743815,-0.13182314338671916,-0.06557683927524115
0.3549028882088867,0.4037128140365724,-0.13493119969622372,-0.06705877482486722
0.3549028882088867,0.4046894510743815,-0.1370639992654816,-0.06888555542110521
0.3490261004093087,0.4046894510743815,-0.14074121735610434,-0.070816447933311
0.3451082418762568,0.4046894510743815,-0.14766613084849606,-0.0725066691518563
0.3392008458068894,0.4046894510743815,-0.15243566151627325,-0.07352070068204061
0.3490261004093087,0.4046894510743815,-0.14238475518786228,-0.07336151091333833
0.374522789143936,0.4046894510743815,-0.119299969784012,-0.07151495068055191
0.3901942232761438,0.4046894510743815,-0.10121757963141728,-0.06750565794473633
0.3999888696087737,0.407626596536237,-0.09535925316833493,-0.06095791233403674
0.3901942232761438,0.4134864187630917,-0.09962691035351379,-0.05165272166211335
0.3803995769435139,0.4252205319136574,-0.11786425516451833,-0.039571703575174214
0.3490261004093087,0.4418378302532686,-0.14161747011570383,-0.024919513096946733
0.3451082418762568,0.4623689110925446,-0.14990801438922677,-0.008119652554198132
0.3549028882088867,0.4858226686968196,-0.14123994302768555,0.010217090419959976
0.3646975345415166,0.5073303865739046,-0.128512713339126,0.029347606163510332
0.374522789143936,0.5268848303753715,-0.12102936472706576,0.0484669339206855
0.3705743223410945,0.54643203982841,-0.123887776659237,0.06678406506777967
0.374522789143936,0.5640259752058304,-0.1263040384642812,0.08359256022647332
0.3549028882088867,0.5786899994698235,-0.13048655828921985,0.09832684078040867
0.3490261004093087,0.5894402412341518,-0.1553576212154034,0.110597651665235
0.3490261004093087,0.597260571885053,-0.1540268267930298,0.12020359913407123
0.3549028882088867,0.6021509914225267,-0.1158234908761204,0.12711935508695552
0.3588207467419387,0.604104265498145,-0.16338291539269634,0.1314645495508442
0.2999916522065803,0.605080902535954,-0.20675683919978777,0.1334600095090636
0.5392258888810657,0.604104265498145,0.11124468381455091,0.1333794367770067
1.3784434299687118,0.6021509914225267,0.7592943916068032,0.13150466098508212
1.503906727835743,0.6001977173469085,1.1505685691822842,0.12809131606754276
1.503906727835743,0.5953072978094348,0.8796542380654755,0.12334945170614481
0.6764733706170423,0.5914007496581983,0.2556508449918539,0.11744063459448052
0.3999888696087737,0.5874869671585337,-0.11639600378295543,0.11049000044019604
0.3941120818091958,0.5826037819694881,-0.12141137099108024,0.10260895381595612
0.3941120818091958,0.5757600883563961,-0.08332901614052844,0.09392222587902839
0.3803995769435139,0.5679397577054951,-0.12340549201144027,0.08459220333179548
0.3588207467419387,0.5562056445549294,-0.1447856565307804,0.07483410397511078
0.3490261004093087,0.5435021287149827,-0.14398387898623846,0.06491765440075958
0.3549028882088867,0.5307913785266078,-0.1437457007010231,0.055153999334457665
0.3705743223410945,0.5190644997244704,-0.12917533101480924,0.045869907508446904
0.3803995769435139,0.5092836606495229,-0.11934601982972773,0.03737411251325153
0.374522789143936,0.5014633299986218,-0.11982738376318858,0.029922203047591064
0.3941120818091958,0.4956035077717671,-0.1080082473671648,0.02368659567664932
0.4039067281418257,0.4916897252721025,-0.09355648347922324,0.018736910942980495
0.4098141242111931,0.4897364511964843,-0.08775477608766223,0.015033924590294347
0.4254855583434009,0.4887598141586752,-0.0739379924016628,0.012437695820863176
0.4451054592784502,0.4887598141586752,-0.05270668339864084,0.010728006832807991
0.4607768934106581,0.487783177120866,-0.03854374168617651,0.009633330762332065
0.4745200065461294,0.487783177120866,-0.022310452941511367,0.008863482925704875
0.5058934830803345,0.4868065400830569,0.006662634399119252,0.00814100964553657
0.5392258888810657,0.4838693946212014,0.0406610407166949,0.007227136206323069
0.5745172239483228,0.4819161205455832,0.07776355824348723,0.0059394860682438965
0.6196032053482099,0.4789862094321558,0.12081088400810046,0.004160461233896644
0.6607713282150449,0.4760490639703003,0.1626576957505717,0.001836775741889327
0.7000111300851435,0.4721425158190639,0.20278185923920222,-0.0010281335202867365
0.7411792529519786,0.4692053703572084,0.24417832936323713,-0.004386381981704433
0.7705938002196577,0.4652988222059719,0.27165293137002544,-0.00815998063543423
0.7705938002196577,0.4613850397063073,0.274403993129204,-0.012254898448806
0.7607991538870279,0.4574784915550708,0.26435992469548364,-0.016573070471794765
0.7450971114850305,0.4535647090554062,0.24626395745242188,-0.02102128705704156
0.7058879178847215,0.4477048868285516,0.21134094286962724,-0.025516584421433848
0.6607713282150449,0.4428144672910778,0.16289018050175239,-0.029988311737484362
0.605890700482528,0.4398845561776505,0.11059636381508253,-0.03437744800890541
0.5509794644802216,0.4359707736779858,0.054183058119915944,-0.03863402299137197
0.4901914406783372,0.4310875884889403,-0.004344352956154519,-0.04271367917372754
0.4451054592784502,0.4261971689514665,-0.05190920943330786,-0.046574429350241336
0.4098141242111931,0.4222906208002301,-0.08372262480349793,-0.050174448374246096
0.3843174354765659,0.4183768383005654,-0.11085680286065114,-0.05347134746132783
0.3646975345415166,0.4154469271871381,-0.1318908164489133,-0.05642297755320666
0.3549028882088867,0.4125097817252826,-0.13609212217686484,-0.05898952218438172
0.3549028882088867,0.4095798706118552,-0.1392446695493165,-0.06113649227113485
0.3549028882088867,0.407626596536237,-0.14415452706064116,-0.06283818712956651
0.3588207467419387,0.4066499594984279,-0.12743082018648821,-0.0640812071219746
0.3646975345415166,0.4056660881121906,-0.125435899743496,-0.06486768512536609
0.3705743223410945,0.4056660881121906,-0.1391856625316123,-0.0652180240233971
0.4294034168764529,0.4056660881121906,-0.044934236165157015,-0.0651730230731233
0.6254799931477878,0.4056660881121906,0.14313093425123247,-0.06479526980244903
0.8509711166868019,0.4056660881121906,0.3148994617529578,-0.06416952063114983
0.9666703764909929,0.4046894510743815,0.5194563338278767,-0.06340150912703166
0.996084923758672,0.4037128140365724,0.526278569339126,-0.06261429674207168
0.5294006342786464,0.4037128140365724,-0.07036516810326451,-0.061941079047038494
-0.5019756245472826,0.4027361769987633,-0.8441036797771014,-0.0615134720151905
-0.5019756245472826,0.4027361769987633,-1.0864387934512663,-0.061444863081698414
-0.5019756245472826,0.4027361769987633,-0.9915559166921786,-0.06180942258155177
-0.4921503699448633,0.4037128140365724,-0.9144578926289946,-0.06261868541448706
-0.1627441704706037,0.4037128140365724,-0.7147863763436969,-0.0637989612406554
0.0235377594681012,0.4037128140365724,-0.4382017968439518,-0.06517386181214081
0.1882408592052309,0.4027361769987633,-0.2906368413616822,-0.06645658496816523
0.3098169068089997,0.4017595399609542,-0.1907090002863925,-0.06725601545175827
0.419608770543823,0.400782902923145,-0.059539363354692426,-0.06709915211730112
0.5156881294129645,0.4017595399609542,0.032120917744495006,-0.06547003730758792
0.5646919693459035,0.4037128140365724,0.07850559297184559,-0.06186260370595426
0.5960654458801087,0.4056660881121906,0.11250494479486761,-0.05584209547363916
0.615685346815158,0.4095798706118552,0.13168911848343212,-0.0471074015865924
0.615685346815158,0.4203301123761837,0.1377902140349089,-0.035545215455663214
0.6254799931477878,0.4330408625645585,0.13603235235930475,-0.021266864380959767
0.6196032053482099,0.444767741366696,0.1446087525598158,-0.004620234497080128
0.6764733706170423,0.4652988222059719,0.19385268569907918,0.013827587383025617
0.7509738992846084,0.4926663623099116,0.26912331626700425,0.03333688270253093
0.8117619230864929,0.5180806283382331,0.33423539850396955,0.05306591562317648
0.8764678054214292,0.539588346215318,0.3976185575069318,0.07215566894079564
0.9568757301583628,0.5591427900167849,0.47744740557118515,0.08981564454590149
1.041170905158559,0.5737995799323498,0.5640367587968897,0.10539722922589975
1.1274556176950703,0.5826037819694881,0.6513471501577303,0.118443614661756
1.217658188764634,0.5865103301207246,0.7403905747897265,0.12871003140200876
1.2980355052317782,0.5894402412341518,0.8221644922414568,0.1361539184344659
1.3627413875667145,0.590416878271961,0.8890244002027476,0.14090022105766492
1.407857977236391,0.590416878271961,0.9325414491140721,0.1431910493471575
1.411775835769443,0.590416878271961,0.9376871028768625,0.14333067631008217
1.3725360338993444,0.5894402412341518,0.900927266392062,0.1416361974376537
1.3019533637648302,0.5884636041963428,0.8286537141984659,0.13840155769967694
1.1960793585630587,0.5865103301207246,0.7239198864154542,0.13387885934072866
1.0666675938931862,0.5826037819694881,0.5971981230026725,0.12827679712886664
0.9372558292233136,0.5777133624320144,0.4656079295208254,0.12177256898435777
0.8058851352869149,0.5708696688189224,0.33639935909371066,0.11453130440475204
0.6803912291500942,0.5620727011302122,0.21235792570970458,0.10672624866511533
0.5705993654152709,0.5522990964036929,0.10097030871397641,0.09855361043579365
0.4745200065461294,0.5435021287149827,0.007748292392292688,0.09023781701895392
0.3999888696087737,0.5337212896400352,-0.06678113231809435,0.08202544463607349
0.3451082418762568,0.5200411367622795,-0.12250417881954234,0.07416878852426517
0.3039095107396323,0.5102675320357603,-0.1596175904688919,0.06690244908224673
0.2843202180743724,0.5024472013848591,-0.18265253261560904,0.06041799266686261
0.2647003171393232,0.4965801448095762,-0.19828810636092709,0.05484226916260808
0.2549056708066933,0.494626870733958,-0.2089390112093277,0.05022411418850548
0.2490288830071153,0.4926663623099116,-0.21441897006403904,0.04653214907129716
0.2451110244740633,0.4897364511964843,-0.21632672717626192,0.043663837974933915
0.2451110244740633,0.4887598141586752,-0.21736720870440307,0.04146361436000532
0.2392036284046959,0.4868065400830569,-0.22082860929247633,0.03974630817117116
0.233326840605118,0.4848460316590105,-0.2280718461026281,0.038321511340155684
0.2235321942724881,0.4828927575833923,-0.23492768874577086,0.03701484704457835
0.2235321942724881,0.479962846469965,-0.23651650012082226,0.03568314602010306
0.2235321942724881,0.4770257010081094,-0.23431134269325815,0.03422200693244884
0.2235321942724881,0.473119152856873,-0.2341116577367433,0.032565820946976735
0.2196143357394361,0.4701892417434457,-0.2381441819861898,0.03068176476241016
0.2137375479398582,0.4672520962815901,-0.24208287068583537,0.028560243663636086
0.2137375479398582,0.4643221851681628,-0.24246202489338092,0.02620462628351694
0.2137375479398582,0.4613850397063073,-0.2416615515720973,0.02362283430278145
0.2137375479398582,0.459431765630689,-0.24110926706689878,0.020822558579761778
0.2137375479398582,0.4565018545172618,-0.23916322165579137,0.017810783098081356
0.2196143357394361,0.4535647090554062,-0.2365894438330463,0.014597156467964782
0.2137375479398582,0.4506347979419788,-0.2355631020432421,0.011199796825959852
0.2196143357394361,0.4467282497907424,-0.23636676540847298,0.007651535998429056
0.2137375479398582,0.4428144672910778,-0.23570809642066584,0.004004495939431971
0.2235321942724881,0.4389079191398414,-0.22863854600525188,0.0003312401873059114
0.233326840605118,0.4340174996023676,-0.21757367231909983,-0.003278527850124153
0.2392036284046959,0.4291270800648938,-0.2108515236595245,-0.006725779415115319
0.2392036284046959,0.4242438948758483,-0.21021178826734965,-0.009913519871713808
0.2392036284046959,0.4203301123761837,-0.21078926093305048,-0.012759851783079115
0.2392036284046959,0.4183768383005654,-0.2087407407097727,-0.015210394748831029
0.2451110244740633,0.4154469271871381,-0.20369413800080277,-0.017247713384305183
0.2490288830071153,0.4134864187630917,-0.19819641581168143,-0.018895889556209824
0.2549056708066933,0.4125097817252826,-0.19367573938376623,-0.02021919341943547
0.2549056708066933,0.4115331446874735,-0.18937141127795631,-0.021314771196950345
0.2647003171393232,0.4105565076496644,-0.18566523146785469,-0.022300220405587642
0.2588235293397452,0.4095798706118552,-0.18281256235408702,-0.023297735094433784
0.2686181756723751,0.4086032335740461,-0.1804295022620665,-0.02441706048778445
0.2647003171393232,0.407626596536237,-0.17916700173236325,-0.025739725731259044
0.2647003171393232,0.4056660881121906,-0.17908168448071954,-0.027306903378466498
0.2686181756723751,0.4037128140365724,-0.17828776168151675,-0.029112784499317375
0.2686181756723751,0.400782902923145,-0.17336193242308215,-0.031104597709339106
0.2784434302747945,0.3978529918097178,-0.1654861564446493,-0.03318942802176809
0.2843202180743724,0.3949158463478622,-0.1608327576662883,-0.03524695306585543
0.2843202180743724,0.3919859352344348,-0.15678387410261027,-0.03714628705227217
0.2941148644070023,0.3900326611588167,-0.14869077501799943,-0.038764472337785814
0.2999916522065803,0.3880721527347702,-0.1450778715884209,-0.040003898343097234
0.2901970058739504,0.3870955156969611,-0.1480561943679789,-0.04080609716109458
0.2999916522065803,0.3870955156969611,-0.1452574036031734,-0.04115992877671517
0.3039095107396323,0.3870955156969611,-0.13613546801373666,-0.04110303062621014
0.3098169068089997,0.3880721527347702,-0.13168217797876536,-0.04071642744977783
0.3098169068089997,0.3890487897725793,-0.13212227121068715,-0.040113215721099695
0.3098169068089997,0.3900326611588167,-0.13052036615455295,-0.03942309484065461
0.3137347653420516,0.3910092981966258,-0.12688775410959185,-0.038775089408105624
0.3196115531416296,0.3910092981966258,-0.12221324238650526,-0.03828101682644951
0.3294061994742595,0.3919859352344348,-0.10940757796103107,-0.03802208573588243
0.3549028882088867,0.3919859352344348,-0.08635387247609902,-0.03804050624816904
0.374522789143936,0.3910092981966258,-0.06576723156019815,-0.03833722982856871
0.3803995769435139,0.3900326611588167,-0.05898818874180332,-0.03887599848336416
0.374522789143936,0.3880721527347702,-0.06512602486131944,-0.03959286944031755
0.3646975345415166,0.386118878659152,-0.0771789831302202,-0.040409440209314945
0.3490261004093087,0.3851422416213429,-0.08697720549650864,-0.041247317792498725
0.3549028882088867,0.3831889675457247,-0.08849912221507794,-0.04204112669828684
0.3588207467419387,0.3822123305079156,-0.07882893476946709,-0.042747627343640196
0.374522789143936,0.3831889675457247,-0.06447616006164208,-0.04334930874486788
0.3803995769435139,0.3841656045835338,-0.05997162491210547,-0.04385201437972415
0.3803995769435139,0.386118878659152,-0.06132358950802065,-0.04427753586609562
0.3705743223410945,0.3870955156969611,-0.06276937635921823,-0.04465332997218773
0.3646975345415166,0.386118878659152,-0.079054400433409,-0.04500220549992145
0.3646975345415166,0.3851422416213429,-0.08099001297063321,-0.045334734559700496
0.374522789143936,0.3841656045835338,-0.047689720186527486,-0.04564627750140084
0.3803995769435139,0.3822123305079156,-0.0725044021569003,-0.04591915406582035
0.3294061994742595,0.3802518220838691,-0.12197764790289461,-0.046129064523094274
0.4901914406783372,0.3802518220838691,0.09441637923549286,-0.046253756701948916
1.1470449103603302,0.3812284591216783,0.6468157696481388,-0.04628142268276865
1.503906727835743,0.3812284591216783,1.114039824550612,-0.04621649600149935
1.503906727835743,0.3822123305079156,1.0466532222801757,-0.046081297337627954
0.9666703764909929,0.3841656045835338,0.5062939186655294,-0.045913072192617616
0.4156909120107711,0.3851422416213429,0.016020243600756642,-0.04575708026759267
0.3803995769435139,0.386118878659152,-0.09255158604737866,-0.045657293901025464
0.3999888696087737,0.386118878659152,-0.031374449584124095,-0.04564676522903927
0.3803995769435139,0.386118878659152,-0.052455769636661945,-0.04573973678169632
0.3549028882088867,0.386118878659152,-0.09529019547522223,-0.045927135456809376
0.3490261004093087,0.3851422416213429,-0.08860179102818612,-0.04617635562066073
0.3588207467419387,0.3851422416213429,-0.0819793504301394,-0.046435393060811625
0.3588207467419387,0.3851422416213429,-0.08241075800619747,-0.04664060693326111
0.374522789143936,0.3851422416213429,-0.0688357131633166,-0.04672678552831295
0.3803995769435139,0.3851422416213429,-0.059501089852337444,-0.04663783726485164
0.3803995769435139,0.3851422416213429,-0.06266649321277955,-0.046336327792439506
0.3803995769435139,0.3851422416213429,-0.06169160156948919,-0.04581022659119546
0.3901942232761438,0.3870955156969611,-0.05232565174717135,-0.045075620888314565
0.3999888696087737,0.3900326611588167,-0.04275067546960702,-0.0441748112596513
0.4098141242111931,0.3919859352344348,-0.03337557851928123,-0.04317005931674387
0.4254855583434009,0.3939392093100531,-0.018103978113855022,-0.04213412359445302
0.4451054592784502,0.3949158463478622,0.0026165241591096598,-0.04113933734652885
0.4706021480130775,0.3968691204234804,0.024578838129155817,-0.040247176861673825
0.4941092992113892,0.3968691204234804,0.05215351978446034,-0.03950004234627941
0.5353080303480138,0.3978529918097178,0.08946455433521855,-0.03891645640308941
0.5745172239483228,0.3988296288475269,0.12973230570095445,-0.038490242450601724
0.615685346815158,0.3998062658853359,0.17097214983277131,-0.03819361939409613
0.6647197950178864,0.400782902923145,0.21924905246961035,-0.037983627552428255
0.7156825642173513,0.400782902923145,0.26934773162005454,-0.03781089790915482
0.7548917578176605,0.400782902923145,0.30891799958500504,-0.03762946175056233
0.7803884465522877,0.400782902923145,0.33490631386695685,-0.037406069374657104
0.800008347487337,0.400782902923145,0.35091738915130566,-0.037127415035675404
0.8058851352869149,0.4017595399609542,0.361373761250947,-0.036803860529446376
0.8156797816195448,0.4046894510743815,0.36586501900179424,-0.03646878293638262
0.800008347487337,0.4066499594984279,0.35367696963377615,-0.036173497527283924
0.7666759416866058,0.407626596536237,0.31701879107509245,-0.035978624899109406
0.7098057764177734,0.407626596536237,0.26265687595707293,-0.035943486298642705
0.6509766818824151,0.407626596536237,0.20033960415599575,-0.03611539685015212
0.5843118702809528,0.407626596536237,0.13622911889580172,-0.03652057071542121
0.5294006342786464,0.407626596536237,0.07854699736978875,-0.03715792955779721
0.4803967943457073,0.4066499594984279,0.03106096759728469,-0.03799662014028546
0.4392286714788723,0.407626596536237,-0.011992505853152792,-0.03897761488983816
0.3999888696087737,0.407626596536237,-0.05094911448783316,-0.040019412653439626
0.374522789143936,0.407626596536237,-0.076286189983399,-0.04102753520586957
0.3646975345415166,0.4066499594984279,-0.08788173028333102,-0.04190714822829244
0.3549028882088867,0.4056660881121906,-0.09670650727398143,-0.042577657795010514
0.3490261004093087,0.4056660881121906,-0.10401874158001953,-0.04298757861987946
0.3490261004093087,0.4056660881121906,-0.10348350859941016,-0.043127491740101866
0.3549028882088867,0.4056660881121906,-0.09871449072885716,-0.04303869276532722
0.3588207467419387,0.4066499594984279,-0.09581880711072095,-0.04281529113848766
0.3588207467419387,0.407626596536237,-0.09334476493058572,-0.042598070069044015
0.3646975345415166,0.407626596536237,-0.09248509863275459,-0.04255929979599683
0.3588207467419387,0.407626596536237,-0.09438111166917235,-0.04287881564884125
0.3646975345415166,0.407626596536237,-0.09158660116900957,-0.04371291605602883
0.3705743223410945,0.407626596536237,-0.0848470145222983,-0.04515891069995268
0.3705743223410945,0.407626596536237,-0.08663140717482723,-0.047219362941694785
0.3588207467419387,0.407626596536237,-0.09654723859157115,-0.049771072168023234
0.3549028882088867,0.407626596536237,-0.10346126302691529,-0.0525443959094388
0.3490261004093087,0.407626596536237,-0.10760470270475407,-0.0551183461411174
0.3451082418762568,0.407626596536237,-0.11368102988928083,-0.0569357808017189
0.3392008458068894,0.407626596536237,-0.11822729535462535,-0.057340846691786816
0.3392008458068894,0.407626596536237,-0.12030150743909564,-0.05563770618241202
0.3352829872738374,0.4086032335740461,-0.12377942217125668,-0.05116584164446266
0.3352829872738374,0.4125097817252826,-0.1237519456076784,-0.04338348970982807
0.3490261004093087,0.4193534753383746,-0.1120408114201364,-0.03194782822719904
0.3646975345415166,0.4330408625645585,-0.09418713181930527,-0.0167792732371121
0.3803995769435139,0.4525880720175971,-0.0822096546586972,0.0019017189536134087
0.3803995769435139,0.4789862094321558,-0.07936878877051888,0.023573431583419253
0.374522789143936,0.5083070236117138,-0.08725407709925666,0.047449789695808924
0.3549028882088867,0.5405649832531272,-0.1083531061492547,0.07255141289606377
0.3294061994742595,0.5708696688189224,-0.13141652689066902,0.09780078981920283
0.3235294116746816,0.598237208922862,-0.13962797411870229,0.12212732205331091
0.3352829872738374,0.6216982008755654,-0.1289198621823028,0.14456653875273248
0.3549028882088867,0.640276007639223,-0.1082270762712574,0.16433938010937305
0.3588207467419387,0.6529795234791697,-0.10236361605148758,0.18090164627182745
0.3490261004093087,0.6607998541300707,-0.12066929871186914,0.19395951911667017
0.3352829872738374,0.6676435477431627,-0.12718919742065252,0.20345320431885103
0.3352829872738374,0.6725339672806364,-0.12289095249200305,0.2095159106648841
0.3352829872738374,0.6744872413562547,-0.14211020931298987,0.21241857878997306
0.3352829872738374,0.6764405154318729,-0.1309524414501094,0.2125115564753896
0.3392008458068894,0.6764405154318729,-0.09843116481867288,0.21017297536995422
0.3451082418762568,0.6764405154318729,-0.1682405111992169,0.20577053377133042
0.2784434302747945,0.6735106043184456,-0.16255975396072195,0.19963956254441256
0.7000111300851435,0.6686201847809718,0.26852961715719603,0.1920765258605905
1.503906727835743,0.6607998541300707,0.9287805675495375,0.1833442503500019
1.503906727835743,0.6510262494035515,1.188997562409766,0.17368365290673188
1.4176526235690208,0.640276007639223,0.7979425349478614,0.16332660994121267
0.5392258888810657,0.6304951685642756,0.17528998055090594,0.1525055815069286
0.3803995769435139,0.618768289762138,-0.12695366588868978,0.1414571997466967
0.3803995769435139,0.6070414109600005,-0.09918496537069038,0.13041881608063682
0.3705743223410945,0.5962839348472438,-0.0764275428832537,0.11961867683071786
0.3588207467419387,0.5855336930829155,-0.12100218507966577,0.10926176175891615
0.3451082418762568,0.5757600883563961,-0.12854102799397069,0.09951421240780044
0.3392008458068894,0.566963120667686,-0.12570623874250092,0.09048959114409405
0.3392008458068894,0.5581589186305476,-0.13215300814478714,0.08223993169524085
0.3588207467419387,0.5522990964036929,-0.1152082040874697,0.07475372818543052
0.374522789143936,0.5474086768662192,-0.09496853617915456,0.06796177350049892
0.3803995769435139,0.5435021287149827,-0.09024599197975364,0.061750277625985894
0.3941120818091958,0.539588346215318,-0.08025303832123978,0.05597925204248754
0.4098141242111931,0.5347051610262725,-0.06087726792431512,0.05050308690003512
0.4254855583434009,0.5298147414887988,-0.046326855941303154,0.04518986413614019
0.4392286714788723,0.523947684913516,-0.03632758834519532,0.03993633489530399
0.4490233178115022,0.5190644997244704,-0.020134068601819183,0.034676501963567495
0.4803967943457073,0.5131974431491875,0.0038321318094045684,0.029383093497690842
0.4999860870109672,0.5063537495360956,0.02802770365222735,0.024062575219455644
0.5254827757455944,0.5004866929608127,0.052203742633909735,0.01874546346445108
0.5607741108128516,0.4965801448095762,0.08487428563087121,0.013474370822829934
0.6000139126829501,0.4926663623099116,0.12823374834483078,0.008292307429579163
0.6509766818824151,0.487783177120866,0.17442024190601543,0.003233286759304071
0.6901858754827241,0.4838693946212014,0.2168839023345381,-0.0016835520165453186
0.7313846066193487,0.479962846469965,0.2556366966513807,-0.006456005546948428
0.7607991538870279,0.4770257010081094,0.2867366091193677,-0.011097528954132057
0.7764705880192357,0.473119152856873,0.29965795339420614,-0.015633633307772687
0.7666759416866058,0.4692053703572084,0.2927957764801663,-0.02009719723516916
0.7509738992846084,0.4633455481303537,0.27424114752364065,-0.024523791745883296
0.7215593520169293,0.4574784915550708,0.24589817228635535,-0.028947643084164688
0.6803912291500942,0.4525880720175971,0.20466889253126813,-0.033398233771449966
0.6293978516808398,0.4477048868285516,0.1527104474411245,-0.03789706675955294
0.5705993654152709,0.4457443784045051,0.09443192480571273,-0.04245406206085332
0.5098113416133866,0.4428144672910778,0.03343880357667436,-0.047063490673657594
0.4549001056110801,0.4398845561776505,-0.022633710421961047,-0.051700077139147656
0.4098141242111931,0.4359707736779858,-0.06588009273941789,-0.05631653397178964
0.3803995769435139,0.4310875884889403,-0.09753777404107476,-0.06084395978570765
0.3549028882088867,0.4252205319136574,-0.12252592196594414,-0.0651960827823168
0.3352829872738374,0.4203301123761837,-0.14045143409838773,-0.06927739032178043
0.3294061994742595,0.4154469271871381,-0.15025408668206486,-0.07299409062287547
0.3235294116746816,0.4115331446874735,-0.1525157482545195,-0.07626599632725681
0.3294061994742595,0.4095798706118552,-0.1484108603521508,-0.07903709397163702
0.3352829872738374,0.4086032335740461,-0.14357582215961934,-0.08128286839834
0.3352829872738374,0.4086032335740461,-0.14166084186044597,-0.08301327768995295
0.3392008458068894,0.4086032335740461,-0.1389084796741096,-0.08427134092602039
0.3451082418762568,0.4086032335740461,-0.13387309012888077,-0.08512824605008827
0.3490261004093087,0.407626596536237,-0.12846960780192174,-0.08567640213566644
0.3549028882088867,0.4066499594984279,-0.12332267677960039,-0.08602181556733746
0.3588207467419387,0.4046894510743815,-0.1205452441444676,-0.08627664258754794
0.3588207467419387,0.4037128140365724,-0.11890129022664095,-0.08655201376260567
0.3646975345415166,0.4027361769987633,-0.11384188551435706,-0.08695056623841751
0.3705743223410945,0.4027361769987633,-0.10866163977762405,-0.0875578339450423
0.3705743223410945,0.4017595399609542,-0.1084491159695466,-0.08843185466385367
0.3646975345415166,0.400782902923145,-0.11185653222789536,-0.0895909878115551
0.3646975345415166,0.400782902923145,-0.11826905760066768,-0.09100080347078945
0.3490261004093087,0.3998062658853359,-0.1253314223156043,-0.09256178086567274
0.3549028882088867,0.3998062658853359,-0.12754677729918795,-0.09410024536854378
0.3490261004093087,0.3988296288475269,-0.1282692545642319,-0.09536529814765049
0.3451082418762568,0.3978529918097178,-0.13427424435624633,-0.09603430655003173
0.3392008458068894,0.3998062658853359,-0.14014052737906885,-0.09572877059475081
0.3451082418762568,0.4017595399609542,-0.1338804629844154,-0.09404112565869653
0.3646975345415166,0.4037128140365724,-0.11433819279263666,-0.09057142302231971
0.3843174354765659,0.407626596536237,-0.09462545546976368,-0.0849710072732623
0.3941120818091958,0.4125097817252826,-0.08657482678647344,-0.07698849641075048
0.3843174354765659,0.4193534753383746,-0.0918219604701329,-0.06651191725223439
0.374522789143936,0.4310875884889403,-0.10837179746716087,-0.05360021924618328
0.3490261004093087,0.4467282497907424,-0.12758703977138622,-0.038498002638009975
0.3451082418762568,0.466275459243781,-0.13460359659252819,-0.021629319472909504
0.3549028882088867,0.4868065400830569,-0.12527866639839572,-0.0035695939566264224
0.3705743223410945,0.5073303865739046,-0.10803765265973327,0.015001594815375129
0.3803995769435139,0.5278614674131806,-0.0980062814430364,0.0333607699715625
0.374522789143936,0.5474086768662192,-0.10496379794064883,0.050805472151441405
0.3705743223410945,0.5640259752058304,-0.11288990572893473,0.0667146552312473
0.3490261004093087,0.5777133624320144,-0.11982835729860464,0.080596180597339
0.3451082418762568,0.5874869671585337,-0.14273252017448937,0.0921152749026317
0.3549028882088867,0.5933540237338165,-0.1312931671587403,0.10110115060115839
0.3646975345415166,0.5953072978094348,-0.08581390548096232,0.10753282926340302
0.3705743223410945,0.5962839348472438,-0.13848296125467072,0.111508814978747
0.3137347653420516,0.5962839348472438,-0.17308018290746008,0.11320787357602755
0.5803940117479008,0.597260571885053,0.17609365251496856,0.11284919083153558
1.443149312303648,0.5953072978094348,0.8288388734019274,0.11065940667474956
1.503906727835743,0.5923773866960075,1.1848843982415682,0.10685173758219173
1.503906727835743,0.5894402412341518,0.8879075659593655,0.10161924633721528
0.6647197950178864,0.5865103301207246,0.2649121996610538,0.09514102041009354
0.3941120818091958,0.5806432735454417,-0.09893343357790652,0.08759720271388637
0.4039067281418257,0.5737995799323498,-0.09783619906104402,0.07918699402272635
0.3941120818091958,0.5640259752058304,-0.06015892816116858,0.07014329615898415
0.3803995769435139,0.5513224593658839,-0.10504105071087964,0.06073870922487359
0.3588207467419387,0.539588346215318,-0.12414366677519639,0.051279873513331686
0.3588207467419387,0.5288381044509897,-0.11617944327919286,0.042090046738626534
0.3588207467419387,0.5190644997244704,-0.11550594844301887,0.03348257165071486
0.3803995769435139,0.5092836606495229,-0.10493546933330211,0.02572989636231398
0.3803995769435139,0.5014633299986218,-0.09272228203889513,0.019033758677857674
0.3901942232761438,0.4956035077717671,-0.0879985776456339,0.01350201475961654
0.3999888696087737,0.4916897252721025,-0.07997293428977936,0.00913649431097001
0.4039067281418257,0.4897364511964843,-0.0717783106656664,0.005834393564647453
0.4156909120107711,0.4887598141586752,-0.06303014793441708,0.0034033882424580487
0.4294034168764529,0.487783177120866,-0.04660238342192924,0.0015882917635917913
0.4490233178115022,0.487783177120866,-0.030923230693411904,0.00010515204794903062
0.4549001056110801,0.4868065400830569,-0.019191233745888533,-0.0013224715933650856
0.4803967943457073,0.4838693946212014,0.000775245211982115,-0.002930498577623138
0.5058934830803345,0.4828927575833923,0.030251310665220403,-0.004889261511046068
0.5392258888810657,0.4780023380459186,0.06174700230993556,-0.007289511050696271
0.5745172239483228,0.4711658787812548,0.09810205650031158,-0.010140591954859154
0.6196032053482099,0.4672520962815901,0.14271292803034805,-0.013379782472567563
0.6647197950178864,0.4633455481303537,0.18844591250109788,-0.016890038159069545
0.7058879178847215,0.459431765630689,0.22924584623787891,-0.02052238138329922
0.7411792529519786,0.4565018545172618,0.2652220419579984,-0.024119084638341396
0.7666759416866058,0.4535647090554062,0.2905362220676326,-0.027534440559001547
0.7705938002196577,0.4506347979419788,0.2943796961677835,-0.030650943769584656
0.7548917578176605,0.4477048868285516,0.279389552812049,-0.03338979516667056
0.7353024651524006,0.444767741366696,0.2594851039357934,-0.035715554503741025
0.7098057764177734,0.4428144672910778,0.2342572667939441,-0.03763541804578507
0.6647197950178864,0.4408611932154596,0.18976864552160386,-0.03919400126666234
0.605890700482528,0.4389079191398414,0.12930126547824833,-0.0404647307504672
0.5451026766806437,0.4369474107157949,0.07235150913352612,-0.041539055650393994
0.4999860870109672,0.4369474107157949,0.023016023600610593,-0.04251471820750863
0.4490233178115022,0.4359707736779858,-0.025630299080796053,-0.04348430461091279
0.4039067281418257,0.4340174996023676,-0.06826476494954743,-0.04452522751193546
0.3803995769435139,0.4320642255267494,-0.09781994625552107,-0.045692115357023964
0.3549028882088867,0.4301109514511312,-0.1162942021116636,-0.04701225997222519
0.3490261004093087,0.4281504430270847,-0.12600051255406594,-0.04848435513614701
0.3451082418762568,0.4261971689514665,-0.1301054899727988,-0.05008036879902432
0.3392008458068894,0.4242438948758483,-0.13225315022631426,-0.051750125387177645
0.3451082418762568,0.4232672578380392,-0.13047114789933018,-0.05342804654971612
0.3490261004093087,0.4213067494139927,-0.12371129003115786,-0.0550414595024113
0.3549028882088867,0.4193534753383746,-0.11761483675252049,-0.05651985107544666
0.3588207467419387,0.4183768383005654,-0.11575619329105638,-0.05780434516291209
0.3588207467419387,0.4154469271871381,-0.11323369091197492,-0.0588564825157752
0.3646975345415166,0.4134864187630917,-0.10691347153503203,-0.059665129993075605
0.374522789143936,0.4115331446874735,-0.10134571912067158,-0.060250153225552404
0.3705743223410945,0.4105565076496644,-0.09762337913470474,-0.0606615070396532
0.3803995769435139,0.4105565076496644,-0.09481211666134741,-0.06097277562935926
0.374522789143936,0.4105565076496644,-0.09675762972088137,-0.061268970671316765
0.3705743223410945,0.4105565076496644,-0.10016356935277361,-0.061629451786969984
0.374522789143936,0.4105565076496644,-0.0987087078058796,-0.06210792930772136
0.3705743223410945,0.4105565076496644,-0.09952991733473791,-0.06271238290386894
0.3646975345415166,0.4095798706118552,-0.10784600467840494,-0.06338818496642346
0.3549028882088867,0.4086032335740461,-0.11463690275947619,-0.0640076543064294
0.3549028882088867,0.4086032335740461,-0.11763258009759264,-0.06436868052073691
0.3451082418762568,0.4086032335740461,-0.12410979068343381,-0.06420403643107749
0.3451082418762568,0.4095798706118552,-0.12666552713208257,-0.06320166676895132
0.3588207467419387,0.4105565076496644,-0.1105507333442213,-0.061034731464235624
0.3843174354765659,0.4115331446874735,-0.0860001681570591,-0.057398611086089985
0.3941120818091958,0.414470290149329,-0.07623631121448386,-0.052050626737523566
0.3901942232761438,0.4193534753383746,-0.0798613497410904,-0.04484717233718101
0.3803995769435139,0.4281504430270847,-0.08652989052451433,-0.035772654585204865
0.3705743223410945,0.4389079191398414,-0.1032843958003111,-0.02495535153859521
0.3392008458068894,0.4535647090554062,-0.12612666683267676,-0.012667049615534488
0.3352829872738374,0.4692053703572084,-0.13429585541536757,0.0006942016273871795
0.3451082418762568,0.4838693946212014,-0.12577814939725007,0.014636214822690117
0.3549028882088867,0.4956035077717671,-0.1122090177795038,0.028615436392051524
0.3588207467419387,0.5092836606495229,-0.10698931601761348,0.042084773198422756
0.3549028882088867,0.523947684913516,-0.1187406859433555,0.05454048986917825
0.3392008458068894,0.5356817980640817,-0.12638993715265548,0.0655625628388366
0.3352829872738374,0.5444787657527919,-0.1266006749908345,0.07484381159875832
0.3352829872738374,0.5503385879796465,-0.14151911513522297,0.08220460599881206
0.3451082418762568,0.553275733441502,-0.12563304606193426,0.08759197404830858
0.3490261004093087,0.5552290075171202,-0.09007918541995838,0.09106428652633625
0.3549028882088867,0.5552290075171202,-0.15251076980521408,0.09276491811546739
0.3039095107396323,0.5542523704793112,-0.14649813320807945,0.09288989993972938
0.7058879178847215,0.5513224593658839,0.2799193767305543,0.09165527593264644
1.503906727835743,0.5483853139040282,0.9369844149625914,0.08926956755182046
1.503906727835743,0.545455402790601,1.1723357448828278,0.08591551404458612
1.3470699534345063,0.5435021287149827,0.7506220391492536,0.08174327416778125
0.5156881294129645,0.5405649832531272,0.14117551213944954,0.07687485781061608
0.374522789143936,0.5376350721396999,-0.1268715801461444,0.07141715859951603
0.3843174354765659,0.5327446526022261,-0.08793192172348357,0.06547912418426619
0.3843174354765659,0.5268848303753715,-0.061464537277781756,0.05918779899522681
0.374522789143936,0.5180806283382331,-0.09982537224830623,0.052698434185436675
0.3588207467419387,0.5092836606495229,-0.1092903282880735,0.04619548015735613
0.3549028882088867,0.5004866929608127,-0.10298941149860211,0.03988363516043984
0.3705743223410945,0.4926663623099116,-0.0961619925764501,0.03397058675082463
0.3941120818091958,0.4858226686968196,-0.07270479238330112,0.02864501484587204
0.4098141242111931,0.4809394835077741,-0.050252409690279706,0.024054389256035893
0.4254855583434009,0.4789862094321558,-0.040705654942273836,0.020286953213580147
0.4294034168764529,0.4770257010081094,-0.03362133599031393,0.01736118891031579
0.4392286714788723,0.4750724269324912,-0.024493463697662095,0.015224390217127253
0.4490233178115022,0.4740957898946821,-0.013090711751127988,0.013760206806787568
0.46469475194371,0.473119152856873,-0.00017585662334090608,0.01280357956778933
0.4745200065461294,0.473119152856873,0.012930707465915528,0.012160554883763245
0.4901914406783372,0.4721425158190639,0.027821330803885557,0.011630055620014918
0.5098113416133866,0.4711658787812548,0.04549737377613153,0.011024737708562351
0.5294006342786464,0.4692053703572084,0.06911533168063753,0.010188495249625298
0.5646919693459035,0.4682287333193992,0.10166738388743764,0.009008882358887485
0.6000139126829501,0.466275459243781,0.13760952142575741,0.00742354362997412
0.6353052477502072,0.4643221851681628,0.1742380302550236,0.005420543340135012
0.6764733706170423,0.4604084026684982,0.21513712295573922,0.003033179902907665
0.7156825642173513,0.4574784915550708,0.2528128116027517,0.0003304463047639022
0.7353024651524006,0.4545485804416435,0.2760088774288847,-0.002595281083119695
0.7509738992846084,0.4506347979419788,0.28813058649049716,-0.005641538980771152
0.7548917578176605,0.4477048868285516,0.29544371113874546,-0.008708333368338716
0.7548917578176605,0.444767741366696,0.2928927412704301,-0.011708537051958928
0.7313846066193487,0.4428144672910778,0.2719003153993525,-0.014575195784734573
0.6901858754827241,0.4398845561776505,0.22911611809677968,-0.017265378372268755
0.6293978516808398,0.437924047753604,0.16928134288120947,-0.01976073598356418
0.5646919693459035,0.4349941366401767,0.10492874032577525,-0.02206530602846828
0.5058934830803345,0.4320642255267494,0.04548943612914572,-0.024201243004968353
0.4490233178115022,0.4291270800648938,-0.010005037513683888,-0.02620311142158976
0.3999888696087737,0.4271738059892756,-0.06087154078359619,-0.028111242741629527
0.3588207467419387,0.4252205319136574,-0.09877430300102058,-0.02996457711504801
0.3392008458068894,0.4232672578380392,-0.12209156774707883,-0.031793473881084056
0.3196115531416296,0.4222906208002301,-0.1378803999074351,-0.03361317586801869
0.3137347653420516,0.4213067494139927,-0.14650555152306605,-0.035418857418205905
0.3137347653420516,0.4203301123761837,-0.14411751279482846,-0.03718334070743617
0.3235294116746816,0.4183768383005654,-0.13589648469559018,-0.03885848962864144
0.3294061994742595,0.4164235642249472,-0.12907539041354232,-0.04038087921741156
0.3352829872738374,0.4134864187630917,-0.12249316321562559,-0.04168158476277227
0.3451082418762568,0.4115331446874735,-0.11437411514933432,-0.042698977100634215
0.3490261004093087,0.4095798706118552,-0.10787041447502331,-0.04339250422378956
0.3549028882088867,0.4086032335740461,-0.10432993716963752,-0.04375486232646719
0.3549028882088867,0.4086032335740461,-0.10195112327071382,-0.04381990964614191
0.3588207467419387,0.4095798706118552,-0.09990693194738805,-0.04366420704372661
0.3588207467419387,0.4105565076496644,-0.09831907586276001,-0.04340107567913695
0.3588207467419387,0.4105565076496644,-0.09864822884225413,-0.04316731438979694
0.3549028882088867,0.4105565076496644,-0.10330747064755864,-0.043103941226965134
0.3451082418762568,0.4115331446874735,-0.11127231655308893,-0.043333300274645874
0.3392008458068894,0.4115331446874735,-0.11858661814478022,-0.04393550878586289
0.3352829872738374,0.4095798706118552,-0.12206001682654662,-0.04492748162256988
0.3352829872738374,0.4086032335740461,-0.1211764316223009,-0.046247632753598965
0.3352829872738374,0.407626596536237,-0.12174262121643385,-0.047748815745715684
0.3294061994742595,0.4056660881121906,-0.12839752848125843,-0.04920120195625947
0.3235294116746816,0.4046894510743815,-0.13163953415394541,-0.05030572286004579
0.3352829872738374,0.4037128140365724,-0.12272070681213226,-0.05071751616220754
0.3451082418762568,0.4046894510743815,-0.11072989103528152,-0.050077596890077514
0.3549028882088867,0.4056660881121906,-0.10216991751965154,-0.04804982918982581
0.3646975345415166,0.407626596536237,-0.09118183838230604,-0.04435931882451089
0.3705743223410945,0.4115331446874735,-0.08573981399473272,-0.03882770259723874
0.3549028882088867,0.4174002012627563,-0.10246898411442142,-0.03140063612757509
0.3235294116746816,0.4261971689514665,-0.13123573533149122,-0.022163264462290947
0.3098169068089997,0.437924047753604,-0.14693015313889177,-0.011340732841175144
0.3137347653420516,0.4525880720175971,-0.1429525374250406,0.0007171893548982424
0.3294061994742595,0.4672520962815901,-0.12592059766532854,0.013565832606974587
0.3451082418762568,0.4828927575833923,-0.11083657004499646,0.026705748478678657
0.3392008458068894,0.4965801448095762,-0.11631408616825478,0.03962749346230799
0.3294061994742595,0.5092836606495229,-0.13023870914373759,0.051854632535627096
0.3137347653420516,0.5190644997244704,-0.1346976264442377,0.06297905959941293
0.3137347653420516,0.5278614674131806,-0.14741077915572195,0.0726843825256565
0.3098169068089997,0.5337212896400352,-0.1511826119279975,0.08075549418043576
0.3196115531416296,0.5376350721396999,-0.12012770595744385,0.08707502752293889
0.3352829872738374,0.5405649832531272,-0.1325325859787582,0.09160964550499656
0.3039095107396323,0.5425254916771737,-0.16416249743017228,0.0943906056807887
0.4745200065461294,0.5444787657527919,0.06406987946523104,0.09549348802099551
1.1627469527623275,0.5444787657527919,0.6391218705295185,0.09502134116497926
1.503906727835743,0.5435021287149827,1.1181542391321162,0.09309401060931814
1.503906727835743,0.5425254916771737,0.9988994806454281,0.08984447405721604
0.8352996825545941,0.539588346215318,0.3933934117765271,0.08542108320354214
0.3490261004093087,0.5356817980640817,-0.08934265048301651,0.07999310166124896
0.3196115531416296,0.5298147414887988,-0.16054981674034804,0.07375614667531459
0.3549028882088867,0.5210177738000886,-0.09092079535850503,0.06693426081618148
0.3490261004093087,0.5122208061113784,-0.09967573662929342,0.05977631723755319
0.3451082418762568,0.5044004754604773,-0.12150509752292252,0.05254600288474336
0.3352829872738374,0.4965801448095762,-0.11647609036634952,0.045506260338361845
0.3352829872738374,0.4897364511964843,-0.11675740450066865,0.03890035874848762
0.3451082418762568,0.4828927575833923,-0.115675016104737,0.03293247056269808
0.3490261004093087,0.4780023380459186,-0.10578554576553578,0.027750736478638547
0.3588207467419387,0.473119152856873,-0.09327382297671608,0.023435397394227463
0.3803995769435139,0.4711658787812548,-0.08040293349435235,0.019993772346147444
0.3803995769435139,0.4692053703572084,-0.07273245233749903,0.017362799064732138
0.3901942232761438,0.4682287333193992,-0.06557713608995501,0.015418710562797438
0.4039067281418257,0.466275459243781,-0.05287297746453884,0.013992419974109627
0.4156909120107711,0.4652988222059719,-0.04119499400992581,0.012888522399381886
0.4254855583434009,0.4643221851681628,-0.027775529866880016,0.011905576155969827
0.4549001056110801,0.4633455481303537,-0.0038609856697974097,0.01085543865842423
0.4843146528787593,0.4613850397063073,0.02841104227281442,0.009579782690645371
0.5196059879460164,0.459431765630689,0.06584231122289336,0.007962402427757694
0.5646919693459035,0.4584551285928799,0.10510415814434258,0.00593645796638421
0.6000139126829501,0.4555252174794526,0.14531046192178354,0.0034863357464437156
0.6509766818824151,0.4525880720175971,0.19533122002838155,0.0006442844398046433
0.7098057764177734,0.4496581609041697,0.2514557500252701,-0.0025175672230022634
0.7509738992846084,0.4457443784045051,0.2953222111908415,-0.005898777377844808
0.7803884465522877,0.4418378302532686,0.32420002666356196,-0.00938432881331796
0.800008347487337,0.437924047753604,0.34246184172017907,-0.012858847882026035
0.800008347487337,0.4340174996023676,0.34315258221540434,-0.01621950899904421
0.7803884465522877,0.4301109514511312,0.3240767698852615,-0.01938595551230037
0.7450971114850305,0.4281504430270847,0.2880603311581213,-0.02230596949671987
0.6901858754827241,0.4261971689514665,0.23169823139834209,-0.02495629602984529
0.615685346815158,0.4252205319136574,0.16078214933229534,-0.027338885984841892
0.5509794644802216,0.4232672578380392,0.09141534470264712,-0.02947368140709868
0.4843146528787593,0.4222906208002301,0.02853851970673085,-0.03138969367274167
0.4294034168764529,0.4203301123761837,-0.029332130434749044,-0.0331163332339755
0.3803995769435139,0.4174002012627563,-0.07625491247089106,-0.03467668803061182
0.3490261004093087,0.4154469271871381,-0.10943272261624101,-0.03608380406164418
0.3235294116746816,0.4134864187630917,-0.13395191759999306,-0.03734019644795934
0.3098169068089997,0.4125097817252826,-0.14850531803603095,-0.038440064281727054
0.3098169068089997,0.4115331446874735,-0.14770469405230896,-0.03937319999418026
0.3196115531416296,0.4105565076496644,-0.13945047978778638,-0.04012944370141677
0.3196115531416296,0.4105565076496644,-0.13768384795441171,-0.04070268000855465
0.3196115531416296,0.4105565076496644,-0.1404570359283279,-0.041093702019246565
0.3196115531416296,0.4105565076496644,-0.1364941799767532,-0.04131166862197239
0.3352829872738374,0.4105565076496644,-0.1267589010595532,-0.041374259276840034
0.3352829872738374,0.4115331446874735,-0.120173189753008,-0.04130690275495446
0.3451082418762568,0.4115331446874735,-0.1165165477099677,-0.04114157284469137
0.3490261004093087,0.4115331446874735,-0.10919673673309757,-0.04091558997990059
0.3588207467419387,0.4115331446874735,-0.09905793699194888,-0.040670653535380755
0.3705743223410945,0.4115331446874735,-0.0925129542363991,-0.040452002532575804
0.3646975345415166,0.4115331446874735,-0.09005160134633783,-0.04030725449132639
0.374522789143936,0.4105565076496644,-0.08945678095326734,-0.040284206378006504
0.3646975345415166,0.4086032335740461,-0.09282410984850818,-0.04042677761313403
0.3588207467419387,0.4086032335740461,-0.10135003620201877,-0.04076840227538588
0.3490261004093087,0.4086032335740461,-0.11224244042276633,-0.04132261662981105
0.3392008458068894,0.4095798706118552,-0.12001531985172235,-0.042071376788391485
0.3392008458068894,0.4105565076496644,-0.12173255290997646,-0.042952665466313406
0.3352829872738374,0.4105565076496644,-0.12492820589760772,-0.04384990864172713
0.3294061994742595,0.4105565076496644,-0.13254343643493563,-0.04458625459069962
0.3294061994742595,0.4105565076496644,-0.12974348631348845,-0.04492660312040663
0.3490261004093087,0.4105565076496644,-0.11318102342808821,-0.044589353226955696
0.3588207467419387,0.4105565076496644,-0.10270566321412604,-0.04326830654432553
0.3549028882088867,0.4115331446874735,-0.10559277773613941,-0.04066329988588574
0.3490261004093087,0.414470290149329,-0.11253610920247104,-0.036516295207954234
0.3392008458068894,0.4183768383005654,-0.12388186011975676,-0.030648207518020883
0.3196115531416296,0.4261971689514665,-0.14066748811450694,-0.022991030962156385
0.3098169068089997,0.4349941366401767,-0.1524085747157774,-0.013610026929019192
0.3137347653420516,0.4457443784045051,-0.15023734552682066,-0.002711876026728072
0.3235294116746816,0.459431765630689,-0.13631312874430698,0.00936340052682319
0.3352829872738374,0.4740957898946821,-0.1287208441327297,0.022166570574784227
0.3235294116746816,0.4887598141586752,-0.13861509171020286,0.035176718890877895
0.3235294116746816,0.5034238384226682,-0.14187759085382004,0.04784736660586937
0.3196115531416296,0.517103991300424,-0.13680265024370727,0.05965495270619414
0.3137347653420516,0.5278614674131806,-0.15521171908642425,0.07014306030744456
0.3137347653420516,0.5356817980640817,-0.15560398582235246,0.07895653598017771
0.3235294116746816,0.5415416202909363,-0.11817651695663235,0.08586146792455392
0.3294061994742595,0.5435021287149827,-0.15550226713192666,0.09074952645344021
0.2843202180743724,0.5444787657527919,-0.18950446058242615,0.0936279103629953
0.5156881294129645,0.5435021287149827,0.11293612420118933,0.09459850293990762
1.3078301515644082,0.5425254916771737,0.7392708648171243,0.09383132137179087
1.503906727835743,0.5405649832531272,1.1565432433790077,0.09153765026609537
1.503906727835743,0.538611709177509,0.9465329537121546,0.08794737893842895
0.7509738992846084,0.5366584351018908,0.32991768934943433,0.08329329870792053
0.3588207467419387,0.5327446526022261,-0.10171617636405025,0.07780295318292747
0.3490261004093087,0.5278614674131806,-0.1403770755459252,0.0716966368266431
0.374522789143936,0.5219944108378977,-0.07608901987449943,0.06518878897076419
0.374522789143936,0.5151507172248058,-0.08598727864412106,0.058489596402311245
0.3803995769435139,0.5083070236117138,-0.09807672052281582,0.05180409003058485
0.3588207467419387,0.4995100559230035,-0.09918713983992083,0.04532717845283843
0.3490261004093087,0.4916897252721025,-0.11472019334942538,0.03923456447603669
0.3549028882088867,0.4858226686968196,-0.11750035943868967,0.033670946744102204
0.3588207467419387,0.4809394835077741,-0.10268027704763516,0.028737933267668086
0.3803995769435139,0.4770257010081094,-0.08566041716351594,0.02448443058220989
0.3999888696087737,0.473119152856873,-0.06952159869094793,0.020901903225163332
0.4039067281418257,0.4701892417434457,-0.059292030324878384,0.017926012965738872
0.4156909120107711,0.4692053703572084,-0.052379195385414766,0.015444991231215713
0.4294034168764529,0.4692053703572084,-0.0378672160671452,0.01331386853429579
0.4490233178115022,0.4682287333193992,-0.016213671537541146,0.011372564019587576
0.4745200065461294,0.466275459243781,0.005775861733841431,0.009465059953466528
0.4941092992113892,0.4643221851681628,0.02771543518709336,0.007456680729224568
0.5196059879460164,0.4613850397063073,0.053113063947641787,0.005246942726384512
0.5548973230132735,0.4584551285928799,0.08511194859507976,0.0027763975202589547
0.5901886580805307,0.4545485804416435,0.1255607771550561,2.7076714667437672e-05
0.6411820355497851,0.4506347979419788,0.17147448746983218,-0.0029827258142179017
0.6862680169496722,0.4486815238663607,0.21839381660196158,-0.006207757413196843
0.7313846066193487,0.4457443784045051,0.2653353356434168,-0.009587201985707438
0.7764705880192357,0.4418378302532686,0.30625551563574605,-0.013056184768157257
0.800008347487337,0.437924047753604,0.3324888322936803,-0.01655571386824947
0.8117619230864929,0.4349941366401767,0.3446068693248747,-0.020039832338138806
0.8117619230864929,0.4320642255267494,0.34170370570225955,-0.02347926356385591
0.7862652343518657,0.4291270800648938,0.31814565680065443,-0.02686140245027924
0.7450971114850305,0.4271738059892756,0.2777342756614469,-0.030187098619966237
0.6960932715520916,0.4242438948758483,0.22543613830747863,-0.033465183777386845
0.6293978516808398,0.4203301123761837,0.16168696892441453,-0.036705981355218964
0.5646919693459035,0.4164235642249472,0.09563056384923803,-0.03991502534520431
0.5058934830803345,0.4134864187630917,0.03680460428697595,-0.04308794152676566
0.4549001056110801,0.4105565076496644,-0.015033677624350393,-0.04620705581232296
0.4098141242111931,0.407626596536237,-0.0580046360639129,-0.049239959294228926
0.3803995769435139,0.4046894510743815,-0.09000300450265356,-0.05214005425886768
0.3549028882088867,0.4017595399609542,-0.11453909745236576,-0.05484900434266198
0.3392008458068894,0.400782902923145,-0.12984549528065056,-0.05730096556769949
0.3352829872738374,0.3998062658853359,-0.1338590505678865,-0.059428454047230045
0.3392008458068894,0.3968691204234804,-0.13266732985479607,-0.061169666990462716
0.3392008458068894,0.3958924833856713,-0.12745265418874024,-0.062476935091767875
0.3549028882088867,0.3949158463478622,-0.11728878582365576,-0.06332569894235077
0.3588207467419387,0.3939392093100531,-0.1106190679004995,-0.06372303741297963
0.3588207467419387,0.3939392093100531,-0.11007003149765993,-0.0637144777430618
0.3646975345415166,0.3949158463478622,-0.10689105268460813,-0.06338770409646143
0.3705743223410945,0.3949158463478622,-0.09848737316774486,-0.06287189917490078
0.3803995769435139,0.3949158463478622,-0.09019046764627338,-0.06233178713839799
0.3843174354765659,0.3958924833856713,-0.08581535617591168,-0.06195594978742612
0.3843174354765659,0.3958924833856713,-0.086247724527753,-0.061939624105181695
0.3803995769435139,0.3968691204234804,-0.08921442721798868,-0.06246293102119921
0.3803995769435139,0.3958924833856713,-0.09140144465126533,-0.06366626436586488
0.374522789143936,0.3939392093100531,-0.0937964295870499,-0.06562524881622538
0.374522789143936,0.3910092981966258,-0.09860197199281034,-0.06832810725800333
0.3646975345415166,0.3890487897725793,-0.10346387773357701,-0.07165838700067707
0.3646975345415166,0.386118878659152,-0.10703334723549295,-0.07538580197738172
0.3588207467419387,0.3831889675457247,-0.11234082783116128,-0.07916749630070287
0.3490261004093087,0.37927518504606,-0.11998545904315468,-0.08256130813207829
0.3451082418762568,0.3773219109704418,-0.12684923187934233,-0.08505157115840395
0.3451082418762568,0.3773219109704418,-0.1258721687508776,-0.08608666736295129
0.3588207467419387,0.3782985480082509,-0.11047369694578153,-0.08512606930168745
0.3803995769435139,0.3802518220838691,-0.09090217347942466,-0.08169313171615862
0.3901942232761438,0.3851422416213429,-0.08300245189473786,-0.07542853656589853
0.3803995769435139,0.3910092981966258,-0.08512241255584499,-0.06613823528841031
0.3803995769435139,0.400782902923145,-0.09598212154207565,-0.053829262119744724
0.3490261004093087,0.4154469271871381,-0.11875851572026355,-0.038727282926786774
0.3352829872738374,0.4349941366401767,-0.13540183890837787,-0.021271481723018636
0.3451082418762568,0.4584551285928799,-0.12734555393814967,-0.002085372023402465
0.3646975345415166,0.4819161205455832,-0.10512063844897783,0.01807408533333862
0.3803995769435139,0.5044004754604773,-0.09056999292968955,0.03838290554647126
0.374522789143936,0.5268848303753715,-0.09531728111852404,0.058023082511575494
0.3646975345415166,0.5474086768662192,-0.10995665786826138,0.07625203707269006
0.3451082418762568,0.5620727011302122,-0.12014616739352792,0.09245908062259192
0.3392008458068894,0.5728229428945406,-0.1337542548081223,0.1062018895574308
0.3392008458068894,0.5806432735454417,-0.13809869138358014,0.11721966516459166
0.3451082418762568,0.5865103301207246,-0.11315734636312542,0.12542382009263653
0.3490261004093087,0.590416878271961,-0.12812316132129856,0.13087075653838062
0.2999916522065803,0.5923773866960075,-0.18207238231133138,0.13372379453754746
0.4294034168764529,0.5933540237338165,-0.013885283032353757,0.1342121836696907
1.027458400292877,0.5923773866960075,0.5260777952384782,0.13259443036563662
1.503906727835743,0.590416878271961,1.0535427941670434,0.1291312370131958
1.503906727835743,0.5884636041963428,1.0327300669414259,0.12407067386430579
0.99216706522562,0.5845570560451063,0.4987647739766036,0.11764534314986633
0.4490233178115022,0.5777133624320144,0.01526958251089458,0.11007879673678388
0.3999888696087737,0.5698930317811133,-0.10135942728212913,0.10159680734560513
0.3941120818091958,0.5620727011302122,-0.06585309734365452,0.09243854316686238
0.374522789143936,0.5513224593658839,-0.09002933061413955,0.08286324655997185
0.3549028882088867,0.5405649832531272,-0.12428635107247998,0.07314943012281136
0.3392008458068894,0.5298147414887988,-0.12847324244680086,0.06358553095661376
0.3352829872738374,0.5190644997244704,-0.132500376331344,0.05445301014991372
0.3490261004093087,0.5102675320357603,-0.12477232425983653,0.04600463689575219
0.3646975345415166,0.5024472013848591,-0.10305349301738578,0.03844181485343797
0.3803995769435139,0.4956035077717671,-0.09239468948521752,0.03189511789646411
0.3803995769435139,0.4897364511964843,-0.08630787275724944,0.02641171603157663
0.3999888696087737,0.4868065400830569,-0.07331042976138655,0.021952236104236782
0.4039067281418257,0.4848460316590105,-0.06478196403827566,0.018398024106665935
0.4098141242111931,0.4838693946212014,-0.05964477959689041,0.015568009248729484
0.4254855583434009,0.4828927575833923,-0.04537231747026325,0.013242733917892232
0.4451054592784502,0.479962846469965,-0.024881853419571637,0.011191954190523152
0.46469475194371,0.4780023380459186,-0.0036091680308220886,0.009201772090837852
0.4941092992113892,0.4770257010081094,0.021996626002675906,0.00709754786371867
0.5196059879460164,0.4750724269324912,0.05267168413562992,0.004759670089237416
0.5607741108128516,0.4721425158190639,0.08832260442901152,0.0021304028448523656
0.6000139126829501,0.4682287333193992,0.1331141761457651,-0.0007886597403140447
0.654894540415467,0.4643221851681628,0.18351896048849742,-0.003947611987862616
0.6960932715520916,0.459431765630689,0.2275736123759181,-0.007265500744575582
0.7313846066193487,0.4555252174794526,0.26206005916398634,-0.010650625876357955
0.7607991538870279,0.4525880720175971,0.29098180521596057,-0.014020248490872946
0.7764705880192357,0.4496581609041697,0.3084215362247438,-0.017316343375640038
0.7764705880192357,0.4477048868285516,0.3057717325913995,-0.02051493329933328
0.7548917578176605,0.4457443784045051,0.28729845041364394,-0.023627864828932667
0.7254772105499813,0.4437911043288869,0.2562016978955431,-0.02669731937113569
0.6764733706170423,0.4408611932154596,0.20689173375795453,-0.029784595851162294
0.615685346815158,0.437924047753604,0.14727542729998816,-0.03295553232599256
0.5607741108128516,0.4349941366401767,0.09363541075499418,-0.036265261616755806
0.5156881294129645,0.4320642255267494,0.0434863093287547,-0.03974485958593325
0.4549001056110801,0.4281504430270847,-0.009548887523553568,-0.04339195395121797
0.4156909120107711,0.4232672578380392,-0.05557638106866603,-0.047166627401445435
0.3803995769435139,0.4203301123761837,-0.08718794613613197,-0.05099307419006989
0.3588207467419387,0.4154469271871381,-0.10844363225462841,-0.05476658287259904
0.3490261004093087,0.4115331446874735,-0.1213810053890087,-0.05836466446167864
0.3392008458068894,0.407626596536237,-0.12610504626776475,-0.061660636430975774
0.3451082418762568,0.4056660881121906,-0.12563167419329996,-0.06453777254352312
0.3451082418762568,0.4037128140365724,-0.12098369627101982,-0.06690226335590767
0.3549028882088867,0.4037128140365724,-0.11349889521144957,-0.06869366174405624
0.3588207467419387,0.4027361769987633,-0.10922163679878631,-0.06989206689983868
0.3588207467419387,0.4017595399609542,-0.10896587861449437,-0.07052181875037786
0.3588207467419387,0.4027361769987633,-0.10728984070457527,-0.07065176294657703
0.3646975345415166,0.4017595399609542,-0.1054585006232931,-0.0703921617007483
0.3588207467419387,0.400782902923145,-0.1060165927307909,-0.06988815205506482
0.3646975345415166,0.400782902923145,-0.10379999132805637,-0.06930944593915302
0.3705743223410945,0.400782902923145,-0.09741563952490967,-0.06883591459030299
0.3705743223410945,0.4017595399609542,-0.09426574440819183,-0.06863898416859468
0.3705743223410945,0.4027361769987633,-0.09950574488072618,-0.06885946334372277
0.3549028882088867,0.4027361769987633,-0.10908533465980855,-0.06958341300605066
0.3549028882088867,0.4027361769987633,-0.11471435428638393,-0.07081868478347873
0.3490261004093087,0.4017595399609542,-0.11493400229850985,-0.07247549681898441
0.3549028882088867,0.400782902923145,-0.11509533305191995,-0.07435465839948449
0.3451082418762568,0.3998062658853359,-0.11804099299690685,-0.07614669738530543
0.3451082418762568,0.3978529918097178,-0.12411181594043338,-0.07744418977125833
0.3352829872738374,0.3978529918097178,-0.1301894893565462,-0.07776812458150414
0.3392008458068894,0.3998062658853359,-0.12626810197903435,-0.07660732016505226
0.3588207467419387,0.400782902923145,-0.10952864421346332,-0.07346795654885274
0.3705743223410945,0.4037128140365724,-0.09312618985444492,-0.06792843550478755
0.3803995769435139,0.4095798706118552,-0.08809771909009356,-0.05969327972611536
0.3705743223410945,0.4193534753383746,-0.09355036206832394,-0.04863896679557467
0.3588207467419387,0.4349941366401767,-0.1078216904105083,-0.03484482828770581
0.3392008458068894,0.451611434979788,-0.12762059350744684,-0.01860361897741635
0.3235294116746816,0.4682287333193992,-0.13971301335360628,-0.00040890382533818176
0.3352829872738374,0.4907130882342934,-0.1335475669648998,0.01908044888534904
0.3451082418762568,0.5131974431491875,-0.11767832799252274,0.03909515628614727
0.3549028882088867,0.5356817980640817,-0.11270849190437413,0.05882338964999107
0.3392008458068894,0.5571822815927384,-0.12376027561167594,0.07748306678774196
0.3392008458068894,0.5757600883563961,-0.13102508046266018,0.09438904255506785
0.3235294116746816,0.5894402412341518,-0.13414795621722125,0.10900624231361981
0.3196115531416296,0.5992210803090994,-0.1505032841216916,0.12098195131739001
0.3294061994742595,0.6060575395737632,-0.1428347391063469,0.13015391145484678
0.3352829872738374,0.6089946850356187,-0.10746655056518939,0.13653491644679638
0.3392008458068894,0.6109479591112369,-0.14907155295841035,0.14027839888432078
0.274494963471953,0.6109479591112369,-0.19208737413519192,0.14163230618687014
0.5058934830803345,0.6099713220734279,0.08674717214293527,0.14088988181989398
1.262744170164521,0.6080180479978096,0.7099318640839138,0.13834567449124446
1.503906727835743,0.604104265498145,1.1503872944790445,0.13426339535174203
1.503906727835743,0.5992210803090994,0.9361715271601931,0.1288595576890784
0.7058879178847215,0.5962839348472438,0.3054784246327724,0.12230366869690404
0.3803995769435139,0.5914007496581983,-0.09775482090148822,0.11473258669543272
0.3705743223410945,0.5855336930829155,-0.11117237406813242,0.10627399066967443
0.374522789143936,0.5786899994698235,-0.07201329401218215,0.09707222881309281
0.3490261004093087,0.5679397577054951,-0.11765856234741794,0.08730953562454277
0.3294061994742595,0.5552290075171202,-0.14165959946604953,0.0772168829052547
0.3235294116746816,0.5415416202909363,-0.1359636889014232,0.06707130991273333
0.3294061994742595,0.5288381044509897,-0.1324340265736348,0.057179820536413295
0.3490261004093087,0.5190644997244704,-0.11910139797696051,0.047852976537122026
0.3549028882088867,0.5102675320357603,-0.10825312217866978,0.039373380183528414
0.3549028882088867,0.5034238384226682,-0.10498856687173463,0.03196493760625481
0.374522789143936,0.4975567818473854,-0.09385531464023894,0.025768206448658258
0.3803995769435139,0.4936429993477207,-0.08137325261286393,0.020825647854195144
0.3901942232761438,0.4907130882342934,-0.07179893666059309,0.017078683636806515
0.4098141242111931,0.4897364511964843,-0.056145416178395205,0.014376493473208081
0.4254855583434009,0.4887598141586752,-0.036956774429838614,0.012494774581371474
0.4451054592784502,0.4868065400830569,-0.017183502211910867,0.011161461156941301
0.4706021480130775,0.4848460316590105,0.00579917560828603,0.01008581042521442
0.4941092992113892,0.4838693946212014,0.03128630324222345,0.008987305112213129
0.5254827757455944,0.4828927575833923,0.06343652730833373,0.007621327805874967
0.5705993654152709,0.479962846469965,0.10612871673994881,0.005799291743359434
0.615685346815158,0.4780023380459186,0.15306223874740982,0.003401698679534372
0.6607713282150449,0.4750724269324912,0.19886820357425675,0.0003833751465421294
0.7058879178847215,0.4711658787812548,0.24126244205640077,-0.0032291124961515375
0.7353024651524006,0.4672520962815901,0.2738635057667127,-0.007347171785056126
0.7548917578176605,0.4623689110925446,0.2918679777523739,-0.011835713592376226
0.7607991538870279,0.4574784915550708,0.297274542796638,-0.016532647948968388
0.7548917578176605,0.451611434979788,0.2935449532157145,-0.0212700792465952
0.7411792529519786,0.4467282497907424,0.27775238934678403,-0.02589469371840823
0.7058879178847215,0.4418378302532686,0.24343736164180396,-0.030284844553164096
0.654894540415467,0.437924047753604,0.19272080371270944,-0.03436217259564408
0.5960654458801087,0.4340174996023676,0.13390344361398254,-0.03809626978155929
0.5353080303480138,0.4301109514511312,0.07193822248192214,-0.04150183585422128
0.4745200065461294,0.4291270800648938,0.013504075764793006,-0.044628875987832724
0.4294034168764529,0.4271738059892756,-0.033338475711231406,-0.04754759275855957
0.3941120818091958,0.4252205319136574,-0.06870846855345827,-0.05033056358717362
0.3646975345415166,0.4222906208002301,-0.09588772177239074,-0.05303534492845251
0.3490261004093087,0.4193534753383746,-0.11469781274670691,-0.05569062068636922
0.3352829872738374,0.4164235642249472,-0.12531692429849833,-0.05828838501104715
0.3352829872738374,0.4134864187630917,-0.12770703438640252,-0.06078357477674064
0.3392008458068894,0.4105565076496644,-0.12195694767527494,-0.06310128978944943
0.3490261004093087,0.407626596536237,-0.11283930210926006,-0.06515048542547225
0.3588207467419387,0.4046894510743815,-0.104139318244448,-0.06684196570899868
0.3646975345415166,0.4037128140365724,-0.09449532041757233,-0.06810778186419275
0.3803995769435139,0.4027361769987633,-0.0843011795566555,-0.06891885929215015
0.3843174354765659,0.4017595399609542,-0.07520111972642472,-0.06929787646411895
0.3941120818091958,0.4027361769987633,-0.06742955871531911,-0.06932504541138612
0.3999888696087737,0.4027361769987633,-0.06367656450736113,-0.06913536395787347
0.3941120818091958,0.4027361769987633,-0.06411855125375733,-0.06890697428995084
0.3999888696087737,0.4027361769987633,-0.06433133053520827,-0.06884133448781987
0.3941120818091958,0.4017595399609542,-0.06541922860648569,-0.06913688909129771
0.3901942232761438,0.4017595399609542,-0.07180900847761126,-0.06995876835644106
0.3803995769435139,0.4017595399609542,-0.08081456961601523,-0.0714077438234194
0.374522789143936,0.3998062658853359,-0.08663861507467532,-0.07349217499436803
0.3705743223410945,0.3978529918097178,-0.09016222711418351,-0.07610687469324152
0.3646975345415166,0.3949158463478622,-0.09747548970385307,-0.07902254485931778
0.3490261004093087,0.3919859352344348,-0.11053556025317973,-0.08188861334518194
0.3392008458068894,0.3900326611588167,-0.12314529265608555,-0.08425099364045517
0.3352829872738374,0.3880721527347702,-0.12493837819618396,-0.08558464539019361
0.3490261004093087,0.3890487897725793,-0.1120825182091241,-0.085339009429319
0.3646975345415166,0.3900326611588167,-0.09585194173957197,-0.0829925893056876
0.374522789143936,0.392962572272244,-0.08698005108518636,-0.07811130555144666
0.3803995769435139,0.3968691204234804,-0.08028692251085501,-0.07040394117840602
0.3803995769435139,0.4046894510743815,-0.07806954022572428,-0.0597672940827415
0.3705743223410945,0.4164235642249472,-0.0949705147288275,-0.04631391679883397
0.3352829872738374,0.4340174996023676,-0.11998637671551807,-0.03037689443761867
0.3352829872738374,0.4555252174794526,-0.12822455859669146,-0.012489069606674333
0.3392008458068894,0.4780023380459186,-0.12147118928242469,0.0066619010777228226
0.3490261004093087,0.5014633299986218,-0.11053069876443714,0.02629709568063662
0.3549028882088867,0.523947684913516,-0.10476938558675505,0.04561954530370578
0.3451082418762568,0.5415416202909363,-0.11660061055302864,0.06388646641146155
0.3352829872738374,0.5562056445549294,-0.12797668129666195,0.08047020055731259
0.3235294116746816,0.5698930317811133,-0.1271388249705994,0.09489985772620581
0.3294061994742595,0.5796666365076326,-0.14022637119869746,0.10687932048094861
0.3294061994742595,0.5865103301207246,-0.13605927743327872,0.11628143835797528
0.3294061994742595,0.590416878271961,-0.10477710913634561,0.12312212766612714
0.3352829872738374,0.5923773866960075,-0.15327564371604457,0.12752109376556423
0.2901970058739504,0.5933540237338165,-0.17603016169675664,0.1296575916665286
0.5607741108128516,0.5933540237338165,0.1694727701779492,0.12972978344388622
1.411775835769443,0.5923773866960075,0.823456600216144,0.1279248255862608
1.503906727835743,0.5914007496581983,1.2002148923361822,0.12440411248221621
1.503906727835743,0.5884636041963428,0.904393360069212,0.11930465776182203
0.6254799931477878,0.5845570560451063,0.25056766205578535,0.11275409769304143
0.3490261004093087,0.5796666365076326,-0.13136252223593126,0.10489393481621004
0.3588207467419387,0.5718463058567315,-0.11956748212767546,0.09590396088208734
0.3705743223410945,0.5620727011302122,-0.06868147911936764,0.08602063975155705
0.3549028882088867,0.5493619509418374,-0.10793952292930604,0.07554364740863131
0.3451082418762568,0.5356817980640817,-0.12349384695856842,0.06482748881796715
0.3352829872738374,0.5210177738000886,-0.1165648404284344,0.05425854993015757
0.3392008458068894,0.5083070236117138,-0.1211272412823206,0.044221292443575276
0.3490261004093087,0.4985334188851945,-0.1136051966992703,0.035059746017152504
0.3549028882088867,0.4907130882342934,-0.10231342480524423,0.027041419570571885
0.3646975345415166,0.4848460316590105,-0.09543750394136624,0.02033008403719569
0.3803995769435139,0.4828927575833923,-0.0777820290133556,0.014971871278972848
0.3999888696087737,0.479962846469965,-0.062032610846117456,0.010896395515478474
0.3999888696087737,0.4780023380459186,-0.057092503536965725,0.007931836208784415
0.4156909120107711,0.4760490639703003,-0.0433587233735223,0.005830727964904525
0.4392286714788723,0.4750724269324912,-0.0223524913369772,0.00430193659633112
0.4490233178115022,0.473119152856873,-0.008190204367187908,0.0030440064006044157
0.4706021480130775,0.4711658787812548,0.011430525925829771,0.0017755665144302886
0.5058934830803345,0.4692053703572084,0.045366781097106804,0.0002595265472129467
0.5392258888810657,0.4672520962815901,0.08107403150015721,-0.0016808896694674282
0.5745172239483228,0.4633455481303537,0.11603730343629631,-0.004154864896918036
0.6196032053482099,0.459431765630689,0.15873920650842197,-0.007204836192747866
0.6647197950178864,0.4555252174794526,0.20784626256476563,-0.010813882499002546
0.7156825642173513,0.451611434979788,0.25506716648518607,-0.014917468016271238
0.7509738992846084,0.4467282497907424,0.2931382192451503,-0.019417188767040253
0.7764705880192357,0.4428144672910778,0.3165815953169686,-0.024194405804349443
0.7803884465522877,0.437924047753604,0.32324854589616814,-0.02912216898720076
0.7764705880192357,0.4330408625645585,0.314499207195847,-0.03407448244949123
0.7450971114850305,0.4281504430270847,0.2910550465571016,-0.03893259738452232
0.7156825642173513,0.4242438948758483,0.25132721964484894,-0.043588546205246846
0.6509766818824151,0.4193534753383746,0.19723686173919636,-0.047946512733557434
0.5960654458801087,0.4154469271871381,0.13433584782955432,-0.05192285448105202
0.5254827757455944,0.4125097817252826,0.06769040787659077,-0.055445653652373014
0.46469475194371,0.4095798706118552,0.0061825686166281715,-0.05845458391141335
0.4156909120107711,0.4066499594984279,-0.04234703369075289,-0.06090165904177965
0.3803995769435139,0.4046894510743815,-0.08025883899812697,-0.06275309095876665
0.3451082418762568,0.4027361769987633,-0.11057326798655967,-0.06399205613538042
0.3294061994742595,0.400782902923145,-0.13102069853840403,-0.06462172820988582
0.3196115531416296,0.3998062658853359,-0.13942461851158441,-0.06466760183807811
0.3196115531416296,0.3988296288475269,-0.13574829868033544,-0.06417804568509557
0.3352829872738374,0.4017595399609542,-0.12754740380922452,-0.06322230312089847
0.3294061994742595,0.4066499594984279,-0.12505541456858832,-0.06188585081306973
0.3352829872738374,0.4095798706118552,-0.12573981336004617,-0.06026398095415253
0.3352829872738374,0.4115331446874735,-0.12164790996691072,-0.058455304591806194
0.3451082418762568,0.4125097817252826,-0.1141817086702893,-0.05655711244369081
0.3490261004093087,0.4125097817252826,-0.1083159335999749,-0.054663940987404
0.3549028882088867,0.4125097817252826,-0.10477756045693322,-0.05286945722180506
0.3549028882088867,0.4134864187630917,-0.10149020351030948,-0.05127037498801889
0.3646975345415166,0.4134864187630917,-0.09613340739491025,-0.04997005715960227
0.3646975345415166,0.4134864187630917,-0.0904198956099182,-0.04907907391450266
0.3705743223410945,0.414470290149329,-0.09103439535008025,-0.04871037600770939
0.3549028882088867,0.4154469271871381,-0.10033273251852312,-0.048967816010483764
0.3490261004093087,0.4154469271871381,-0.11140484175348125,-0.04992829414274643
0.3392008458068894,0.4154469271871381,-0.11760456987037535,-0.05161949533806392
0.3392008458068894,0.4134864187630917,-0.11978231938719792,-0.05399663798955625
0.3352829872738374,0.4115331446874735,-0.12254293785948013,-0.05692253956051735
0.3294061994742595,0.4086032335740461,-0.12870736735202962,-0.06015543194346657
0.3235294116746816,0.4056660881121906,-0.13509958799561606,-0.06334830658156336
0.3235294116746816,0.4027361769987633,-0.1339895816532195,-0.06606223875032027
0.3352829872738374,0.400782902923145,-0.12315393995423246,-0.06779431193927202
0.3490261004093087,0.3988296288475269,-0.10970154915156338,-0.06801866304410092
0.3549028882088867,0.3998062658853359,-0.10146430078237534,-0.066237059029739
0.3588207467419387,0.4027361769987633,-0.10236579755177773,-0.062033586855879626
0.3392008458068894,0.407626596536237,-0.11469961042424154,-0.055126783187901804
0.3294061994742595,0.414470290149329,-0.13354342406792608,-0.045412093978084246
0.3098169068089997,0.4261971689514665,-0.1441194231120038,-0.03298810877480104
0.3196115531416296,0.4418378302532686,-0.14096207182029383,-0.018161661141975143
0.3235294116746816,0.4613850397063073,-0.13355108676452315,-0.0014295949743980696
0.3352829872738374,0.4828927575833923,-0.1246063016594475,0.016561528924820306
0.3352829872738374,0.5044004754604773,-0.1187316883794414,0.03507289375674604
0.3352829872738374,0.524924321951325,-0.12736069897338081,0.05334021014511371
0.3235294116746816,0.5435021287149827,-0.13544659901743328,0.07064040636231698
0.3098169068089997,0.5581589186305476,-0.1387295799555444,0.08634900664954509
0.3137347653420516,0.5698930317811133,-0.15572477550353994,0.09998090163996466
0.3196115531416296,0.5786899994698235,-0.14306224178370183,0.11121043033313135
0.3137347653420516,0.5845570560451063,-0.11233734008692374,0.11987049752328109
0.3294061994742595,0.5874869671585337,-0.17349457601339402,0.12593404607592606
0.2784434302747945,0.5894402412341518,-0.16475883439949782,0.12948388418646625
0.6509766818824151,0.5914007496581983,0.24829301566350082,0.13067815297071064
1.503906727835743,0.590416878271961,0.9116354265624147,0.1297184320090935
1.503906727835743,0.5894402412341518,1.2265801974953379,0.12682579020462253
1.503906727835743,0.5874869671585337,0.873110964859594,0.122227473509083
0.5548973230132735,0.5835804190072973,0.20911450031657816,0.11615401366644731
0.3490261004093087,0.5786899994698235,-0.14385218417316664,0.10884397414446785
0.3705743223410945,0.5718463058567315,-0.10517834940965827,0.100551847783627
0.374522789143936,0.5630493381680214,-0.05852367728629852,0.09155412885473639
0.3549028882088867,0.5513224593658839,-0.11066340732559987,0.08214938717270606
0.3392008458068894,0.538611709177509,-0.12739196976313905,0.07265006427559048
0.3294061994742595,0.5268848303753715,-0.1199079349261904,0.06336619097548507
0.3352829872738374,0.517103991300424,-0.12537424815518441,0.054583592000050266
0.3451082418762568,0.5092836606495229,-0.11534799331406691,0.04654072137529729
0.3588207467419387,0.5024472013848591,-0.09920641287077925,0.03940868046649257
0.3646975345415166,0.4965801448095762,-0.09091827835856636,0.033278247017574834
0.3803995769435139,0.4936429993477207,-0.08179802430681658,0.028156237603104584
0.3803995769435139,0.4907130882342934,-0.07683236457737247,0.023971686471871166
0.3843174354765659,0.487783177120866,-0.0731612937396163,0.020590563076497596
0.3999888696087737,0.4858226686968196,-0.0598690371261283,0.017836404633288783
0.4156909120107711,0.4838693946212014,-0.04374308883761327,0.015513526400515454
0.4294034168764529,0.4809394835077741,-0.02676988728974745,0.013429440456802038
0.4607768934106581,0.4780023380459186,-0.0003729513292479817,0.011413659720873623
0.4901914406783372,0.4750724269324912,0.0322249689454106,0.009330987702653755
0.5254827757455944,0.4740957898946821,0.06741062032454435,0.007088444136446233
0.5705993654152709,0.4721425158190639,0.11053324422492487,0.004635918096823366
0.6196032053482099,0.4682287333193992,0.1616236639455465,0.0019613635568180954
0.6764733706170423,0.4652988222059719,0.21699928591634862,-0.0009181019769339109
0.7313846066193487,0.4613850397063073,0.2729281093261196,-0.003967398994223624
0.7764705880192357,0.4565018545172618,0.3169462385260655,-0.007144902065384677
0.796090488954285,0.4535647090554062,0.33756289587648636,-0.010411977758964939
0.800008347487337,0.451611434979788,0.34019219027880776,-0.013738951218870027
0.7901830928849176,0.4496581609041697,0.3322631845066548,-0.017106631575341452
0.7666759416866058,0.4467282497907424,0.30624541801835853,-0.020503617391600733
0.7156825642173513,0.444767741366696,0.25679448547766903,-0.023920651891731953
0.6509766818824151,0.4418378302532686,0.19294211814214357,-0.02734398317186455
0.5843118702809528,0.437924047753604,0.12278088830766408,-0.030749825048132118
0.5098113416133866,0.4340174996023676,0.052529128292456685,-0.034101599604765026
0.4549001056110801,0.4301109514511312,-0.005715955263483983,-0.037350800205994523
0.4098141242111931,0.4252205319136574,-0.04897565143228433,-0.040441274738532235
0.374522789143936,0.4213067494139927,-0.08551076613818975,-0.04331577518188761
0.3451082418762568,0.4183768383005654,-0.11409620331134035,-0.04592301379753745
0.3294061994742595,0.4174002012627563,-0.1298987065486644,-0.04822339217526585
0.3196115531416296,0.4164235642249472,-0.14072399789392007,-0.050192068199914515
0.3098169068089997,0.4164235642249472,-0.14954351163424706,-0.05181893961863491
0.3137347653420516,0.4154469271871381,-0.1455144619294316,-0.0531061272573345
0.3294061994742595,0.414470290149329,-0.13126826511873807,-0.05406428952916843
0.3352829872738374,0.414470290149329,-0.1237277065835236,-0.05470937947184119
0.3392008458068894,0.414470290149329,-0.12175886446983447,-0.05506124562447153
0.3451082418762568,0.414470290149329,-0.11298515996166866,-0.055144890043017356
0.3588207467419387,0.4134864187630917,-0.10357131988338746,-0.054994368977437744
0.3549028882088867,0.4115331446874735,-0.10313195836656629,-0.05465838266718124
0.3588207467419387,0.4105565076496644,-0.10242927600695326,-0.054205724806831154
0.3646975345415166,0.4115331446874735,-0.09480461469303833,-0.05372821306105934
0.3705743223410945,0.4125097817252826,-0.09036123391325418,-0.05333876997429805
0.3646975345415166,0.4125097817252826,-0.09491536398732348,-0.05316306987366304
0.3588207467419387,0.4134864187630917,-0.1013835626330945,-0.053324450732885185
0.3588207467419387,0.414470290149329,-0.1031142983856722,-0.05392328611491702
0.3549028882088867,0.414470290149329,-0.10270453444822253,-0.05501339906825293
0.3549028882088867,0.4134864187630917,-0.10857256289960618,-0.05657911755283325
0.3392008458068894,0.4115331446874735,-0.11970370567987881,-0.05851701593754438
0.3352829872738374,0.4105565076496644,-0.12514353584578405,-0.06062615275589022
0.3352829872738374,0.4086032335740461,-0.126479388692485,-0.06260973862801326
0.3294061994742595,0.4066499594984279,-0.13059736965881846,-0.06408979243498324
0.3352829872738374,0.4056660881121906,-0.1257494200963291,-0.06463464054111696
0.3549028882088867,0.4056660881121906,-0.10537370454513886,-0.06379727216493436
0.374522789143936,0.407626596536237,-0.0872904301463958,-0.06116081497538875
0.3803995769435139,0.4105565076496644,-0.08091436361526708,-0.05638599253628413
0.374522789143936,0.4154469271871381,-0.08333662597986707,-0.04925459749509155
0.3646975345415166,0.4232672578380392,-0.10154020632431253,-0.0397029525302549
0.3294061994742595,0.4359707736779858,-0.12787002895936728,-0.027840197730390145
0.3235294116746816,0.4525880720175971,-0.1374093271115055,-0.013948113228424177
0.3352829872738374,0.4721425158190639,-0.129880619697191,0.0015381004661182756
0.3392008458068894,0.4907130882342934,-0.11804314824985429,0.01806560938351392
0.3549028882088867,0.5063537495360956,-0.10791627296658118,0.03501118283517837
0.3490261004093087,0.523947684913516,-0.11252829860443336,0.05173319606722277
0.3392008458068894,0.5415416202909363,-0.12453978047759548,0.06762147589439407
0.3294061994742595,0.5562056445549294,-0.12640904358570323,0.08213896346782842
0.3294061994742595,0.5679397577054951,-0.1354857792782492,0.09485085285772123
0.3352829872738374,0.5767367253942053,-0.13446531340171636,0.10543906946981983
0.3451082418762568,0.5816199105832508,-0.09766572245519914,0.11370243373970228
0.3549028882088867,0.5865103301207246,-0.12022773312562315,0.11954522593425618
0.2901970058739504,0.5894402412341518,-0.18490660364230851,0.12295862058557536
0.4392286714788723,0.590416878271961,0.02222221106397405,0.12400017788861485
1.1274556176950703,0.5884636041963428,0.6044646451059241,0.12277613677275905
1.503906727835743,0.5865103301207246,1.0963643648949932,0.11942983262628709
1.503906727835743,0.5845570560451063,1.0114485945608251,0.11413751321838712
0.9372558292233136,0.5806432735454417,0.47395704476352213,0.10711055578967085
0.4607768934106581,0.5737995799323498,0.023605241004593866,0.09860107142351286
0.4039067281418257,0.5650026122436396,-0.08701291186767003,0.08890664976426567
0.3843174354765659,0.5542523704793112,-0.06292426615890692,0.07836995287778926
0.3803995769435139,0.5405649832531272,-0.08185448538830736,0.06737007513125831
0.3646975345415166,0.5278614674131806,-0.10358764714992394,0.05630472196321432
0.3549028882088867,0.5141740801869966,-0.10389861911434536,0.045564736792387234
0.3549028882088867,0.5024472013848591,-0.10830803185367416,0.035504654277043385
0.3588207467419387,0.4936429993477207,-0.10328693202209184,0.026414214155005136
0.3803995769435139,0.4858226686968196,-0.08404457160135814,0.01849582138703244
0.3901942232761438,0.4809394835077741,-0.07033493635269311,0.011851805753125166
0.3999888696087737,0.4780023380459186,-0.06392586872381266,0.006483346266172879
0.4039067281418257,0.4770257010081094,-0.058870733835208064,0.002300606419846761
0.4098141242111931,0.4750724269324912,-0.05278792301567886,-0.0008584455765064728
0.4254855583434009,0.4721425158190639,-0.03749184405942526,-0.003204370366951118
0.4490233178115022,0.4692053703572084,-0.013624176272920289,-0.004971833572532516
0.4706021480130775,0.466275459243781,0.006486846429646986,-0.00639774028842221
0.4843146528787593,0.4633455481303537,0.02284967145582367,-0.007703834185351878
0.5098113416133866,0.4604084026684982,0.045562039753324346,-0.009084169372444129
0.5392258888810657,0.459431765630689,0.07607639439336779,-0.0106967540669666
0.5745172239483228,0.459431765630689,0.11224615048707129,-0.012658211059912074
0.6196032053482099,0.4574784915550708,0.15516796238099326,-0.015040502374991663
0.6647197950178864,0.4555252174794526,0.20219435069675606,-0.017869372725629055
0.7098057764177734,0.4535647090554062,0.24630000878543565,-0.021124798926183127
0.7450971114850305,0.4496581609041697,0.28136189983796334,-0.02474408234783547
0.7666759416866058,0.4457443784045051,0.3037753750352872,-0.028628163608462757
0.7764705880192357,0.4408611932154596,0.312483645196041,-0.0326513063553774
0.7705938002196577,0.4359707736779858,0.30735979979442846,-0.03667363018224045
0.7509738992846084,0.4320642255267494,0.2873867070269182,-0.04055528228057177
0.7156825642173513,0.4281504430270847,0.2517530551378127,-0.0441705429350073
0.6647197950178864,0.4252205319136574,0.20159714713954027,-0.04742000747216143
0.605890700482528,0.4222906208002301,0.14172714347690973,-0.05023920333842069
0.5451026766806437,0.4203301123761837,0.08126571938403267,-0.05260251154662351
0.4901914406783372,0.4193534753383746,0.027359121407779293,-0.054521948579057
0.4451054592784502,0.4174002012627563,-0.020319269957287785,-0.05604110656981069
0.3999888696087737,0.4164235642249472,-0.062289779708214754,-0.057225233365890846
0.3705743223410945,0.4164235642249472,-0.09432922820215792,-0.05814897153782416
0.3490261004093087,0.4164235642249472,-0.11453060277269353,-0.05888362232003577
0.3392008458068894,0.4164235642249472,-0.12495640691776955,-0.05948593445437744
0.3352829872738374,0.4164235642249472,-0.12840324302510264,-0.059990293284609426
0.3352829872738374,0.4154469271871381,-0.12914071965716864,-0.0604057445356999
0.3352829872738374,0.414470290149329,-0.12881043036693018,-0.06071852947580017
0.3392008458068894,0.4134864187630917,-0.12431767593714212,-0.06089983918656165
0.3490261004093087,0.4134864187630917,-0.11592767321486243,-0.060917513107371465
0.3549028882088867,0.4134864187630917,-0.10911426586354966,-0.060749631017763414
0.3549028882088867,0.4134864187630917,-0.1081687144006247,-0.060397531194055595
0.3549028882088867,0.414470290149329,-0.11176383633382415,-0.0598957697577906
0.3490261004093087,0.414470290149329,-0.11248484768334413,-0.05931686998640307
0.3588207467419387,0.4154469271871381,-0.10742434051961965,-0.05876931817448801
0.3588207467419387,0.4154469271871381,-0.10500001522712535,-0.058388067931983666
0.3549028882088867,0.4154469271871381,-0.1088685053042403,-0.05831774795954505
0.3549028882088867,0.4154469271871381,-0.11061711634749165,-0.05868976661912478
0.3549028882088867,0.4154469271871381,-0.10827343424096181,-0.059595507246651136
0.3549028882088867,0.414470290149329,-0.11060826403461715,-0.06105872818444309
0.3451082418762568,0.414470290149329,-0.11892360149787456,-0.06301099622048013
0.3392008458068894,0.4134864187630917,-0.12490357765163897,-0.06527432841182254
0.3392008458068894,0.4115331446874735,-0.12623162484764971,-0.06755502674586403
0.3352829872738374,0.4105565076496644,-0.1286650362865118,-0.06945183757766724
0.3294061994742595,0.4086032335740461,-0.13471941725342304,-0.07048003184677214
0.3294061994742595,0.4086032335740461,-0.13675081027529382,-0.07011091271714626
0.3392008458068894,0.4105565076496644,-0.12370866685169445,-0.06782388493643984
0.3646975345415166,0.4125097817252826,-0.10032700411356733,-0.06316590977687224
0.3803995769435139,0.4164235642249472,-0.08581630303681421,-0.055811275712386185
0.374522789143936,0.4242438948758483,-0.0877580867100084,-0.04561349080313923
0.3646975345415166,0.4359707736779858,-0.10109238402496004,-0.032641112765209576
0.3451082418762568,0.4525880720175971,-0.12118218753387039,-0.017190777545669576
0.3235294116746816,0.473119152856873,-0.13750796248326577,0.00022639412638496317
0.3294061994742595,0.4956035077717671,-0.13915856732973045,0.018924825126994366
0.3352829872738374,0.517103991300424,-0.12711346909804236,0.03810643706766105
0.3549028882088867,0.538611709177509,-0.11106298724581812,0.05693632625159044
0.3549028882088867,0.5581589186305476,-0.10808276138823758,0.0746216706603715
0.3490261004093087,0.5747834513185871,-0.1186405692262175,0.09048293117354873
0.3451082418762568,0.5874869671585337,-0.1192145209949464,0.10400782392196835
0.3352829872738374,0.5953072978094348,-0.12242791863683952,0.11488152460538166
0.3392008458068894,0.6001977173469085,-0.13908415429175017,0.12299057933532678
0.3451082418762568,0.6031276284603359,-0.11324334663158024,0.12840229022769015
0.3549028882088867,0.605080902535954,-0.09307109122634002,0.13132507940470242
0.3196115531416296,0.605080902535954,-0.18393620452083087,0.13205781606882158
0.2843202180743724,0.604104265498145,-0.1473962085616857,0.13093697952813776
0.800008347487337,0.6011743543847177,0.34050655014786246,0.12828989208379427
1.503906727835743,0.597260571885053,0.983544943809785,0.12440042129700339
1.503906727835743,0.5943306607716257,1.1307913258375635,0.11949093293533893
1.227452835097264,0.590416878271961,0.6620840510326046,0.11372126742165128
0.4843146528787593,0.5874869671585337,0.09891755782455816,0.10720250917477735
0.3901942232761438,0.5816199105832508,-0.11339090042576223,0.10002077030606105
0.3843174354765659,0.5747834513185871,-0.07972466224085409,0.0922645909904424
0.3705743223410945,0.566963120667686,-0.07861927479555596,0.08404921730722265
0.3549028882088867,0.5571822815927384,-0.12127033943012679,0.07553202205064365
0.3352829872738374,0.5474086768662192,-0.12903380513545049,0.06691543857509222
0.3352829872738374,0.5366584351018908,-0.12424736187086564,0.05843651693144918
0.3490261004093087,0.5268848303753715,-0.12039928979195971,0.05034503326310141
0.3588207467419387,0.517103991300424,-0.10440486332017868,0.042874453705284254
0.374522789143936,0.5092836606495229,-0.08991795447786961,0.03621153877713363
0.3803995769435139,0.5034238384226682,-0.08505539040094727,0.030470701942707967
0.3843174354765659,0.4995100559230035,-0.08007264994013492,0.02567834035040962
0.3941120818091958,0.4975567818473854,-0.070985795320731,0.021770403775908886
0.4039067281418257,0.4965801448095762,-0.06002210683322998,0.018603854113061338
0.419608770543823,0.4956035077717671,-0.046558621516373605,0.0159799419366311
0.4352802046760309,0.4956035077717671,-0.027757538295338606,0.013674960385733115
0.4607768934106581,0.494626870733958,-0.004845500913962556,0.011472785337653935
0.4843146528787593,0.4926663623099116,0.019118632250838444,0.00919332912002613
0.5098113416133866,0.487783177120866,0.04719022542042015,0.006712053607484586
0.5509794644802216,0.4828927575833923,0.08375983398859708,0.003967703871862723
0.5901886580805307,0.4780023380459186,0.12774917827768026,0.0009579876435483458
0.6411820355497851,0.473119152856873,0.17555281700741984,-0.0022745816036293344
0.6862680169496722,0.4682287333193992,0.22199760893059636,-0.005662636532820374
0.7254772105499813,0.4652988222059719,0.26077021150629837,-0.009134880825494468
0.7509738992846084,0.4633455481303537,0.28750831411572714,-0.012633506313001511
0.7666759416866058,0.4604084026684982,0.30022253921386544,-0.016124899965625467
0.7607991538870279,0.4584551285928799,0.2989777079030064,-0.019602268432807036
0.7509738992846084,0.4565018545172618,0.28460326531352526,-0.02308071351692858
0.7215593520169293,0.4535647090554062,0.2576700354286553,-0.026586855296953954
0.6803912291500942,0.4506347979419788,0.21759968313558842,-0.030146050740747606
0.6293978516808398,0.4477048868285516,0.1625881522883802,-0.03377047657630307
0.5607741108128516,0.4428144672910778,0.09887451874004922,-0.03745085236514157
0.5058934830803345,0.437924047753604,0.04061837516752067,-0.041153509447798976
0.4549001056110801,0.4320642255267494,-0.008945193442079835,-0.044823103582420934
0.4098141242111931,0.4271738059892756,-0.05434836815719321,-0.04838985328412331
0.374522789143936,0.4242438948758483,-0.0893484798086652,-0.051779131458511804
0.3549028882088867,0.4203301123761837,-0.10865664573269132,-0.05492083323423846
0.3451082418762568,0.4183768383005654,-0.11994665238582121,-0.0577562692364099
0.3352829872738374,0.4174002012627563,-0.12728451884368405,-0.06024124301526254
0.3352829872738374,0.4154469271871381,-0.12893856915846652,-0.06234517740390988
0.3352829872738374,0.4154469271871381,-0.128923966545406,-0.06404733907650534
0.3352829872738374,0.4154469271871381,-0.12814605277487262,-0.06533209076314236
0.3392008458068894,0.4154469271871381,-0.12305971534333769,-0.06618546990516358
0.3490261004093087,0.414470290149329,-0.11765704871061727,-0.06659513721572631
0.3451082418762568,0.4134864187630917,-0.1147504619700595,-0.06655484870975822
0.3549028882088867,0.4125097817252826,-0.11093806876694544,-0.06607321561442095
0.3549028882088867,0.4105565076496644,-0.10798546685263577,-0.06518493396798693
0.3549028882088867,0.4095798706118552,-0.10747938777336305,-0.06396130786759321
0.3588207467419387,0.4095798706118552,-0.1055714735797102,-0.06251617969963844
0.3588207467419387,0.4115331446874735,-0.10349914396722928,-0.06100364046639175
0.3588207467419387,0.4154469271871381,-0.10485417852767559,-0.05960523834068937
0.3549028882088867,0.4193534753383746,-0.10733610448706002,-0.05850663572538723
0.3549028882088867,0.4213067494139927,-0.10910957382190141,-0.05786626010632917
0.3490261004093087,0.4222906208002301,-0.11254378570711239,-0.05778075479023001
0.3451082418762568,0.4232672578380392,-0.11886627719623814,-0.058253365663393314
0.3352829872738374,0.4232672578380392,-0.12650773099951035,-0.05917151700457188
0.3294061994742595,0.4213067494139927,-0.13367229857300883,-0.06029876683202031
0.3235294116746816,0.4193534753383746,-0.13893069599661756,-0.06128430229697835
0.3235294116746816,0.4174002012627563,-0.13866375554261068,-0.06169044763205757
0.3352829872738374,0.4154469271871381,-0.1275400966288356,-0.061035726304141356
0.3549028882088867,0.4154469271871381,-0.10686420874452168,-0.05884834240013926
0.374522789143936,0.4174002012627563,-0.08770952790906705,-0.05472301230123161
0.3843174354765659,0.4232672578380392,-0.07870713971284919,-0.04837327336466257
0.3803995769435139,0.4340174996023676,-0.07968616398694355,-0.03967192597902589
0.374522789143936,0.4467282497907424,-0.0893063201306249,-0.028674061818017075
0.3588207467419387,0.4604084026684982,-0.10240279561172123,-0.01561980943919714
0.3549028882088867,0.4750724269324912,-0.10539672745996219,-0.0009168825516523861
0.374522789143936,0.4916897252721025,-0.089678706824762,0.014894333024904288
0.3941120818091958,0.5092836606495229,-0.06570852746931152,0.031188402779371446
0.3999888696087737,0.5268848303753715,-0.06046621693019901,0.047309135148598115
0.3843174354765659,0.5425254916771737,-0.07946664751138735,0.06262394875697908
0.374522789143936,0.5571822815927384,-0.08776794274682065,0.07657196988000384
0.3646975345415166,0.5689163947433042,-0.08738519176416032,0.08870060081777917
0.3646975345415166,0.5777133624320144,-0.1083055913436257,0.09868714287649365
0.3646975345415166,0.5826037819694881,-0.09756072947319616,0.10634441776117541
0.3705743223410945,0.5855336930829155,-0.06239193037088757,0.11161183609747566
0.3803995769435139,0.5874869671585337,-0.1224212444803576,0.11453554911050921
0.3235294116746816,0.5874869671585337,-0.12063168115007834,0.11524272938753634
0.6862680169496722,0.5855336930829155,0.27596643465180726,0.11391536066504687
1.503906727835743,0.5826037819694881,0.9167409610289804,0.1107681537682259
1.503906727835743,0.5796666365076326,1.2184505425709646,0.10603357076900248
1.503906727835743,0.5767367253942053,0.8742535378377725,0.09995479011073452
0.5803940117479008,0.5718463058567315,0.2332070403832038,0.0927852203476983
0.3843174354765659,0.5650026122436396,-0.11191778806982151,0.08479137988561916
0.3843174354765659,0.5571822815927384,-0.09200696731209246,0.07625509264678992
0.3705743223410945,0.54643203982841,-0.0629581270878565,0.06747127878474542
0.3588207467419387,0.5356817980640817,-0.10922094667630372,0.058739066160493666
0.3549028882088867,0.523947684913516,-0.11255049105998505,0.050346095242211134
0.3451082418762568,0.5141740801869966,-0.10360423051439055,0.042548113855767344
0.3490261004093087,0.5073303865739046,-0.11458666506902224,0.03554761262568665
0.3549028882088867,0.5014633299986218,-0.10483937414964307,0.02947587497912331
0.3705743223410945,0.4965801448095762,-0.08691407397752393,0.02438229311403243
0.374522789143936,0.4926663623099116,-0.0843246429948997,0.020233377605676842
0.3803995769435139,0.4916897252721025,-0.07924983920235051,0.01692199677173853
0.3901942232761438,0.4907130882342934,-0.06701136747501056,0.01428544692461387
0.3999888696087737,0.4897364511964843,-0.06007057188399459,0.01212933104645371
0.4039067281418257,0.487783177120866,-0.052586309485925735,0.01025322438540688
0.4254855583434009,0.4858226686968196,-0.03433118761188687,0.008473955744461116
0.4451054592784502,0.4828927575833923,-0.011451547320513369,0.006643054189790438
0.4706021480130775,0.479962846469965,0.01082690851891913,0.004656287859196829
0.4941092992113892,0.4760490639703003,0.0388705785724887,0.002454898423801457
0.5353080303480138,0.4721425158190639,0.07483139457249259,1.973721215781368e-05
0.5705993654152709,0.4682287333193992,0.11528923357247751,-0.002639283334190825
0.6196032053482099,0.466275459243781,0.16090043358554945,-0.005495428239103406
0.6647197950178864,0.4643221851681628,0.20826683134859256,-0.00851621857104787
0.7058879178847215,0.4613850397063073,0.2476960566899472,-0.011671278189985182
0.7313846066193487,0.459431765630689,0.27568716727362286,-0.014936006133460121
0.7509738992846084,0.4555252174794526,0.2930834832908957,-0.01829125581802563
0.7548917578176605,0.4525880720175971,0.2980625994016471,-0.021720049654900455
0.7450971114850305,0.4496581609041697,0.28974176731248746,-0.02520281877458276
0.7254772105499813,0.4457443784045051,0.26687689139760074,-0.028712745838897602
0.6803912291500942,0.4418378302532686,0.2262920114514294,-0.03221256613922585
0.6293978516808398,0.437924047753604,0.1710414527439356,-0.03565372027010544
0.5646919693459035,0.4340174996023676,0.11021639816486632,-0.03897814737556965
0.5058934830803345,0.4301109514511312,0.04889954646997611,-0.04212239419713768
0.4451054592784502,0.4271738059892756,-0.010591268812124705,-0.04502322805847998
0.3941120818091958,0.4242438948758483,-0.06119612043370844,-0.04762367773493399
0.3588207467419387,0.4222906208002301,-0.09765092509511256,-0.049878420896789365
0.3294061994742595,0.4203301123761837,-0.12489765702058714,-0.05175766252496692
0.3098169068089997,0.4193534753383746,-0.1472910170722691,-0.05324902566195663
0.2941148644070023,0.4183768383005654,-0.15905934979060804,-0.05435740154718792
0.2999916522065803,0.4174002012627563,-0.15715857350985388,-0.05510308369447075
0.3039095107396323,0.4164235642249472,-0.1495535022015903,-0.05551876965779546
0.3137347653420516,0.4174002012627563,-0.14234234531215145,-0.05564613162860994
0.3196115531416296,0.4174002012627563,-0.13426740843204993,-0.05553265526465873
0.3294061994742595,0.4174002012627563,-0.12573542945462474,-0.055229351444880476
0.3352829872738374,0.4183768383005654,-0.11972770494802788,-0.05478974941241737
0.3352829872738374,0.4183768383005654,-0.1175358388772145,-0.054270264548932454
0.3392008458068894,0.4183768383005654,-0.11741976784970505,-0.053731622040285566
0.3392008458068894,0.4183768383005654,-0.11327616449115524,-0.05324057460836916
0.3490261004093087,0.4183768383005654,-0.1053303572695547,-0.05287076777126942
0.3490261004093087,0.4164235642249472,-0.1057606811106497,-0.052701381833905436
0.3392008458068894,0.4154469271871381,-0.1146159573073771,-0.05281221801757271
0.3352829872738374,0.4154469271871381,-0.11649306563779638,-0.05327429054227115
0.3451082418762568,0.4154469271871381,-0.11228377021667627,-0.05413580079125171
0.3352829872738374,0.4154469271871381,-0.11457926616728363,-0.05540455856427562
0.3352829872738374,0.4154469271871381,-0.12060086978359892,-0.05702925058827464
0.3294061994742595,0.4154469271871381,-0.12283843073585361,-0.058883073674667774
0.3294061994742595,0.4134864187630917,-0.1248473706815252,-0.06075378949817609
0.3196115531416296,0.4125097817252826,-0.13160179104719472,-0.06234398317080605
0.3196115531416296,0.4115331446874735,-0.1367639215564513,-0.06328416678492026
0.3235294116746816,0.4105565076496644,-0.12577746419114688,-0.06315950675215082
0.3549028882088867,0.4105565076496644,-0.10097869079333185,-0.06154866086036258
0.3646975345415166,0.4115331446874735,-0.08567686049188102,-0.058070852177169584
0.3705743223410945,0.414470290149329,-0.08588361787179527,-0.05243528773996428
0.3549028882088867,0.4203301123761837,-0.09166727555334779,-0.044485775015001935
0.3490261004093087,0.4291270800648938,-0.11008749629439343,-0.03423327297283565
0.3137347653420516,0.4428144672910778,-0.13586162151093598,-0.021870352213729315
0.3098169068089997,0.459431765630689,-0.13967946423764105,-0.007764078466568396
0.3352829872738374,0.4780023380459186,-0.1231849886686488,0.007572706130777368
0.3392008458068894,0.4975567818473854,-0.10935015813138048,0.023528034534225445
0.3451082418762568,0.5151507172248058,-0.10546747843619478,0.03944862997150162
0.3392008458068894,0.5307913785266078,-0.11616967173087862,0.05470033701739086
0.3294061994742595,0.5425254916771737,-0.12603105554432692,0.0687225507947118
0.3137347653420516,0.553275733441502,-0.12470498682643644,0.08106959050596454
0.3294061994742595,0.5630493381680214,-0.13690412074371436,0.09143465988846064
0.3294061994742595,0.5698930317811133,-0.12608052946516318,0.09965514641456046
0.3352829872738374,0.5747834513185871,-0.0870898798521786,0.10570088697026173
0.3392008458068894,0.5777133624320144,-0.14517938016724033,0.10964927805309671
0.2941148644070023,0.5786899994698235,-0.16808949509818957,0.11165256524854256
0.5843118702809528,0.5777133624320144,0.21959412125087185,0.11190324654572005
1.501947798569217,0.5757600883563961,0.8952544869724675,0.11060325073663545
1.503906727835743,0.5737995799323498,1.2303243506685193,0.10794144481581337
1.503906727835743,0.5718463058567315,0.9057295612813313,0.10408220420176559
0.6411820355497851,0.5689163947433042,0.2680262216523521,0.09916549390486563
0.3490261004093087,0.5650026122436396,-0.11162381899314587,0.09331655882883115
0.3588207467419387,0.5591427900167849,-0.12008353986577767,0.08666139964366537
0.3490261004093087,0.553275733441502,-0.07760687418834017,0.07934314432300192
0.3451082418762568,0.545455402790601,-0.11143155926014434,0.07153443352161837
0.3392008458068894,0.5356817980640817,-0.1191019783443512,0.06344199452295494
0.3392008458068894,0.524924321951325,-0.10745696085414042,0.0553014532696131
0.3352829872738374,0.5151507172248058,-0.11350455852216913,0.047362726366467864
0.3490261004093087,0.5063537495360956,-0.10790461109993224,0.039868513873173576
0.3549028882088867,0.4995100559230035,-0.09364645042200107,0.03302995007679969
0.3646975345415166,0.4926663623099116,-0.08540129787105273,0.027004032515374927
0.3803995769435139,0.487783177120866,-0.07380949079403736,0.02187701031380725
0.3843174354765659,0.4848460316590105,-0.06500425643546193,0.017656677360131198
0.3901942232761438,0.4838693946212014,-0.06189555357816971,0.014274792376424275
0.4039067281418257,0.4819161205455832,-0.047646145814765534,0.01159898553452085
0.4254855583434009,0.479962846469965,-0.024365435709416114,0.009451891618424503
0.4490233178115022,0.4780023380459186,-0.005972013742568982,0.007634211358482327
0.4607768934106581,0.4770257010081094,0.014544486788358723,0.0059481001568853185
0.4999860870109672,0.4750724269324912,0.043916223405518796,0.004217641773186383
0.5254827757455944,0.4721425158190639,0.07635008512466897,0.0023039894006340184
0.5705993654152709,0.4692053703572084,0.11889761571081026,0.00011385703556956772
0.6293978516808398,0.466275459243781,0.17794610133557762,-0.0023987584761074755
0.6901858754827241,0.4623689110925446,0.23735366462386356,-0.005236649957358088
0.7353024651524006,0.4584551285928799,0.28592885989661765,-0.008367492608907958
0.7803884465522877,0.4545485804416435,0.32703905032581015,-0.011733803807492105
0.8058851352869149,0.451611434979788,0.35474707779415526,-0.015262709422886052
0.8117619230864929,0.4496581609041697,0.36044212550175236,-0.018873998748306062
0.800008347487337,0.4477048868285516,0.3477243794110571,-0.02248581701835824
0.7705938002196577,0.444767741366696,0.31911609893176746,-0.026018278490973937
0.7215593520169293,0.4418378302532686,0.26956541847738597,-0.029395957901367186
0.6509766818824151,0.437924047753604,0.19914945352887303,-0.03255038486097645
0.5705993654152709,0.4330408625645585,0.11857223128266067,-0.03542328115503309
0.4941092992113892,0.4291270800648938,0.04193860095137067,-0.037970528711510416
0.4294034168764529,0.4261971689514665,-0.022176861006508838,-0.04016607126774409
0.3803995769435139,0.4252205319136574,-0.07281344604684625,-0.042004490177689785
0.3392008458068894,0.4242438948758483,-0.11171569450466616,-0.043501070554851466
0.3137347653420516,0.4242438948758483,-0.1397991114105219,-0.0446887556791107
0.2941148644070023,0.4232672578380392,-0.15782577172264312,-0.04561222537047828
0.2843202180743724,0.4232672578380392,-0.1674944396995586,-0.04632011499290246
0.2843202180743724,0.4232672578380392,-0.17020573779197098,-0.04685689257233568
0.2843202180743724,0.4232672578380392,-0.16562369440884506,-0.047256047163501756
0.2999916522065803,0.4222906208002301,-0.1555671194834758,-0.047536020075232444
0.3039095107396323,0.4213067494139927,-0.1469464479144831,-0.047699783922484376
0.3098169068089997,0.4213067494139927,-0.1438129247743476,-0.04773824508166407
0.3137347653420516,0.4203301123761837,-0.14040306692777846,-0.04763687967435914
0.3196115531416296,0.4213067494139927,-0.13113749290850554,-0.04738439507512121
0.3352829872738374,0.4222906208002301,-0.12063379857475609,-0.04698185665646551
0.3392008458068894,0.4222906208002301,-0.11308698298585841,-0.04645064479896941
0.3451082418762568,0.4232672578380392,-0.10728475789022424,-0.045837733835455544
0.3490261004093087,0.4222906208002301,-0.10710807451786966,-0.04521701504576914
0.3392008458068894,0.4222906208002301,-0.11281920355956006,-0.044685683043560874
0.3392008458068894,0.4232672578380392,-0.1144049733139918,-0.04435512295533698
0.3451082418762568,0.4232672578380392,-0.11071634392418078,-0.04433636193666523
0.3451082418762568,0.4232672578380392,-0.10766729404267499,-0.04472099930910468
0.3490261004093087,0.4232672578380392,-0.10498228548741781,-0.045559495141440594
0.3490261004093087,0.4232672578380392,-0.10692789642682154,-0.04683958697884197
0.3352829872738374,0.4232672578380392,-0.11824021046104845,-0.04846822598919448
0.3235294116746816,0.4213067494139927,-0.13071945094701837,-0.05026060701772299
0.3196115531416296,0.4203301123761837,-0.13679879823357943,-0.051939472728422614
0.3196115531416296,0.4183768383005654,-0.13433849965786734,-0.05314684967687974
0.3352829872738374,0.4183768383005654,-0.119530042474248,-0.05346882228204262
0.3588207467419387,0.4193534753383746,-0.09799033261284851,-0.05247209445784435
0.3705743223410945,0.4203301123761837,-0.0834198879895665,-0.04974919021318995
0.374522789143936,0.4232672578380392,-0.08215778549714824,-0.044967439855145494
0.3588207467419387,0.4271738059892756,-0.0958458120606591,-0.037915618857088745
0.3392008458068894,0.4349941366401767,-0.11897835237749908,-0.028541534315837076
0.3196115531416296,0.4467282497907424,-0.13340599279237644,-0.016974300065898368
0.3294061994742595,0.4613850397063073,-0.12973683610118397,-0.003526700153537327
0.3392008458068894,0.4789862094321558,-0.11582340723328992,0.01132418783800729
0.3549028882088867,0.4975567818473854,-0.10277656092796211,0.026976510274286564
0.3490261004093087,0.5161273542626148,-0.10484041557836456,0.042758317438395206
0.3451082418762568,0.5327446526022261,-0.1178832024314839,0.05798983471607812
0.3352829872738374,0.5483853139040282,-0.1167954661580471,0.07204450720566181
0.3352829872738374,0.560119427054594,-0.11970336816551237,0.08440034995253878
0.3294061994742595,0.5689163947433042,-0.13895021590473952,0.09467499071294128
0.3352829872738374,0.5747834513185871,-0.11600926666175225,0.10264076975882996
0.3392008458068894,0.5777133624320144,-0.10263929808266056,0.10821977689257657
0.3039095107396323,0.5786899994698235,-0.1950399179943499,0.11146207924233999
0.2784434302747945,0.5777133624320144,-0.1401078326490913,0.11251298475374862
0.8255050362219641,0.5757600883563961,0.3633664383220535,0.1115765263380094
1.503906727835743,0.5737995799323498,0.9962914346878147,0.10888222151816401
1.503906727835743,0.5718463058567315,1.1348410766739825,0.104660625853665
1.2372474814298935,0.5689163947433042,0.6760329734797209,0.09913060560812174
0.4941092992113892,0.5659792492814486,0.11628093561107361,0.0924982026273843
0.3941120818091958,0.560119427054594,-0.10537660504025685,0.08496417686299648
0.3843174354765659,0.5522990964036929,-0.07386149582988957,0.07673545402737843
0.3803995769435139,0.5435021287149827,-0.06492330297468484,0.06803518653135979
0.3705743223410945,0.5327446526022261,-0.09990549076121613,0.05910698443482208
0.3549028882088867,0.5219944108378977,-0.10545801579506792,0.05021075075354707
0.3490261004093087,0.5122208061113784,-0.10627852277002181,0.04160989794276169
0.3549028882088867,0.5024472013848591,-0.11100877999388016,0.03355192889058489
0.3588207467419387,0.494626870733958,-0.09859615940838626,0.026245954345982793
0.3803995769435139,0.4887598141586752,-0.08402793666178951,0.019841417757732478
0.3803995769435139,0.4828927575833923,-0.07799240880136075,0.014412065551255088
0.3941120818091958,0.479962846469965,-0.06956035203338795,0.009948186065770486
0.4039067281418257,0.4780023380459186,-0.057764367881165735,0.0063586213309941965
0.4156909120107711,0.4760490639703003,-0.045328718388915966,0.00348236709605065
0.4352802046760309,0.4740957898946821,-0.02821661401763077,0.0011080550401114367
0.4549001056110801,0.4721425158190639,-0.007298382193601405,-0.001001461998167201
0.4745200065461294,0.4701892417434457,0.01229898720086843,-0.0030826812382350097
0.4941092992113892,0.4672520962815901,0.030311436066442494,-0.005346354535520723
0.5156881294129645,0.4643221851681628,0.052933048587937306,-0.007956407426027181
0.5509794644802216,0.4613850397063073,0.08754014587261393,-0.011014829886143345
0.5960654458801087,0.4584551285928799,0.13260738838441985,-0.01455371155391879
0.6450998940828371,0.4545485804416435,0.180314948328898,-0.01853485873700985
0.6901858754827241,0.4506347979419788,0.22748547027774083,-0.022856768026457627
0.7353024651524006,0.4457443784045051,0.27027640287527077,-0.027368104186578243
0.7666759416866058,0.4408611932154596,0.30115169873140785,-0.031886209870926684
0.7803884465522877,0.4359707736779858,0.31836340676772773,-0.03621859546655048
0.7901830928849176,0.4310875884889403,0.32184960394760653,-0.0401849152520086
0.7705938002196577,0.4271738059892756,0.3081230427902024,-0.04363675520028869
0.7450971114850305,0.4242438948758483,0.2781648622273044,-0.04647274761285124
0.7000111300851435,0.4232672578380392,0.2350267754222381,-0.04864714140746568
0.6450998940828371,0.4232672578380392,0.17886566894532782,-0.05017094756110674
0.5803940117479008,0.4232672578380392,0.11476593787640565,-0.05110596964774674
0.5196059879460164,0.4232672578380392,0.05283748251604446,-0.05155313788267916
0.46469475194371,0.4232672578380392,-0.0014416336709138639,-0.05163731160234832
0.419608770543823,0.4222906208002301,-0.04723927052142235,-0.05149095103315094
0.3843174354765659,0.4222906208002301,-0.08291360276180205,-0.051238825654756695
0.3588207467419387,0.4232672578380392,-0.10757906923149249,-0.05098540864628289
0.3451082418762568,0.4232672578380392,-0.12330793706742543,-0.050806022094533665
0.3352829872738374,0.4232672578380392,-0.13141027890303264,-0.05074228088128745
0.3352829872738374,0.4232672578380392,-0.1330294830721829,-0.050801950995922635
0.3352829872738374,0.4232672578380392,-0.1323650780246694,-0.05096295589231493
0.3392008458068894,0.4232672578380392,-0.12981755531249273,-0.05118092351690628
0.3451082418762568,0.4232672578380392,-0.12205006113971913,-0.05139938291780048
0.3549028882088867,0.4232672578380392,-0.11481159310677479,-0.05156149727052501
0.3549028882088867,0.4232672578380392,-0.11394669314883732,-0.05162204733205794
0.3588207467419387,0.4232672578380392,-0.10931891853891833,-0.05155824725922088
0.374522789143936,0.4222906208002301,-0.09571482536570886,-0.05137789495251224
0.3803995769435139,0.4222906208002301,-0.08872449926308607,-0.051123372992560354
0.374522789143936,0.4222906208002301,-0.0951085338229105,-0.050870199252733915
0.3705743223410945,0.4222906208002301,-0.09941471300521157,-0.05071926436970155
0.374522789143936,0.4222906208002301,-0.0955145503741151,-0.05078262603428406
0.374522789143936,0.4232672578380392,-0.09552001866015694,-0.05116370769692892
0.3705743223410945,0.4232672578380392,-0.10122366943463122,-0.051933838036695504
0.3646975345415166,0.4232672578380392,-0.10306086306060772,-0.05310807526156421
0.3705743223410945,0.4222906208002301,-0.10434490097707744,-0.05462396541291985
0.3549028882088867,0.4213067494139927,-0.11224485164316146,-0.05632709206179477
0.3549028882088867,0.4213067494139927,-0.11939979591713781,-0.05796688366090883
0.3490261004093087,0.4203301123761837,-0.12004433059479054,-0.05920515481486682
0.3549028882088867,0.4183768383005654,-0.11905378578593377,-0.05963833279796145
0.3549028882088867,0.4183768383005654,-0.11441129579399831,-0.0588323808015029
0.374522789143936,0.4193534753383746,-0.10028651116334317,-0.056367307884722856
0.3843174354765659,0.4222906208002301,-0.08428404822360103,-0.05188622016143413
0.3999888696087737,0.4261971689514665,-0.07742148254244524,-0.045142524323920526
0.3843174354765659,0.4340174996023676,-0.08189317983523478,-0.03603846617281122
0.3803995769435139,0.4457443784045051,-0.09829240513986325,-0.024648873871947197
0.3490261004093087,0.4613850397063073,-0.12063610690952196,-0.011225832544979705
0.3392008458068894,0.479962846469965,-0.13294411002051107,0.00381714276791046
0.3490261004093087,0.4995100559230035,-0.12851569935039867,0.019939552865126477
0.3549028882088867,0.517103991300424,-0.1130517482212483,0.03652205465730438
0.3803995769435139,0.531768015564417,-0.0978486442753154,0.05292134126486233
0.3705743223410945,0.5483853139040282,-0.09917501330531078,0.06852420275342823
0.3646975345415166,0.5630493381680214,-0.11344237324836336,0.08279396316252274
0.3490261004093087,0.5757600883563961,-0.12117191784574428,0.09530418892754991
0.3451082418762568,0.5845570560451063,-0.12877765293163335,0.10575676570489324
0.3490261004093087,0.5914007496581983,-0.13245386858689082,0.11398385258864727
0.3549028882088867,0.5953072978094348,-0.1099849613853583,0.11993560538952866
0.3549028882088867,0.597260571885053,-0.12052063694436019,0.12365759007055674
0.3098169068089997,0.598237208922862,-0.17993277540254918,0.12526310975528276
0.4098141242111931,0.598237208922862,-0.04082911230537671,0.12490596640090011
0.9764650228236226,0.597260571885053,0.4822507383625173,0.12275840680901973
1.503906727835743,0.5943306607716257,1.0326449429748803,0.11899734870939359
1.503906727835743,0.590416878271961,1.0443035648747006,0.11379983341244414
1.027458400292877,0.5865103301207246,0.5170058136754815,0.10734646843231618
0.4490233178115022,0.5816199105832508,0.017810732681104807,0.09982982128139939
0.3999888696087737,0.5737995799323498,-0.1105105320058969,0.0914636366244027
0.3941120818091958,0.5650026122436396,-0.06858407109453335,0.08248862478272022
0.3901942232761438,0.553275733441502,-0.08122178774750792,0.07317151024509769
0.374522789143936,0.5415416202909363,-0.11086613090424638,0.06379586134435329
0.3549028882088867,0.5307913785266078,-0.11471578960526262,0.05464547487371583
0.3549028882088867,0.5200411367622795,-0.12466697959401167,0.045983132402061595
0.3490261004093087,0.5122208061113784,-0.1250352492678957,0.0380288195296458
0.3803995769435139,0.5053771124982864,-0.09717666631275769,0.03094170206035438
0.4039067281418257,0.5014633299986218,-0.07334866785682859,0.02480929905040107
0.4039067281418257,0.4975567818473854,-0.07029796514931136,0.019645673192011628
0.4098141242111931,0.494626870733958,-0.0692247360993706,0.015398541582350236
0.4156909120107711,0.4916897252721025,-0.06003235525823035,0.011963493754971204
0.4294034168764529,0.4897364511964843,-0.04672023323664322,0.00920236177712196
0.4490233178115022,0.487783177120866,-0.02987353580384018,0.006962376447461636
0.46469475194371,0.4848460316590105,-0.009692733528603571,0.0050930291584291
0.4901914406783372,0.4828927575833923,0.010924948648134869,0.0034583904641169233
0.5098113416133866,0.4809394835077741,0.03372904640525856,0.001943796762066556
0.5392258888810657,0.4780023380459186,0.06260904533173366,0.00045705007915277003
0.5745172239483228,0.4760490639703003,0.0959265314223291,-0.0010746603867909502
0.60980855901558,0.4740957898946821,0.13336354741033,-0.002710194792101452
0.654894540415467,0.4721425158190639,0.17840042743157447,-0.004500085590782189
0.7058879178847215,0.4701892417434457,0.22627208366545737,-0.00649040841783646
0.7411792529519786,0.4682287333193992,0.2662037145174546,-0.008723610542739865
0.7705938002196577,0.4672520962815901,0.29200188112310077,-0.011235927166462956
0.7803884465522877,0.466275459243781,0.3023575362913947,-0.014052027324496648
0.7764705880192357,0.4643221851681628,0.30054054476309444,-0.01717841437105483
0.7666759416866058,0.4604084026684982,0.2878310907154134,-0.02059761021536215
0.7353024651524006,0.4555252174794526,0.25830844104873757,-0.024265077036928175
0.6901858754827241,0.4506347979419788,0.21232301048767768,-0.02811016030387528
0.6353052477502072,0.4467282497907424,0.15874753231275204,-0.03204130098390838
0.5803940117479008,0.4418378302532686,0.10084266726616406,-0.03595472274668356
0.5156881294129645,0.437924047753604,0.04038310938082286,-0.03974504685721197
0.46469475194371,0.4340174996023676,-0.014531394416628277,-0.04331594822749094
0.419608770543823,0.4310875884889403,-0.05738726753941713,-0.046589032866611854
0.3901942232761438,0.4281504430270847,-0.08722135177541998,-0.0495095237669822
0.3705743223410945,0.4261971689514665,-0.10725503370383418,-0.05204799122111974
0.3549028882088867,0.4242438948758483,-0.12262316034280568,-0.05419812859961605
0.3451082418762568,0.4232672578380392,-0.13233168595517203,-0.055971320723706135
0.3451082418762568,0.4222906208002301,-0.13250090322089586,-0.05738935752268616
0.3490261004093087,0.4222906208002301,-0.12792103160347107,-0.058477010777856706
0.3549028882088867,0.4213067494139927,-0.12421300997868334,-0.05925623923104491
0.3549028882088867,0.4203301123761837,-0.11973102603054285,-0.05974347312481394
0.3646975345415166,0.4203301123761837,-0.11544037516364465,-0.059950772241659046
0.3646975345415166,0.4193534753383746,-0.11134834940085553,-0.05989075978908754
0.374522789143936,0.4183768383005654,-0.10248484672402777,-0.05958428583800065
0.3803995769435139,0.4183768383005654,-0.09704753737511884,-0.05906896344077709
0.374522789143936,0.4183768383005654,-0.10440526173534458,-0.058406226847476934
0.3646975345415166,0.4193534753383746,-0.10884142784211148,-0.05768452330131194
0.3803995769435139,0.4203301123761837,-0.10006669182449364,-0.05701671683450011
0.3803995769435139,0.4203301123761837,-0.09530734690435182,-0.05653067715791997
0.374522789143936,0.4213067494139927,-0.10168299949306776,-0.05635317776659209
0.3705743223410945,0.4213067494139927,-0.10749842085881103,-0.056588444832792434
0.3646975345415166,0.4213067494139927,-0.11184665661936728,-0.05729382282134687
0.3549028882088867,0.4213067494139927,-0.120756579817619,-0.058455918903327804
0.3490261004093087,0.4213067494139927,-0.1292511400670079,-0.059971121941180906
0.3451082418762568,0.4193534753383746,-0.1304905943939631,-0.06163442901473291
0.3451082418762568,0.4183768383005654,-0.1302308420411573,-0.06313994770037154
0.3451082418762568,0.4174002012627563,-0.1348181088953825,-0.06409525396681165
0.3392008458068894,0.4174002012627563,-0.13198010048233966,-0.06405008077851702
0.3705743223410945,0.4193534753383746,-0.11064330712247747,-0.0625378001857594
0.3843174354765659,0.4203301123761837,-0.08722296086461313,-0.05912607446890831
0.3999888696087737,0.4222906208002301,-0.08043409927800327,-0.05347111704484453
0.3843174354765659,0.4271738059892756,-0.08654063803786025,-0.04536850530760338
0.3803995769435139,0.4359707736779858,-0.10022945260924532,-0.03479283190110168
0.3490261004093087,0.4496581609041697,-0.12270468519222427,-0.021919115363391098
0.3352829872738374,0.466275459243781,-0.14219584883985245,-0.007121047806232713
0.3352829872738374,0.4858226686968196,-0.14002188120374054,0.009055382184635474
0.3549028882088867,0.5053771124982864,-0.11851339351288112,0.0259402616678615
0.374522789143936,0.524924321951325,-0.10371606023986997,0.0428036668994522
0.3588207467419387,0.5435021287149827,-0.11173724217090954,0.05892593742954361
0.3549028882088867,0.560119427054594,-0.1253243897509118,0.07366404874010439
0.3392008458068894,0.5718463058567315,-0.1303548511486319,0.08650459132184453
0.3352829872738374,0.5796666365076326,-0.13958513129975722,0.09709636548499741
0.3451082418762568,0.5835804190072973,-0.13822573061559237,0.10525939824603037
0.3451082418762568,0.5855336930829155,-0.11250188365625523,0.1109715294254308
0.3549028882088867,0.5874869671585337,-0.13129694327730831,0.11433764416407247
0.3098169068089997,0.5865103301207246,-0.17072154516804258,0.11554926604683946
0.4745200065461294,0.5865103301207246,0.03153621401023147,0.1148430545535395
1.1117535752930732,0.5855336930829155,0.5895585904342872,0.11246575218186425
1.503906727835743,0.5845570560451063,1.085416470280981,0.10865069508631708
1.503906727835743,0.5826037819694881,0.9860725107194177,0.1036077899207636
0.8509711166868019,0.5777133624320144,0.39544405982161146,0.09752563595380472
0.3999888696087737,0.5718463058567315,-0.0603021594585004,0.09058195357609672
0.3803995769435139,0.5650026122436396,-0.11697452560451983,0.08295715028760708
0.3941120818091958,0.5562056445549294,-0.06290087219090493,0.074845846482151
0.3803995769435139,0.54643203982841,-0.09206811127626853,0.0664623184035287
0.3549028882088867,0.5366584351018908,-0.1235449269043031,0.05803773069396559
0.3451082418762568,0.524924321951325,-0.1228258260060906,0.04980927049132981
0.3490261004093087,0.5161273542626148,-0.12274730418550733,0.04200336545273696
0.3588207467419387,0.5083070236117138,-0.11284176557933634,0.034816607308757845
0.3803995769435139,0.5024472013848591,-0.09305113351080584,0.02839848842972663
0.3843174354765659,0.4965801448095762,-0.08253545634392893,0.0228395224729589
0.3999888696087737,0.4936429993477207,-0.07536475411959992,0.018166973280536264
0.4039067281418257,0.4916897252721025,-0.06320704542730353,0.014348643494870696
0.419608770543823,0.4916897252721025,-0.053002592566524204,0.01130339563604661
0.4254855583434009,0.4897364511964843,-0.04381314216722052,0.008915697717498587
0.4451054592784502,0.4868065400830569,-0.02511307080704049,0.007050864417920987
0.4706021480130775,0.4838693946212014,0.001216849370059466,0.0055680024034732885
0.4941092992113892,0.479962846469965,0.023363367550488817,0.004328847095494603
0.5098113416133866,0.4770257010081094,0.04216273973079446,0.003202256439492712
0.5392258888810657,0.4760490639703003,0.06872036592509294,0.0020655289874513755
0.5745172239483228,0.4750724269324912,0.10613445639804209,0.0008044812492465607
0.6196032053482099,0.4750724269324912,0.1512876751391644,-0.0006858114951756482
0.6705965828174644,0.473119152856873,0.20126463702284064,-0.002498375035059092
0.7156825642173513,0.4711658787812548,0.24865653176190528,-0.0047095065719583796
0.7548917578176605,0.4692053703572084,0.2858135522536859,-0.007372339163331614
0.7803884465522877,0.466275459243781,0.313005200319992,-0.010509989198293612
0.796090488954285,0.4623689110925446,0.329686986851875,-0.014109761881647302
0.800008347487337,0.4584551285928799,0.3303291373710177,-0.01811986910410662
0.7803884465522877,0.4545485804416435,0.3157210590014585,-0.022449823490288158
0.7548917578176605,0.4496581609041697,0.28747442875051676,-0.026975175585813492
0.7098057764177734,0.444767741366696,0.24179756976242336,-0.031546632201872996
0.6509766818824151,0.4398845561776505,0.18662571491260274,-0.036002897904229246
0.6000139126829501,0.4349941366401767,0.13357208633444642,-0.04018589302196455
0.5451026766806437,0.4291270800648938,0.07762072481836117,-0.043956426973070895
0.4843146528787593,0.4252205319136574,0.020781117601761514,-0.04720807791343308
0.4451054592784502,0.4232672578380392,-0.020853386419156128,-0.04987708909068424
0.4156909120107711,0.4222906208002301,-0.05035154254304442,-0.05194663703212605
0.3843174354765659,0.4213067494139927,-0.07934118184846352,-0.05344481297962065
0.3646975345415166,0.4213067494139927,-0.1005234516795616,-0.05443684904194234
0.3549028882088867,0.4213067494139927,-0.10882857684703301,-0.05501318076092745
0.3549028882088867,0.4213067494139927,-0.11098523903954699,-0.05527560389923136
0.3549028882088867,0.4203301123761837,-0.10611029861877737,-0.05532393982245973
0.3705743223410945,0.4203301123761837,-0.0957372723013247,-0.055245291618065184
0.3705743223410945,0.4193534753383746,-0.09155916321863941,-0.05510728114843665
0.3705743223410945,0.4193534753383746,-0.09254782635715816,-0.0549558060956432
0.374522789143936,0.4193534753383746,-0.08861881976142083,-0.05481704996603302
0.3803995769435139,0.4203301123761837,-0.08266720760322602,-0.0547028562645016
0.3803995769435139,0.4203301123761837,-0.08111952303461019,-0.05461817989679906
0.3803995769435139,0.4193534753383746,-0.08270304645176417,-0.054569101600675886
0.374522789143936,0.4183768383005654,-0.08667577740148216,-0.054569754210933796
0.3705743223410945,0.4174002012627563,-0.09208392401748608,-0.054646452591761784
0.3646975345415166,0.4164235642249472,-0.095423712795663,-0.05483744402477245
0.3646975345415166,0.4154469271871381,-0.09789767444408051,-0.0551871470039278
0.3588207467419387,0.4164235642249472,-0.10173979811786493,-0.05573459841946862
0.3549028882088867,0.4164235642249472,-0.10492928800004274,-0.05649702321139858
0.3549028882088867,0.4174002012627563,-0.10747348753394365,-0.057450773812723004
0.3490261004093087,0.4174002012627563,-0.10985205693406286,-0.05851304222895934
0.3490261004093087,0.4174002012627563,-0.11119007131808112,-0.05952838296999016
0.3451082418762568,0.4164235642249472,-0.11570403267965151,-0.06026395171973461
0.3352829872738374,0.4164235642249472,-0.12356860571099741,-0.06041639053747496
0.3352829872738374,0.4154469271871381,-0.12372569700264774,-0.05963159671133507
0.3490261004093087,0.4164235642249472,-0.11188629286448404,-0.05753647836446958
0.3588207467419387,0.4183768383005654,-0.09802209445191956,-0.05377960047945615
0.3705743223410945,0.4222906208002301,-0.08946634267819081,-0.04807576164861507
0.374522789143936,0.4291270800648938,-0.08497290374556067,-0.04024837160629073
0.3646975345415166,0.437924047753604,-0.09005767798836996,-0.030263269263695693
0.3490261004093087,0.4486815238663607,-0.11401148700594077,-0.018248426829677963
0.3137347653420516,0.4643221851681628,-0.14097917983246702,-0.0044957684620244
0.3137347653420516,0.4819161205455832,-0.14332329447032374,0.01055611376478211
0.3352829872738374,0.5004866929608127,-0.12608440526472228,0.026356606352788844
0.3392008458068894,0.5180806283382331,-0.1148725171004262,0.04229052945608208
0.3352829872738374,0.5337212896400352,-0.12090011635708854,0.05773180165786369
0.3294061994742595,0.5483853139040282,-0.13285216710781975,0.07209590660572283
0.3196115531416296,0.5610960640924031,-0.1328273251766745,0.0848842972848794
0.3137347653420516,0.5708696688189224,-0.139263055235168,0.09571554611852533
0.3098169068089997,0.5786899994698235,-0.15811147560401673,0.1043404504176444
0.3196115531416296,0.5816199105832508,-0.13029392860865527,0.11064100338923445
0.3352829872738374,0.5835804190072973,-0.1047782641668254,0.11461572011669527
0.3098169068089997,0.5835804190072973,-0.18469160472533588,0.11635583862218168
0.2843202180743724,0.5826037819694881,-0.13637955123012185,0.1160180010779984
0.8058851352869149,0.5806432735454417,0.35260556399394516,0.11379891202852557
1.503906727835743,0.5786899994698235,0.9940508878900778,0.10991619296116709
1.503906727835743,0.5757600883563961,1.1435973038965317,0.10459752072983204
1.217658188764634,0.5718463058567315,0.6561913892795583,0.09807767607618902
0.4294034168764529,0.5659792492814486,0.05717103607702542,0.09060094861107895
0.3294061994742595,0.5591427900167849,-0.16140831707269512,0.08242499611819638
0.3549028882088867,0.5493619509418374,-0.10608312991234256,0.07382207828267422
0.3392008458068894,0.5376350721396999,-0.09322737698916397,0.06507460678959266
0.3392008458068894,0.5268848303753715,-0.12978853269786422,0.05646387143899052
0.3235294116746816,0.5161273542626148,-0.1287395766479943,0.0482530389982783
0.3235294116746816,0.5083070236117138,-0.12839026309283308,0.040667396424681805
0.3196115531416296,0.5014633299986218,-0.1340923181208432,0.03387578617275317
0.3392008458068894,0.4965801448095762,-0.11774342828949304,0.027977062493728284
0.3490261004093087,0.4916897252721025,-0.1030045937190876,0.022994349444896277
0.3549028882088867,0.487783177120866,-0.09809559547043387,0.018878290370420315
0.3705743223410945,0.4868065400830569,-0.08511906817958208,0.015518758533678498
0.3803995769435139,0.4858226686968196,-0.07177733353306086,0.012762970119189018
0.3901942232761438,0.4838693946212014,-0.06412290051308132,0.01043684704508963
0.4039067281418257,0.4809394835077741,-0.048573775838894,0.008366035839832954
0.4294034168764529,0.4789862094321558,-0.025159472448159758,0.006393332446277348
0.4490233178115022,0.4750724269324912,-0.0038565654078496574,0.004390308970953726
0.4706021480130775,0.4711658787812548,0.018544904131897594,0.0022623819474917525
0.5058934830803345,0.4682287333193992,0.05033853320207944,-5.199232094423474e-05
0.5451026766806437,0.4652988222059719,0.09388293630491237,-0.0025862153451248196
0.5960654458801087,0.4623689110925446,0.1433340921840035,-0.005352247076797644
0.6450998940828371,0.4604084026684982,0.18900842030394255,-0.008346946028804645
0.6803912291500942,0.4574784915550708,0.23173754293249768,-0.011556514586274744
0.7313846066193487,0.4545485804416435,0.2750093720548069,-0.014958404603633322
0.7607991538870279,0.451611434979788,0.3091837297393951,-0.018520932115001224
0.7803884465522877,0.4486815238663607,0.3275960541380256,-0.022201547909182526
0.7862652343518657,0.444767741366696,0.3332601052832874,-0.02594509481665235
0.7764705880192357,0.4408611932154596,0.3230424680590585,-0.029683405626430594
0.7450971114850305,0.4369474107157949,0.29269091201001884,-0.033337271592318155
0.6960932715520916,0.4330408625645585,0.24401600937466716,-0.036821224378437746
0.6353052477502072,0.4291270800648938,0.18009662520077588,-0.040050864843975645
0.5607741108128516,0.4252205319136574,0.11054642465929454,-0.04295179361336718
0.4999860870109672,0.4232672578380392,0.045775725568442206,-0.04546868432152817
0.4392286714788723,0.4203301123761837,-0.014351278498039771,-0.0475727917603337
0.3843174354765659,0.4174002012627563,-0.06708137126560135,-0.049266252483505864
0.3490261004093087,0.4154469271871381,-0.10472998117295426,-0.05058190669842651
0.3235294116746816,0.4154469271871381,-0.13019815658142342,-0.051578025231005784
0.3039095107396323,0.4164235642249472,-0.14772959257728055,-0.052328245190742965
0.2999916522065803,0.4164235642249472,-0.1538960746070528,-0.052908108276259205
0.3039095107396323,0.4174002012627563,-0.14980535467654627,-0.05338061166650798
0.3098169068089997,0.4183768383005654,-0.14197062327357507,-0.05378379921937304
0.3196115531416296,0.4183768383005654,-0.13475745404179768,-0.05412339412051167
0.3235294116746816,0.4164235642249472,-0.13025100030554784,-0.05437271770906221
0.3235294116746816,0.4154469271871381,-0.12749176640208815,-0.0544807328787666
0.3352829872738374,0.4134864187630917,-0.12197763729278838,-0.05438724914239887
0.3392008458068894,0.4115331446874735,-0.11081196610433452,-0.054042539064785476
0.3549028882088867,0.4105565076496644,-0.10045954439478119,-0.05342729367314501
0.3549028882088867,0.4115331446874735,-0.09968429621209708,-0.052568347708072435
0.3490261004093087,0.4134864187630917,-0.10264699416602119,-0.05154611582799535
0.3549028882088867,0.4154469271871381,-0.10060787568185446,-0.050491138435216514
0.3549028882088867,0.4183768383005654,-0.09950722134304088,-0.049569221247978544
0.3490261004093087,0.4203301123761837,-0.10348672506163727,-0.04895687959105762
0.3490261004093087,0.4213067494139927,-0.10681370869172697,-0.04881067690532084
0.3451082418762568,0.4203301123761837,-0.10913329880606298,-0.04923521391226312
0.3392008458068894,0.4193534753383746,-0.11413151188446213,-0.05025481298105763
0.3352829872738374,0.4174002012627563,-0.12140720054730131,-0.0517934039205868
0.3235294116746816,0.4154469271871381,-0.129338534559656,-0.05366597406413104
0.3196115531416296,0.414470290149329,-0.13705523604310513,-0.05558346580617585
0.3098169068089997,0.4115331446874735,-0.14361380372211674,-0.057171394919592576
0.3137347653420516,0.4105565076496644,-0.14366431201061827,-0.05800084252839479
0.3235294116746816,0.4095798706118552,-0.12952135116021493,-0.05762893330742049
0.3490261004093087,0.4115331446874735,-0.10865322952014358,-0.05564458594330317
0.3549028882088867,0.4134864187630917,-0.09915257182888268,-0.051714388996443
0.3588207467419387,0.4183768383005654,-0.09932589422392392,-0.045623080825321426
0.3549028882088867,0.4261971689514665,-0.0978559797728299,-0.03730340641513518
0.3549028882088867,0.4359707736779858,-0.10484789785352,-0.02685114609391685
0.3294061994742595,0.4496581609041697,-0.12549413939667362,-0.014522847012443505
0.3196115531416296,0.4672520962815901,-0.13603540960020194,-0.0007160850791912705
0.3352829872738374,0.4828927575833923,-0.12317083871622476,0.014065396988218844
0.3549028882088867,0.4975567818473854,-0.10291380868221686,0.02925708923688198
0.3549028882088867,0.5131974431491875,-0.0983298565419741,0.044283599729043034
0.3451082418762568,0.5288381044509897,-0.11578066443021752,0.0586065390180569
0.3352829872738374,0.5435021287149827,-0.12598713972060607,0.07176444706900653
0.3235294116746816,0.5542523704793112,-0.12128806306912202,0.08340009717385274
0.3352829872738374,0.5630493381680214,-0.1355271817578489,0.09327242199156244
0.3352829872738374,0.5689163947433042,-0.1287440836592308,0.10125270310079762
0.3352829872738374,0.5718463058567315,-0.09118526685171265,0.10730725383330796
0.3451082418762568,0.5737995799323498,-0.14912081046478978,0.11147112464706621
0.2941148644070023,0.5757600883563961,-0.17195224625734995,0.11381884387018892
0.5901886580805307,0.5757600883563961,0.21511450220623715,0.11443848554723587
1.503906727835743,0.5757600883563961,0.8906733373579302,0.1134143232136507
1.503906727835743,0.5747834513185871,1.2241428562221943,0.11082120361837414
1.503906727835743,0.5728229428945406,0.8929269412867548,0.10673102229149868
0.6293978516808398,0.5698930317811133,0.25316903166926763,0.10122887282998462
0.3588207467419387,0.5659792492814486,-0.11466245898769409,0.09443413892239547
0.374522789143936,0.5591427900167849,-0.1114574834836625,0.08652048627698584
0.3646975345415166,0.5493619509418374,-0.07240418636616955,0.07772871470084794
0.3451082418762568,0.538611709177509,-0.11876871547000654,0.06836781843838756
0.3352829872738374,0.5259009589891341,-0.13689726049186052,0.058802110504885506
0.3235294116746816,0.5141740801869966,-0.12838782186061984,0.04942531294519449
0.3294061994742595,0.5034238384226682,-0.133468878373583,0.04062536531469444
0.3352829872738374,0.494626870733958,-0.13083374154453284,0.032745698470177435
0.3392008458068894,0.487783177120866,-0.11970260397217382,0.02604945445928147
0.3549028882088867,0.4838693946212014,-0.10760560938718093,0.020692532960350837
0.3705743223410945,0.4809394835077741,-0.09350358788626925,0.01670964519223394
0.374522789143936,0.479962846469965,-0.08849745383169841,0.014015203488063859
0.374522789143936,0.479962846469965,-0.08681651804279786,0.012418398072092973
0.3941120818091958,0.4789862094321558,-0.07127206277869512,0.01164969502253339
0.4156909120107711,0.4789862094321558,-0.047871661080984534,0.011394564555620693
0.4352802046760309,0.4789862094321558,-0.027199988501385733,0.011329644407385528
0.4607768934106581,0.4789862094321558,-0.005033748785394146,0.011156689046075995
0.4901914406783372,0.4789862094321558,0.025675758729945194,0.010630369253117968
0.5294006342786464,0.4780023380459186,0.06662825982929903,0.00957708931737123
0.5803940117479008,0.4740957898946821,0.11281296085812503,0.007903357054720651
0.6254799931477878,0.4701892417434457,0.16137368727781964,0.005593758976830273
0.6803912291500942,0.4672520962815901,0.21625615522735114,0.002700063052787025
0.7411792529519786,0.4643221851681628,0.27239037908759706,-0.0006758900461353783
0.7803884465522877,0.459431765630689,0.317007942482156,-0.004402277422179111
0.8117619230864929,0.4555252174794526,0.3449013208948377,-0.008337178472463519
0.8215565694191228,0.4525880720175971,0.35358529079599293,-0.012345587839031042
0.8058851352869149,0.4486815238663607,0.3413243693245031,-0.016311728854286275
0.7803884465522877,0.4457443784045051,0.3119590978887813,-0.020145846334438108
0.7353024651524006,0.4428144672910778,0.2680534066009113,-0.023785665353748004
0.6764733706170423,0.4389079191398414,0.2098725879547873,-0.02719353166702305
0.60980855901558,0.4359707736779858,0.14137470840269648,-0.03035077400927738
0.5392258888810657,0.4340174996023676,0.07075315001997433,-0.03325101495529578
0.4745200065461294,0.4320642255267494,0.008122155100073521,-0.0358940446091452
0.4294034168764529,0.4281504430270847,-0.041735289658132765,-0.03828151096505552
0.3843174354765659,0.4252205319136574,-0.08164000862423385,-0.04041510068468501
0.3588207467419387,0.4232672578380392,-0.11255260778364432,-0.04229714979965704
0.3352829872738374,0.4203301123761837,-0.13195336876024377,-0.043932904582510264
0.3294061994742595,0.4183768383005654,-0.14151254348143755,-0.04533316303978489
0.3235294116746816,0.4164235642249472,-0.1450151215178012,-0.04651591113473948
0.3294061994742595,0.4164235642249472,-0.14133934515092772,-0.04750586816987002
0.3392008458068894,0.4174002012627563,-0.1304228154218094,-0.04833153789565661
0.3490261004093087,0.4183768383005654,-0.12088377884970773,-0.049020287048318005
0.3549028882088867,0.4183768383005654,-0.11757200995243194,-0.04959286616013203
0.3549028882088867,0.4183768383005654,-0.1128085051607176,-0.05005930862712692
0.3705743223410945,0.4183768383005654,-0.10332399434611009,-0.05041805125915915
0.374522789143936,0.4164235642249472,-0.09537881866711327,-0.050659387281295466
0.3803995769435139,0.4154469271871381,-0.09054012808960527,-0.05077316917935612
0.3843174354765659,0.414470290149329,-0.08857839431579193,-0.05075932305656965
0.3803995769435139,0.4125097817252826,-0.09075123059741114,-0.05063856076584759
0.3803995769435139,0.4105565076496644,-0.09140290746239652,-0.050459993151832076
0.3843174354765659,0.4105565076496644,-0.08864488316474697,-0.050302383528106245
0.3803995769435139,0.4115331446874735,-0.09137926647890186,-0.050266656005616084
0.374522789143936,0.4134864187630917,-0.09898210247651447,-0.05045895873039897
0.3705743223410945,0.4154469271871381,-0.10090284058614468,-0.05096580994502994
0.374522789143936,0.4174002012627563,-0.10023348213957575,-0.05182511392840284
0.3646975345415166,0.4174002012627563,-0.10697629480887572,-0.05299851596042733
0.3588207467419387,0.4164235642249472,-0.11574728291274917,-0.05435117222454195
0.3549028882088867,0.414470290149329,-0.11790388560365728,-0.05564431175607887
0.3549028882088867,0.4125097817252826,-0.11898195166181474,-0.056544066610766906
0.3549028882088867,0.4105565076496644,-0.11996531688464715,-0.056647336084188454
0.3646975345415166,0.4105565076496644,-0.1078378176627451,-0.05552247793974971
0.3901942232761438,0.4115331446874735,-0.0849866937264418,-0.052759933097772015
0.4039067281418257,0.414470290149329,-0.0710966328584727,-0.048025934750290204
0.4039067281418257,0.4193534753383746,-0.06951964045912333,-0.04111152476236236
0.3999888696087737,0.4271738059892756,-0.07476438041643285,-0.03196935782040688
0.3843174354765659,0.4398845561776505,-0.09226744595927025,-0.02073226057137098
0.3588207467419387,0.4555252174794526,-0.11441926611904252,-0.007710126806002
0.3549028882088867,0.473119152856873,-0.12012486263259713,0.006634868064269026
0.3705743223410945,0.4907130882342934,-0.10714905623529986,0.021731176744141687
0.3843174354765659,0.5083070236117138,-0.08865538600920887,0.03695238319950267
0.3941120818091958,0.523947684913516,-0.08171440142705935,0.05167505782492848
0.3843174354765659,0.5366584351018908,-0.09268801714569885,0.06533162045861728
0.3803995769435139,0.54643203982841,-0.09735428614965436,0.07745132695343583
0.3705743223410945,0.5552290075171202,-0.09673905630650802,0.08768512238438952
0.3705743223410945,0.5620727011302122,-0.11510053006326715,0.09581325956753008
0.3803995769435139,0.5659792492814486,-0.101171784557677,0.10173756971189306
0.3803995769435139,0.5679397577054951,-0.06500257977263854,0.10546254950449646
0.3843174354765659,0.5689163947433042,-0.13289780439729287,0.10707069379110462
0.3196115531416296,0.5689163947433042,-0.14769441509668138,0.1066976466633133
0.6607713282150449,0.5679397577054951,0.244293802008534,0.10451180867167571
1.503906727835743,0.5659792492814486,0.8941421197203395,0.10070124742473738
1.503906727835743,0.5630493381680214,1.199634020516124,0.09546852500988631
1.503906727835743,0.5581589186305476,0.8668923323481936,0.08903189394841475
0.6254799931477878,0.5513224593658839,0.2512982293587085,0.08162970864253326
0.419608770543823,0.5444787657527919,-0.08872088992439321,0.07352418474292921
0.4098141242111931,0.5356817980640817,-0.08340526563825634,0.06500092312899558
0.3999888696087737,0.524924321951325,-0.05339663403621624,0.056361785472628684
0.3941120818091958,0.5141740801869966,-0.09086983358163048,0.04791048469230435
0.3803995769435139,0.5053771124982864,-0.1027655327540356,0.039932226811877275
0.3646975345415166,0.4975567818473854,-0.1068650852961952,0.03267042258734955
0.3588207467419387,0.4907130882342934,-0.11678206743385705,0.0263044576074873
0.3803995769435139,0.4848460316590105,-0.10326472019766626,0.020932586590867972
0.3843174354765659,0.4809394835077741,-0.08912932869730716,0.01656327750055644
0.3901942232761438,0.4780023380459186,-0.08658298903461624,0.013116982614122004
0.4039067281418257,0.4770257010081094,-0.07681044172304162,0.010438596480361481
0.4098141242111931,0.4770257010081094,-0.06557194039540065,0.008319041646035146
0.419608770543823,0.4770257010081094,-0.058291492647303864,0.006522818170870398
0.4352802046760309,0.4750724269324912,-0.042577346274955644,0.004817300186254773
0.4607768934106581,0.473119152856873,-0.017974101465136946,0.0029993275213481387
0.4803967943457073,0.4711658787812548,0.005608707423223221,0.0009152916351122673
0.5058934830803345,0.4672520962815901,0.024505847873280164,-0.0015277254036734343
0.5196059879460164,0.4623689110925446,0.04476230901263347,-0.004360471359162065
0.5548973230132735,0.4584551285928799,0.07609744297238306,-0.00755868962832643
0.5960654458801087,0.4545485804416435,0.11806514344131278,-0.011056535649622092
0.6411820355497851,0.451611434979788,0.16397559747687793,-0.014763084911907311
0.6901858754827241,0.4477048868285516,0.2123433716752226,-0.018578729446166193
0.7353024651524006,0.4437911043288869,0.2578968976634479,-0.02240882468134555
0.7705938002196577,0.4408611932154596,0.29147114487790865,-0.026172884931314762
0.7862652343518657,0.4389079191398414,0.3112220276980034,-0.029808706119734435
0.796090488954285,0.4359707736779858,0.31584895828727766,-0.0332718447288612
0.7803884465522877,0.4330408625645585,0.30356330701661755,-0.036531734630520236
0.7548917578176605,0.4301109514511312,0.2788364611516616,-0.03956620991640674
0.7215593520169293,0.4271738059892756,0.24103517342269315,-0.042356233587561944
0.6607713282150449,0.4242438948758483,0.1857107320776855,-0.04488225984741911
0.6000139126829501,0.4213067494139927,0.12150034042914219,-0.0471230331132541
0.5392258888810657,0.4193534753383746,0.061283409886851936,-0.04905692657734177
0.4843146528787593,0.4183768383005654,0.007879565934989292,-0.05066530401835567
0.4392286714788723,0.4164235642249472,-0.03907680828475868,-0.05193695493007424
0.3999888696087737,0.414470290149329,-0.07694760854081906,-0.05287243232408567
0.374522789143936,0.4134864187630917,-0.10298029230321165,-0.05348709610827656
0.3588207467419387,0.4125097817252826,-0.11840429318325393,-0.053811843944321855
0.3490261004093087,0.414470290149329,-0.12807338570625124,-0.053890953708478524
0.3451082418762568,0.4164235642249472,-0.1328850183577768,-0.05377717921131016
0.3451082418762568,0.4174002012627563,-0.13036418066214858,-0.05352509074665195
0.3549028882088867,0.4183768383005654,-0.12426769340442498,-0.05318433845719716
0.3549028882088867,0.4183768383005654,-0.12059463475038137,-0.05279473813460349
0.3588207467419387,0.4193534753383746,-0.11835533780071339,-0.05238471025163106
0.3646975345415166,0.4183768383005654,-0.11333404082941317,-0.05197374522592888
0.3705743223410945,0.4174002012627563,-0.10467178455625427,-0.05157845617181349
0.3803995769435139,0.4174002012627563,-0.0972756895895098,-0.05122068198079139
0.3803995769435139,0.4164235642249472,-0.09681435610916474,-0.05093528046636267
0.374522789143936,0.4154469271871381,-0.10061618538592038,-0.050774925593120586
0.374522789143936,0.4164235642249472,-0.1034703275385632,-0.05080951849340776
0.3705743223410945,0.4164235642249472,-0.10548911074372656,-0.051118734830428905
0.3705743223410945,0.4174002012627563,-0.1053521554149105,-0.05177762715801385
0.374522789143936,0.4183768383005654,-0.10274068499259605,-0.052836816040011836
0.3705743223410945,0.4183768383005654,-0.10472482726038311,-0.05430027863167025
0.3646975345415166,0.4164235642249472,-0.11285258506744106,-0.05610471432017953
0.3549028882088867,0.414470290149329,-0.11933900448621708,-0.05810467412586545
0.3549028882088867,0.4125097817252826,-0.12319053215129916,-0.060067022079275806
0.3451082418762568,0.4095798706118552,-0.12957534541201524,-0.061677013503540906
0.3392008458068894,0.4086032335740461,-0.13667434142876692,-0.06255662555738846
0.3392008458068894,0.4095798706118552,-0.1378216938841183,-0.06229407044355537
0.3451082418762568,0.4115331446874735,-0.12902643100733122,-0.060481901683349396
0.3646975345415166,0.4134864187630917,-0.11217546451637425,-0.056759916213631724
0.3803995769435139,0.4193534753383746,-0.09464926772606887,-0.05085818977885725
0.3941120818091958,0.4252205319136574,-0.08150461693724112,-0.042635092394898925
0.3999888696087737,0.4340174996023676,-0.07543365661195717,-0.03210513532181422
0.3901942232761438,0.4467282497907424,-0.08484981589038963,-0.01945217873215822
0.3646975345415166,0.4623689110925446,-0.11133741598996391,-0.005025007453853437
0.3392008458068894,0.4809394835077741,-0.13499422510857811,0.010685478435693225
0.3392008458068894,0.4985334188851945,-0.136364580898139,0.027085509763128596
0.3549028882088867,0.517103991300424,-0.12008488111769873,0.043529555266769014
0.3705743223410945,0.5347051610262725,-0.10502801974273687,0.05937674556119852
0.3646975345415166,0.5503385879796465,-0.10737606700770509,0.074045177122701
0.3588207467419387,0.5630493381680214,-0.1199390568909252,0.08705700172724225
0.3549028882088867,0.5728229428945406,-0.1191381613015111,0.09806871900113102
0.3451082418762568,0.5806432735454417,-0.12083500267865534,0.10688350905340324
0.3549028882088867,0.5855336930829155,-0.13626855085591896,0.11344533258637145
0.3490261004093087,0.5874869671585337,-0.11468488735131101,0.11781736505286415
0.3549028882088867,0.5884636041963428,-0.10562694731662207,0.12014963370519278
0.3196115531416296,0.5884636041963428,-0.1949418909540093,0.12064211984617902
0.2999916522065803,0.5874869671585337,-0.1312987641138481,0.11950985316616292
0.8666731590887993,0.5845570560451063,0.37906207465063385,0.11695564208858045
1.503906727835743,0.5816199105832508,1.0003151124519876,0.11315425534405182
1.503906727835743,0.5786899994698235,1.093796389724355,0.10824944462921213
1.1470449103603302,0.5767367253942053,0.5961900734551744,0.10236257544717882
0.4607768934106581,0.5728229428945406,0.053034436072541324,0.09560924892110771
0.3803995769435139,0.5659792492814486,-0.12970473674838,0.08811864715526024
0.3803995769435139,0.5571822815927384,-0.08744655843760876,0.08004988039506936
0.3803995769435139,0.54643203982841,-0.0833058539725729,0.07160055305868758
0.3646975345415166,0.5356817980640817,-0.11793761099572435,0.06300485406468988
0.3451082418762568,0.5259009589891341,-0.1246439610615275,0.054521094384487566
0.3451082418762568,0.517103991300424,-0.129425849687961,0.0464110338557852
0.3392008458068894,0.5083070236117138,-0.13184197485014232,0.038915007766315346
0.3646975345415166,0.5014633299986218,-0.1107623184197982,0.03222753902531374
0.3803995769435139,0.4956035077717671,-0.09169172911359164,0.02647782619474272
0.3843174354765659,0.4926663623099116,-0.08835812633996945,0.021718397140382994
0.3901942232761438,0.4907130882342934,-0.08256256396163411,0.0179235587645973
0.3999888696087737,0.4897364511964843,-0.0738344677992511,0.014997393064454936
0.4039067281418257,0.487783177120866,-0.06786412500932021,0.012789365298144277
0.419608770543823,0.4858226686968196,-0.05290271720866302,0.011114508449832769
0.4451054592784502,0.4838693946212014,-0.028296547625097132,0.009774829886533517
0.46469475194371,0.4819161205455832,-0.00739948847003118,0.008578981794133042
0.4843146528787593,0.4809394835077741,0.01247994365232934,0.007358074125617912
0.5156881294129645,0.4789862094321558,0.04213461534146466,0.0059764745621547445
0.5509794644802216,0.4770257010081094,0.07999400612806808,0.004337315715447545
0.5960654458801087,0.4750724269324912,0.12256842039172314,0.0023831200981449673
0.6411820355497851,0.473119152856873,0.17038317568092368,9.243537834647826e-05
0.6901858754827241,0.4701892417434457,0.21695071024548354,-0.0025263510315281326
0.7254772105499813,0.4672520962815901,0.2540639752869922,-0.005442753662252182
0.7548917578176605,0.4643221851681628,0.2830076823512709,-0.00861226568307914
0.7764705880192357,0.4604084026684982,0.3042002184477672,-0.0119836953738467
0.7803884465522877,0.4574784915550708,0.3091405465525455,-0.01550491999952423
0.7666759416866058,0.4535647090554062,0.29410572385888156,-0.019126522562116065
0.7353024651524006,0.4496581609041697,0.26476611103041925,-0.022803138302592403
0.6960932715520916,0.4467282497907424,0.2234614554222029,-0.0264927228196133
0.6411820355497851,0.4437911043288869,0.17000571374848797,-0.03015432837910679
0.5803940117479008,0.4408611932154596,0.10909090702677236,-0.03374529116080327
0.5156881294129645,0.437924047753604,0.04446944587013606,-0.037218907083867374
0.4549001056110801,0.4340174996023676,-0.01798394580382365,-0.04052360574784555
0.4039067281418257,0.4301109514511312,-0.06473532130164766,-0.043604267716300646
0.3803995769435139,0.4261971689514665,-0.09327554498796117,-0.046405729977136094
0.3549028882088867,0.4232672578380392,-0.11528020094535366,-0.04887786534893522
0.3392008458068894,0.4213067494139927,-0.13158105050628918,-0.05098113064705578
0.3352829872738374,0.4193534753383746,-0.13633430441712,-0.05269132516438103
0.3352829872738374,0.4183768383005654,-0.13574081819526806,-0.05400252136036947
0.3352829872738374,0.4193534753383746,-0.13529642706303568,-0.05492763087279398
0.3392008458068894,0.4183768383005654,-0.1316621926025073,-0.05549668688001427
0.3451082418762568,0.4183768383005654,-0.1264699629764522,-0.055753471546052535
0.3451082418762568,0.4183768383005654,-0.12450707242467449,-0.055751434565556805
0.3490261004093087,0.4193534753383746,-0.12264685693239036,-0.05554986982577338
0.3549028882088867,0.4193534753383746,-0.1155319524886147,-0.05521108507344461
0.3646975345415166,0.4193534753383746,-0.10517754570578274,-0.054798895225817296
0.374522789143936,0.4183768383005654,-0.097394708852549,-0.054378260912398155
0.374522789143936,0.4183768383005654,-0.09493080037080018,-0.05401536901250443
0.3705743223410945,0.4183768383005654,-0.09941443550358742,-0.053777058907152064
0.3646975345415166,0.4183768383005654,-0.10794916033335912,-0.053728393566990926
0.3588207467419387,0.4183768383005654,-0.10869190271030257,-0.05392742971722756
0.3705743223410945,0.4174002012627563,-0.10092001017748527,-0.05441680375211176
0.3705743223410945,0.4174002012627563,-0.10121112926923354,-0.055212492413256216
0.3549028882088867,0.4164235642249472,-0.11180536595444174,-0.05629089793678231
0.3549028882088867,0.4164235642249472,-0.11842819716886395,-0.057576134201311885
0.3490261004093087,0.4164235642249472,-0.11965256977799923,-0.05892993793283126
0.3451082418762568,0.4154469271871381,-0.12427534877501209,-0.060146859220196865
0.3392008458068894,0.414470290149329,-0.13238226822924348,-0.06095716000637883
0.3352829872738374,0.414470290149329,-0.133111315460337,-0.06103909598424466
0.3549028882088867,0.4164235642249472,-0.11578894029570189,-0.060041035652526366
0.3803995769435139,0.4174002012627563,-0.08906381957755655,-0.057612354848087674
0.3941120818091958,0.4193534753383746,-0.07521126024838369,-0.05344044200893
0.3941120818091958,0.4222906208002301,-0.07757422676418972,-0.04728967172854805
0.3803995769435139,0.4301109514511312,-0.0850823243654687,-0.03903714175128522
0.374522789143936,0.4408611932154596,-0.1000119049380213,-0.02869968938465929
0.3451082418762568,0.4535647090554062,-0.12123335213079749,-0.016447469654001592
0.3392008458068894,0.4672520962815901,-0.12971511749490294,-0.0026011350794254177
0.3549028882088867,0.4838693946212014,-0.11799252342084321,0.012387959431509468
0.3646975345415166,0.5014633299986218,-0.10105375247399703,0.027972561180560296
0.3705743223410945,0.5190644997244704,-0.09964755120722678,0.043555076691677054
0.3549028882088867,0.5356817980640817,-0.11542485509327574,0.058537934566933805
0.3490261004093087,0.5503385879796465,-0.12150155650677072,0.07237204149356548
0.3392008458068894,0.5620727011302122,-0.12193724561620502,0.08459699025393705
0.3392008458068894,0.5708696688189224,-0.14006873994102947,0.09486818346033016
0.3451082418762568,0.5767367253942053,-0.1254209748696205,0.10296841101742783
0.3549028882088867,0.5796666365076326,-0.09038269220388595,0.1088041854355735
0.3490261004093087,0.5816199105832508,-0.15210619059058428,0.11238971081427973
0.3137347653420516,0.5826037819694881,-0.15205305406892203,0.11382318434200324
0.654894540415467,0.5816199105832508,0.24850806405169626,0.11326083176860215
1.503906727835743,0.5806432735454417,0.9021058609558079,0.11089358223052771
1.503906727835743,0.5786899994698235,1.2095518992145557,0.10692981780723422
1.4921531522365872,0.5747834513185871,0.8584504303797335,0.10158562407554537
0.5745172239483228,0.5689163947433042,0.21539372447285177,0.09508193584720112
0.3843174354765659,0.5620727011302122,-0.12047287553049507,0.08764638304484719
0.3941120818091958,0.5552290075171202,-0.08776862134873537,0.0795167849888698
0.3941120818091958,0.54643203982841,-0.05100973974476128,0.07094318246784824
0.374522789143936,0.5366584351018908,-0.10171696445998822,0.06218594475076767
0.3588207467419387,0.5259009589891341,-0.11457150659710892,0.05350867524377398
0.3549028882088867,0.5161273542626148,-0.10704005461989158,0.04516611269299611
0.3549028882088867,0.5073303865739046,-0.11318477889652588,0.037388627427101445
0.3705743223410945,0.5004866929608127,-0.10066489440823763,0.030365865915883583
0.3843174354765659,0.4956035077717671,-0.08117082885543278,0.02423236422486484
0.3941120818091958,0.4907130882342934,-0.07360064227875271,0.01905754269264888
0.4039067281418257,0.4858226686968196,-0.06412912178102798,0.014841643477157478
0.4156909120107711,0.4828927575833923,-0.05241587640431334,0.011518188455038977
0.4254855583434009,0.4819161205455832,-0.041223122118910036,0.008962635609025573
0.4451054592784502,0.4789862094321558,-0.021602518300099308,0.007006178434312631
0.4706021480130775,0.4770257010081094,0.0010453386980543234,0.005453096249235189
0.4843146528787593,0.4760490639703003,0.01940391824302614,0.0040997625325955725
0.5098113416133866,0.4750724269324912,0.04193822273781374,0.00275334982490058
0.5392258888810657,0.4740957898946821,0.07148504891995662,0.0012483701485714246
0.5705993654152709,0.4721425158190639,0.10425425526524698,-0.0005405795828826792
0.60980855901558,0.4692053703572084,0.1438992025513371,-0.002691108863245459
0.6607713282150449,0.4672520962815901,0.19160130059024316,-0.0052310328127193675
0.7058879178847215,0.4643221851681628,0.2414899271989151,-0.008142052010888705
0.7509738992846084,0.4604084026684982,0.28399981359694115,-0.0113683631029117
0.7764705880192357,0.4555252174794526,0.30812347704122894,-0.014828789669909085
0.7803884465522877,0.4506347979419788,0.3167532133807282,-0.01843049265580582
0.7901830928849176,0.4467282497907424,0.32202860138780315,-0.02208203230421579
0.7862652343518657,0.4437911043288869,0.32035178918570706,-0.025703662601823538
0.7666759416866058,0.4408611932154596,0.3011306489492719,-0.029233328523371398
0.7313846066193487,0.4389079191398414,0.265017185019248,-0.032627812253070286
0.6803912291500942,0.4359707736779858,0.21424815403128983,-0.03585957753500294
0.615685346815158,0.4340174996023676,0.15044457486151988,-0.038910783983379264
0.5509794644802216,0.4310875884889403,0.08477926750599306,-0.041766452768917585
0.4941092992113892,0.4281504430270847,0.028556341465398035,-0.04440876138110963
0.4451054592784502,0.4252205319136574,-0.01960429957563331,-0.04681395978035546
0.4039067281418257,0.4213067494139927,-0.06341532643132276,-0.04895257296882166
0.3646975345415166,0.4183768383005654,-0.09789245548591774,-0.050792604892236116
0.3490261004093087,0.4164235642249472,-0.11871943973516844,-0.05230464464095253
0.3352829872738374,0.4154469271871381,-0.12830545711995098,-0.053467333410492986
0.3352829872738374,0.414470290149329,-0.13018549454166392,-0.0542717050527509
0.3352829872738374,0.4154469271871381,-0.12907521725482102,-0.05472342157409012
0.3392008458068894,0.4164235642249472,-0.12744740495188617,-0.054842701194377626
0.3392008458068894,0.4183768383005654,-0.12194247311714689,-0.05466252634648014
0.3549028882088867,0.4183768383005654,-0.11367026645481013,-0.054226260368101374
0.3549028882088867,0.4183768383005654,-0.106965515847657,-0.053585883038127405
0.3646975345415166,0.4174002012627563,-0.09964779103047133,-0.05280160909076762
0.374522789143936,0.4174002012627563,-0.09200304010149227,-0.05194283053949027
0.3705743223410945,0.4174002012627563,-0.0905178309672661,-0.051089447498500556
0.3705743223410945,0.4183768383005654,-0.09553950904720909,-0.050332064941165905
0.3646975345415166,0.4183768383005654,-0.09922338440537988,-0.04976943546733641
0.3646975345415166,0.4183768383005654,-0.09710045269238043,-0.04950192770051473
0.3705743223410945,0.4183768383005654,-0.09602805066022084,-0.04962057185266678
0.3588207467419387,0.4193534753383746,-0.1024274186608844,-0.05019222015879593
0.3549028882088867,0.4193534753383746,-0.10987110031483902,-0.05124240490418446
0.3490261004093087,0.4183768383005654,-0.11370279455615691,-0.052738392924216476
0.3451082418762568,0.4174002012627563,-0.11881538140982714,-0.05457549359326084
0.3392008458068894,0.414470290149329,-0.12345704517859979,-0.05656968787735942
0.3392008458068894,0.4125097817252826,-0.12393015236358164,-0.05845905981216411
0.3352829872738374,0.4115331446874735,-0.12782954511077707,-0.059915441698317924
0.3294061994742595,0.4105565076496644,-0.13391781643740183,-0.06056633815909732
0.3352829872738374,0.4105565076496644,-0.12635444555802974,-0.060025773899012716
0.3549028882088867,0.4115331446874735,-0.1084075908359782,-0.05793135687222264
0.3646975345415166,0.414470290149329,-0.09869264604088653,-0.05398367940902241
0.3646975345415166,0.4183768383005654,-0.09624728219426601,-0.04798335013767237
0.3646975345415166,0.4252205319136574,-0.0977094760399512,-0.03986065427621956
0.3490261004093087,0.4349941366401767,-0.11585322801585006,-0.029693259340679616
0.3137347653420516,0.4467282497907424,-0.1441855417512734,-0.017708618193398636
0.3098169068089997,0.4623689110925446,-0.1560149944926543,-0.004269724763336444
0.3137347653420516,0.479962846469965,-0.14584590357192184,0.010154597094137557
0.3352829872738374,0.4975567818473854,-0.12840288783863216,0.02503109269589562
0.3392008458068894,0.5141740801869966,-0.12041870492710947,0.03980929682443618
0.3352829872738374,0.5278614674131806,-0.1275333939331369,0.05396769737472764
0.3352829872738374,0.538611709177509,-0.12975688468726346,0.06705235612689187
0.3235294116746816,0.5493619509418374,-0.12872671463868327,0.07870320650277536
0.3196115531416296,0.5581589186305476,-0.1495098281071537,0.08866578066649071
0.3235294116746816,0.5650026122436396,-0.1457484735570351,0.09678881172553495
0.3196115531416296,0.5689163947433042,-0.11225534595805296,0.10301044935461334
0.3294061994742595,0.5728229428945406,-0.1627576819383863,0.10733739085541177
0.2999916522065803,0.5757600883563961,-0.16885662175670682,0.10982191371987503
0.5960654458801087,0.5757600883563961,0.2129377043111682,0.11054156256223908
1.4784406473709053,0.5747834513185871,0.8734906477450821,0.10958519418955713
1.503906727835743,0.5728229428945406,1.2158214315219442,0.10704745861237
1.503906727835743,0.5708696688189224,0.8928846186338216,0.10303187469444716
0.60980855901558,0.5679397577054951,0.2365972321560443,0.097660718531442
0.3352829872738374,0.5630493381680214,-0.14270038379270916,0.09108828816788872
0.3549028882088867,0.5562056445549294,-0.12898437614340308,0.08351310740562275
0.3588207467419387,0.5483853139040282,-0.07733684839302156,0.07518460213304883
0.3490261004093087,0.5376350721396999,-0.11708961633336837,0.06640082955484462
0.3392008458068894,0.524924321951325,-0.12829552324662655,0.05749577648046405
0.3352829872738374,0.5141740801869966,-0.11784876490382995,0.04881711558177337
0.3352829872738374,0.5063537495360956,-0.126892017044472,0.04069749700235361
0.3392008458068894,0.4995100559230035,-0.12114313730951479,0.033423859293522845
0.3549028882088867,0.4936429993477207,-0.10603986753617903,0.027209565101450593
0.3549028882088867,0.4887598141586752,-0.10366293754175482,0.022173526847065226
0.3646975345415166,0.4838693946212014,-0.09525431181240981,0.01832927167339323
0.3843174354765659,0.4819161205455832,-0.07713007332707854,0.01558545816252502
0.3941120818091958,0.4809394835077741,-0.06489339345728698,0.01375788078179051
0.4039067281418257,0.4809394835077741,-0.0542393420634189,0.012591558630039648
0.4254855583434009,0.479962846469965,-0.03800297718171751,0.011790213063456146
0.4392286714788723,0.479962846469965,-0.017109334787103227,0.011049476212980936
0.4706021480130775,0.479962846469965,0.009810147637494906,0.010089703987395124
0.4999860870109672,0.4789862094321558,0.03923725544857734,0.0086843550113565
0.5294006342786464,0.4770257010081094,0.0711862599681101,0.006680520484784557
0.5745172239483228,0.473119152856873,0.11475923874682628,0.004009297386749187
0.6254799931477878,0.4682287333193992,0.16511448320350594,0.0006851838041940202
0.6705965828174644,0.4633455481303537,0.21120117754304174,-0.0032046769689977918
0.7156825642173513,0.4584551285928799,0.25782706663602173,-0.00751908628054262
0.7666759416866058,0.4535647090554062,0.30391593972402353,-0.012085874460802162
0.7862652343518657,0.4486815238663607,0.3307595207580968,-0.016725763052221367
0.796090488954285,0.444767741366696,0.3326994443856142,-0.021273552258728082
0.7803884465522877,0.4398845561776505,0.32422123948165865,-0.0255939523951426
0.7705938002196577,0.4359707736779858,0.3090582849546435,-0.0295904738570184
0.7313846066193487,0.4340174996023676,0.27274631800303056,-0.03320703383542139
0.6705965828174644,0.4330408625645585,0.21122385415472608,-0.036423174673559364
0.6000139126829501,0.4301109514511312,0.1401098475648689,-0.039244844302075525
0.5294006342786464,0.4281504430270847,0.07084929620741429,-0.041693336111840076
0.46469475194371,0.4252205319136574,0.003978274858250603,-0.043795023980117316
0.4039067281418257,0.4222906208002301,-0.05433510524275334,-0.04557393709601638
0.3646975345415166,0.4203301123761837,-0.09515369479237913,-0.047048200824240737
0.3392008458068894,0.4174002012627563,-0.12088133261302335,-0.04823024301330779
0.3196115531416296,0.4164235642249472,-0.138859534549518,-0.04912973260206859
0.3098169068089997,0.4154469271871381,-0.14992498837351703,-0.04975769038916739
0.3098169068089997,0.4154469271871381,-0.15125686989270098,-0.050130181182915914
0.3098169068089997,0.4164235642249472,-0.14626079846461554,-0.05027042264613307
0.3196115531416296,0.4183768383005654,-0.14405237755530573,-0.050208868222217866
0.3137347653420516,0.4183768383005654,-0.14332154508413014,-0.04998159326091877
0.3235294116746816,0.4183768383005654,-0.13574740872186594,-0.049627869159170265
0.3352829872738374,0.4183768383005654,-0.12684172299773186,-0.04918796932366626
0.3352829872738374,0.4193534753383746,-0.12228579705689908,-0.048702013632257936
0.3451082418762568,0.4193534753383746,-0.11473695832602517,-0.04821018686878854
0.3549028882088867,0.4193534753383746,-0.10635780428911458,-0.04775414746661542
0.3549028882088867,0.4193534753383746,-0.10390328502406658,-0.04737898567385292
0.3588207467419387,0.4193534753383746,-0.100456955844293,-0.04713475133690599
0.3646975345415166,0.4193534753383746,-0.09689461979489888,-0.04707640649162617
0.3549028882088867,0.4183768383005654,-0.10388318939700225,-0.04726111380463497
0.3451082418762568,0.4174002012627563,-0.1153076944315575,-0.0477420582901236
0.3392008458068894,0.4164235642249472,-0.12054597916628754,-0.04855850033327476
0.3392008458068894,0.4154469271871381,-0.1223605889056428,-0.04972245587879136
0.3352829872738374,0.414470290149329,-0.12290233927779423,-0.051203262196834604
0.3392008458068894,0.4154469271871381,-0.12252653749782963,-0.052912221470305505
0.3352829872738374,0.4154469271871381,-0.1255102307029328,-0.05469033529091933
0.3294061994742595,0.414470290149329,-0.12925334822378987,-0.056302582591050844
0.3352829872738374,0.4134864187630917,-0.1268054765486821,-0.05744196498222005
0.3451082418762568,0.4125097817252826,-0.115948792954392,-0.057745483003444356
0.3588207467419387,0.4125097817252826,-0.09948954653106443,-0.05682240127032293
0.374522789143936,0.414470290149329,-0.088678580493721,-0.05429293524618779
0.3705743223410945,0.4164235642249472,-0.09044896039994488,-0.04983327383373121
0.3588207467419387,0.4193534753383746,-0.09899849116354174,-0.04322104385742787
0.3490261004093087,0.4252205319136574,-0.11563741275092093,-0.0343742833936859
0.3235294116746816,0.4359707736779858,-0.1373962908939427,-0.023377066365849773
0.3137347653420516,0.451611434979788,-0.14318693599851678,-0.010486384421555606
0.3352829872738374,0.4692053703572084,-0.13204785546861292,0.0038822672014436803
0.3352829872738374,0.4887598141586752,-0.1234618668742654,0.019189424884260193
0.3352829872738374,0.5063537495360956,-0.12371883702699396,0.03482142123801121
0.3352829872738374,0.5229710478757068,-0.13065028701432607,0.05014774935992924
0.3294061994742595,0.5376350721396999,-0.1336575632652952,0.06457729424839474
0.3137347653420516,0.5493619509418374,-0.1379019444326644,0.07760538668670437
0.3137347653420516,0.5591427900167849,-0.15976691744327143,0.08884581098644453
0.3196115531416296,0.5659792492814486,-0.14645623620276918,0.09804498095362545
0.3294061994742595,0.5698930317811133,-0.10559706897911399,0.10507880993618197
0.3196115531416296,0.5728229428945406,-0.1727465450635201,0.10993569162168612
0.274494963471953,0.5757600883563961,-0.19922777255731744,0.11269094432334059
0.5745172239483228,0.5777133624320144,0.19811030444874106,0.11347872583109178
1.503906727835743,0.5767367253942053,0.8858374150241648,0.1124667837071154
1.503906727835743,0.5757600883563961,1.223356230936294,0.10983778777593371
1.503906727835743,0.5728229428945406,0.8855080104413593,0.10577890735112197
0.605890700482528,0.5698930317811133,0.23208272777060096,0.10047923246563172
0.3352829872738374,0.5640259752058304,-0.14628898991713712,0.09413296385331966
0.3451082418762568,0.5571822815927384,-0.14062670841464925,0.08694527451648765
0.3549028882088867,0.5483853139040282,-0.08495417015962442,0.07913752427216011
0.3588207467419387,0.539588346215318,-0.11042727220113578,0.07094905373817349
0.3549028882088867,0.5307913785266078,-0.11579264877776774,0.06263386434890082
0.3490261004093087,0.5229710478757068,-0.10872249949117002,0.054451772146670775
0.3392008458068894,0.5141740801869966,-0.12405439091869677,0.04665481394559502
0.3451082418762568,0.5063537495360956,-0.12428750093660594,0.03947062267152401
0.3549028882088867,0.4995100559230035,-0.10435484862988709,0.03308511407609134
0.3803995769435139,0.4936429993477207,-0.08693536857614106,0.027627099446702583
0.3901942232761438,0.4887598141586752,-0.07300073780180735,0.023157308666966466
0.4039067281418257,0.4858226686968196,-0.06191220961954042,0.0196637577471512
0.4098141242111931,0.4838693946212014,-0.05384747119758195,0.017064480151780973
0.4254855583434009,0.4838693946212014,-0.04063819143076457,0.015217495196473883
0.4451054592784502,0.4828927575833923,-0.019260249018992107,0.013936714154484654
0.4706021480130775,0.4828927575833923,0.0049015075204169945,0.013011534441759077
0.4941092992113892,0.4828927575833923,0.028657002461211927,0.012227364660169946
0.5196059879460164,0.4809394835077741,0.054554655849459024,0.011384368121171988
0.5548973230132735,0.4789862094321558,0.08811578606413795,0.010312278254725941
0.5960654458801087,0.4770257010081094,0.13133483995282255,0.008880067993682846
0.6450998940828371,0.4740957898946821,0.17884186257338336,0.007000294977281801
0.6960932715520916,0.4721425158190639,0.22837816615301015,0.00462882260617347
0.7450971114850305,0.4692053703572084,0.2818130865252264,0.0017611445414437259
0.796090488954285,0.466275459243781,0.3269853482052275,-0.0015733286457538741
0.8156797816195448,0.4633455481303537,0.3494311882992937,-0.005317848333959501
0.8215565694191228,0.459431765630689,0.35697829551165067,-0.009394958963032626
0.8255050362219641,0.4555252174794526,0.35555982941273184,-0.013712748305645157
0.796090488954285,0.4506347979419788,0.3313643631934498,-0.01817056976490377
0.7509738992846084,0.4457443784045051,0.28246981091607676,-0.022664231547632908
0.6901858754827241,0.4418378302532686,0.22403920174097547,-0.02709067239008251
0.6293978516808398,0.437924047753604,0.16031700654515205,-0.03135212780992377
0.5548973230132735,0.4340174996023676,0.08919557266703987,-0.03535979707077974
0.4901914406783372,0.4310875884889403,0.020773253544804988,-0.039037046131125124
0.4352802046760309,0.4271738059892756,-0.03165334974264881,-0.0423221709583888
0.3999888696087737,0.4232672578380392,-0.0681346047302828,-0.0451706544345122
0.3705743223410945,0.4213067494139927,-0.0981201901290437,-0.04755669808916493
0.3451082418762568,0.4193534753383746,-0.12264643817383214,-0.049473687500820145
0.3352829872738374,0.4174002012627563,-0.13350466303393826,-0.050933264291034785
0.3352829872738374,0.4164235642249472,-0.13309875499799817,-0.05196287221068366
0.3352829872738374,0.4174002012627563,-0.13354361331744347,-0.05260198414984922
0.3352829872738374,0.4183768383005654,-0.13430172660312176,-0.052897624499151356
0.3392008458068894,0.4183768383005654,-0.12767671516094295,-0.05290016131449274
0.3549028882088867,0.4193534753383746,-0.11737954403960388,-0.05266048828595724
0.3588207467419387,0.4193534753383746,-0.10798769418806205,-0.052229503888349446
0.3705743223410945,0.4193534753383746,-0.0992712513446198,-0.051660212513107484
0.374522789143936,0.4183768383005654,-0.09640472618120541,-0.0510119564540749
0.3705743223410945,0.4183768383005654,-0.09790191545755951,-0.05035546117285865
0.374522789143936,0.4193534753383746,-0.09469027523326967,-0.04977678679703492
0.3803995769435139,0.4193534753383746,-0.09164870805982633,-0.0493781290854382
0.374522789143936,0.4193534753383746,-0.09420258342191865,-0.04927377466848203
0.374522789143936,0.4193534753383746,-0.09451756911772305,-0.0495803048868811
0.3803995769435139,0.4193534753383746,-0.09329604346507915,-0.05040119752330149
0.3705743223410945,0.4183768383005654,-0.09664576915311193,-0.05180713250782263
0.3705743223410945,0.4174002012627563,-0.10119073324563024,-0.053814405666528946
0.3646975345415166,0.4164235642249472,-0.10701856491896841,-0.0563647201599102
0.3549028882088867,0.414470290149329,-0.11447058778032033,-0.05931008897497176
0.3549028882088867,0.4125097817252826,-0.11644791892254351,-0.06240650188164085
0.3549028882088867,0.4095798706118552,-0.11717635792178555,-0.06531929103132855
0.3451082418762568,0.407626596536237,-0.12441848513174247,-0.06764176054742377
0.3490261004093087,0.4046894510743815,-0.12426587203924717,-0.06892674432007247
0.3646975345415166,0.4027361769987633,-0.10476893027393518,-0.06872857361948338
0.3901942232761438,0.4027361769987633,-0.08245222262512963,-0.06665083297246092
0.3999888696087737,0.4046894510743815,-0.07300141615470095,-0.06239369199617286
0.3941120818091958,0.4105565076496644,-0.07362749589876662,-0.055793948264510576
0.3901942232761438,0.4203301123761837,-0.08655686313302789,-0.046851490631442345
0.3588207467419387,0.4340174996023676,-0.11068018378297408,-0.035737719893665656
0.3451082418762568,0.4486815238663607,-0.12553313102319882,-0.02278424697451266
0.3549028882088867,0.4643221851681628,-0.12165962999197147,-0.008453355396975965
0.3588207467419387,0.4819161205455832,-0.10887458156017348,0.00670540513074362
0.3803995769435139,0.4995100559230035,-0.09577803638811956,0.02210607594237098
0.374522789143936,0.5151507172248058,-0.09382168184265256,0.037177263442251376
0.374522789143936,0.5298147414887988,-0.10469666201813314,0.05140622414545808
0.3490261004093087,0.5415416202909363,-0.11605857407149986,0.06437057659177918
0.3451082418762568,0.5503385879796465,-0.1304904858403595,0.07575462552869255
0.3490261004093087,0.5571822815927384,-0.13178274106359272,0.0853502422091025
0.3549028882088867,0.5610960640924031,-0.1027995986739561,0.09304508246623597
0.3588207467419387,0.566963120667686,-0.12255008923979134,0.0988030006612209
0.2999916522065803,0.5737995799323498,-0.18627120195173613,0.10264232724969387
0.4254855583434009,0.5777133624320144,-0.013972873279599599,0.10461706113059177
1.0509655514911889,0.5777133624320144,0.537755720707812,0.10480431068769784
1.503906727835743,0.5767367253942053,1.059685996435928,0.10329917839281925
1.503906727835743,0.5747834513185871,1.0233007874279605,0.10021636224955811
0.9823418106232006,0.5718463058567315,0.489497294853805,0.09569634338541971
0.4549001056110801,0.566963120667686,0.017417510251105814,0.08991317204154073
0.4098141242111931,0.560119427054594,-0.09622961745138521,0.08308055464646845
0.3999888696087737,0.553275733441502,-0.061510350969101714,0.07545323165917849
0.3901942232761438,0.545455402790601,-0.07782539013003087,0.06732151599741319
0.3803995769435139,0.5356817980640817,-0.10483873248477826,0.058998211261620796
0.3549028882088867,0.524924321951325,-0.11221852375907235,0.0507987363165262
0.3549028882088867,0.5161273542626148,-0.12122936448440179,0.043016873187339946
0.3588207467419387,0.5083070236117138,-0.11458864106628466,0.03589977843960507
0.3803995769435139,0.5024472013848591,-0.09529388967646849,0.029626402347402027
0.3843174354765659,0.4975567818473854,-0.08881883392672557,0.024293066929748253
0.3901942232761438,0.4936429993477207,-0.08428735155590888,0.01990876248888407
0.4039067281418257,0.4916897252721025,-0.07040969935647692,0.016401035649827346
0.4156909120107711,0.4907130882342934,-0.06042923278736724,0.013631518321578443
0.419608770543823,0.4907130882342934,-0.051885696801209746,0.011418517214287096
0.4451054592784502,0.4887598141586752,-0.03217788671662419,0.009562944782155398
0.46469475194371,0.4868065400830569,-0.009178273734092583,0.007873465084266439
0.4803967943457073,0.4848460316590105,0.00707760277940565,0.006187142430483979
0.4999860870109672,0.4828927575833923,0.022763561510187342,0.004382979438932374
0.5196059879460164,0.479962846469965,0.04727666792927733,0.0023872049683044245
0.5607741108128516,0.4760490639703003,0.08436887077543126,0.00017069110838228437
0.605890700482528,0.473119152856873,0.13156816199215313,-0.002259820130978658
0.654894540415467,0.4701892417434457,0.1804599187963342,-0.004874124640481843
0.7000111300851435,0.4692053703572084,0.22403892418817206,-0.007631750702112538
0.7353024651524006,0.466275459243781,0.2614989467956962,-0.010493410879903207
0.7666759416866058,0.4643221851681628,0.2909173849632136,-0.013428952147824809
0.7803884465522877,0.4613850397063073,0.3059143726740977,-0.01642098951371186
0.7803884465522877,0.4584551285928799,0.3044119869958856,-0.019464280861593214
0.7607991538870279,0.4555252174794526,0.2876709203943759,-0.02256157969714365
0.7313846066193487,0.4535647090554062,0.2538588672554782,-0.02571717423446901
0.6803912291500942,0.4506347979419788,0.20686887101496013,-0.028929606879505243
0.6293978516808398,0.4477048868285516,0.154791425972172,-0.03218516180853927
0.5745172239483228,0.444767741366696,0.09716239785950291,-0.03545356933813038
0.5098113416133866,0.4418378302532686,0.03684296283286744,-0.038686977629896355
0.4607768934106581,0.437924047753604,-0.014805161422524398,-0.04182261849630488
0.419608770543823,0.4340174996023676,-0.05692589786301148,-0.04478883605337851
0.3803995769435139,0.4301109514511312,-0.09293470611950314,-0.047513390501927356
0.3588207467419387,0.4271738059892756,-0.11734193844280619,-0.04993237513863635
0.3451082418762568,0.4252205319136574,-0.12993724639441961,-0.05199788691263012
0.3392008458068894,0.4252205319136574,-0.1361825361417313,-0.05368289046126688
0.3392008458068894,0.4252205319136574,-0.1348911431490744,-0.05498247254426249
0.3490261004093087,0.4252205319136574,-0.12804202646536406,-0.05591167566186853
0.3490261004093087,0.4252205319136574,-0.12393711733627524,-0.05650099815295428
0.3549028882088867,0.4252205319136574,-0.12232977445545748,-0.056791165691034
0.3549028882088867,0.4252205319136574,-0.11865236574832358,-0.05682878964013984
0.3588207467419387,0.4252205319136574,-0.11675492164382137,-0.05666407932164718
0.3588207467419387,0.4252205319136574,-0.11770324481195532,-0.05635101974262712
0.3588207467419387,0.4242438948758483,-0.11314564460712626,-0.05594954840648354
0.374522789143936,0.4242438948758483,-0.10427261148216325,-0.055528451754896686
0.3705743223410945,0.4232672578380392,-0.1015134509781877,-0.05516713829284736
0.374522789143936,0.4232672578380392,-0.10244445712124062,-0.05495429836489913
0.374522789143936,0.4242438948758483,-0.09901079030534227,-0.05498183649826514
0.3803995769435139,0.4242438948758483,-0.09635700845109084,-0.0553333548291434
0.3705743223410945,0.4252205319136574,-0.10222181748635413,-0.05606772477676434
0.3646975345415166,0.4252205319136574,-0.1124398691051595,-0.05719963547524103
0.3549028882088867,0.4242438948758483,-0.11840483512530837,-0.05868013515004971
0.3549028882088867,0.4232672578380392,-0.12050440833222328,-0.06038082267398425
0.3490261004093087,0.4222906208002301,-0.12624944816572461,-0.062085358039868664
0.3392008458068894,0.4203301123761837,-0.13485793665786786,-0.06349133716810465
0.3392008458068894,0.4203301123761837,-0.1359474930570369,-0.06422441968118721
0.3490261004093087,0.4222906208002301,-0.12574069877945734,-0.06386506466086228
0.3646975345415166,0.4232672578380392,-0.1099327201249012,-0.06198648214426928
0.3803995769435139,0.4252205319136574,-0.09372589407534478,-0.05820058050862379
0.3941120818091958,0.4271738059892756,-0.0818611352364302,-0.05220692107760926
0.3901942232761438,0.4330408625645585,-0.0820069522557026,-0.04383825202743826
0.3803995769435139,0.4428144672910778,-0.09691725413420749,-0.033095542922617516
0.3549028882088867,0.4565018545172618,-0.11711811839830329,-0.020166055631683017
0.3451082418762568,0.473119152856873,-0.13015033420451483,-0.005420058394091479
0.3451082418762568,0.4926663623099116,-0.13024867048499172,0.010614958170914814
0.3549028882088867,0.5122208061113784,-0.11681721936029982,0.02729994461218308
0.374522789143936,0.531768015564417,-0.10310353334533771,0.04394378808730188
0.3588207467419387,0.5483853139040282,-0.1105794246250903,0.05986825001357712
0.3549028882088867,0.5620727011302122,-0.1254228283676984,0.07446918347541841
0.3490261004093087,0.5747834513185871,-0.11996097785422552,0.08726575270100528
0.3490261004093087,0.5855336930829155,-0.12237829636328976,0.0979316140875051
0.3490261004093087,0.5923773866960075,-0.13717325483078235,0.10630506475214309
0.3549028882088867,0.5953072978094348,-0.1074984224219889,0.11237846388266598
0.3549028882088867,0.597260571885053,-0.10845116825301765,0.11627032042107445
0.3039095107396323,0.598237208922862,-0.21194690699711682,0.11818589162251329
0.2999916522065803,0.598237208922862,-0.11477749871644417,0.11837354304513124
0.9666703764909929,0.5962839348472438,0.44694778508981575,0.11708423261867797
1.503906727835743,0.5943306607716257,1.0463819139911474,0.11454034442987453
1.503906727835743,0.5914007496581983,1.0456230857420294,0.11091800262994325
1.0058795700913017,0.5894402412341518,0.49621129322974844,0.10634433174896679
0.4352802046760309,0.5865103301207246,0.004603256560771332,0.10090831186761888
0.3901942232761438,0.5826037819694881,-0.11263062761958655,0.09468135921929256
0.3941120818091958,0.5767367253942053,-0.07044726935701956,0.08774201846845242
0.3803995769435139,0.5689163947433042,-0.08651411929406852,0.080198562417762
0.3588207467419387,0.5610960640924031,-0.1202001602034017,0.07220399643663916
0.3451082418762568,0.5503385879796465,-0.1272265253170643,0.06395978555816982
0.3352829872738374,0.5405649832531272,-0.13424196377344672,0.0557071389662236
0.3451082418762568,0.5298147414887988,-0.12828277649322012,0.04770735397487541
0.3705743223410945,0.5210177738000886,-0.10383130582282868,0.04021498509805077
0.3803995769435139,0.5141740801869966,-0.08861244728123042,0.033448998896976605
0.3941120818091958,0.5083070236117138,-0.08018165857960481,0.02756733518258559
0.4039067281418257,0.5044004754604773,-0.06634463529273239,0.022649429440546084
0.4156909120107711,0.5024472013848591,-0.05806571346647147,0.018689532870631072
0.4156909120107711,0.5014633299986218,-0.053920917244790686,0.01560153007150299
0.4352802046760309,0.5004866929608127,-0.03734146096297378,0.0132338824609781
0.4607768934106581,0.4975567818473854,-0.01112847258604931,0.011391757150162125
0.4803967943457073,0.4956035077717671,0.010609777486041385,0.009862625244042886
0.4999860870109672,0.4926663623099116,0.027355352880634485,0.00844165493795405
0.5196059879460164,0.4916897252721025,0.04914676844550713,0.006953835412196659
0.5548973230132735,0.4907130882342934,0.08456451800337976,0.0052705863974557635
0.605890700482528,0.4897364511964843,0.13371340958567543,0.0033193800933404394
0.654894540415467,0.487783177120866,0.18586233523608908,0.0010855899490203966
0.7000111300851435,0.4848460316590105,0.2285969598971314,-0.0013934932697968598
0.7313846066193487,0.4809394835077741,0.260551790482625,-0.004041657533689292
0.7548917578176605,0.4770257010081094,0.28662268169340044,-0.006761951983074019
0.7764705880192357,0.473119152856873,0.3040689270065007,-0.009457297046746931
0.7764705880192357,0.4701892417434457,0.3077754015627966,-0.012050178411635729
0.7666759416866058,0.4672520962815901,0.2976124026406239,-0.01449806768664031
0.7411792529519786,0.4652988222059719,0.26967918586263934,-0.01680184936051083
0.6901858754827241,0.4643221851681628,0.22219627781655596,-0.019005733681001467
0.6353052477502072,0.4633455481303537,0.16608392389022406,-0.021188682853553967
0.5803940117479008,0.4633455481303537,0.10973084942556874,-0.023448975408153418
0.5196059879460164,0.4613850397063073,0.05269963850360559,-0.025884843734348906
0.4706021480130775,0.4584551285928799,-9.970576468368991e-05,-0.0285748342767805
0.4254855583434009,0.4555252174794526,-0.04194994835236666,-0.03156147907453333
0.3941120818091958,0.4506347979419788,-0.07459546078776458,-0.03484106314960128
0.3705743223410945,0.4457443784045051,-0.09888235366662587,-0.03836096223090991
0.3549028882088867,0.4418378302532686,-0.11121624763212813,-0.04202455707804154
0.3549028882088867,0.437924047753604,-0.11467715934136807,-0.045702446441404324
0.3549028882088867,0.4340174996023676,-0.11357205113049565,-0.049247819956515816
0.3588207467419387,0.4301109514511312,-0.1053141253367107,-0.052513492374432626
0.3803995769435139,0.4271738059892756,-0.09238715783079976,-0.05536818488060954
0.3803995769435139,0.4261971689514665,-0.08209872356237403,-0.05771007119382007
0.3941120818091958,0.4252205319136574,-0.07561797791949255,-0.05947629121699024
0.3941120818091958,0.4242438948758483,-0.07269524763387553,-0.060647936646905154
0.3941120818091958,0.4242438948758483,-0.07163216242532769,-0.06125073158035481
0.3999888696087737,0.4242438948758483,-0.06747021302511948,-0.061352082058980115
0.4039067281418257,0.4232672578380392,-0.06247391817036012,-0.06105527714891131
0.4039067281418257,0.4222906208002301,-0.061912636582701935,-0.060491444396582494
0.4039067281418257,0.4232672578380392,-0.06258615295767053,-0.05980954679050487
0.4039067281418257,0.4242438948758483,-0.06186212626801281,-0.05916446475954959
0.3999888696087737,0.4242438948758483,-0.06549047922371715,-0.05870320276884021
0.3901942232761438,0.4232672578380392,-0.07583613612022597,-0.05854951773285758
0.3803995769435139,0.4242438948758483,-0.08443555471835805,-0.05878768422435537
0.3803995769435139,0.4242438948758483,-0.08503389699320749,-0.05944658651451967
0.3803995769435139,0.4232672578380392,-0.08433663644322768,-0.0604857929030536
0.374522789143936,0.4222906208002301,-0.09108979200709796,-0.06178562350821154
0.3588207467419387,0.4203301123761837,-0.10381055951580674,-0.0631433306907047
0.3549028882088867,0.4203301123761837,-0.11250937828311909,-0.06427729146352418
0.3549028882088867,0.4222906208002301,-0.10616186477953257,-0.06484058362884164
0.3803995769435139,0.4232672578380392,-0.08595009848576157,-0.06444451716008769
0.3941120818091958,0.4242438948758483,-0.06847208789537199,-0.06269157305102785
0.3999888696087737,0.4242438948758483,-0.06471503726730163,-0.059215685937646305
0.3901942232761438,0.4261971689514665,-0.07144034258619439,-0.05372598972848227
0.3803995769435139,0.4310875884889403,-0.08572012368334328,-0.04604844919396127
0.3549028882088867,0.4398845561776505,-0.10506844022424601,-0.03615887261345743
0.3451082418762568,0.4525880720175971,-0.12028937875514004,-0.024201198626916155
0.3392008458068894,0.4682287333193992,-0.12204855098386322,-0.010486839927200387
0.3549028882088867,0.4868065400830569,-0.10823405039635267,0.004526079442057873
0.3705743223410945,0.5053771124982864,-0.09213551700467323,0.020271239758257106
0.3646975345415166,0.5229710478757068,-0.09487850549130643,0.03612490700874076
0.3588207467419387,0.538611709177509,-0.1093277372503822,0.051461480157713055
0.3392008458068894,0.5522990964036929,-0.11420238265019202,0.06570583283305399
0.3451082418762568,0.5640259752058304,-0.12140830281282106,0.07837554250150901
0.3392008458068894,0.5737995799323498,-0.12622448294822147,0.08910832949639552
0.3490261004093087,0.5796666365076326,-0.10194398550144108,0.0976728666375947
0.3549028882088867,0.5826037819694881,-0.1100887960449492,0.10396400280319697
0.3137347653420516,0.5865103301207246,-0.16109428464706807,0.10798586854208406
0.4294034168764529,0.5874869671585337,-0.00034607601847961667,0.10982787686165175
1.037253046625507,0.5874869671585337,0.5401179190488893,0.10963903845534444
1.503906727835743,0.5855336930829155,1.0741858160239606,0.10760529754727827
1.503906727835743,0.5835804190072973,1.0295775055378193,0.10393304844397466
0.9156769990217384,0.5806432735454417,0.4461771413904284,0.0988400207825436
0.374522789143936,0.5757600883563961,-0.057373917253158324,0.0925527430045318
0.3352829872738374,0.5689163947433042,-0.150917825819798,0.0853082168961353
0.3646975345415166,0.5610960640924031,-0.08571891429201386,0.07735660022970456
0.3588207467419387,0.5522990964036929,-0.09337525190967215,0.06896175111666371
0.3490261004093087,0.5425254916771737,-0.12001710777205718,0.06039734016431725
0.3352829872738374,0.5327446526022261,-0.12007929304925735,0.05193760460845775
0.3352829872738374,0.5229710478757068,-0.12113101123377634,0.0438433495014155
0.3451082418762568,0.5141740801869966,-0.11613341661716337,0.03634514508556792
0.3549028882088867,0.5073303865739046,-0.10410495203975337,0.02962652970189865
0.3549028882088867,0.5014633299986218,-0.09975535914039499,0.023810218144302554
0.3705743223410945,0.4975567818473854,-0.09197090205977641,0.018949817682205352
0.3803995769435139,0.494626870733958,-0.07370435503351828,0.01502852937647352
0.3999888696087737,0.4916897252721025,-0.06033802257786898,0.011965048258797241
0.3999888696087737,0.4897364511964843,-0.056384948536915495,0.009625685711516481
0.4098141242111931,0.4887598141586752,-0.04786810485227123,0.007840859528904192
0.4294034168764529,0.4868065400830569,-0.02788119865582764,0.006423644065181364
0.4549001056110801,0.4838693946212014,-0.002758701406138466,0.005188046862489889
0.4803967943457073,0.4828927575833923,0.02455071600066775,0.003965002687876431
0.5156881294129645,0.4828927575833923,0.05735397300621871,0.0026146033008063656
0.5509794644802216,0.4809394835077741,0.09570939238796443,0.0010336457751628386
0.5960654458801087,0.4789862094321558,0.13825026690464748,-0.0008418826347785841
0.6411820355497851,0.4760490639703003,0.18568806662462067,-0.0030391990561261855
0.6901858754827241,0.4721425158190639,0.23321862647278507,-0.0055551651165123206
0.7254772105499813,0.4682287333193992,0.2699781435466646,-0.008365284293561141
0.7509738992846084,0.4643221851681628,0.2938038835950135,-0.01143329860173544
0.7666759416866058,0.4613850397063073,0.31237118263110447,-0.014719336439181867
0.7803884465522877,0.4574784915550708,0.32306138313306515,-0.018184955162148585
0.7666759416866058,0.4555252174794526,0.31184435504001745,-0.021794251468678458
0.7313846066193487,0.4535647090554062,0.2757172067798962,-0.02551129374578008
0.6803912291500942,0.4506347979419788,0.22471332461627877,-0.029295185145508815
0.6196032053482099,0.4467282497907424,0.16449645658508347,-0.033094786428584884
0.5509794644802216,0.4428144672910778,0.09568033342500329,-0.03684526708800646
0.4803967943457073,0.437924047753604,0.025190712143468713,-0.040468143627055815
0.419608770543823,0.4330408625645585,-0.035333522291480485,-0.04387546187496294
0.374522789143936,0.4281504430270847,-0.08005382331482946,-0.04697759517866939
0.3451082418762568,0.4252205319136574,-0.11097790493516108,-0.04969310855916579
0.3196115531416296,0.4232672578380392,-0.13268931334987422,-0.051958567566160435
0.3098169068089997,0.4213067494139927,-0.1482004790451265,-0.05373618920440233
0.2941148644070023,0.4203301123761837,-0.15684989066868482,-0.05501778045311784
0.2999916522065803,0.4203301123761837,-0.15746326894134297,-0.05582427641250014
0.2999916522065803,0.4193534753383746,-0.1526210977157034,-0.05620113487791655
0.3098169068089997,0.4203301123761837,-0.14494898181781643,-0.05621068231139657
0.3196115531416296,0.4222906208002301,-0.1356125012462844,-0.055923117647554144
0.3235294116746816,0.4232672578380392,-0.12816155451957137,-0.0554081803498408
0.3352829872738374,0.4232672578380392,-0.12274346204148048,-0.054729391309366174
0.3352829872738374,0.4232672578380392,-0.11454190130802416,-0.053942206470156503
0.3490261004093087,0.4232672578380392,-0.10768072484127529,-0.05309642040203904
0.3451082418762568,0.4222906208002301,-0.10913503132098681,-0.052241933620399895
0.3392008458068894,0.4213067494139927,-0.1119729574023819,-0.0514358742240138
0.3451082418762568,0.4213067494139927,-0.11158713437454869,-0.05074834784500019
0.3392008458068894,0.4213067494139927,-0.11399568758692041,-0.050264003259730926
0.3352829872738374,0.4222906208002301,-0.1166724691258739,-0.05007724194462987
0.3392008458068894,0.4232672578380392,-0.11706420653089095,-0.05028018874160092
0.3294061994742595,0.4232672578380392,-0.12321938604470296,-0.05094421271260769
0.3196115531416296,0.4232672578380392,-0.13306246016653744,-0.05209746657323385
0.3196115531416296,0.4232672578380392,-0.13645893966180722,-0.05370223131435116
0.3137347653420516,0.4222906208002301,-0.13751808075781824,-0.05563653783781601
0.3098169068089997,0.4203301123761837,-0.1450536256275386,-0.057684435009318656
0.3039095107396323,0.4174002012627563,-0.15028699374823226,-0.059538338207209135
0.3137347653420516,0.4154469271871381,-0.1380395721970377,-0.060815216379509145
0.3392008458068894,0.4134864187630917,-0.1161571763573153,-0.061086222405260814
0.3490261004093087,0.4134864187630917,-0.10394295274256571,-0.0599171324395188
0.3549028882088867,0.4154469271871381,-0.09907944390019606,-0.05691503924218168
0.3549028882088867,0.4183768383005654,-0.09705714362266993,-0.05177546134607742
0.3451082418762568,0.4252205319136574,-0.11178339661410848,-0.04432358389837508
0.3137347653420516,0.4359707736779858,-0.13706173785787198,-0.03454382550292454
0.3098169068089997,0.4477048868285516,-0.14436217789647707,-0.022593298071055378
0.3235294116746816,0.4604084026684982,-0.13169897437739603,-0.008796811681355463
0.3352829872738374,0.4780023380459186,-0.11749844428690577,0.006376441502416237
0.3392008458068894,0.4965801448095762,-0.11316203967028622,0.022351854852254913
0.3352829872738374,0.5151507172248058,-0.12034477573871095,0.03849909071714977
0.3352829872738374,0.531768015564417,-0.12142634658686828,0.05418591576757338
0.3235294116746816,0.54643203982841,-0.12027311800678309,0.06882903934552483
0.3196115531416296,0.5581589186305476,-0.14470071252576513,0.08193550647324806
0.3137347653420516,0.5679397577054951,-0.14379622048905305,0.09313007728551867
0.3294061994742595,0.5747834513185871,-0.10155882873128107,0.10216665102060399
0.3294061994742595,0.5786899994698235,-0.14773853913842436,0.10892457673981731
0.2843202180743724,0.5826037819694881,-0.18431706333373823,0.11339306357960159
0.5294006342786464,0.5845570560451063,0.15217742052289243,0.11564842009711254
1.3882380763013418,0.5845570560451063,0.804902212884899,0.11582928797224987
1.503906727835743,0.5826037819694881,1.1918197441610812,0.11411442886854721
1.503906727835743,0.5806432735454417,0.9385631279906688,0.1107062346427889
0.7254772105499813,0.5777133624320144,0.3224113099229623,0.1058213102214766
0.3705743223410945,0.5737995799323498,-0.07916349402891276,0.09968758223027041
0.3803995769435139,0.5659792492814486,-0.10374044299544913,0.0925457856909642
0.374522789143936,0.5591427900167849,-0.05980521582089642,0.08465222709472564
0.3549028882088867,0.5513224593658839,-0.09985282171299309,0.07627961393990555
0.3451082418762568,0.5415416202909363,-0.12022051536672124,0.06771343770935939
0.3352829872738374,0.5307913785266078,-0.11204765200706507,0.0592426845752273
0.3352829872738374,0.5210177738000886,-0.12097023795297335,0.05114523364796455
0.3352829872738374,0.5122208061113784,-0.12136376980879202,0.04366982613284607
0.3490261004093087,0.5053771124982864,-0.10615799409646817,0.037017551033297846
0.3588207467419387,0.5004866929608127,-0.09501936839743506,0.03132610158681739
0.3705743223410945,0.4965801448095762,-0.08642818470015,0.026659571224215545
0.374522789143936,0.4936429993477207,-0.08033650556585215,0.023005495642061433
0.3803995769435139,0.4907130882342934,-0.07638825479002814,0.02027956005943375
0.3901942232761438,0.4887598141586752,-0.06314242847042668,0.018337203068221106
0.4156909120107711,0.4887598141586752,-0.04362449499794735,0.016990448119375053
0.4254855583434009,0.487783177120866,-0.028256595743803695,0.01602772856630098
0.4451054592784502,0.487783177120866,-0.011041145766320041,0.015234240081100758
0.4745200065461294,0.4858226686968196,0.016350085666872932,0.014410473551314985
0.5098113416133866,0.4838693946212014,0.055075254135866884,0.013387060328145893
0.5607741108128516,0.4819161205455832,0.10429411656117721,0.012034816165095956
0.615685346815158,0.479962846469965,0.15718498722244756,0.010269706977277103
0.6647197950178864,0.4780023380459186,0.2098405210800065,0.008053159830287326
0.7215593520169293,0.4750724269324912,0.2639417419350308,0.005388577681851763
0.7666759416866058,0.4721425158190639,0.3090197769515605,0.0023150918622241567
0.7901830928849176,0.4682287333193992,0.3334637415499028,-0.0011004141518428216
0.800008347487337,0.4652988222059719,0.34308305698134856,-0.004772074411770356
0.800008347487337,0.4613850397063073,0.3413649589970207,-0.008603824471164508
0.7764705880192357,0.4574784915550708,0.31973208352658006,-0.012497607805516526
0.7353024651524006,0.4535647090554062,0.2773072088386765,-0.0163605925807899
0.6803912291500942,0.4506347979419788,0.22200179161033662,-0.02011112077671838
0.615685346815158,0.4457443784045051,0.15846199360967836,-0.023683185377122735
0.5509794644802216,0.4418378302532686,0.09147142724869041,-0.0270292520832961
0.4843146528787593,0.4389079191398414,0.027511901601165633,-0.030121242030772395
0.4294034168764529,0.4359707736779858,-0.030613227330424143,-0.032949541882924496
0.3803995769435139,0.4340174996023676,-0.07751442806596348,-0.03552008038881167
0.3549028882088867,0.4320642255267494,-0.10395148800585785,-0.03784980457801404
0.3451082418762568,0.4301109514511312,-0.11410187952252435,-0.03996121005036507
0.3352829872738374,0.4281504430270847,-0.12399069025318807,-0.04187680415773109
0.3235294116746816,0.4261971689514665,-0.13544914654924978,-0.04361442552039255
0.3235294116746816,0.4242438948758483,-0.13606376969270387,-0.045184199513440375
0.3352829872738374,0.4232672578380392,-0.12465976478518334,-0.04658763374966895
0.3451082418762568,0.4222906208002301,-0.11409514151578799,-0.04781903141514273
0.3490261004093087,0.4203301123761837,-0.11150206543939661,-0.04886908010871148
0.3490261004093087,0.4203301123761837,-0.11085549733113904,-0.04973017322858952
0.3549028882088867,0.4193534753383746,-0.10510993339606897,-0.05040273928809529
0.3646975345415166,0.4183768383005654,-0.09630951930966575,-0.05090160741422042
0.3705743223410945,0.4174002012627563,-0.08960682212950619,-0.0512612513429467
0.374522789143936,0.4164235642249472,-0.08631999301079457,-0.05153866426451294
0.374522789143936,0.4164235642249472,-0.0863501174055661,-0.05181268405341823
0.374522789143936,0.4154469271871381,-0.08727423459257924,-0.05217888479097376
0.374522789143936,0.4154469271871381,-0.08508791782590067,-0.05273970079743379
0.3803995769435139,0.4154469271871381,-0.08329210371828621,-0.053590197464168224
0.3705743223410945,0.414470290149329,-0.08882669161861083,-0.0548007277361793
0.3646975345415166,0.4134864187630917,-0.09882898366669096,-0.05639845766152577
0.3549028882088867,0.4115331446874735,-0.10561270524269455,-0.058350252441085056
0.3549028882088867,0.4095798706118552,-0.10849986812367995,-0.06054957898321498
0.3490261004093087,0.407626596536237,-0.11198187098185627,-0.06280987734864306
0.3451082418762568,0.4056660881121906,-0.11839290185926095,-0.06486632307763758
0.3392008458068894,0.4046894510743815,-0.1226624649971314,-0.06638711163466837
0.3490261004093087,0.4037128140365724,-0.11418660753789722,-0.06699440958731763
0.3705743223410945,0.4046894510743815,-0.09222364810473528,-0.06629399723620855
0.3901942232761438,0.4056660881121906,-0.07224081629835581,-0.06391145267836743
0.3999888696087737,0.4095798706118552,-0.06549485706923969,-0.05953161228864226
0.3901942232761438,0.4154469271871381,-0.06950449478807554,-0.052937145190973346
0.3843174354765659,0.4222906208002301,-0.08314185004241192,-0.04404157986179479
0.3588207467419387,0.4330408625645585,-0.1029025817751529,-0.03291217938104842
0.3490261004093087,0.444767741366696,-0.11440704175481876,-0.019778784776587035
0.3549028882088867,0.4604084026684982,-0.11095324920722285,-0.005026171544265058
0.3646975345415166,0.4789862094321558,-0.09877206869858081,0.010830474370128858
0.374522789143936,0.4975567818473854,-0.08892291117137269,0.02718489514696115
0.3705743223410945,0.5161273542626148,-0.09480703583648337,0.04338942857412566
0.3588207467419387,0.5327446526022261,-0.10849497193738393,0.05880869869812532
0.3451082418762568,0.54643203982841,-0.11402546258465983,0.07287028559556119
0.3451082418762568,0.5581589186305476,-0.12272750433929903,0.0851058779022685
0.3549028882088867,0.5679397577054951,-0.11870073621200715,0.09517810385869271
0.3588207467419387,0.5747834513185871,-0.08814120967610074,0.10289067597640433
0.3588207467419387,0.5777133624320144,-0.11924239058646559,0.10818218987685356
0.2999916522065803,0.5777133624320144,-0.17967099508467463,0.11110645360541797
0.4549001056110801,0.5767367253942053,0.035684244784576914,0.11180420688481457
1.1509933771631715,0.5747834513185871,0.6184817593806589,0.11047215516277187
1.503906727835743,0.5728229428945406,1.1025860452777891,0.1073351129799563
1.503906727835743,0.5698930317811133,0.994344889742899,0.10262569864655753
0.8902109185569005,0.5659792492814486,0.43273404786079595,0.0965737640891515
0.4392286714788723,0.5610960640924031,-0.00659514335005109,0.08940515512908506
0.4098141242111931,0.5552290075171202,-0.08622842758733702,0.08134711499314899
0.3941120818091958,0.5474086768662192,-0.056327763511272555,0.07263618477508843
0.3803995769435139,0.538611709177509,-0.0866437696306798,0.06352411797466422
0.3646975345415166,0.5268848303753715,-0.10924054356423493,0.05427815598841035
0.3549028882088867,0.5151507172248058,-0.10857860004236577,0.045173781308760874
0.3490261004093087,0.5044004754604773,-0.11850375913730644,0.036480295241704194
0.3549028882088867,0.4965801448095762,-0.11383497925670867,0.028441625277598345
0.374522789143936,0.4887598141586752,-0.09256788981324393,0.021256084681966575
0.3843174354765659,0.4828927575833923,-0.08547497500881837,0.015059107379284295
0.3803995769435139,0.4780023380459186,-0.08414966148567476,0.00991234679807488
0.3999888696087737,0.4740957898946821,-0.07241398613392079,0.005801253230135609
0.4039067281418257,0.473119152856873,-0.06166626684690593,0.0026416521859672485
0.4156909120107711,0.4721425158190639,-0.05417850597348781,0.0002942153471431685
0.4294034168764529,0.4711658787812548,-0.03837732449979524,-0.0014156874624391138
0.4549001056110801,0.4711658787812548,-0.01551487861587533,-0.002676175645485062
0.4745200065461294,0.4701892417434457,0.007622526764948604,-0.0036687182837835458
0.4999860870109672,0.4692053703572084,0.029287588736262887,-0.00455276833900104
0.5196059879460164,0.466275459243781,0.05090814891774709,-0.005457106598342748
0.5509794644802216,0.4643221851681628,0.08153194067101899,-0.0064782806314024515
0.5960654458801087,0.4613850397063073,0.12746771748997798,-0.007684928536010868
0.6509766818824151,0.4584551285928799,0.17894784891083998,-0.009125516126314735
0.6901858754827241,0.4565018545172618,0.22372641860703554,-0.01083640650614224
0.7313846066193487,0.4555252174794526,0.2588973128483596,-0.01284738846303324
0.7548917578176605,0.4555252174794526,0.2854395355987672,-0.015182782240248808
0.7705938002196577,0.4545485804416435,0.30223484290788505,-0.017857765332022893
0.7764705880192357,0.4525880720175971,0.3034564311835414,-0.020871177239141295
0.7548917578176605,0.4506347979419788,0.2863077406666983,-0.02419728324224148
0.7254772105499813,0.4467282497907424,0.2556254103318744,-0.027779458799717483
0.6862680169496722,0.4428144672910778,0.21294355701139533,-0.03152840394541728
0.6254799931477878,0.437924047753604,0.1580473388527137,-0.03532644488684568
0.5705993654152709,0.4330408625645585,0.0977419696332219,-0.03903800946243276
0.5098113416133866,0.4271738059892756,0.038924619510615634,-0.04252482704263401
0.4549001056110801,0.4232672578380392,-0.014483163548207612,-0.04566316186197817
0.4156909120107711,0.4213067494139927,-0.05768690042165283,-0.04835975064714599
0.3803995769435139,0.4193534753383746,-0.08921586429929156,-0.050563262937135645
0.3588207467419387,0.4183768383005654,-0.1125248101895662,-0.052269003136611765
0.3451082418762568,0.4183768383005654,-0.1282695817711938,-0.05351597112757684
0.3352829872738374,0.4183768383005654,-0.1330459255050815,-0.05437693340119783
0.3451082418762568,0.4193534753383746,-0.12950355069647912,-0.05494350534952611
0.3451082418762568,0.4193534753383746,-0.1253099549161469,-0.0553091707963371
0.3490261004093087,0.4193534753383746,-0.1221171265829118,-0.055553514867769514
0.3549028882088867,0.4193534753383746,-0.1187350503688136,-0.05573066739229505
0.3549028882088867,0.4183768383005654,-0.11579210860798733,-0.05586411278182045
0.3588207467419387,0.4183768383005654,-0.11348158852728274,-0.05594879255344707
0.3588207467419387,0.4183768383005654,-0.1135787763861727,-0.05596003720280106
0.3588207467419387,0.4164235642249472,-0.11436832622678023,-0.055867537549672774
0.3588207467419387,0.4154469271871381,-0.11046639765964321,-0.05565148513253109
0.3705743223410945,0.414470290149329,-0.10655661760299626,-0.055317341334350935
0.3588207467419387,0.4154469271871381,-0.10893805082708263,-0.054905612083052405
0.3646975345415166,0.4164235642249472,-0.1114671735030543,-0.054493643655642215
0.3588207467419387,0.4183768383005654,-0.11163593602174501,-0.05418778349427741
0.3588207467419387,0.4183768383005654,-0.11504372887536042,-0.05410601544958897
0.3549028882088867,0.4193534753383746,-0.11794410228715,-0.05435300038863691
0.3549028882088867,0.4193534753383746,-0.1166521498116816,-0.054990982300836544
0.3549028882088867,0.4193534753383746,-0.11980808933159243,-0.0560110416208461
0.3451082418762568,0.4183768383005654,-0.12766372195186712,-0.057309596766487024
0.3392008458068894,0.4183768383005654,-0.13111680800174638,-0.05867483850503431
0.3451082418762568,0.4183768383005654,-0.13307937316820162,-0.05978693178123883
0.3352829872738374,0.4183768383005654,-0.13326972649965355,-0.06023437256037372
0.3549028882088867,0.4193534753383746,-0.12022857050289673,-0.05954690832154728
0.374522789143936,0.4193534753383746,-0.0997397692798019,-0.057243032643957206
0.3843174354765659,0.4203301123761837,-0.08719601156868872,-0.052887469683652474
0.3901942232761438,0.4242438948758483,-0.08421774603370405,-0.04615166768435525
0.3803995769435139,0.4310875884889403,-0.09299234413695492,-0.03686867248860266
0.3588207467419387,0.4418378302532686,-0.11498496519203538,-0.02507341487791091
0.3392008458068894,0.4565018545172618,-0.13303253911722537,-0.011020766377140214
0.3451082418762568,0.4740957898946821,-0.13062946475981208,0.0048233400921006255
0.3588207467419387,0.4956035077717671,-0.11241085280356125,0.02181830298569476
0.3803995769435139,0.5161273542626148,-0.09609093678044175,0.03920876917988179
0.3705743223410945,0.5366584351018908,-0.0991195062905798,0.05619997459212448
0.3646975345415166,0.5552290075171202,-0.11393977511611372,0.07203761389904556
0.3549028882088867,0.5698930317811133,-0.11666527346680733,0.08608048037173922
0.3451082418762568,0.5806432735454417,-0.12298160551322218,0.09785539272343524
0.3490261004093087,0.5865103301207246,-0.1381217217375187,0.10708711586348642
0.3549028882088867,0.5894402412341518,-0.1100710127581591,0.11370046413937508
0.3646975345415166,0.590416878271961,-0.09669451949827512,0.11779663414183342
0.3235294116746816,0.5894402412341518,-0.18668148647347518,0.11961004082104672
0.3098169068089997,0.5894402412341518,-0.12534845766732955,0.11945468830552385
0.8705910176218512,0.5874869671585337,0.38411355092902155,0.11766994992304768
1.503906727835743,0.5855336930829155,1.0041027339301856,0.11457458699589604
1.503906727835743,0.5835804190072973,1.086828637605318,0.11043532506233227
1.1215788298954923,0.5806432735454417,0.5770915532310085,0.10545297029543835
0.4549001056110801,0.5777133624320144,0.04347322077648656,0.09976557284275693
0.3901942232761438,0.5728229428945406,-0.11922389440053337,0.09346514708164833
0.3941120818091958,0.5659792492814486,-0.07486099006512417,0.08662242385815741
0.3843174354765659,0.5591427900167849,-0.07832094174889417,0.07931330282690376
0.3705743223410945,0.5513224593658839,-0.11364213546386286,0.07164108653085723
0.3490261004093087,0.5425254916771737,-0.12220223088384838,0.06374996418188314
0.3392008458068894,0.5337212896400352,-0.1333881379126057,0.05582720626055766
0.3352829872738374,0.524924321951325,-0.1389491150627326,0.048093757650199326
0.3588207467419387,0.5161273542626148,-0.11665502348827289,0.04078503300142868
0.3803995769435139,0.5083070236117138,-0.09173040024416647,0.034125417428087584
0.3941120818091958,0.5024472013848591,-0.08007355704251681,0.028301016658890486
0.4039067281418257,0.4965801448095762,-0.0708816795737425,0.023435439530407137
0.4098141242111931,0.4936429993477207,-0.06222579976558737,0.01957281528571025
0.419608770543823,0.4916897252721025,-0.05595491014057766,0.01667096810380099
0.4294034168764529,0.4907130882342934,-0.04296648162529832,0.014605925967184852
0.4549001056110801,0.4907130882342934,-0.01903248840628682,0.013187042541183391
0.4803967943457073,0.4907130882342934,0.0061153888384050895,0.012180300012175524
0.4999860870109672,0.4907130882342934,0.02723163437353605,0.011336136244008857
0.5254827757455944,0.4907130882342934,0.05193384579451074,0.010417593817973289
0.5607741108128516,0.4887598141586752,0.08633585455615223,0.009224786017956937
0.6000139126829501,0.4858226686968196,0.12798674711235092,0.0076125553051106035
0.6450998940828371,0.4819161205455832,0.17099285130990477,0.005499575725078595
0.6862680169496722,0.4789862094321558,0.21242039888796488,0.0028687091269385197
0.7254772105499813,0.4760490639703003,0.2539281969714086,-0.00024020743724642522
0.7666759416866058,0.473119152856873,0.2917064274247255,-0.003743077197564886
0.7862652343518657,0.4692053703572084,0.31416525490253366,-0.007527360207443753
0.7901830928849176,0.4652988222059719,0.3173592070907614,-0.011468677037051993
0.7803884465522877,0.4613850397063073,0.30625835022221254,-0.015446204963357241
0.7509738992846084,0.4574784915550708,0.27996616956332543,-0.01935529430204064
0.7098057764177734,0.4535647090554062,0.23508149849084348,-0.023116213921873147
0.6509766818824151,0.4506347979419788,0.17953016139983138,-0.026678464152763055
0.5960654458801087,0.4477048868285516,0.12347701124022643,-0.03002065003961926
0.5392258888810657,0.444767741366696,0.06585608491067736,-0.033146439677972366
0.4803967943457073,0.4418378302532686,0.008573666460478822,-0.03607756817197431
0.4352802046760309,0.4389079191398414,-0.03666314806040573,-0.03884511784601797
0.4039067281418257,0.4359707736779858,-0.06917677757509816,-0.04148038632046378
0.374522789143936,0.4340174996023676,-0.09716425570693453,-0.04400658240727306
0.3549028882088867,0.4320642255267494,-0.11683602486754395,-0.046432427301292524
0.3490261004093087,0.4301109514511312,-0.12314184305948295,-0.04874851903878467
0.3490261004093087,0.4271738059892756,-0.12315086133990658,-0.050927022368032655
0.3490261004093087,0.4252205319136574,-0.1216209252690262,-0.05292483731658645
0.3549028882088867,0.4222906208002301,-0.1177258643126658,-0.05468989457715654
0.3549028882088867,0.4213067494139927,-0.11566425963931315,-0.05616972332412242
0.3549028882088867,0.4203301123761837,-0.11718938226061648,-0.05732106855448708
0.3549028882088867,0.4193534753383746,-0.11531371565746426,-0.058119183090504414
0.3646975345415166,0.4183768383005654,-0.10732688953444208,-0.05856547742607463
0.3705743223410945,0.4193534753383746,-0.09960737688024195,-0.05869241613465787
0.374522789143936,0.4193534753383746,-0.09654774498461043,-0.05856484661340467
0.374522789143936,0.4193534753383746,-0.09607373078719784,-0.058277297045778186
0.374522789143936,0.4193534753383746,-0.09609436159347386,-0.05794713981519328
0.3705743223410945,0.4193534753383746,-0.09910346935218728,-0.05770384630138626
0.3646975345415166,0.4193534753383746,-0.10676703236555653,-0.05767487153721302
0.3549028882088867,0.4193534753383746,-0.11377224405834177,-0.05796904871344798
0.3549028882088867,0.4183768383005654,-0.11553707970385477,-0.05865876103189133
0.3549028882088867,0.4174002012627563,-0.11568677795274195,-0.05976255315713413
0.3490261004093087,0.4174002012627563,-0.11839996538443229,-0.061230178341251176
0.3490261004093087,0.4164235642249472,-0.12302077334795716,-0.06293227796679401
0.3392008458068894,0.414470290149329,-0.12793731430252162,-0.06465686998198993
0.3392008458068894,0.4134864187630917,-0.13057495273160924,-0.06611447684820478
0.3451082418762568,0.4134864187630917,-0.1247978391407422,-0.06695299192524982
0.3588207467419387,0.4125097817252826,-0.10793165085891941,-0.06678230855132203
0.3803995769435139,0.414470290149329,-0.08938861221084164,-0.06520743934504446
0.3901942232761438,0.4164235642249472,-0.07949735524455345,-0.06186748277400667
0.3843174354765659,0.4193534753383746,-0.07971531789087014,-0.05647652660798384
0.3803995769435139,0.4252205319136574,-0.09291591203396384,-0.0488616387225779
0.3490261004093087,0.4340174996023676,-0.11493566118747635,-0.03899275052179726
0.3451082418762568,0.4477048868285516,-0.12377398128004627,-0.026999734111713195
0.3588207467419387,0.4623689110925446,-0.10913605671971076,-0.013173405797345794
0.3803995769435139,0.4780023380459186,-0.08644223012682088,0.002050634181024632
0.3941120818091958,0.4956035077717671,-0.07268514505348289,0.01812393570427655
0.3941120818091958,0.5141740801869966,-0.07238093351867034,0.03442922975010566
0.3941120818091958,0.5307913785266078,-0.07575696474739706,0.050331162667984194
0.3803995769435139,0.54643203982841,-0.08051737939486008,0.06522743897928557
0.3705743223410945,0.560119427054594,-0.09829905420280101,0.0785941395394811
0.374522789143936,0.5708696688189224,-0.09919461814597157,0.09002001505315123
0.3803995769435139,0.5786899994698235,-0.06794351701812797,0.0992263872606412
0.3843174354765659,0.5835804190072973,-0.09470888876894945,0.10607160141793821
0.3294061994742595,0.5855336930829155,-0.1464353320391782,0.11054135707993255
0.4901914406783372,0.5874869671585337,0.06716164461378239,0.11272825917754219
1.1627469527623275,0.5865103301207246,0.6331095679787926,0.11280518707829376
1.503906727835743,0.5855336930829155,1.1064047607346144,0.11099735314239412
1.503906727835743,0.5835804190072973,0.9909544578993845,0.10755724241733274
0.8568479044863799,0.5796666365076326,0.40621610351373283,0.10274525345677923
0.3941120818091958,0.5747834513185871,-0.05230244431589702,0.09681719491600255
0.3705743223410945,0.5679397577054951,-0.12015229189448695,0.0900182424422962
0.3843174354765659,0.5610960640924031,-0.06616733634788349,0.08258182440131319
0.3705743223410945,0.553275733441502,-0.08869276435977741,0.07473130443956277
0.3588207467419387,0.545455402790601,-0.11511065255723672,0.0666822340767356
0.3451082418762568,0.5376350721396999,-0.1121104089973665,0.058643262390743994
0.3451082418762568,0.5288381044509897,-0.11607140706310336,0.050814409822470624
0.3549028882088867,0.5200411367622795,-0.1138937772285075,0.04338223600310623
0.3588207467419387,0.5122208061113784,-0.09676174680658842,0.03651231968923148
0.3803995769435139,0.5063537495360956,-0.08689672663274448,0.030340229153115742
0.374522789143936,0.5014633299986218,-0.08529075749308797,0.024962595859371467
0.3843174354765659,0.4965801448095762,-0.07658483816774087,0.020429922484193435
0.3999888696087737,0.4926663623099116,-0.06393605348576958,0.01674243261727751
0.4039067281418257,0.4907130882342934,-0.05544652073951057,0.013849766435478356
0.419608770543823,0.4887598141586752,-0.041796490575428086,0.011654776182106903
0.4451054592784502,0.4868065400830569,-0.016494847168329458,0.01002115427293671
0.4706021480130775,0.4848460316590105,0.010678117981371459,0.008784200417184859
0.4941092992113892,0.4848460316590105,0.03385684492869308,0.007763748617719434
0.5196059879460164,0.4838693946212014,0.05865411231945139,0.006778117755250442
0.5509794644802216,0.4828927575833923,0.09191375229626,0.005657880814648111
0.5960654458801087,0.479962846469965,0.1359338364343142,0.004258269308560329
0.6450998940828371,0.4789862094321558,0.18557874253791223,0.002469167021263431
0.6901858754827241,0.4780023380459186,0.23113513321018242,0.0002218758779534727
0.7254772105499813,0.4750724269324912,0.26649260457820656,-0.002507905703267434
0.7509738992846084,0.4711658787812548,0.29167362341243924,-0.005701165897087065
0.7666759416866058,0.4672520962815901,0.30897378885645194,-0.009300613738668093
0.7764705880192357,0.4623689110925446,0.3171823159422215,-0.013219054507406838
0.7666759416866058,0.4584551285928799,0.309046072811475,-0.017349993550658648
0.7353024651524006,0.4535647090554062,0.27784438447741444,-0.0215790159430389
0.6862680169496722,0.4486815238663607,0.22670424459495755,-0.02579441577956623
0.6196032053482099,0.4457443784045051,0.1653061825756647,-0.02989575572159747
0.5607741108128516,0.4418378302532686,0.09987433015142991,-0.03379948203285152
0.4901914406783372,0.4389079191398414,0.03593585578679799,-0.03744131691636453
0.4392286714788723,0.4359707736779858,-0.018793950422030792,-0.04077576291891415
0.3941120818091958,0.4330408625645585,-0.06264429265427282,-0.0437735297166488
0.3588207467419387,0.4301109514511312,-0.09717093430720833,-0.04641792458389152
0.3352829872738374,0.4271738059892756,-0.12103774119624344,-0.04870121162469211
0.3196115531416296,0.4252205319136574,-0.13617659559260495,-0.05062170034832847
0.3137347653420516,0.4232672578380392,-0.14342678706251516,-0.05218198493538252
0.3137347653420516,0.4222906208002301,-0.13906479952841574,-0.053388439588201546
0.3294061994742595,0.4213067494139927,-0.12921389731539504,-0.05425185274626079
0.3294061994742595,0.4213067494139927,-0.12376974755754173,-0.05478895909003226
0.3352829872738374,0.4213067494139927,-0.12003706970645223,-0.05502456405391983
0.3392008458068894,0.4203301123761837,-0.11607600970043777,-0.05499389625341781
0.3392008458068894,0.4203301123761837,-0.11568677470899981,-0.05474472949550119
0.3392008458068894,0.4203301123761837,-0.11395120066018063,-0.05433870186692196
0.3490261004093087,0.4213067494139927,-0.10654301287212406,-0.05385120127276193
0.3549028882088867,0.4213067494139927,-0.09932566134365761,-0.05336926728236883
0.3549028882088867,0.4222906208002301,-0.09703977723212742,-0.05298719344810595
0.3549028882088867,0.4222906208002301,-0.10171538813267952,-0.052799843121801464
0.3392008458068894,0.4222906208002301,-0.11202100170748054,-0.05289403332815094
0.3352829872738374,0.4222906208002301,-0.11935318452058175,-0.05333863203111162
0.3294061994742595,0.4213067494139927,-0.12318588969175878,-0.05417421490829588
0.3196115531416296,0.4193534753383746,-0.1345606681864039,-0.055403216482326156
0.2999916522065803,0.4174002012627563,-0.15074443873677637,-0.05698148594410006
0.3039095107396323,0.4154469271871381,-0.15246658951225686,-0.058812057931032606
0.3137347653420516,0.4125097817252826,-0.13413409542293142,-0.06074185004494394
0.3490261004093087,0.4115331446874735,-0.10814394093744764,-0.06256197765340153
0.374522789143936,0.4125097817252826,-0.07524216113020979,-0.06401245584136606
0.419608770543823,0.4134864187630917,-0.03202370698617276,-0.06479216998022291
0.4490233178115022,0.4134864187630917,-0.005478970371266932,-0.06457495064765141
0.4254855583434009,0.414470290149329,-0.02494664007336004,-0.06303212606990347
0.374522789143936,0.4164235642249472,-0.07623953777233233,-0.05986090034007821
0.3294061994742595,0.4193534753383746,-0.12524802214586456,-0.05481645444396787
0.2941148644070023,0.4242438948758483,-0.15475758845859428,-0.0477441765366159
0.2843202180743724,0.4310875884889403,-0.16837749494054088,-0.038607361341074446
0.274494963471953,0.4408611932154596,-0.17586516983804593,-0.027505469629026617
0.2843202180743724,0.4545485804416435,-0.17079559496896388,-0.014678852092703263
0.2843202180743724,0.4721425158190639,-0.1598602179990696,-0.0004977383048827939
0.2843202180743724,0.4907130882342934,-0.17003178121307963,0.014564015278331647
0.2999916522065803,0.5092836606495229,-0.16236150240526143,0.029967046801333164
0.3039095107396323,0.524924321951325,-0.11958226049343988,0.045150845092119946
0.3098169068089997,0.5366584351018908,-0.16535713123912527,0.05957773459447965
0.2196143357394361,0.5493619509418374,-0.240455009682413,0.0727704456273343
0.419608770543823,0.560119427054594,0.02956569307532829,0.08433901246026465
1.252949523831891,0.5689163947433042,0.6980749475540478,0.0939950951893939
1.503906727835743,0.5747834513185871,1.1755450480403464,0.10155411252624776
1.503906727835743,0.5796666365076326,0.9464037963102092,0.10692742608935694
0.6803912291500942,0.5816199105832508,0.2911647025351123,0.11010806497369728
0.3451082418762568,0.5816199105832508,-0.11148463981270801,0.11115403298188906
0.3549028882088867,0.5796666365076326,-0.1224061923222802,0.11017305597342558
0.3294061994742595,0.5777133624320144,-0.09535787301482918,0.10731172524466435
0.3098169068089997,0.5757600883563961,-0.14698812716215914,0.10275047750987415
0.2941148644070023,0.5718463058567315,-0.1629000681127548,0.09670395161915796
0.2901970058739504,0.566963120667686,-0.1538622858616317,0.08942438144075186
0.2941148644070023,0.560119427054594,-0.15601299375505837,0.08120434435120955
0.3098169068089997,0.5522990964036929,-0.1434295640336615,0.0723748342936937
0.3235294116746816,0.5415416202909363,-0.12614442674492243,0.06329546440082585
0.3294061994742595,0.5288381044509897,-0.11802577020579766,0.05433550615912804
0.3490261004093087,0.517103991300424,-0.10480323475215711,0.04584701381518382
0.3588207467419387,0.5073303865739046,-0.08955397732886108,0.03813378924420997
0.374522789143936,0.4995100559230035,-0.07627841824319181,0.03142165800730225
0.3941120818091958,0.494626870733958,-0.055459132478184285,0.025835898596173
0.419608770543823,0.4916897252721025,-0.03242632329827212,0.02139057123909807
0.4352802046760309,0.4907130882342934,-0.013523007231358037,0.017992252441484963
0.4607768934106581,0.4897364511964843,0.010031545958054618,0.015457902634831409
0.4901914406783372,0.4897364511964843,0.038951285026278704,0.013543957253586486
0.5196059879460164,0.4887598141586752,0.06961981203275797,0.011981806702179985
0.5607741108128516,0.487783177120866,0.11066674365923557,0.010513956297319814
0.615685346815158,0.4848460316590105,0.16416964068456139,0.008925404380201904
0.6705965828174644,0.4819161205455832,0.21989243555361365,0.007065981799566952
0.7215593520169293,0.4789862094321558,0.27209746441932503,0.004861221808710134
0.7666759416866058,0.4750724269324912,0.3138859128824776,0.0023113520650453884
0.7862652343518657,0.4721425158190639,0.337031180523481,-0.0005201752953776647
0.800008347487337,0.4682287333193992,0.3473316140415109,-0.0035258428891595988
0.796090488954285,0.4652988222059719,0.34731966090708155,-0.006577374209846869
0.7764705880192357,0.4623689110925446,0.3223770534320686,-0.009549463522131896
0.7215593520169293,0.459431765630689,0.27204167654453276,-0.012340540268469005
0.6647197950178864,0.4574784915550708,0.2140879604120939,-0.014887905293458155
0.605890700482528,0.4545485804416435,0.15127038330649753,-0.017175552943420463
0.5294006342786464,0.4535647090554062,0.08116915088150017,-0.01923408378520954
0.4706021480130775,0.4525880720175971,0.016770500785419168,-0.021133201295897176
0.4156909120107711,0.4506347979419788,-0.035722033674474823,-0.02296826376215467
0.3705743223410945,0.4486815238663607,-0.08116694927613025,-0.024843110235168556
0.3392008458068894,0.4467282497907424,-0.11357900570133145,-0.026851793418100345
0.3235294116746816,0.4457443784045051,-0.12776748274421382,-0.029061905751149916
0.3196115531416296,0.4437911043288869,-0.13415234186868688,-0.031501925160873974
0.3137347653420516,0.4408611932154596,-0.13795441714969828,-0.03415447529875265
0.3196115531416296,0.4369474107157949,-0.13321965315950277,-0.03695658846265985
0.3294061994742595,0.4330408625645585,-0.12373377914085829,-0.03980700666243311
0.3352829872738374,0.4291270800648938,-0.118509029444577,-0.0425794117266477
0.3352829872738374,0.4261971689514665,-0.11570344294221312,-0.04513950077332039
0.3451082418762568,0.4242438948758483,-0.11145436415397582,-0.047363267414191855
0.3451082418762568,0.4232672578380392,-0.10599180003275893,-0.04915382913639758
0.3549028882088867,0.4222906208002301,-0.09960754759028179,-0.0504546003003555
0.3588207467419387,0.4222906208002301,-0.09607988958031244,-0.051257355061912695
0.3549028882088867,0.4222906208002301,-0.0977123217281255,-0.05160451919081469
0.3549028882088867,0.4213067494139927,-0.10062374280682859,-0.051585689312773866
0.3490261004093087,0.4213067494139927,-0.10467329979055787,-0.05132882083058253
0.3451082418762568,0.4213067494139927,-0.11084961695739964,-0.05098678294631692
0.3392008458068894,0.4213067494139927,-0.11361334474437845,-0.05072016432049448
0.3451082418762568,0.4213067494139927,-0.1128307037910029,-0.05067744489970809
0.3352829872738374,0.4213067494139927,-0.1173273993876139,-0.05097397765207964
0.3294061994742595,0.4213067494139927,-0.12814337693612535,-0.05167161422661987
0.3196115531416296,0.4213067494139927,-0.1354270545502103,-0.052761170606233664
0.3196115531416296,0.4203301123761837,-0.13587270084998357,-0.05415013706577968
0.3196115531416296,0.4193534753383746,-0.1376625470966231,-0.055657952206189555
0.3137347653420516,0.4183768383005654,-0.14233175698379558,-0.057020678129207324
0.3137347653420516,0.4164235642249472,-0.1419539338539969,-0.05790601298474293
0.3196115531416296,0.4164235642249472,-0.139214892559904,-0.05793834324459789
0.3137347653420516,0.4174002012627563,-0.14150834855786426,-0.05673214393851191
0.3196115531416296,0.4193534753383746,-0.13914501102122157,-0.05393069638842693
0.3352829872738374,0.4213067494139927,-0.12139190666583521,-0.04924601029725333
0.3588207467419387,0.4271738059892756,-0.09944338810348058,-0.042495178339145886
0.3705743223410945,0.4359707736779858,-0.08793096535450266,-0.03362832948683495
0.3705743223410945,0.4477048868285516,-0.08664241543016121,-0.022744044343931347
0.3646975345415166,0.4604084026684982,-0.09487630359688966,-0.01008957353736193
0.3451082418762568,0.4750724269324912,-0.11361124958955346,0.0039547562505058515
0.3294061994742595,0.4916897252721025,-0.12905781284606868,0.018905325101217757
0.3352829872738374,0.5092836606495229,-0.12444678017142022,0.03421549885957488
0.3549028882088867,0.5268848303753715,-0.10519227780271273,0.04932111738595594
0.3646975345415166,0.5415416202909363,-0.0941213192968867,0.0636850737287735
0.3588207467419387,0.5552290075171202,-0.10083429182645796,0.07683505290361597
0.3588207467419387,0.5650026122436396,-0.10583266881854454,0.08838980112536012
0.3490261004093087,0.5718463058567315,-0.10369442769023707,0.09807153119184024
0.3490261004093087,0.5767367253942053,-0.11710316813112158,0.10570477618707678
0.3490261004093087,0.5806432735454417,-0.11833953542553739,0.11120455432360445
0.3549028882088867,0.5835804190072973,-0.08792594280490491,0.11455848246778505
0.3588207467419387,0.5855336930829155,-0.11807693775756939,0.11580806379861788
0.3098169068089997,0.5845570560451063,-0.16335912746729572,0.11503371958497198
0.4901914406783372,0.5826037819694881,0.07674846797542485,0.11234651466919539
1.1960793585630587,0.5806432735454417,0.6586339083919481,0.10788738489328561
1.503906727835743,0.5777133624320144,1.1178415761789506,0.101832458184587
1.503906727835743,0.5728229428945406,0.9887314365023347,0.09440118671229347
0.8568479044863799,0.5650026122436396,0.4062210005247755,0.08586290184606729
0.3941120818091958,0.5542523704793112,-0.048662566801110314,0.07653743256503705
0.3803995769435139,0.5425254916771737,-0.11169846800404876,0.06678669910156346
0.3999888696087737,0.5298147414887988,-0.0504691757256898,0.05699641214353063
0.3901942232761438,0.5180806283382331,-0.07016436426945034,0.04754954244774723
0.3803995769435139,0.5092836606495229,-0.09328659018792909,0.038795348916691494
0.374522789143936,0.5014633299986218,-0.08557180815904764,0.031018909030151694
0.3705743223410945,0.4956035077717671,-0.09368611383584931,0.024416074048404825
0.3646975345415166,0.4907130882342934,-0.10249938621710766,0.019077729705954043
0.374522789143936,0.487783177120866,-0.0905359924168539,0.01498556882577508
0.3901942232761438,0.4858226686968196,-0.0744564695772538,0.012019698931451835
0.4039067281418257,0.4848460316590105,-0.06349968030952166,0.009976658756373971
0.4098141242111931,0.4838693946212014,-0.055223222590981697,0.00859505190444507
0.419608770543823,0.4838693946212014,-0.0478807805231518,0.0075851904638510655
0.4294034168764529,0.4819161205455832,-0.03638037716604423,0.006658950220293728
0.4490233178115022,0.479962846469965,-0.01844248530016922,0.005556439519911785
0.4706021480130775,0.4789862094321558,0.003185584816282225,0.004066934207890646
0.4941092992113892,0.4760490639703003,0.02735227474226529,0.0020426071669791012
0.5196059879460164,0.473119152856873,0.05178846266948388,-0.000595347611255665
0.5451026766806437,0.4692053703572084,0.07601886008598645,-0.003857685257321847
0.5745172239483228,0.466275459243781,0.10869388533769613,-0.007693988172974992
0.6254799931477878,0.4613850397063073,0.15497615744513152,-0.012003862371282287
0.6764733706170423,0.4565018545172618,0.2086897899890225,-0.01665072741172427
0.7313846066193487,0.451611434979788,0.26315638713601,-0.021476559431855703
0.7803884465522877,0.4477048868285516,0.3106295491594869,-0.026316194370766124
0.8117619230864929,0.4437911043288869,0.34213308860968666,-0.031010173628696135
0.8255050362219641,0.4398845561776505,0.357726946016318,-0.035415557018446786
0.8313818240215421,0.4359707736779858,0.3598788485650648,-0.03941451764700483
0.8156797816195448,0.4320642255267494,0.3464709736380502,-0.04292074163920211
0.7862652343518657,0.4281504430270847,0.31697376351187717,-0.04588363700763243
0.7411792529519786,0.4252205319136574,0.2697166157891964,-0.048290186289980885
0.6764733706170423,0.4232672578380392,0.20623157779832138,-0.05016411520698847
0.60980855901558,0.4222906208002301,0.14006074920430045,-0.05156205345809968
0.5509794644802216,0.4213067494139927,0.07910075112026851,-0.05256660935202355
0.4901914406783372,0.4213067494139927,0.01907476968026434,-0.0532767222562112
0.4352802046760309,0.4213067494139927,-0.03487735386207684,-0.053796166487572586
0.3999888696087737,0.4213067494139927,-0.07247851239234315,-0.05422151329649017
0.374522789143936,0.4213067494139927,-0.09705963482680773,-0.05463109960095831
0.3549028882088867,0.4203301123761837,-0.1158268936097972,-0.055076533272348065
0.3451082418762568,0.4203301123761837,-0.12827865672618907,-0.055577973259500604
0.3392008458068894,0.4193534753383746,-0.13194977361026494,-0.05612391234167591
0.3451082418762568,0.4183768383005654,-0.1272062840915695,-0.05667555948717812
0.3549028882088867,0.4174002012627563,-0.11847086031610195,-0.05717527544381827
0.3588207467419387,0.4174002012627563,-0.11221347027749552,-0.05755795885684341
0.3646975345415166,0.4174002012627563,-0.1098662295973,-0.05776389597832296
0.3646975345415166,0.4174002012627563,-0.10661356208851636,-0.05775141792975303
0.374522789143936,0.4174002012627563,-0.09958479180459776,-0.05750773201878416
0.3803995769435139,0.4183768383005654,-0.09235687702168727,-0.05705644681424016
0.3843174354765659,0.4183768383005654,-0.08908319063780112,-0.05646055176469104
0.3843174354765659,0.4183768383005654,-0.08913791707711483,-0.0558199328999536
0.3843174354765659,0.4183768383005654,-0.08940806785772931,-0.05526291815688609
0.3843174354765659,0.4183768383005654,-0.08930689315235063,-0.05493187989388693
0.3803995769435139,0.4193534753383746,-0.09323270112192596,-0.054963621442633344
0.3705743223410945,0.4203301123761837,-0.10397588350797411,-0.05546614009320742
0.3588207467419387,0.4203301123761837,-0.11479076462777157,-0.056494279247692354
0.3549028882088867,0.4193534753383746,-0.11899855954450117,-0.05802752616198328
0.3549028882088867,0.4174002012627563,-0.12051897678773286,-0.05995351794694324
0.3490261004093087,0.4154469271871381,-0.12415885038833112,-0.06206053249845989
0.3451082418762568,0.414470290149329,-0.12978066817615183,-0.06404138439386865
0.3392008458068894,0.4125097817252826,-0.13602160699011992,-0.06550986621110744
0.3392008458068894,0.4115331446874735,-0.13447405358521555,-0.06602934243487384
0.3588207467419387,0.4115331446874735,-0.11671822342823157,-0.06515146405752813
0.3803995769435139,0.4134864187630917,-0.09369599208931954,-0.06246139492489187
0.3941120818091958,0.4164235642249472,-0.08214646476402927,-0.05762464579363695
0.3901942232761438,0.4222906208002301,-0.08313797659613434,-0.05042983591902074
0.3803995769435139,0.4301109514511312,-0.09527803078512367,-0.04082164764906169
0.3588207467419387,0.4428144672910778,-0.1180662483511721,-0.02891904927374598
0.3352829872738374,0.459431765630689,-0.1360520127892132,-0.01501557001363517
0.3451082418762568,0.4780023380459186,-0.13433278424682024,0.0004391526072148428
0.3549028882088867,0.494626870733958,-0.11753654227981199,0.01687461684350179
0.374522789143936,0.5102675320357603,-0.10257811633506884,0.033647185796346325
0.3646975345415166,0.5268848303753715,-0.1080225658747577,0.05009447508276683
0.3549028882088867,0.5444787657527919,-0.1252774427781204,0.06559002555334291
0.3451082418762568,0.560119427054594,-0.12690052242631106,0.07959211234952929
0.3392008458068894,0.5728229428945406,-0.13154135198470937,0.09168133616079213
0.3451082418762568,0.5816199105832508,-0.145447904247436,0.10158300205410373
0.3451082418762568,0.5874869671585337,-0.1171870680029691,0.10917227180127373
0.3490261004093087,0.590416878271961,-0.11680666417334772,0.11446253206207221
0.2999916522065803,0.5923773866960075,-0.2176514168793945,0.11757992922488462
0.2941148644070023,0.5923773866960075,-0.12427796747276705,0.11872903892717564
0.9509683340889954,0.590416878271961,0.43302709484366947,0.118155731388458
1.503906727835743,0.5884636041963428,1.0380158893808653,0.11611327342196627
1.503906727835743,0.5865103301207246,1.0502759048025743,0.11283662184020178
1.027458400292877,0.5835804190072973,0.5088199749530251,0.10852793183486115
0.4392286714788723,0.5816199105832508,0.01129677035532474,0.1033538926582448
0.3901942232761438,0.5777133624320144,-0.11916781179385605,0.09745309954135388
0.3803995769435139,0.5708696688189224,-0.08422920449134905,0.09094980134074794
0.3705743223410945,0.5640259752058304,-0.09989984440690836,0.08396943984547792
0.3549028882088867,0.5562056445549294,-0.12861624906600455,0.07665156098936776
0.3451082418762568,0.5483853139040282,-0.12651563175450045,0.06915675186662677
0.3451082418762568,0.5405649832531272,-0.1309439101409561,0.061665865537658196
0.3392008458068894,0.5307913785266078,-0.1361128605006515,0.054371561212804474
0.3549028882088867,0.5229710478757068,-0.12092995012490006,0.0474638175966927
0.3705743223410945,0.5151507172248058,-0.10440234673996843,0.041112322909831925
0.3803995769435139,0.5092836606495229,-0.09552103788968146,0.03544927010594492
0.3901942232761438,0.5053771124982864,-0.08342938745409031,0.030555931136401676
0.4039067281418257,0.5024472013848591,-0.073595444787649,0.026455469433498132
0.4039067281418257,0.5014633299986218,-0.06967972183372384,0.023113008679379127
0.419608770543823,0.5004866929608127,-0.05532548190871812,0.020442399811469322
0.4490233178115022,0.4985334188851945,-0.027129160968893718,0.018317853764733723
0.4745200065461294,0.4956035077717671,0.0003427619824175575,0.016587979468254965
0.4999860870109672,0.4926663623099116,0.025231571502411676,0.015089904679780166
0.5294006342786464,0.4897364511964843,0.05441699391918244,0.01366188818214248
0.5646919693459035,0.487783177120866,0.0893853312256365,0.012153762792132582
0.605890700482528,0.4868065400830569,0.13236474203721854,0.010435265693998282
0.654894540415467,0.4858226686968196,0.1801655866319271,0.008402580789634061
0.7000111300851435,0.4838693946212014,0.2237735207983056,0.005983265460690741
0.7353024651524006,0.4819161205455832,0.26417388675246467,0.003139392617214933
0.7764705880192357,0.4789862094321558,0.29931135763187255,-0.0001315128595944003
0.7862652343518657,0.4740957898946821,0.3134817924276723,-0.003798143423404063
0.7803884465522877,0.4682287333193992,0.306144944038991,-0.00779976395934884
0.7666759416866058,0.4643221851681628,0.29281044846637505,-0.012052840436912156
0.7450971114850305,0.4604084026684982,0.2708219837989124,-0.016459100753232814
0.7000111300851435,0.4565018545172618,0.2268476913840829,-0.020914034746844355
0.6411820355497851,0.4525880720175971,0.16708687199253516,-0.025315004257903628
0.5803940117479008,0.4486815238663607,0.10743944670532643,-0.029568458207898336
0.5254827757455944,0.444767741366696,0.051491769106565395,-0.033596025365979575
0.4706021480130775,0.4408611932154596,-0.0020819285291079383,-0.03733936641510915
0.4254855583434009,0.4359707736779858,-0.048006657260278904,-0.040763596614536365
0.3901942232761438,0.4320642255267494,-0.08255159612904686,-0.043858916786503326
0.3646975345415166,0.4301109514511312,-0.10809650334756249,-0.046639953577547105
0.3490261004093087,0.4271738059892756,-0.1244786622222627,-0.04914236396215527
0.3392008458068894,0.4242438948758483,-0.13158025530243656,-0.0514165779643715
0.3392008458068894,0.4232672578380392,-0.13541125753438246,-0.053519083161571515
0.3352829872738374,0.4222906208002301,-0.13567004667707533,-0.0555022707521808
0.3451082418762568,0.4222906208002301,-0.12687763441778355,-0.0574044360832605
0.3549028882088867,0.4203301123761837,-0.1178267305797999,-0.05924189849222149
0.3549028882088867,0.4183768383005654,-0.11719032732467778,-0.06100518192358923
0.3549028882088867,0.4164235642249472,-0.11510869938740645,-0.0626606528356023
0.3646975345415166,0.414470290149329,-0.10841399685632644,-0.06415800217308539
0.3646975345415166,0.4115331446874735,-0.1071143819051595,-0.06544270904117613
0.3588207467419387,0.4095798706118552,-0.10945862318352599,-0.06647141634504071
0.3646975345415166,0.407626596536237,-0.11021785148756084,-0.06722723882491892
0.3549028882088867,0.4066499594984279,-0.11316133854151181,-0.06773162139460234
0.3549028882088867,0.4066499594984279,-0.11663361085507579,-0.0680496047273122
0.3549028882088867,0.4066499594984279,-0.11615183014426196,-0.06828624166959107
0.3549028882088867,0.4066499594984279,-0.11470996313867053,-0.06857330031650356
0.3549028882088867,0.4066499594984279,-0.11572585399385757,-0.06904704064268265
0.3490261004093087,0.4066499594984279,-0.12033977698753658,-0.06981949115281694
0.3451082418762568,0.4066499594984279,-0.12633531897668168,-0.07094705009655793
0.3392008458068894,0.4066499594984279,-0.12779993433972975,-0.07240121061202942
0.3451082418762568,0.4066499594984279,-0.1269615239516818,-0.07404660130517884
0.3392008458068894,0.4056660881121906,-0.12872903758171803,-0.07563119765025778
0.3451082418762568,0.4037128140365724,-0.12376800683486185,-0.07679239813449217
0.3646975345415166,0.4027361769987633,-0.10532419655272392,-0.07708069633954717
0.3803995769435139,0.4037128140365724,-0.08677714951343503,-0.07600012705369566
0.3901942232761438,0.4046894510743815,-0.08047158908580176,-0.07306189860590473
0.3803995769435139,0.4066499594984279,-0.08478626915597255,-0.06784507486851023
0.374522789143936,0.4095798706118552,-0.09737030730499553,-0.060056237861152134
0.3490261004093087,0.4183768383005654,-0.11565564932283051,-0.049579146210377185
0.3392008458068894,0.4310875884889403,-0.1300304820749583,-0.03650592583766802
0.3392008458068894,0.4486815238663607,-0.12896874005899603,-0.02114355875683513
0.3549028882088867,0.4701892417434457,-0.11039137758036663,-0.003993225532617108
0.374522789143936,0.4926663623099116,-0.09508148071692506,0.01429527270938064
0.3588207467419387,0.5151507172248058,-0.10454721248694455,0.03298727990975631
0.3549028882088867,0.5356817980640817,-0.11865100637002883,0.051335239579464204
0.3352829872738374,0.553275733441502,-0.121294196026679,0.06864759682578794
0.3352829872738374,0.5659792492814486,-0.13689970279156718,0.0843444590226329
0.3352829872738374,0.5757600883563961,-0.14005604508873462,0.09799287682481123
0.3294061994742595,0.5845570560451063,-0.11021710273911584,0.10931887494061875
0.3490261004093087,0.5914007496581983,-0.1417091034133766,0.11819779784640595
0.2999916522065803,0.5962839348472438,-0.1717193661764956,0.12462815174242266
0.5254827757455944,0.5992210803090994,0.11657489292970849,0.12869629841610516
1.3019533637648302,0.6011743543847177,0.7366796516717711,0.13053992152830496
1.503906727835743,0.6011743543847177,1.157906195529381,0.13031730226045607
1.503906727835743,0.5992210803090994,0.9349213086340586,0.12818744124727385
0.7156825642173513,0.597260571885053,0.31279374380880404,0.12430336293767581
0.3843174354765659,0.5943306607716257,-0.09143750627277383,0.11881798746299498
0.3705743223410945,0.5894402412341518,-0.1111291012912595,0.11189921111832547
0.3843174354765659,0.5835804190072973,-0.06179706640476355,0.10374875785367489
0.374522789143936,0.5767367253942053,-0.09255081593413991,0.09461836862264922
0.3549028882088867,0.566963120667686,-0.11356435922764294,0.08481726156417914
0.3451082418762568,0.553275733441502,-0.11448060867760419,0.07470657108732227
0.3392008458068894,0.539588346215318,-0.12186290810608334,0.06467941038649337
0.3549028882088867,0.5259009589891341,-0.11142469461248292,0.05512870577283307
0.374522789143936,0.5151507172248058,-0.08654563802123708,0.046408143600375436
0.3901942232761438,0.5063537495360956,-0.07011364529247713,0.03879356264082874
0.4039067281418257,0.5004866929608127,-0.061057636320133384,0.0324523708381164
0.4098141242111931,0.4975567818473854,-0.050344990381032295,0.027427045613958565
0.4294034168764529,0.4965801448095762,-0.031655834757285554,0.023635938245524294
0.4549001056110801,0.4956035077717671,-0.007578482096743672,0.0208911727732703
0.4745200065461294,0.4956035077717671,0.01341284246017891,0.018930208494986736
0.4941092992113892,0.494626870733958,0.03504867461494233,0.017455293967935114
0.5254827757455944,0.494626870733958,0.062133399734566955,0.016173968833109596
0.5451026766806437,0.4936429993477207,0.08698202412772167,0.014834039326999936
0.5705993654152709,0.4897364511964843,0.10903752274167793,0.013247899923724063
0.6000139126829501,0.4848460316590105,0.14058187204407074,0.011303388565686703
0.6450998940828371,0.479962846469965,0.18502183844197376,0.008961104343507073
0.6901858754827241,0.4760490639703003,0.23138754490785707,0.006240702995135287
0.7313846066193487,0.4721425158190639,0.27011476677886237,0.003200518208145781
0.7548917578176605,0.4692053703572084,0.29911725649243326,-8.444985235977906e-05
0.7803884465522877,0.466275459243781,0.3173267133790234,-0.0035416121816240235
0.7803884465522877,0.4643221851681628,0.3254205164192278,-0.007113737869583525
0.7862652343518657,0.4623689110925446,0.3255920028765792,-0.010764412816303559
0.7705938002196577,0.459431765630689,0.31263417965984897,-0.014476506030049326
0.7353024651524006,0.4565018545172618,0.27854182035783426,-0.01824560050752691
0.6862680169496722,0.4525880720175971,0.2260603295169894,-0.022071134297926547
0.6196032053482099,0.4486815238663607,0.1648172978967953,-0.025948019229757285
0.5607741108128516,0.4428144672910778,0.10079790661827533,-0.029860852835554542
0.4941092992113892,0.4369474107157949,0.038306401425057174,-0.03378174302030433
0.4392286714788723,0.4320642255267494,-0.01757126174540832,-0.03767154375544312
0.3941120818091958,0.4271738059892756,-0.06424741601729003,-0.04148331206860958
0.3549028882088867,0.4242438948758483,-0.09973162663115337,-0.04516634027745175
0.3352829872738374,0.4213067494139927,-0.12256078441573301,-0.0486693073197632
0.3196115531416296,0.4203301123761837,-0.1359439797501226,-0.0519418078203424
0.3137347653420516,0.4174002012627563,-0.14260921409360683,-0.05493445380243355
0.3137347653420516,0.4154469271871381,-0.14133396554386599,-0.057598533487811875
0.3235294116746816,0.4125097817252826,-0.13344554116195523,-0.05988656092357254
0.3294061994742595,0.4095798706118552,-0.12455965977218514,-0.06175485477970202
0.3352829872738374,0.407626596536237,-0.12051482485678916,-0.06316865380787597
0.3352829872738374,0.4066499594984279,-0.12070602969157732,-0.06410945556960206
0.3352829872738374,0.4056660881121906,-0.11755767145646862,-0.0645835113313455
0.3451082418762568,0.4046894510743815,-0.1113211665525706,-0.0646298902563028
0.3451082418762568,0.4046894510743815,-0.10878752982630105,-0.06432629515493557
0.3490261004093087,0.4056660881121906,-0.10526991410864515,-0.06379087115359085
0.3549028882088867,0.4056660881121906,-0.09844512441778222,-0.06317859088786502
0.3549028882088867,0.4056660881121906,-0.10107192409539059,-0.06267139017799744
0.3392008458068894,0.4056660881121906,-0.1126649447996256,-0.06246198819591394
0.3352829872738374,0.4056660881121906,-0.11837351721419023,-0.06273217664643944
0.3352829872738374,0.4046894510743815,-0.12033593408392874,-0.06362725186630305
0.3235294116746816,0.4046894510743815,-0.1267568203087073,-0.06522912981300068
0.3235294116746816,0.4027361769987633,-0.13168992994951523,-0.06753140961084024
0.3196115531416296,0.400782902923145,-0.13293927271097739,-0.07042007160836111
0.3137347653420516,0.3978529918097178,-0.13801858596760982,-0.07366344493644433
0.3098169068089997,0.3949158463478622,-0.1446875287635986,-0.07691445273009646
0.3098169068089997,0.3919859352344348,-0.14070294882330758,-0.07972694272968082
0.3294061994742595,0.3890487897725793,-0.12476197359766232,-0.0815862470020861
0.3392008458068894,0.3870955156969611,-0.11098027565028529,-0.08195218124937366
0.3490261004093087,0.3880721527347702,-0.10591821432992424,-0.0803107558148501
0.3451082418762568,0.3910092981966258,-0.1033703844557463,-0.07622923815174044
0.3451082418762568,0.3968691204234804,-0.1091246668751648,-0.06940816940046318
0.3196115531416296,0.4046894510743815,-0.1322063518384664,-0.05972368138366127
0.2941148644070023,0.4134864187630917,-0.15478085234294772,-0.04725405515873091
0.2999916522065803,0.4291270800648938,-0.15477457254445093,-0.032285933430334354
0.3098169068089997,0.4496581609041697,-0.13906988192575498,-0.015297963574902644
0.3235294116746816,0.4711658787812548,-0.12904158362240803,0.0030772089312573253
0.3137347653420516,0.4936429993477207,-0.1352582874662617,0.02210821217590822
0.3098169068089997,0.5141740801869966,-0.14535630065034005,0.04103011916984512
0.2999916522065803,0.531768015564417,-0.1458144775860077,0.05911048067491114
0.2999916522065803,0.5483853139040282,-0.15145169179870938,0.07570725888153523
0.3039095107396323,0.5620727011302122,-0.15466185002769295,0.09031144075201997
0.3098169068089997,0.5718463058567315,-0.1278244279652731,0.10257002654832349
0.3235294116746816,0.5786899994698235,-0.13207454984947084,0.11228854222088126
0.2843202180743724,0.5835804190072973,-0.17895434413015554,0.11941557811953916
0.4039067281418257,0.5865103301207246,-0.01880781868694626,0.12401453149967775
0.996084923758672,0.5884636041963428,0.518254803216048,0.12622926314267927
1.503906727835743,0.5884636041963428,1.0675921212044317,0.12625053999068464
1.503906727835743,0.5865103301207246,1.0626586194716108,0.12428900385832535
0.9764650228236226,0.5845570560451063,0.4947066131285096,0.12055831050555312
0.3646975345415166,0.5816199105832508,-0.04384785681541996,0.11526947640637095
0.3098169068089997,0.5777133624320144,-0.16846284346216484,0.10863483762130575
0.3451082418762568,0.5718463058567315,-0.1004696949975919,0.10087786022220241
0.3352829872738374,0.5640259752058304,-0.10309205713735348,0.09224380794618167
0.3352829872738374,0.5542523704793112,-0.12494039838345036,0.08300628390827619
0.3352829872738374,0.5415416202909363,-0.11141842692818493,0.0734659468651993
0.3352829872738374,0.5278614674131806,-0.11309502036419929,0.06393994096659548
0.3294061994742595,0.517103991300424,-0.12004913651079394,0.05474315322731823
0.3451082418762568,0.5092836606495229,-0.10598330792773364,0.046164566960715234
0.3549028882088867,0.5014633299986218,-0.09392881592519638,0.03844310029645075
0.3588207467419387,0.4956035077717671,-0.08882845923646894,0.03174722459663535
0.374522789143936,0.4907130882342934,-0.07718407978945431,0.026161627930793904
0.3843174354765659,0.4868065400830569,-0.06447958853217814,0.021682709952727537
0.3941120818091958,0.4838693946212014,-0.05325934855582877,0.018223184226633292
0.4156909120107711,0.4809394835077741,-0.03634132077204596,0.01562478055141864
0.4352802046760309,0.479962846469965,-0.012882509841212437,0.013677110541638636
0.4607768934106581,0.4789862094321558,0.013234234113786797,0.012140220235716459
0.4901914406783372,0.4760490639703003,0.03738747812519211,0.010768189878005848
0.5098113416133866,0.4740957898946821,0.06338830541604648,0.009331321385797547
0.5509794644802216,0.473119152856873,0.1015186483936073,0.007634905017801585
0.6000139126829501,0.4701892417434457,0.14855804777283338,0.005533137145398748
0.6450998940828371,0.4682287333193992,0.19837462600952982,0.002937326815051504
0.7058879178847215,0.4652988222059719,0.25539202071688477,-0.00018197302136083957
0.7607991538870279,0.4623689110925446,0.3113120976502831,-0.003798809200739792
0.796090488954285,0.4574784915550708,0.34719077092489253,-0.007841061232504987
0.8117619230864929,0.4525880720175971,0.3625466475521733,-0.012203938583956658
0.8156797816195448,0.4467282497907424,0.36553746185526087,-0.01676604792429856
0.800008347487337,0.4408611932154596,0.35173107810797966,-0.02140584888475749
0.7666759416866058,0.4359707736779858,0.3157903261162021,-0.026016094488286904
0.7098057764177734,0.4320642255267494,0.261798992025511,-0.03051406106930025
0.6450998940828371,0.4281504430270847,0.1946264559142654,-0.03484606848921014
0.5705993654152709,0.4252205319136574,0.1208398378791439,-0.038985867072438264
0.4999860870109672,0.4222906208002301,0.051316257692366044,-0.04292767591563594
0.4392286714788723,0.4193534753383746,-0.010914360594794913,-0.046675704286116
0.3843174354765659,0.4164235642249472,-0.06669922115228637,-0.05023262755170198
0.3392008458068894,0.4115331446874735,-0.10788809409266734,-0.053589578324779265
0.3196115531416296,0.4086032335740461,-0.13270425434165867,-0.056719745412319555
0.2999916522065803,0.4046894510743815,-0.1493559376565214,-0.059576790596068054
0.2941148644070023,0.4017595399609542,-0.15485613869256296,-0.0620982440222338
0.3039095107396323,0.3988296288475269,-0.14724426676444016,-0.06421307416813059
0.3098169068089997,0.3968691204234804,-0.14041539129638017,-0.06585192220866588
0.3098169068089997,0.3958924833856713,-0.13992627452252424,-0.0669581320573164
0.3098169068089997,0.3949158463478622,-0.1397442629430493,-0.06749771900866315
0.3137347653420516,0.3949158463478622,-0.13968190951361753,-0.06746676333732697
0.3098169068089997,0.3968691204234804,-0.13641158385666136,-0.06689530308063708
0.3294061994742595,0.3988296288475269,-0.124978890130068,-0.06584751758338646
0.3352829872738374,0.4017595399609542,-0.1132460807525559,-0.0644186929001767
0.3451082418762568,0.4037128140365724,-0.10676563874919012,-0.06272995012045436
0.3490261004093087,0.4037128140365724,-0.10091425446633154,-0.06092181190075848
0.3549028882088867,0.4046894510743815,-0.09749152423645142,-0.0591473151951893
0.3490261004093087,0.4046894510743815,-0.10080744751971984,-0.05756469230001348
0.3451082418762568,0.4046894510743815,-0.10693144889825344,-0.05632895574103207
0.3392008458068894,0.4056660881121906,-0.11172536587448353,-0.05558137551736886
0.3392008458068894,0.4056660881121906,-0.11322012565430667,-0.0554360345688525
0.3392008458068894,0.4056660881121906,-0.11055477375776403,-0.05596339404694653
0.3451082418762568,0.4056660881121906,-0.10888252025009773,-0.057171922846169704
0.3392008458068894,0.4056660881121906,-0.11143112916467707,-0.058990071970889194
0.3352829872738374,0.4046894510743815,-0.11610529281760927,-0.06125189907892813
0.3294061994742595,0.4046894510743815,-0.12468731941206138,-0.06369017841024387
0.3196115531416296,0.4027361769987633,-0.13081016979308926,-0.06594061860388449
0.3352829872738374,0.400782902923145,-0.11847926570571837,-0.06755971170613068
0.3549028882088867,0.3978529918097178,-0.09559887796960413,-0.06805678241279976
0.3705743223410945,0.3968691204234804,-0.0864327082154492,-0.06693826363093906
0.3549028882088867,0.3978529918097178,-0.09191822744811307,-0.06375959112287868
0.3549028882088867,0.3998062658853359,-0.10335557976031931,-0.05817800083153674
0.3294061994742595,0.4066499594984279,-0.12188753261388434,-0.04999847677954084
0.3137347653420516,0.4174002012627563,-0.13764239180115875,-0.03920548552470131
0.3235294116746816,0.4330408625645585,-0.13390552383222887,-0.025975029570578387
0.3352829872738374,0.4525880720175971,-0.11504614821091708,-0.01066470996642298
0.3490261004093087,0.4740957898946821,-0.10608344276458487,0.00621671209640854
0.3352829872738374,0.4936429993477207,-0.11784701027774422,0.024055222522286288
0.3352829872738374,0.5102675320357603,-0.12315193154819688,0.04218552347914532
0.3294061994742595,0.5268848303753715,-0.11555142812537092,0.05994501503836715
0.3352829872738374,0.5435021287149827,-0.12731225749207062,0.0767207951545076
0.3352829872738374,0.5581589186305476,-0.12440592661131925,0.09198487408424649
0.3451082418762568,0.5698930317811133,-0.08792828117388804,0.1053154086392195
0.3451082418762568,0.5796666365076326,-0.13086359777832754,0.11640426320055958
0.2843202180743724,0.5855336930829155,-0.18149242283106726,0.12505329641586374
0.4941092992113892,0.590416878271961,0.09862033802790186,0.13116322567832936
1.266662028697573,0.5943306607716257,0.7141758774215804,0.13471950608574637
1.503906727835743,0.597260571885053,1.14865598482874,0.1357792314936879
1.503906727835743,0.597260571885053,0.978854876065252,0.13446170627985768
0.8156797816195448,0.5962839348472438,0.37935078512460374,0.13094342153161415
0.3549028882088867,0.5923773866960075,-0.08174598945659697,0.12545625505845218
0.3352829872738374,0.5855336930829155,-0.1494576783186648,0.11828632914124099
0.3549028882088867,0.5777133624320144,-0.09064732954835747,0.10977043805178355
0.3352829872738374,0.5679397577054951,-0.11319915618069455,0.1002873796910064
0.3294061994742595,0.5562056445549294,-0.14139008717235252,0.09024273961644605
0.3098169068089997,0.5435021287149827,-0.14013414006771552,0.08004736746069659
0.3098169068089997,0.5327446526022261,-0.14753849420962617,0.07009155068452559
0.3137347653420516,0.5219944108378977,-0.14607448388181263,0.060718288649502544
0.3294061994742595,0.5131974431491875,-0.1277894541725558,0.05219972607571372
0.3451082418762568,0.5053771124982864,-0.11247851341765383,0.044720539775855
0.3588207467419387,0.5004866929608127,-0.09890157280177249,0.03837094722305974
0.374522789143936,0.4975567818473854,-0.08580939554162223,0.03315026152635825
0.3803995769435139,0.4965801448095762,-0.07623913446664231,0.02897991663645691
0.3999888696087737,0.494626870733958,-0.059590805353001416,0.025723087291113694
0.4254855583434009,0.4926663623099116,-0.03383109972301054,0.023206915417978285
0.4490233178115022,0.4887598141586752,-0.01002046156036979,0.021243274384313424
0.4706021480130775,0.4858226686968196,0.011933372043435943,0.019644981164246688
0.4999860870109672,0.4819161205455832,0.03877612691182215,0.01823606218845909
0.5294006342786464,0.4789862094321558,0.07141764096009953,0.01685651717153685
0.5745172239483228,0.4770257010081094,0.11279948363223635,0.015363431318624162
0.6254799931477878,0.4770257010081094,0.16646650765416346,0.013630878425339646
0.6862680169496722,0.4760490639703003,0.2254413575359099,0.011550752546656037
0.7411792529519786,0.4740957898946821,0.27986133077020453,0.009035691215820707
0.7862652343518657,0.4721425158190639,0.32670259999083123,0.006024035554086964
0.8215565694191228,0.4701892417434457,0.35959532008834916,0.0024857310941149026
0.8313818240215421,0.466275459243781,0.3700714125694592,-0.0015725354396251092
0.8255050362219641,0.4613850397063073,0.3645526206388875,-0.006104748549797567
0.8117619230864929,0.4555252174794526,0.3500060293065636,-0.011026873799161282
0.7764705880192357,0.4496581609041697,0.3143333957697799,-0.016222581691101207
0.7156825642173513,0.4437911043288869,0.2531984856002387,-0.021552918496202885
0.6450998940828371,0.437924047753604,0.18437066351577802,-0.026868604374865
0.5803940117479008,0.4330408625645585,0.11637497757475303,-0.032023127184700566
0.5098113416133866,0.4281504430270847,0.04683895175193505,-0.03688470959839074
0.4451054592784502,0.4242438948758483,-0.015203455103323417,-0.04134552340030333
0.4039067281418257,0.4203301123761837,-0.06247172102214759,-0.04532709873186203
0.3646975345415166,0.4174002012627563,-0.09689475657675027,-0.04878158655970421
0.3451082418762568,0.414470290149329,-0.11770139962020985,-0.05168924773322408
0.3352829872738374,0.4134864187630917,-0.12999769056470672,-0.05405316246287237
0.3235294116746816,0.4125097817252826,-0.14035902353873092,-0.055892608154549384
0.3196115531416296,0.4115331446874735,-0.14181377441858792,-0.057236770316879355
0.3352829872738374,0.4115331446874735,-0.13323255414899265,-0.05812034866612337
0.3352829872738374,0.4095798706118552,-0.12571983152613697,-0.05858214290542491
0.3451082418762568,0.407626596536237,-0.12098255666469532,-0.05866688809322057
0.3490261004093087,0.407626596536237,-0.11642372652822003,-0.05842963439925098
0.3490261004093087,0.407626596536237,-0.11457196973065595,-0.05794112242033387
0.3549028882088867,0.4095798706118552,-0.1121717027004775,-0.05729218232102149
0.3588207467419387,0.4105565076496644,-0.10475175695306033,-0.05659530548093371
0.3705743223410945,0.4105565076496644,-0.09710131233695318,-0.05598209346190029
0.3705743223410945,0.4115331446874735,-0.09365897317008007,-0.055596049452503446
0.374522789143936,0.4125097817252826,-0.0924312669158717,-0.055580951968180164
0.374522789143936,0.4125097817252826,-0.09165522148595351,-0.056065753161226826
0.374522789143936,0.4115331446874735,-0.09187317555002511,-0.057147523574007555
0.3705743223410945,0.4095798706118552,-0.09550893484924702,-0.05887434301105872
0.3646975345415166,0.407626596536237,-0.10363567415790978,-0.06123014962117772
0.3549028882088867,0.4046894510743815,-0.11044837625487694,-0.06412342203367644
0.3549028882088867,0.4017595399609542,-0.11306044846842511,-0.06738125805123835
0.3490261004093087,0.3978529918097178,-0.11909571778902263,-0.07074999649595436
0.3352829872738374,0.3949158463478622,-0.13093675980462133,-0.07390304549789133
0.3294061994742595,0.392962572272244,-0.13895529799307565,-0.07645606622817173
0.3352829872738374,0.3919859352344348,-0.13399303777341726,-0.07798915699734661
0.3490261004093087,0.3939392093100531,-0.11618170814262846,-0.07807520162131916
0.374522789143936,0.3958924833856713,-0.09689418477994101,-0.07631303700967886
0.3803995769435139,0.3988296288475269,-0.0866048140734143,-0.07236346087627726
0.3843174354765659,0.4037128140365724,-0.08387649542182604,-0.06598528542299688
0.3803995769435139,0.4105565076496644,-0.08988969645355731,-0.05706774754227538
0.3588207467419387,0.4193534753383746,-0.10942112604946229,-0.045654909033417165
0.3392008458068894,0.4320642255267494,-0.12971558261050753,-0.031957620360512
0.3392008458068894,0.4477048868285516,-0.13105247308449186,-0.016349507333405875
0.3549028882088867,0.4682287333193992,-0.11408350865681306,0.0006546178096315673
0.3705743223410945,0.4907130882342934,-0.09942739931347548,0.0184367349016435
0.3646975345415166,0.5112441690735693,-0.10463836937702717,0.03632574871471281
0.3549028882088867,0.5288381044509897,-0.116082385460355,0.05365305214569907
0.3588207467419387,0.54643203982841,-0.1131367428926497,0.06980562312099578
0.3392008458068894,0.5610960640924031,-0.12203763316701158,0.08426923944446305
0.3451082418762568,0.5718463058567315,-0.14187111790081036,0.09665635264526168
0.3490261004093087,0.5786899994698235,-0.11094257086962235,0.10671610101803691
0.3549028882088867,0.5835804190072973,-0.10185586086780657,0.11432726161597534
0.3098169068089997,0.5865103301207246,-0.20480965370070137,0.11947798433042885
0.2843202180743724,0.5884636041963428,-0.13761432059135084,0.12223826428131414
0.8764678054214292,0.5894402412341518,0.3857267179678337,0.12273182315048782
1.503906727835743,0.5884636041963428,1.0031797805282863,0.12111328025817263
1.503906727835743,0.5874869671585337,1.1014440019220137,0.11755447492135887
1.1862847122304288,0.5845570560451063,0.6307235266325821,0.11224108329152091
0.4999860870109672,0.5806432735454417,0.09691741934510192,0.10537788498063144
0.4039067281418257,0.5747834513185871,-0.10304930852418157,0.0971987860499795
0.3941120818091958,0.5659792492814486,-0.07562999873781967,0.08797648771555552
0.3803995769435139,0.5552290075171202,-0.08074762340738953,0.07802677984634722
0.3549028882088867,0.5435021287149827,-0.1256820533599712,0.06770380380981292
0.3392008458068894,0.5307913785266078,-0.1329381289378779,0.057384911862054126
0.3451082418762568,0.5190644997244704,-0.12570165923491203,0.047446358624919444
0.3549028882088867,0.5083070236117138,-0.11840810108976024,0.0382333507145131
0.374522789143936,0.5004866929608127,-0.09980113527598193,0.03002943581397918
0.3843174354765659,0.4926663623099116,-0.08835985981399805,0.023030557699847368
0.3843174354765659,0.487783177120866,-0.08829618717428736,0.017328345513645985
0.3941120818091958,0.4848460316590105,-0.08038065657001366,0.012905579595840497
0.4098141242111931,0.4838693946212014,-0.06379907925782448,0.009644640972879853
0.4254855583434009,0.4828927575833923,-0.047287074517672376,0.007347514712047255
0.4451054592784502,0.4828927575833923,-0.030096944440373304,0.005764002961593331
0.4607768934106581,0.4819161205455832,-0.012091496731647024,0.004623582804896556
0.4803967943457073,0.4819161205455832,0.0053986895777974955,0.0036660270285983148
0.4999860870109672,0.4809394835077741,0.026421901555819822,0.0026664895554326827
0.5294006342786464,0.4770257010081094,0.054698979425803346,0.0014520689754028973
0.5646919693459035,0.4740957898946821,0.09005358870866352,-9.137586188456492e-05
0.605890700482528,0.4721425158190639,0.1320661984092797,-0.0020215418951497308
0.654894540415467,0.4692053703572084,0.17908761331129608,-0.004349003480170089
0.7000111300851435,0.466275459243781,0.22644966848088272,-0.007050554479390926
0.7450971114850305,0.4643221851681628,0.26912216376317744,-0.010083460826849237
0.7764705880192357,0.4623689110925446,0.30222705835207375,-0.013397992957516869
0.796090488954285,0.4584551285928799,0.3208861664659588,-0.016946461783146852
0.800008347487337,0.4555252174794526,0.3240325860099151,-0.020687957176450042
0.7862652343518657,0.451611434979788,0.31263334772693624,-0.024588866157436284
0.7607991538870279,0.4477048868285516,0.28349238788779707,-0.028619916638304765
0.7098057764177734,0.4437911043288869,0.23592208966466036,-0.03275094715587541
0.654894540415467,0.4408611932154596,0.17818119648037936,-0.03694487904065983
0.5901886580805307,0.437924047753604,0.11593522213881444,-0.04115247984326816
0.5294006342786464,0.4340174996023676,0.05165968960077887,-0.04530941965203443
0.4706021480130775,0.4291270800648938,-0.003040344114887291,-0.04933675534886901
0.4352802046760309,0.4242438948758483,-0.04187968890027428,-0.05314528610938852
0.3999888696087737,0.4203301123761837,-0.07568949592155519,-0.056643301678663965
0.3705743223410945,0.4154469271871381,-0.10575660500076896,-0.05974634224467294
0.3549028882088867,0.4125097817252826,-0.11985391073286687,-0.06238699592003164
0.3549028882088867,0.4115331446874735,-0.12332163012388571,-0.06452268178666015
0.3451082418762568,0.4115331446874735,-0.12943195027632204,-0.06613985755071929
0.3451082418762568,0.4115331446874735,-0.13212618332668302,-0.06725402350074319
0.3490261004093087,0.4115331446874735,-0.12636723207135858,-0.06790596810136786
0.3549028882088867,0.4115331446874735,-0.12325884378180259,-0.06815555848089169
0.3490261004093087,0.4125097817252826,-0.12521638303194038,-0.06807478280368946
0.3549028882088867,0.4125097817252826,-0.12329432441401043,-0.06774165861516258
0.3588207467419387,0.4125097817252826,-0.11728348308813472,-0.06723612602768247
0.3646975345415166,0.4125097817252826,-0.11149693617799673,-0.06663829393938187
0.3705743223410945,0.4125097817252826,-0.10666531841636333,-0.06602857574615738
0.3705743223410945,0.4125097817252826,-0.10598495148179582,-0.0654885347684007
0.3646975345415166,0.4125097817252826,-0.11173639617778428,-0.06510083630978676
0.3588207467419387,0.4125097817252826,-0.11867012465675536,-0.06494668022343668
0.3549028882088867,0.4125097817252826,-0.12098826060763476,-0.06509948576460173
0.3588207467419387,0.4125097817252826,-0.11912389186034542,-0.06561436370219749
0.3588207467419387,0.4125097817252826,-0.11716264635663054,-0.06651391981580396
0.3588207467419387,0.4125097817252826,-0.11848435967301943,-0.06777201769469246
0.3549028882088867,0.4125097817252826,-0.12252544485244221,-0.06929808038793997
0.3490261004093087,0.4115331446874735,-0.12680819722611925,-0.07092511303751486
0.3451082418762568,0.4105565076496644,-0.13313757868922943,-0.07240469588884654
0.3352829872738374,0.4095798706118552,-0.14089860488865305,-0.0734116306394338
0.3392008458068894,0.4086032335740461,-0.1384800107790927,-0.0735597610907078
0.3549028882088867,0.4095798706118552,-0.12128020606190935,-0.07242890820435952
0.374522789143936,0.4115331446874735,-0.10332584434615259,-0.06960112581281025
0.3843174354765659,0.4154469271871381,-0.09335568856112539,-0.06470288123451393
0.3843174354765659,0.4213067494139927,-0.08995484758301693,-0.0574485425209563
0.3803995769435139,0.4310875884889403,-0.10071394448650577,-0.047679901156256706
0.3490261004093087,0.4437911043288869,-0.1252005078195002,-0.03539650453535527
0.3352829872738374,0.4574784915550708,-0.14192110552887358,-0.020772351353814528
0.3392008458068894,0.473119152856873,-0.13979406721044652,-0.0041559208495926475
0.3490261004093087,0.4926663623099116,-0.12631869038803709,0.013947616277120137
0.3646975345415166,0.5131974431491875,-0.11257856359692821,0.03291100010704893
0.3646975345415166,0.5347051610262725,-0.11262744011403583,0.05203304275518258
0.3549028882088867,0.5552290075171202,-0.12350653655403163,0.07059505285560196
0.3451082418762568,0.5737995799323498,-0.12919196630333715,0.08791880753028733
0.3392008458068894,0.5894402412341518,-0.13735505326495545,0.10341893452624319
0.3451082418762568,0.6031276284603359,-0.14035124168385965,0.1166433125424117
0.3451082418762568,0.611924596149046,-0.11759428775393112,0.12729690841852548
0.3549028882088867,0.618768289762138,-0.13073220212756326,0.1352470216924904
0.3039095107396323,0.6216982008755654,-0.18038968464760174,0.14051074498261243
0.4392286714788723,0.6226748379133744,-0.01530218102830746,0.14322807223648837
1.021581612493299,0.6226748379133744,0.518511639722697,0.14362603238047505
1.503906727835743,0.6207215638377562,1.0460437123716035,0.14198016081653206
1.503906727835743,0.6168150156865198,1.024628219812929,0.1385794273693455
0.9823418106232006,0.611924596149046,0.4864269925476839,0.13369952908452737
0.4451054592784502,0.6080180479978096,0.002923991287859487,0.12758749716749293
0.3941120818091958,0.604104265498145,-0.11317399954592129,0.1204581902016083
0.3843174354765659,0.598237208922862,-0.08021779444153815,0.11250084080553782
0.3705743223410945,0.590416878271961,-0.10158646609056413,0.10389187013657612
0.3549028882088867,0.5816199105832508,-0.12884469988160774,0.09480915717820004
0.3451082418762568,0.5718463058567315,-0.1300363137618709,0.08544309682519662
0.3392008458068894,0.560119427054594,-0.13301767149100013,0.07600099918806363
0.3549028882088867,0.5493619509418374,-0.12502794109534524,0.06670328622350317
0.3705743223410945,0.539588346215318,-0.10540357589080572,0.05777202071636495
0.3803995769435139,0.5307913785266078,-0.0934813021724771,0.049414064043372743
0.3941120818091958,0.5219944108378977,-0.08363641618270637,0.0418022539255614
0.4039067281418257,0.5161273542626148,-0.07192588399779176,0.03505829564108189
0.4098141242111931,0.5102675320357603,-0.06517570322319612,0.02924063697440884
0.419608770543823,0.5053771124982864,-0.05659578933644985,0.024339619051528247
0.4392286714788723,0.5034238384226682,-0.03685996505117672,0.020280879542870247
0.46469475194371,0.5004866929608127,-0.009924965370212379,0.016936570564919356
0.4901914406783372,0.4975567818473854,0.013913235240766056,0.01414268004560828
0.5058934830803345,0.4965801448095762,0.03110027982222585,0.011719823168358921
0.5294006342786464,0.4936429993477207,0.053081831863682184,0.009494430877753224
0.5646919693459035,0.4916897252721025,0.09184508509823908,0.00731732023751198
0.6196032053482099,0.4897364511964843,0.14097483124178828,0.005077113723907033
0.6607713282150449,0.4887598141586752,0.1897134925511862,0.0027067739772915892
0.7156825642173513,0.4848460316590105,0.23743675075748644,0.00018253574060616486
0.7509738992846084,0.4809394835077741,0.2789780401940018,-0.002484324462836615
0.7803884465522877,0.4770257010081094,0.30356515180433624,-0.005261222577434594
0.7862652343518657,0.4721425158190639,0.31322297678728933,-0.008110755576657889
0.7901830928849176,0.4682287333193992,0.3154376538989721,-0.011006515369672966
0.7803884465522877,0.4652988222059719,0.3055765609912128,-0.013944795007350333
0.7509738992846084,0.4643221851681628,0.2775128195249864,-0.01694954056243422
0.7098057764177734,0.4633455481303537,0.23572855191673306,-0.020069375825995092
0.6607713282150449,0.4613850397063073,0.186373658190685,-0.023367345700381476
0.605890700482528,0.4584551285928799,0.13259145056708335,-0.02690568467492221
0.5509794644802216,0.4545485804416435,0.07767442860608056,-0.03072895537182391
0.4999860870109672,0.4496581609041697,0.02548151741235201,-0.034849096611356205
0.4549001056110801,0.4457443784045051,-0.017484783292021737,-0.03923534358923297
0.4254855583434009,0.4398845561776505,-0.04764903283523066,-0.0438108959335373
0.4039067281418257,0.4340174996023676,-0.07031081518803717,-0.04845690959854923
0.3843174354765659,0.4291270800648938,-0.0871414783136717,-0.05302312429156069
0.3803995769435139,0.4242438948758483,-0.09315709705905553,-0.05734341043076189
0.3803995769435139,0.4203301123761837,-0.09214175231023587,-0.061253884673609114
0.3803995769435139,0.4174002012627563,-0.0920247248595859,-0.06461106855877287
0.3803995769435139,0.414470290149329,-0.09141145141027626,-0.06730780208839393
0.3843174354765659,0.4125097817252826,-0.08896318702760576,-0.06928514572746544
0.3803995769435139,0.4115331446874735,-0.08998145492490081,-0.07053917113893843
0.3803995769435139,0.4125097817252826,-0.09321283815358816,-0.07112224508611192
0.3803995769435139,0.4125097817252826,-0.08988126644607994,-0.0711390664916661
0.3901942232761438,0.4125097817252826,-0.08155186387586957,-0.07073822154796809
0.3941120818091958,0.4125097817252826,-0.07838123697239334,-0.07010027097129455
0.3901942232761438,0.4125097817252826,-0.07921032526972394,-0.06942335447514345
0.3941120818091958,0.4125097817252826,-0.07815695173310384,-0.06890710059372555
0.3901942232761438,0.4125097817252826,-0.08024699964051427,-0.06873544367996094
0.3843174354765659,0.4115331446874735,-0.08664175493262437,-0.06905891167510846
0.3803995769435139,0.4105565076496644,-0.08912395828196477,-0.06997710411284289
0.3803995769435139,0.4105565076496644,-0.09159645653126496,-0.07152240114201971
0.3646975345415166,0.4086032335740461,-0.10367576498083028,-0.07364635072638284
0.3549028882088867,0.4066499594984279,-0.11667708724346822,-0.07621053696517263
0.3490261004093087,0.4037128140365724,-0.11952899572406323,-0.07898386350378196
0.3490261004093087,0.400782902923145,-0.12097971973571373,-0.08164795930614442
0.3451082418762568,0.3998062658853359,-0.12547180791015494,-0.08381181504606797
0.3490261004093087,0.3988296288475269,-0.11820036654241586,-0.08503587331984103
0.3705743223410945,0.3988296288475269,-0.09974350236497861,-0.08486472240239835
0.3803995769435139,0.3998062658853359,-0.08928290555611083,-0.08286633895179735
0.3803995769435139,0.4027361769987633,-0.08680927448196016,-0.07867455637486308
0.3803995769435139,0.4056660881121906,-0.08799031169236335,-0.07203026578805086
0.3646975345415166,0.4125097817252826,-0.10649689685930618,-0.06281607271357487
0.3294061994742595,0.4232672578380392,-0.1353318260237928,-0.05107909295957929
0.3235294116746816,0.4389079191398414,-0.1457700157441956,-0.03703758693136985
0.3352829872738374,0.4574784915550708,-0.1340703010847939,-0.021069282404993027
0.3490261004093087,0.4780023380459186,-0.11688274571119056,-0.0036822060275276264
0.3549028882088867,0.5004866929608127,-0.11139573848600245,0.014528054643637715
0.3490261004093087,0.5190644997244704,-0.12221439362995175,0.032928332957547095
0.3392008458068894,0.5347051610262725,-0.1262502557651848,0.05089774703771079
0.3352829872738374,0.5503385879796465,-0.12572600940108444,0.06787067362632836
0.3352829872738374,0.5650026122436396,-0.14194979213677658,0.08336799948865298
0.3352829872738374,0.5767367253942053,-0.13028670155991795,0.09701443035852449
0.3352829872738374,0.5874869671585337,-0.11041152152099187,0.10854220497506478
0.3137347653420516,0.5962839348472438,-0.18481269281097507,0.1177836158199955
0.2843202180743724,0.6021509914225267,-0.17372899038483394,0.12465608012296343
0.6607713282150449,0.605080902535954,0.24898966744338574,0.1291440953795629
1.503906727835743,0.6070414109600005,0.9119371333240764,0.1312822899566461
1.503906727835743,0.6070414109600005,1.211025472784356,0.13114300332741866
1.468615392768486,0.6060575395737632,0.8347780045650761,0.12883048565856203
0.5196059879460164,0.6031276284603359,0.167791215337413,0.12448206393336453
0.3352829872738374,0.598237208922862,-0.16671615690678132,0.1182747891751713
0.3588207467419387,0.5914007496581983,-0.12219772294797257,0.11043454526569386
0.3588207467419387,0.5835804190072973,-0.08086998945180697,0.10124370971444678
0.3490261004093087,0.5737995799323498,-0.12087177472328382,0.0910434152612773
0.3549028882088867,0.5620727011302122,-0.12125524381597003,0.0802273077946321
0.3352829872738374,0.5483853139040282,-0.11610204448898331,0.06922531608271
0.3392008458068894,0.5347051610262725,-0.12831121422797903,0.058478060918063186
0.3490261004093087,0.523947684913516,-0.11811831398057947,0.048404675156350684
0.3549028882088867,0.5141740801869966,-0.10509165374159278,0.039368434203756235
0.3646975345415166,0.5063537495360956,-0.09958394129819279,0.031645290624105975
0.3843174354765659,0.4995100559230035,-0.07933795994487276,0.025400061382397508
0.4039067281418257,0.4956035077717671,-0.05970630506298928,0.0206738206038068
0.4039067281418257,0.4936429993477207,-0.05769570244822286,0.017384318693395743
0.4098141242111931,0.4926663623099116,-0.05406016523763992,0.015339299342237735
0.4254855583434009,0.4926663623099116,-0.036786051605885085,0.01426073771975806
0.4490233178115022,0.4916897252721025,-0.013682669347991902,0.01381659001236557
0.4745200065461294,0.4916897252721025,0.01266809128928158,0.01365585707731029
0.5058934830803345,0.4916897252721025,0.04319064250522092,0.013442683751449443
0.5392258888810657,0.4907130882342934,0.07724418439094302,0.012885735219856809
0.5803940117479008,0.4887598141586752,0.11875394506998924,0.011760035239271808
0.6293978516808398,0.4858226686968196,0.16782306528969715,0.009919646291555458
0.6803912291500942,0.4828927575833923,0.21758593956815236,0.007300851398601301
0.7254772105499813,0.479962846469965,0.2658202544293943,0.0039166780628027064
0.7705938002196577,0.4740957898946821,0.3076788642756415,-0.0001554700476123406
0.7901830928849176,0.4692053703572084,0.3300944096449852,-0.0047907093332622
0.796090488954285,0.4633455481303537,0.3334552652163583,-0.00983546991742815
0.7862652343518657,0.4584551285928799,0.32809766524389405,-0.015125634202558665
0.7705938002196577,0.4535647090554062,0.30638375047634636,-0.020501906163448262
0.7156825642173513,0.4486815238663607,0.2571683762433661,-0.025821041142517823
0.6509766818824151,0.4437911043288869,0.19070903552246177,-0.030962456279078322
0.5843118702809528,0.4389079191398414,0.12132734982517429,-0.03583057478954622
0.5098113416133866,0.4349941366401767,0.05249913403027852,-0.040353874000619634
0.4490233178115022,0.4310875884889403,-0.012889346879568154,-0.04448193430697253
0.3941120818091958,0.4271738059892756,-0.06672041210849702,-0.048181814500313114
0.3549028882088867,0.4222906208002301,-0.1026619016297062,-0.051434826661128794
0.3352829872738374,0.4193534753383746,-0.12701846451079066,-0.054234308352902105
0.3098169068089997,0.4154469271871381,-0.14950910075662377,-0.05658442397553764
0.2941148644070023,0.4134864187630917,-0.1639539505274122,-0.05849956155347508
0.2999916522065803,0.4125097817252826,-0.16233034327037832,-0.06000368881780913
0.3039095107396323,0.4115331446874735,-0.1534296978788201,-0.06112914699983058
0.3137347653420516,0.4115331446874735,-0.14664132023974014,-0.061914714333090204
0.3196115531416296,0.4115331446874735,-0.14041365963709151,-0.06240319145549173
0.3235294116746816,0.4105565076496644,-0.13368318728182843,-0.06263906005050791
0.3352829872738374,0.4095798706118552,-0.12703056732882495,-0.06266682401009761
0.3392008458068894,0.4105565076496644,-0.11695264640090085,-0.0625304557303088
0.3549028882088867,0.4105565076496644,-0.10592883816981177,-0.06227404189143046
0.3549028882088867,0.4105565076496644,-0.10402230697626386,-0.06194337829089508
0.3490261004093087,0.4095798706118552,-0.10930994115004977,-0.06158796046372242
0.3490261004093087,0.4095798706118552,-0.10989648507041473,-0.0612625659917937
0.3549028882088867,0.4095798706118552,-0.10510711629545148,-0.061027474112854994
0.3549028882088867,0.4105565076496644,-0.10221782716852068,-0.06094641164020957
0.3549028882088867,0.4095798706118552,-0.10496295360596723,-0.061081594810653575
0.3451082418762568,0.4086032335740461,-0.11355952984939736,-0.061485688199667404
0.3352829872738374,0.407626596536237,-0.12294309715072943,-0.06219100792786663
0.3294061994742595,0.4066499594984279,-0.12913671885453964,-0.0631967945655321
0.3235294116746816,0.4056660881121906,-0.13608378604784402,-0.06445587891917874
0.3137347653420516,0.4046894510743815,-0.14368885672957382,-0.06586255840489774
0.3137347653420516,0.4046894510743815,-0.14485544566550415,-0.06724391676541044
0.3235294116746816,0.4037128140365724,-0.13659554001437865,-0.06835702057849431
0.3352829872738374,0.4037128140365724,-0.12080260921282858,-0.06889426902889392
0.3549028882088867,0.4056660881121906,-0.10525437055942403,-0.06849855624442035
0.3588207467419387,0.407626596536237,-0.0997262845817684,-0.06678880092950389
0.3549028882088867,0.4095798706118552,-0.10236368496688618,-0.06339485162863043
0.3490261004093087,0.4105565076496644,-0.11032514615168602,-0.057998904106628515
0.3294061994742595,0.414470290149329,-0.12922449696319901,-0.050378632834967026
0.3098169068089997,0.4222906208002301,-0.14822150559235456,-0.04044573697193346
0.3137347653420516,0.4340174996023676,-0.14436539678434507,-0.0282731632593277
0.3352829872738374,0.4496581609041697,-0.12445214418806995,-0.014105345049342199
0.3392008458068894,0.4692053703572084,-0.11830656987946962,0.0016516374971798067
0.3294061994742595,0.4897364511964843,-0.12831796236415852,0.01845956745119144
0.3352829872738374,0.5083070236117138,-0.12700297322240361,0.035693305843053066
0.3352829872738374,0.5259009589891341,-0.11799379088916412,0.05269504783451133
0.3294061994742595,0.5415416202909363,-0.12977849409931164,0.0688297416749996
0.3451082418762568,0.5562056445549294,-0.1258202312297981,0.08353418975345311
0.3451082418762568,0.566963120667686,-0.08924120234432176,0.09635404793172578
0.3490261004093087,0.5757600883563961,-0.1276350411767597,0.10696540746688142
0.2901970058739504,0.5826037819694881,-0.18314291488419776,0.11518034136177083
0.4706021480130775,0.5874869671585337,0.06968978155417654,0.12093824170501077
1.2117507926952666,0.590416878271961,0.6679444190641737,0.12428658839767392
1.503906727835743,0.590416878271961,1.1250957488768745,0.12535576912379798
1.503906727835743,0.5884636041963428,0.9989006751909283,0.12433270561715543
0.886262451754059,0.5865103301207246,0.4278013344985584,0.1214374399332803
0.3941120818091958,0.5826037819694881,-0.03411694957353306,0.1169056399547685
0.374522789143936,0.5786899994698235,-0.1159298788392917,0.11097838137580071
0.3843174354765659,0.5718463058567315,-0.06545529046222189,0.1038988339071919
0.3588207467419387,0.5650026122436396,-0.09010058006045482,0.09591397425788932
0.3549028882088867,0.5562056445549294,-0.11732585896875043,0.08727847305266803
0.3451082418762568,0.5483853139040282,-0.11137352166225152,0.07825760803794127
0.3392008458068894,0.539588346215318,-0.1138072420098997,0.06912643052071582
0.3549028882088867,0.5288381044509897,-0.1127508830240911,0.06016335392310265
0.3549028882088867,0.5190644997244704,-0.10102396067017398,0.05163769834175639
0.3646975345415166,0.5092836606495229,-0.09408317458860942,0.043792294757287006
0.374522789143936,0.5014633299986218,-0.08779268115249024,0.036823698662926105
0.3803995769435139,0.494626870733958,-0.07843708824560969,0.030863520072468023
0.3901942232761438,0.4887598141586752,-0.06882658320098703,0.025964591481526522
0.4039067281418257,0.4858226686968196,-0.05827119185997678,0.022095109771828214
0.4098141242111931,0.4838693946212014,-0.048452579936880735,0.019142618838637836
0.4254855583434009,0.4828927575833923,-0.03634790871895337,0.01692798949924528
0.4451054592784502,0.4819161205455832,-0.014016424910812928,0.01522773957246545
0.4803967943457073,0.4819161205455832,0.018822699904366892,0.013801491442555701
0.5196059879460164,0.4819161205455832,0.059151085244369066,0.01242039114355604
0.5646919693459035,0.4809394835077741,0.10507607997599086,0.010892087516517174
0.615685346815158,0.4789862094321558,0.15285022518035823,0.009078451663948307
0.6647197950178864,0.4740957898946821,0.20516285673656603,0.006903558804576101
0.7254772105499813,0.4692053703572084,0.26447472224551,0.004351355904132621
0.7764705880192357,0.4643221851681628,0.31412103043063366,0.001454501110012932
0.800008347487337,0.4604084026684982,0.3394061574436527,-0.0017224447225358311
0.8117619230864929,0.4574784915550708,0.3505738960851984,-0.00510143546833285
0.8156797816195448,0.4545485804416435,0.353588080356397,-0.008607100937597822
0.796090488954285,0.4525880720175971,0.33392577517649896,-0.012177849382620147
0.7450971114850305,0.4506347979419788,0.28477643930975066,-0.015770675504711874
0.6803912291500942,0.4477048868285516,0.2167727122874875,-0.019360047902054867
0.605890700482528,0.444767741366696,0.14434291838488594,-0.022932501403538
0.5392258888810657,0.4408611932154596,0.07777005298611289,-0.026479199352652225
0.4803967943457073,0.4359707736779858,0.016636558937840044,-0.029988701769486818
0.419608770543823,0.4320642255267494,-0.042012134624676026,-0.03344161270058587
0.374522789143936,0.4281504430270847,-0.08831760773994354,-0.03680794810207956
0.3490261004093087,0.4242438948758483,-0.11377221414862745,-0.040047254627459526
0.3352829872738374,0.4213067494139927,-0.12807907229480542,-0.04311093128479135
0.3196115531416296,0.4193534753383746,-0.14267881023931367,-0.045945940955018055
0.3098169068089997,0.4164235642249472,-0.15410647010754913,-0.048499113077864635
0.3098169068089997,0.4134864187630917,-0.15365100307834878,-0.050721426381265006
0.3196115531416296,0.4125097817252826,-0.14263919906587888,-0.05257190292903151
0.3352829872738374,0.4115331446874735,-0.13067236626265494,-0.054020976861197015
0.3392008458068894,0.4115331446874735,-0.12223280663318269,-0.055053409081648116
0.3490261004093087,0.4105565076496644,-0.11658009813369313,-0.0556709633970377
0.3490261004093087,0.4095798706118552,-0.11429573263860977,-0.05589505040618517
0.3549028882088867,0.4095798706118552,-0.1102330333744442,-0.055769328534686836
0.3646975345415166,0.4095798706118552,-0.09810938850599504,-0.05536189232421394
0.3803995769435139,0.4105565076496644,-0.08619341019011627,-0.05476633021763424
0.3803995769435139,0.4105565076496644,-0.08324100150985024,-0.054100730488423204
0.3803995769435139,0.4105565076496644,-0.08403443716350759,-0.053503700681928855
0.3803995769435139,0.4105565076496644,-0.08587909981310995,-0.05312663314586462
0.374522789143936,0.4105565076496644,-0.0903594081251056,-0.053121795312876495
0.3705743223410945,0.4105565076496644,-0.09345670389183791,-0.05362636390532319
0.3705743223410945,0.4095798706118552,-0.09712059237373441,-0.05474323739639643
0.3588207467419387,0.407626596536237,-0.10548992632672397,-0.05652025616144287
0.3549028882088867,0.4066499594984279,-0.1109019828081467,-0.0589301928641786
0.3549028882088867,0.4046894510743815,-0.11175819305117723,-0.061854414585517194
0.3490261004093087,0.4027361769987633,-0.11705542187470817,-0.06507335174814015
0.3451082418762568,0.400782902923145,-0.12056743752239346,-0.06826671686862586
0.3588207467419387,0.3978529918097178,-0.10832953188556076,-0.07102567793658973
0.3803995769435139,0.3949158463478622,-0.08637819701600087,-0.07287785743980307
0.3941120818091958,0.392962572272244,-0.07145360780165938,-0.07332419985994858
0.3999888696087737,0.3919859352344348,-0.06942444507803788,-0.07188471136028897
0.3843174354765659,0.3949158463478622,-0.07946974482879567,-0.06814824728391548
0.3705743223410945,0.400782902923145,-0.10003758313213951,-0.061820343953489364
0.3451082418762568,0.4095798706118552,-0.12065519119020106,-0.05276286197661919
0.3392008458068894,0.4222906208002301,-0.12734351159536705,-0.04101998900174568
0.3549028882088867,0.4359707736779858,-0.11612060366976264,-0.026826765466681973
0.3705743223410945,0.451611434979788,-0.0947591096530406,-0.010598440995649409
0.3803995769435139,0.4711658787812548,-0.0866062277975872,0.007098665856181111
0.3705743223410945,0.4916897252721025,-0.10220915880896377,0.025591785761712497
0.3549028882088867,0.5131974431491875,-0.11123147194449752,0.04415666789668631
0.3490261004093087,0.5327446526022261,-0.11324857616253024,0.06207620555831583
0.3490261004093087,0.5503385879796465,-0.13207720734957054,0.07869537764266642
0.3490261004093087,0.5640259752058304,-0.11672567237982122,0.09346573704276441
0.3588207467419387,0.5747834513185871,-0.08978094126952796,0.10597448257842228
0.3352829872738374,0.5826037819694881,-0.16889449770546933,0.11595586488981138
0.2901970058739504,0.5874869671585337,-0.16743425147730215,0.12328571663115503
0.6705965828174644,0.5914007496581983,0.25278466186544535,0.12796260357709638
1.503906727835743,0.5923773866960075,0.9083506926207939,0.13008092138336688
1.503906727835743,0.5914007496581983,1.2061136238669983,0.12980191622507445
1.503906727835743,0.5894402412341518,0.8673284230646436,0.12732806682081302
0.605890700482528,0.5865103301207246,0.24729886771744714,0.12288472453153032
0.419608770543823,0.5835804190072973,-0.0883262623012681,0.11671069807230612
0.4098141242111931,0.5777133624320144,-0.07512971120484074,0.10905703237755181
0.3941120818091958,0.5708696688189224,-0.05069376712558753,0.10019109929347537
0.3803995769435139,0.5620727011302122,-0.1015131853717006,0.09040180176264191
0.3588207467419387,0.5522990964036929,-0.11579813550038767,0.08000151342275424
0.3549028882088867,0.539588346215318,-0.10964706721548464,0.06932136314803843
0.3646975345415166,0.5268848303753715,-0.10889966812786019,0.05869838678969279
0.3803995769435139,0.5131974431491875,-0.09101664652672561,0.04845544925271306
0.3941120818091958,0.5014633299986218,-0.07920856759206361,0.038877084423334325
0.3843174354765659,0.4926663623099116,-0.08321655511066012,0.03018588280824399
0.3999888696087737,0.4858226686968196,-0.07563469128889588,0.022524328395994622
0.4098141242111931,0.4809394835077741,-0.060920836297601186,0.015945956540580584
0.4156909120107711,0.4780023380459186,-0.05552525829974389,0.010417688685019563
0.4254855583434009,0.4760490639703003,-0.047985457318786534,0.005832790706572293
0.4451054592784502,0.473119152856873,-0.027279624584152617,0.002031754057962782
0.4706021480130775,0.4701892417434457,-0.00035290205730184165,-0.0011729601038895183
0.4999860870109672,0.466275459243781,0.024350093743957538,-0.003972673775330951
0.5156881294129645,0.4633455481303537,0.0466153170636639,-0.006542395865472647
0.5509794644802216,0.459431765630689,0.07404651699293872,-0.009027146436937404
0.5843118702809528,0.4555252174794526,0.11464233880881305,-0.01153535442233212
0.6411820355497851,0.4525880720175971,0.16587607919370678,-0.014138537598217952
0.6901858754827241,0.4496581609041697,0.21691969378223067,-0.01687548758025707
0.7313846066193487,0.4477048868285516,0.25958533847080956,-0.01975879729467007
0.7666759416866058,0.4457443784045051,0.29043018620497674,-0.022781761991728544
0.7803884465522877,0.4428144672910778,0.3088810344281519,-0.025924278330001056
0.7901830928849176,0.4398845561776505,0.315165926341423,-0.0291570969404131
0.7803884465522877,0.4369474107157949,0.3064114121602041,-0.03244442162986002
0.7548917578176605,0.4340174996023676,0.28103270125385194,-0.03574527660100643
0.7156825642173513,0.4310875884889403,0.24126692273281916,-0.039014273256180204
0.6607713282150449,0.4271738059892756,0.1866064398686961,-0.04220243387405325
0.5960654458801087,0.4252205319136574,0.12049462298371592,-0.04525860537488837
0.5294006342786464,0.4222906208002301,0.05679113682680936,-0.048131764851963375
0.4803967943457073,0.4193534753383746,0.0032317854109101714,-0.05077422843803076
0.4294034168764529,0.4164235642249472,-0.04354097234896283,-0.053145461050060946
0.3941120818091958,0.4134864187630917,-0.0822405096337051,-0.05521588100049603
0.3646975345415166,0.4115331446874735,-0.10920913894261955,-0.05696983846752741
0.3490261004093087,0.4105565076496644,-0.1276200074227332,-0.05840693665408831
0.3352829872738374,0.4105565076496644,-0.1387157189962675,-0.05954113798484427
0.3352829872738374,0.4095798706118552,-0.14099795999946785,-0.06039762013073434
0.3352829872738374,0.4105565076496644,-0.14006846658562652,-0.06100796454053027
0.3352829872738374,0.4105565076496644,-0.14030468686677874,-0.06140477525167458
0.3392008458068894,0.4105565076496644,-0.1368707569634931,-0.061617081270395876
0.3451082418762568,0.4105565076496644,-0.13005355552752743,-0.061667792592229646
0.3490261004093087,0.4105565076496644,-0.12816637440550238,-0.06157406113928856
0.3451082418762568,0.4105565076496644,-0.1299224518974132,-0.0613507297929646
0.3490261004093087,0.4095798706118552,-0.12731423518592994,-0.06101628063799603
0.3549028882088867,0.4105565076496644,-0.12223904037095104,-0.0605999791122568
0.3549028882088867,0.4105565076496644,-0.12049521696711232,-0.06014840320274749
0.3549028882088867,0.4105565076496644,-0.12156516897252073,-0.05972935563592811
0.3549028882088867,0.4105565076496644,-0.12331541364488836,-0.05943132004830284
0.3490261004093087,0.4105565076496644,-0.12468910097169483,-0.059357114005005214
0.3549028882088867,0.4095798706118552,-0.12506709336711058,-0.059611168600329945
0.3490261004093087,0.4105565076496644,-0.12560134343601181,-0.06028087922938602
0.3490261004093087,0.4095798706118552,-0.12834620493234059,-0.06141364595047286
0.3451082418762568,0.4095798706118552,-0.1330726549081854,-0.06299241121164392
0.3392008458068894,0.4095798706118552,-0.13629706094142582,-0.06491349639201223
0.3392008458068894,0.4086032335740461,-0.1386464671648912,-0.06697109480418743
0.3352829872738374,0.407626596536237,-0.14253515022364055,-0.06885268281995509
0.3392008458068894,0.4066499594984279,-0.13762044822394137,-0.07014873066023015
0.3588207467419387,0.4066499594984279,-0.11749255838528623,-0.07037843441634613
0.3803995769435139,0.407626596536237,-0.09964987648014473,-0.06903091546658342
0.3803995769435139,0.4095798706118552,-0.0952224480970548,-0.06561872936637461
0.3803995769435139,0.4105565076496644,-0.09645536084120256,-0.059737948010250876
0.374522789143936,0.4154469271871381,-0.10649696317284668,-0.05112695013667538
0.3451082418762568,0.4252205319136574,-0.12885811743770753,-0.03971490096734303
0.3352829872738374,0.4389079191398414,-0.14470029418454428,-0.02565127018532572
0.3392008458068894,0.4584551285928799,-0.13845350828041583,-0.009309940301056155
0.3588207467419387,0.479962846469965,-0.11852049306110987,0.008734702063349718
0.3705743223410945,0.5034238384226682,-0.10779861271254772,0.027757564207063518
0.3588207467419387,0.5259009589891341,-0.11799781734557427,0.04695183752350666
0.3549028882088867,0.54643203982841,-0.12799419277746663,0.06550711886169015
0.3392008458068894,0.5650026122436396,-0.12997230362643353,0.0826851674239421
0.3392008458068894,0.5786899994698235,-0.14553439767037982,0.0978825424767803
0.3451082418762568,0.5884636041963428,-0.1403339946467059,0.11067204930199284
0.3490261004093087,0.5953072978094348,-0.10487743300170366,0.12081892232866769
0.3549028882088867,0.6011743543847177,-0.14792069582179035,0.12827212092167992
0.2941148644070023,0.604104265498145,-0.19005876029638477,0.13313507575017017
0.5254827757455944,0.605080902535954,0.10377310284532484,0.1356229745222786
1.3117786183672495,0.6060575395737632,0.7312658055601388,0.1360148666150788
1.503906727835743,0.6060575395737632,1.14685147852908,0.13460851610573263
1.503906727835743,0.604104265498145,0.9196768018403855,0.131684321926462
0.7254772105499813,0.6011743543847177,0.3074294672595922,0.12748221003451085
0.3999888696087737,0.597260571885053,-0.08621187340197173,0.1221927260261481
0.3901942232761438,0.5923773866960075,-0.1115364295574879,0.11596109996286556
0.3803995769435139,0.5855336930829155,-0.07562651184576547,0.1089011491757992
0.374522789143936,0.5786899994698235,-0.10980853609633598,0.10111471046136926
0.3549028882088867,0.5708696688189224,-0.12925846791498427,0.09271190885495426
0.3392008458068894,0.5620727011302122,-0.1341368308811824,0.08382792976158691
0.3352829872738374,0.5513224593658839,-0.14269051423541576,0.07463294524179884
0.3549028882088867,0.5415416202909363,-0.1273108987943865,0.06533328175213513
0.3705743223410945,0.531768015564417,-0.10504386291407039,0.05616356456119242
0.3803995769435139,0.5219944108378977,-0.09930355239455452,0.04737113574689655
0.3843174354765659,0.5141740801869966,-0.0931569791004189,0.039195252299734105
0.3999888696087737,0.5063537495360956,-0.0804241452378328,0.031844280354796
0.4039067281418257,0.5004866929608127,-0.07178856382152454,0.025474288971672525
0.419608770543823,0.4936429993477207,-0.06170511525849172,0.02017217495363537
0.4352802046760309,0.4897364511964843,-0.040635067288799495,0.01594581377941723
0.46469475194371,0.4868065400830569,-0.01521870345406719,0.01272280574659339
0.4843146528787593,0.4858226686968196,0.0062055428600907535,0.010358220953668021
0.5058934830803345,0.4858226686968196,0.028616945288071308,0.008650436168433395
0.5392258888810657,0.4848460316590105,0.059385729581911656,0.007362905836525047
0.5745172239483228,0.4848460316590105,0.09770696982335102,0.0062487975892456344
0.6196032053482099,0.4838693946212014,0.1406707348344647,0.0050750790038789455
0.6647197950178864,0.4809394835077741,0.18671375897816866,0.0036429439268488525
0.7098057764177734,0.4789862094321558,0.23224313324594736,0.0018023210648545915
0.7509738992846084,0.4750724269324912,0.2719888854319738,-0.0005406080387420671
0.7764705880192357,0.4721425158190639,0.29984520499476225,-0.003422732626043006
0.7901830928849176,0.4682287333193992,0.3112421364491401,-0.00682904342735753
0.7862652343518657,0.4643221851681628,0.30855022531706744,-0.010701656107394361
0.7705938002196577,0.4604084026684982,0.29415993949775554,-0.014950975104056793
0.7411792529519786,0.4574784915550708,0.26156396010031113,-0.019467378753827015
0.6862680169496722,0.4535647090554062,0.21004985429243866,-0.02413226823249681
0.6293978516808398,0.4486815238663607,0.15189511188998606,-0.028827820076188285
0.5705993654152709,0.4428144672910778,0.09267294706975246,-0.0334451211207263
0.5098113416133866,0.437924047753604,0.0321956634777589,-0.03789045330321811
0.4549001056110801,0.4330408625645585,-0.020492478291840182,-0.04208941938529607
0.419608770543823,0.4291270800648938,-0.05997782965608812,-0.04598856612529376
0.3843174354765659,0.4271738059892756,-0.0908750499454251,-0.04955434181865124
0.3646975345415166,0.4242438948758483,-0.11257058887668803,-0.05276964215865881
0.3549028882088867,0.4222906208002301,-0.12262731240132406,-0.05562871259322906
0.3490261004093087,0.4193534753383746,-0.1264774664271523,-0.05813156707007856
0.3490261004093087,0.4164235642249472,-0.12846834491887488,-0.060279179312246065
0.3490261004093087,0.414470290149329,-0.12696562942659062,-0.06207047640526423
0.3549028882088867,0.4134864187630917,-0.12109164690538304,-0.06350173474830158
0.3646975345415166,0.4125097817252826,-0.11255478659038629,-0.06456851477218983
0.3705743223410945,0.4115331446874735,-0.10373276611653541,-0.0652698778073634
0.3803995769435139,0.4115331446874735,-0.09734849312823068,-0.06561430926755848
0.3803995769435139,0.4115331446874735,-0.0939559452714915,-0.06562648948046992
0.3843174354765659,0.4115331446874735,-0.09188390886691282,-0.06535379548992026
0.3843174354765659,0.4115331446874735,-0.09108224567878989,-0.06487120289195869
0.3843174354765659,0.4105565076496644,-0.0910879035376219,-0.06428312187389834
0.3843174354765659,0.4105565076496644,-0.09034193911116976,-0.063720713063892
0.3843174354765659,0.4105565076496644,-0.09112939228725875,-0.06333349430819901
0.3803995769435139,0.4105565076496644,-0.09483098270769577,-0.06327467385395434
0.374522789143936,0.4115331446874735,-0.09841340861444707,-0.06368064845924162
0.374522789143936,0.4115331446874735,-0.10240670041825994,-0.0646463660736754
0.3646975345415166,0.4115331446874735,-0.10766465974169148,-0.06619952285986092
0.3646975345415166,0.4105565076496644,-0.11003197476135751,-0.06827753164851204
0.3646975345415166,0.4086032335740461,-0.10986591972911124,-0.07071157834661161
0.3646975345415166,0.4066499594984279,-0.10792301948040993,-0.07322170005344743
0.3803995769435139,0.4037128140365724,-0.09445699128764806,-0.07542565724120306
0.4039067281418257,0.400782902923145,-0.06821218405290155,-0.07686257392591363
0.4254855583434009,0.3988296288475269,-0.04841152522895002,-0.07703015825211214
0.4294034168764529,0.3998062658853359,-0.044281325813369854,-0.07543216206308385
0.4254855583434009,0.4037128140365724,-0.04540103927871238,-0.07163098996184963
0.419608770543823,0.4095798706118552,-0.05439342120268281,-0.06529932897889297
0.3941120818091958,0.4164235642249472,-0.07907072577312665,-0.0562644434446012
0.3705743223410945,0.4261971689514665,-0.09893752973084592,-0.04453930551326018
0.3803995769435139,0.4398845561776505,-0.09376124593726269,-0.030335940920655995
0.3941120818091958,0.4584551285928799,-0.07790745740577966,-0.014058272663128953
0.3941120818091958,0.4789862094321558,-0.07518337548174304,0.003725689284145327
0.3843174354765659,0.4995100559230035,-0.08779638921561456,0.022329525056116115
0.3803995769435139,0.5200411367622795,-0.09530167999641592,0.04100643422224316
0.3646975345415166,0.538611709177509,-0.09603545638718668,0.059012240067186854
0.3646975345415166,0.5552290075171202,-0.11401574041601006,0.07566541540167496
0.3588207467419387,0.5689163947433042,-0.11689578697620955,0.09039694487967519
0.3646975345415166,0.5806432735454417,-0.08429528329247318,0.10278470354555536
0.374522789143936,0.5894402412341518,-0.11570953702262199,0.11256956941489843
0.3196115531416296,0.5953072978094348,-0.15786329159959503,0.11965323241604268
0.5196059879460164,0.5962839348472438,0.10117311286505389,0.12408020123616798
1.2470727360323133,0.597260571885053,0.693153342363373,0.12600851196670493
1.503906727835743,0.5962839348472438,1.1270692337243708,0.12567482392670254
1.503906727835743,0.5943306607716257,0.9650098649242344,0.12335973179238875
0.8255050362219641,0.5923773866960075,0.3858403234663488,0.11935819781967062
0.4156909120107711,0.5884636041963428,-0.04251507684754006,0.11395826049881588
0.3901942232761438,0.5826037819694881,-0.10224710402388397,0.10742907557870075
0.3941120818091958,0.5757600883563961,-0.05989145626647697,0.10001741137983379
0.374522789143936,0.5679397577054951,-0.08889558713272507,0.09195034010069222
0.3646975345415166,0.5591427900167849,-0.11453321909247172,0.0834411949828863
0.3451082418762568,0.5503385879796465,-0.11255154672688322,0.07469584816104093
0.3549028882088867,0.5415416202909363,-0.11538619188707955,0.06591685026070497
0.3549028882088867,0.5327446526022261,-0.11031096988898842,0.057303785880222606
0.3705743223410945,0.523947684913516,-0.0970672509653971,0.04904918685826606
0.374522789143936,0.5141740801869966,-0.08967458296137229,0.04133038392048906
0.3843174354765659,0.5063537495360956,-0.0814928846485222,0.034298639272791566
0.3941120818091958,0.4995100559230035,-0.07269609361386598,0.028067617359423005
0.3941120818091958,0.4936429993477207,-0.06921143467053849,0.02270352924750192
0.4039067281418257,0.4897364511964843,-0.061111396526596216,0.018219017141467
0.4254855583434009,0.487783177120866,-0.04082403743460446,0.014572075512735068
0.4451054592784502,0.4868065400830569,-0.016136435257776884,0.011670235251581082
0.4706021480130775,0.4848460316590105,0.0038673180087269578,0.009379175355272383
0.4843146528787593,0.4819161205455832,0.02210197868948853,0.007534210765053557
0.5156881294129645,0.4789862094321558,0.051976662075896594,0.005952960811339522
0.5607741108128516,0.4760490639703003,0.0975675722089889,0.004447899097492546
0.60980855901558,0.4740957898946821,0.14666372871131905,0.002838134460766737
0.654894540415467,0.4721425158190639,0.1925515800691487,0.0009603067202569082
0.7000111300851435,0.4701892417434457,0.23798440110617106,-0.0013213353304503943
0.7411792529519786,0.4682287333193992,0.2781864597932482,-0.004105786270982244
0.7666759416866058,0.4652988222059719,0.30555429686355395,-0.007447564409087492
0.7803884465522877,0.4613850397063073,0.319261269196969,-0.011351287806259373
0.7803884465522877,0.4574784915550708,0.31738716338484163,-0.01576958451974656
0.7548917578176605,0.4525880720175971,0.2964256383471996,-0.020605254705666515
0.7215593520169293,0.4467282497907424,0.2581894474897293,-0.025718193297798828
0.6647197950178864,0.4408611932154596,0.2063837141251389,-0.030936956272817312
0.605890700482528,0.4349941366401767,0.14447882543277968,-0.03607412886689214
0.5392258888810657,0.4301109514511312,0.07906034737141017,-0.0409439850591161
0.4745200065461294,0.4252205319136574,0.016862572117978876,-0.045380465772221726
0.4254855583434009,0.4213067494139927,-0.037714380779320336,-0.04925333557427499
0.374522789143936,0.4174002012627563,-0.07996346038765498,-0.0524805045731798
0.3549028882088867,0.414470290149329,-0.10824476674647018,-0.05503487468563091
0.3294061994742595,0.4115331446874735,-0.12670928209821336,-0.056944641407327024
0.3196115531416296,0.4105565076496644,-0.1391435529747085,-0.05828673295339781
0.3137347653420516,0.4115331446874735,-0.14586580751372966,-0.05917398238466412
0.3098169068089997,0.4115331446874735,-0.14587300044183468,-0.0597376343003626
0.3196115531416296,0.4115331446874735,-0.13997395102473897,-0.06010770398767579
0.3235294116746816,0.4115331446874735,-0.13288406288254856,-0.06039427624994772
0.3294061994742595,0.4115331446874735,-0.12777421905530678,-0.06067285875997911
0.3352829872738374,0.4115331446874735,-0.12243001296142846,-0.06097636165135622
0.3392008458068894,0.4105565076496644,-0.11634741518892111,-0.061295264250518254
0.3451082418762568,0.4095798706118552,-0.11221453124711384,-0.06158619930045748
0.3490261004093087,0.4086032335740461,-0.10753349601961765,-0.061787701551021104
0.3549028882088867,0.4056660881121906,-0.09917930008851698,-0.06184043776388013
0.3646975345415166,0.4046894510743815,-0.09399378031914712,-0.06170810788470769
0.3549028882088867,0.4037128140365724,-0.09831426428613296,-0.061394647030237406
0.3490261004093087,0.4037128140365724,-0.10667343907616954,-0.06095359028280456
0.3451082418762568,0.4056660881121906,-0.11213350695201839,-0.06048657931842156
0.3352829872738374,0.407626596536237,-0.11589484501523195,-0.06012986540632991
0.3352829872738374,0.4086032335740461,-0.12308280984253205,-0.06002994723809089
0.3196115531416296,0.4095798706118552,-0.133111192762232,-0.06031169059565332
0.3137347653420516,0.4095798706118552,-0.1398592181053936,-0.06104394667031376
0.3137347653420516,0.4086032335740461,-0.14263836970504584,-0.0622085167233273
0.3098169068089997,0.4086032335740461,-0.14214333749269467,-0.06367820845393267
0.3196115531416296,0.407626596536237,-0.13469972903524932,-0.06520874783555292
0.3294061994742595,0.4056660881121906,-0.12442354114152988,-0.066447571219525
0.3352829872738374,0.4037128140365724,-0.11836749466756344,-0.06696018203903661
0.3352829872738374,0.4017595399609542,-0.11658401659929163,-0.06627204587010448
0.3294061994742595,0.400782902923145,-0.12474077973442774,-0.06392129219599482
0.3098169068089997,0.4037128140365724,-0.14382262243837138,-0.059515299911357046
0.2941148644070023,0.4095798706118552,-0.15606835492575014,-0.05278308289164825
0.2999916522065803,0.4183768383005654,-0.15417882806834757,-0.043615603788483406
0.3098169068089997,0.4291270800648938,-0.14435794837134755,-0.03208775959686993
0.3196115531416296,0.444767741366696,-0.12829504623799837,-0.0184585269791207
0.3294061994742595,0.4643221851681628,-0.12498576041745305,-0.0031491735745950242
0.3137347653420516,0.4848460316590105,-0.14132652871897475,0.013297018939343645
0.3039095107396323,0.5024472013848591,-0.1428388016268353,0.03026707625302916
0.3098169068089997,0.5180806283382331,-0.13996987379855988,0.04713449391627699
0.3098169068089997,0.5347051610262725,-0.15378831115216482,0.06331095791874279
0.3137347653420516,0.5483853139040282,-0.12821570909873073,0.07828686035297253
0.3235294116746816,0.560119427054594,-0.11321023209932189,0.09165643841851272
0.2941148644070023,0.5698930317811133,-0.2017421423646972,0.10312638105696276
0.2686181756723751,0.5767367253942053,-0.1320170628963113,0.11250964731028597
0.8568479044863799,0.5816199105832508,0.3875725043398888,0.11970859245600905
1.503906727835743,0.5855336930829155,1.0177650750498606,0.12469294214040383
1.503906727835743,0.5894402412341518,1.1340817355570438,0.12747844189197372
1.1921615000300068,0.590416878271961,0.6438020043428113,0.12811109126245726
0.4352802046760309,0.590416878271961,0.06293133203641149,0.12665997290459577
0.3352829872738374,0.5884636041963428,-0.15045809607184665,0.12321926857380582
0.3549028882088867,0.5855336930829155,-0.09966455439936725,0.11791765813996867
0.3451082418762568,0.5796666365076326,-0.08722855509596605,0.11093139571058744
0.3352829872738374,0.5728229428945406,-0.12455753125881351,0.10249629706468531
0.3294061994742595,0.5630493381680214,-0.12472820479986606,0.09291386579186986
0.3235294116746816,0.5513224593658839,-0.11818357009336303,0.08254786556553385
0.3352829872738374,0.5376350721396999,-0.11969865840452475,0.07180962702048832
0.3392008458068894,0.523947684913516,-0.1114501793078953,0.0611328478143731
0.3451082418762568,0.5122208061113784,-0.1030999639591081,0.050941018164338055
0.3549028882088867,0.5034238384226682,-0.0950647174791516,0.04161226876891509
0.3705743223410945,0.4965801448095762,-0.08222086768643484,0.033446980888397676
0.374522789143936,0.4897364511964843,-0.07215856935926923,0.026642892204212527
0.3901942232761438,0.4838693946212014,-0.0622181457243141,0.021281019222328473
0.4039067281418257,0.4809394835077741,-0.04526890182767436,0.017323972261687623
0.4254855583434009,0.4789862094321558,-0.02458204915983332,0.014626511077052722
0.4490233178115022,0.4780023380459186,-0.0011828298637412363,0.012956646057561024
0.4803967943457073,0.4780023380459186,0.03018230907006896,0.012024342998791213
0.5196059879460164,0.4770257010081094,0.07009466692451823,0.011514074954042844
0.5646919693459035,0.4770257010081094,0.11375938780120609,0.011117193850508068
0.60980855901558,0.4770257010081094,0.1604428035555948,0.010560379468281237
0.6647197950178864,0.4760490639703003,0.21409726635172383,0.009627178929033201
0.7215593520169293,0.473119152856873,0.27152574359441595,0.008170754203875032
0.7705938002196577,0.4692053703572084,0.32059570335661747,0.006117280062303241
0.8058851352869149,0.466275459243781,0.3548229112043231,0.003460800841873293
0.8255050362219641,0.4633455481303537,0.3764481491060898,0.000251501324897833
0.8352996825545941,0.4584551285928799,0.38381567858316334,-0.003419970744437592
0.8215565694191228,0.4555252174794526,0.3712734672231256,-0.007439364090275357
0.7862652343518657,0.451611434979788,0.3368066693821151,-0.011684436011196243
0.7313846066193487,0.4467282497907424,0.2791798441932946,-0.016037525385131316
0.6509766818824151,0.4428144672910778,0.20169406341352938,-0.020394066806999022
0.5705993654152709,0.4389079191398414,0.11909129760385537,-0.024666797897867437
0.4941092992113892,0.4349941366401767,0.04388948413573107,-0.02878610034262062
0.4294034168764529,0.4320642255267494,-0.0222516679165799,-0.03269747290463122
0.374522789143936,0.4291270800648938,-0.07573626293740825,-0.03635750482897637
0.3392008458068894,0.4252205319136574,-0.11217102231524638,-0.039729825077386205
0.3137347653420516,0.4222906208002301,-0.1375859332679821,-0.042782288460313934
0.2941148644070023,0.4183768383005654,-0.15716677139221513,-0.04548613442892169
0.2843202180743724,0.4134864187630917,-0.16672851383389664,-0.047817133216169476
0.2843202180743724,0.4115331446874735,-0.16756610537400585,-0.04975803069728972
0.2843202180743724,0.4105565076496644,-0.16755455694736737,-0.051301175778069724
0.2843202180743724,0.4105565076496644,-0.166680357429854,-0.052450255833481015
0.2901970058739504,0.4105565076496644,-0.16242287142279443,-0.05322056992356099
0.2941148644070023,0.4115331446874735,-0.15776629159838662,-0.053637995388552996
0.2999916522065803,0.4115331446874735,-0.15202288652540027,-0.05373741408457718
0.3098169068089997,0.4115331446874735,-0.14241285837343287,-0.05356160755784668
0.3196115531416296,0.4115331446874735,-0.13345264360265838,-0.05316142232907611
0.3235294116746816,0.4115331446874735,-0.12842385707990542,-0.05259742709336673
0.3294061994742595,0.4115331446874735,-0.12352792264032575,-0.051942525065606523
0.3352829872738374,0.4105565076496644,-0.11831051535843534,-0.051284272995116044
0.3352829872738374,0.4105565076496644,-0.11644294167231761,-0.05072519203189297
0.3392008458068894,0.4105565076496644,-0.11591024629381019,-0.0503792883871889
0.3392008458068894,0.4105565076496644,-0.11237572985760307,-0.05036342946787369
0.3451082418762568,0.4115331446874735,-0.10986087164239823,-0.05078313786298185
0.3392008458068894,0.4115331446874735,-0.11399936013088538,-0.05171362686080589
0.3352829872738374,0.4115331446874735,-0.11889688134952228,-0.05317824277715793
0.3352829872738374,0.4105565076496644,-0.11858324828167387,-0.05512758425871871
0.3352829872738374,0.4086032335740461,-0.11926533477785636,-0.05742315466766446
0.3352829872738374,0.4066499594984279,-0.11986294794401792,-0.05982930236516508
0.3451082418762568,0.4037128140365724,-0.10831720878950879,-0.062016400908947444
0.3646975345415166,0.4017595399609542,-0.0907418899193033,-0.06357684743308689
0.374522789143936,0.400782902923145,-0.08248627227206869,-0.06405374572981032
0.3705743223410945,0.4027361769987633,-0.08104824813714412,-0.06298036530696376
0.3705743223410945,0.4056660881121906,-0.08780800198560404,-0.05992686912523312
0.3451082418762568,0.4095798706118552,-0.11106225123609734,-0.054549522163042534
0.3196115531416296,0.4134864187630917,-0.13336378264084983,-0.04663668994826993
0.3235294116746816,0.4222906208002301,-0.13499044769073448,-0.036145513464959846
0.3352829872738374,0.4349941366401767,-0.1218921200048041,-0.0232234570028606
0.3490261004093087,0.4506347979419788,-0.1050901896816223,-0.008210275173906774
0.3549028882088867,0.4701892417434457,-0.10184776750039096,0.008381580846310603
0.3451082418762568,0.4907130882342934,-0.1170140358667634,0.02590682929617846
0.3294061994742595,0.5122208061113784,-0.12221741892335773,0.04364281925865589
0.3294061994742595,0.5307913785266078,-0.1257411274755619,0.060853189796439965
0.3294061994742595,0.5474086768662192,-0.14101781731333937,0.0768509339630182
0.3352829872738374,0.5610960640924031,-0.11294203333728176,0.09105234351767297
0.3490261004093087,0.5718463058567315,-0.09540394132242204,0.10301515893565251
0.3137347653420516,0.5786899994698235,-0.18644347579829068,0.11245722508014629
0.2843202180743724,0.5826037819694881,-0.13006747203702135,0.11925540118564963
0.8411764703541721,0.5855336930829155,0.37279778465196955,0.123427703946383
1.503906727835743,0.5855336930829155,0.999955392083087,0.12510406497720558
1.503906727835743,0.5845570560451063,1.1333737301961035,0.12449224189039738
1.231370693630316,0.5826037819694881,0.6692930615132833,0.12184520373764962
0.4843146528787593,0.5806432735454417,0.10442652812617553,0.11743487559504363
0.3843174354765659,0.5777133624320144,-0.11096623820800185,0.1115348618200141
0.3941120818091958,0.5728229428945406,-0.07083472270718696,0.10441222564004958
0.374522789143936,0.5659792492814486,-0.06734372771536545,0.0963262103721502
0.3646975345415166,0.5581589186305476,-0.10739904323208027,0.08753047824322849
0.3549028882088867,0.54643203982841,-0.10645950732684403,0.07827527819532021
0.3549028882088867,0.5347051610262725,-0.1028054625974065,0.06880684280091648
0.3549028882088867,0.523947684913516,-0.10735571179175385,0.05936285083659604
0.3705743223410945,0.5151507172248058,-0.09337941784711257,0.05016439035464949
0.3803995769435139,0.5063537495360956,-0.08051939823501171,0.04140598051566013
0.3843174354765659,0.4995100559230035,-0.07687223597535782,0.0332456092892218
0.3999888696087737,0.4926663623099116,-0.06501353329069699,0.025796517888051054
0.4098141242111931,0.4868065400830569,-0.05122420589006602,0.019121908721821745
0.419608770543823,0.479962846469965,-0.04443554557502822,0.013233168294593521
0.4294034168764529,0.4750724269324912,-0.033642206393660785,0.008091758885701758
0.4490233178115022,0.4701892417434457,-0.014567979065640276,0.0036146692000623678
0.4706021480130775,0.466275459243781,0.006267153232311255,-0.00031686710061947486
0.4941092992113892,0.4633455481303537,0.030471316304340995,-0.0038458894283238416
0.5254827757455944,0.4604084026684982,0.06120491514799277,-0.007126264846326107
0.5607741108128516,0.4584551285928799,0.09532950071987449,-0.01030841947981596
0.6000139126829501,0.4555252174794526,0.13577586780621353,-0.013525672387725467
0.6509766818824151,0.4525880720175971,0.18653671413025172,-0.016882707661298027
0.7058879178847215,0.4486815238663607,0.23830756329194436,-0.020447565334522418
0.7450971114850305,0.444767741366696,0.2822320282120448,-0.02424809892419092
0.7862652343518657,0.4408611932154596,0.3182861512557139,-0.028273217740245996
0.8058851352869149,0.4369474107157949,0.34105944930570764,-0.03247854215653612
0.8117619230864929,0.4320642255267494,0.34430121773761246,-0.03679547527670789
0.796090488954285,0.4271738059892756,0.3311482441793569,-0.041142208625556356
0.7705938002196577,0.4222906208002301,0.30161866727811176,-0.045434876163675496
0.7156825642173513,0.4174002012627563,0.25092154811425826,-0.049597010534005066
0.654894540415467,0.4134864187630917,0.1853391656376606,-0.053565719633683014
0.5843118702809528,0.4115331446874735,0.11911962088964058,-0.0572936412035339
0.5294006342786464,0.4105565076496644,0.05921512982929962,-0.060746698239932305
0.4706021480130775,0.4086032335740461,0.004836733257458915,-0.06389876520921207
0.4254855583434009,0.4066499594984279,-0.04424836419388467,-0.06672522355103577
0.3843174354765659,0.4037128140365724,-0.08371893065986705,-0.06919769290064864
0.3588207467419387,0.400782902923145,-0.10932995535379098,-0.07128181961630253
0.3451082418762568,0.3978529918097178,-0.12438214961295521,-0.07293901335509544
0.3352829872738374,0.3949158463478622,-0.1342062824969179,-0.07413178097898673
0.3294061994742595,0.392962572272244,-0.13831605481290593,-0.0748312162085636
0.3352829872738374,0.3939392093100531,-0.1362077070544967,-0.07502460757793833
0.3392008458068894,0.3958924833856713,-0.12999212245778358,-0.07472121914163138
0.3451082418762568,0.3988296288475269,-0.12290595173216452,-0.07395503342780517
0.3549028882088867,0.400782902923145,-0.1194792586671036,-0.07278431762065796
0.3490261004093087,0.4037128140365724,-0.11686600045732799,-0.07128883231103642
0.3646975345415166,0.4046894510743815,-0.10863196099187092,-0.06956597555033665
0.3705743223410945,0.4056660881121906,-0.10021424372595869,-0.06772700971610321
0.3705743223410945,0.4066499594984279,-0.0985043631000555,-0.0658938745883973
0.374522789143936,0.407626596536237,-0.0991598637208231,-0.06419623805344425
0.3705743223410945,0.4086032335740461,-0.09902590243745357,-0.06276771563807092
0.3705743223410945,0.4095798706118552,-0.10168648906690597,-0.0617398623360241
0.3646975345415166,0.4105565076496644,-0.10754227278652287,-0.06123271165106191
0.3588207467419387,0.4105565076496644,-0.11213944722263525,-0.061341265106669984
0.3588207467419387,0.4095798706118552,-0.11434437543967851,-0.0621182793070033
0.3549028882088867,0.4095798706118552,-0.11681635253908781,-0.06355477830131641
0.3549028882088867,0.4086032335740461,-0.11803958627593446,-0.0655607701948845
0.3549028882088867,0.4086032335740461,-0.1176313960266265,-0.06794951422791672
0.3490261004093087,0.407626596536237,-0.12314395649074768,-0.07042918301416397
0.3451082418762568,0.4066499594984279,-0.130408242200201,-0.07260567279906384
0.3490261004093087,0.4066499594984279,-0.12036253457199135,-0.07399944611270709
0.3803995769435139,0.4056660881121906,-0.09637522289796745,-0.07407759122249076
0.3901942232761438,0.4046894510743815,-0.08199252461003545,-0.07229988368038116
0.3941120818091958,0.4066499594984279,-0.07950168964343102,-0.0681748727698991
0.3901942232761438,0.4095798706118552,-0.08317420862189766,-0.06131942063255291
0.374522789143936,0.4174002012627563,-0.10163751647706644,-0.051513340200488505
0.3451082418762568,0.4291270800648938,-0.12658431801207248,-0.0387403920959413
0.3392008458068894,0.4457443784045051,-0.135881730513294,-0.023208231723565616
0.3451082418762568,0.4682287333193992,-0.13030612337527234,-0.0053428770107984995
0.3549028882088867,0.4936429993477207,-0.1194906886663083,0.014242610578941405
0.3588207467419387,0.5161273542626148,-0.11322818936976894,0.03480116543371316
0.3549028882088867,0.5356817980640817,-0.12351007277380156,0.05551885128048974
0.3451082418762568,0.5562056445549294,-0.13136241116877134,0.0755865535612034
0.3352829872738374,0.5757600883563961,-0.13018100061866628,0.09426666482596295
0.3352829872738374,0.5943306607716257,-0.14994132999228105,0.11094666622355628
0.3352829872738374,0.6080180479978096,-0.14634523793467524,0.12517391096650246
0.3392008458068894,0.6168150156865198,-0.10625032647215303,0.13666887064712666
0.3490261004093087,0.6226748379133744,-0.15969647935671608,0.14531737565788033
0.2901970058739504,0.6256119833752299,-0.19155802585305745,0.1511456034393345
0.5745172239483228,0.6265886204130391,0.17557382659613238,0.15428415513403618
1.468615392768486,0.6275652574508482,0.8501308369752035,0.1549288993262961
1.503906727835743,0.6275652574508482,1.19948747877025,0.15330600275701045
1.503906727835743,0.6265886204130391,0.8751152902009588,0.1496467929584324
0.6254799931477878,0.6226748379133744,0.2450338606583397,0.14417529924947858
0.3999888696087737,0.6168150156865198,-0.10478925723866951,0.13710822660006014
0.3901942232761438,0.6109479591112369,-0.10139604715037892,0.12866443251163517
0.3803995769435139,0.6031276284603359,-0.0732892334397042,0.1190791648695212
0.3646975345415166,0.5933540237338165,-0.12069864835404155,0.10861758617203719
0.3392008458068894,0.5816199105832508,-0.1402002945758412,0.0975825019691979
0.3352829872738374,0.5689163947433042,-0.137803118366345,0.08631264130063988
0.3352829872738374,0.5562056445549294,-0.13981241686974238,0.07517002314733161
0.3549028882088867,0.5444787657527919,-0.1258518129946264,0.06451740825061308
0.3646975345415166,0.5337212896400352,-0.1099043986594954,0.054689040394023926
0.374522789143936,0.523947684913516,-0.10163313975626156,0.04595939809885965
0.3901942232761438,0.5151507172248058,-0.0877342153330134,0.03851528293249235
0.3999888696087737,0.5092836606495229,-0.0770598226288606,0.03243621964836508
0.4039067281418257,0.5063537495360956,-0.07248126800801034,0.027686904105263265
0.419608770543823,0.5044004754604773,-0.05617815688674303,0.024123479496180288
0.4490233178115022,0.5034238384226682,-0.031250932476029177,0.021513075112472812
0.4607768934106581,0.5034238384226682,-0.01231320004064145,0.01956377027008758
0.4843146528787593,0.5034238384226682,0.004830232132464409,0.01796042137407423
0.5058934830803345,0.5024472013848591,0.02921030384292918,0.016400943942756308
0.5392258888810657,0.5004866929608127,0.06322441048692976,0.014627810624711425
0.5843118702809528,0.4965801448095762,0.10620733887909803,0.012450656064297568
0.6293978516808398,0.4916897252721025,0.1528090123384438,0.009757720621790191
0.6764733706170423,0.4868065400830569,0.1993086493314756,0.006515990574857544
0.7215593520169293,0.4828927575833923,0.24502170623368344,0.00276178733149315
0.7607991538870279,0.479962846469965,0.2828026118709186,-0.0014152175175608202
0.7803884465522877,0.4760490639703003,0.30426136220546673,-0.005891221889829095
0.7862652343518657,0.4721425158190639,0.30940696800174605,-0.010527781134901278
0.7803884465522877,0.4682287333193992,0.30181080255237946,-0.015189370389205504
0.7548917578176605,0.4643221851681628,0.28079427595696177,-0.01975765939173532
0.7215593520169293,0.4604084026684982,0.241701997639846,-0.024141816235417286
0.6607713282150449,0.4545485804416435,0.18571065406320178,-0.028284599064824154
0.6000139126829501,0.4506347979419788,0.12309671737339622,-0.03216421273394749
0.5392258888810657,0.4467282497907424,0.061444661738283696,-0.03579200330771234
0.4803967943457073,0.4437911043288869,0.004564020205260429,-0.03920620261927513
0.4352802046760309,0.4408611932154596,-0.0415397469792583,-0.04246224281411928
0.3999888696087737,0.437924047753604,-0.07690427341169045,-0.04562062822564275
0.3705743223410945,0.4359707736779858,-0.10609581199524211,-0.0487338561172415
0.3490261004093087,0.4340174996023676,-0.12686522884031898,-0.051834268954563056
0.3392008458068894,0.4320642255267494,-0.13762370078141078,-0.05492486913393685
0.3352829872738374,0.4281504430270847,-0.14177276944790632,-0.05797491996391531
0.3352829872738374,0.4242438948758483,-0.1392864900928502,-0.06092152456543861
0.3451082418762568,0.4203301123761837,-0.13294193711094635,-0.06367737148199314
0.3451082418762568,0.4174002012627563,-0.12992333569369235,-0.06614368814535605
0.3490261004093087,0.4154469271871381,-0.1275534495981628,-0.06822646981752407
0.3549028882088867,0.414470290149329,-0.12022563089711746,-0.0698535000759449
0.3646975345415166,0.4134864187630917,-0.11281775381727237,-0.07098961259064542
0.3646975345415166,0.4125097817252826,-0.109096142832792,-0.07164795540667761
0.3705743223410945,0.4125097817252826,-0.10641575538979259,-0.07189553784244879
0.3705743223410945,0.4125097817252826,-0.10488987737009893,-0.07185194356385967
0.3705743223410945,0.4125097817252826,-0.10404902517316347,-0.07168073891576003
0.374522789143936,0.4125097817252826,-0.10199580582070954,-0.07157378793300813
0.3705743223410945,0.4115331446874735,-0.10347991589859942,-0.07172939384388438
0.3646975345415166,0.4115331446874735,-0.1116337562330439,-0.0723259064095761
0.3549028882088867,0.4115331446874735,-0.11900423183823834,-0.07349315296536955
0.3549028882088867,0.4115331446874735,-0.12052597890795168,-0.07528472427260001
0.3549028882088867,0.4095798706118552,-0.12000547012323892,-0.07765464209763916
0.3549028882088867,0.4066499594984279,-0.11937566113920292,-0.08044204056189257
0.3549028882088867,0.4037128140365724,-0.11925900032667992,-0.08336702778797733
0.3549028882088867,0.400782902923145,-0.1206105693697843,-0.08603984535298854
0.3588207467419387,0.3988296288475269,-0.11425888265541437,-0.08798398068862602
0.3803995769435139,0.3988296288475269,-0.09379662935763465,-0.0886722546367615
0.3999888696087737,0.3998062658853359,-0.07449175733027862,-0.08757330048364584
0.4039067281418257,0.4017595399609542,-0.07013056959226181,-0.08420438688486369
0.3941120818091958,0.4056660881121906,-0.07739759986344591,-0.07818529439943088
0.3803995769435139,0.4115331446874735,-0.09614668367918792,-0.06928707202112706
0.3490261004093087,0.4222906208002301,-0.12234986943141075,-0.05746923457235711
0.3392008458068894,0.4369474107157949,-0.13342574764798174,-0.04289962947274703
0.3588207467419387,0.4555252174794526,-0.11637857647116144,-0.02595298931328016
0.3843174354765659,0.4770257010081094,-0.08673601958220355,-0.007186969833635516
0.3999888696087737,0.4985334188851945,-0.07253740223766662,0.012702225857590371
0.3901942232761438,0.5200411367622795,-0.08306567583482005,0.032939399494951935
0.3843174354765659,0.5415416202909363,-0.09016352770716099,0.05273751907231295
0.3803995769435139,0.5620727011302122,-0.08514816702986407,0.07136380269271128
0.3803995769435139,0.5806432735454417,-0.09639882678597786,0.08819625988315904
0.3901942232761438,0.5933540237338165,-0.09016058004280653,0.10276374470477201
0.3941120818091958,0.6011743543847177,-0.05202507256317421,0.1147652333409742
0.4039067281418257,0.6080180479978096,-0.0919656193552654,0.1240674766562539
0.3490261004093087,0.6138778702246642,-0.13085930327136117,0.1306837425110037
0.5705993654152709,0.6158383786487107,0.16197622724448432,0.13473925351220375
1.3470699534345063,0.6168150156865198,0.7682527832118372,0.13643054874985353
1.503906727835743,0.6168150156865198,1.1559689020011132,0.13598618093482118
1.503906727835743,0.6148617416109016,0.9327837960419318,0.133635068052553
0.7607991538870279,0.6109479591112369,0.34251981319105695,0.12958677499816199
0.419608770543823,0.6080180479978096,-0.05215183972446096,0.12402540498244423
0.4039067281418257,0.6031276284603359,-0.08990947611355204,0.11711606803867039
0.3941120818091958,0.5962839348472438,-0.05595484807756168,0.10902049704300398
0.3803995769435139,0.5874869671585337,-0.09191680727703189,0.09991670290519737
0.3646975345415166,0.5796666365076326,-0.11172450976963723,0.09001690275637987
0.3549028882088867,0.5698930317811133,-0.10798721751947712,0.07957842131796286
0.3549028882088867,0.5571822815927384,-0.11511816264863052,0.06890375818280031
0.3588207467419387,0.5435021287149827,-0.11102665856956048,0.05832830875893269
0.374522789143936,0.5298147414887988,-0.09368159452285545,0.048196962742065516
0.3843174354765659,0.5190644997244704,-0.08252321295705739,0.038833414397487456
0.3941120818091958,0.5092836606495229,-0.07550382679836914,0.0305078273256731
0.3999888696087737,0.5024472013848591,-0.0672589600554963,0.02340899837525176
0.4098141242111931,0.4975567818473854,-0.05718031892570544,0.017626252051805128
0.4254855583434009,0.4956035077717671,-0.04293528021652778,0.013144251963704957
0.4392286714788723,0.494626870733958,-0.027113885231676495,0.009851268524283587
0.4549001056110801,0.4936429993477207,-0.012261051968857784,0.007558817137258406
0.4745200065461294,0.4936429993477207,0.007114748632395848,0.006028569045259866
0.4999860870109672,0.4926663623099116,0.035265719140681016,0.005001455350754998
0.5392258888810657,0.4907130882342934,0.07019109311541892,0.004224075980589715
0.5745172239483228,0.487783177120866,0.1112569146534851,0.0034687488653664137
0.6254799931477878,0.4848460316590105,0.157801028174533,0.002545422819956309
0.6705965828174644,0.4819161205455832,0.20526688443273888,0.001305719266293956
0.7156825642173513,0.4789862094321558,0.2507280754107393,-0.00035896487792809223
0.7548917578176605,0.4770257010081094,0.28982676997666806,-0.002522456501037271
0.7803884465522877,0.4760490639703003,0.31349815514646334,-0.00522907037348439
0.7803884465522877,0.473119152856873,0.31921603013976896,-0.00849707579223619
0.7803884465522877,0.4701892417434457,0.31143089683923547,-0.012319514920093371
0.7509738992846084,0.466275459243781,0.2906570099390694,-0.01666274891986642
0.7215593520169293,0.4613850397063073,0.2543857679046232,-0.021464017580072405
0.6647197950178864,0.4565018545172618,0.20280455172748624,-0.0266297397589448
0.605890700482528,0.451611434979788,0.14083402292116134,-0.03203626006357282
0.5392258888810657,0.4457443784045051,0.07673905455609445,-0.03753433925043182
0.4803967943457073,0.4398845561776505,0.016357264737484833,-0.04295798175626875
0.4254855583434009,0.4340174996023676,-0.03711051727683121,-0.048137285144989814
0.3843174354765659,0.4271738059892756,-0.07887214281955479,-0.05291400686975788
0.3549028882088867,0.4213067494139927,-0.10733687719025783,-0.05715765557377193
0.3352829872738374,0.4164235642249472,-0.12776814693584337,-0.0607793559441976
0.3196115531416296,0.4134864187630917,-0.14178674002873318,-0.06374073365593082
0.3196115531416296,0.4125097817252826,-0.1437779135096,-0.06605575203136801
0.3235294116746816,0.4125097817252826,-0.1359179408502429,-0.06778473805943103
0.3352829872738374,0.4115331446874735,-0.12973515952585013,-0.06902146220113467
0.3294061994742595,0.4115331446874735,-0.12857346954743668,-0.06987564602087731
0.3352829872738374,0.4115331446874735,-0.12795310466800433,-0.07045427437188423
0.3352829872738374,0.4115331446874735,-0.12585933952090358,-0.070845386628851
0.3392008458068894,0.4125097817252826,-0.12009415834584793,-0.07110760683152838
0.3490261004093087,0.4115331446874735,-0.11280975669551185,-0.07126763099481062
0.3490261004093087,0.4095798706118552,-0.1117716206693338,-0.07132633720648988
0.3451082418762568,0.4066499594984279,-0.11321277520508805,-0.07127230048915006
0.3549028882088867,0.4037128140365724,-0.10774241400229947,-0.0710996018614556
0.3549028882088867,0.4027361769987633,-0.10226997554020968,-0.07082539216136777
0.3549028882088867,0.4037128140365724,-0.10739703316633681,-0.07050218940367206
0.3392008458068894,0.4037128140365724,-0.1179419530866517,-0.07022061751610319
0.3352829872738374,0.4046894510743815,-0.12540348028749432,-0.07010012551300694
0.3294061994742595,0.4056660881121906,-0.12983735206645045,-0.0702677335819505
0.3235294116746816,0.4086032335740461,-0.13400229677337597,-0.07082749797354276
0.3196115531416296,0.4095798706118552,-0.14070229960365332,-0.07182567000116236
0.3098169068089997,0.4086032335740461,-0.14843019425079887,-0.0732179979096184
0.3098169068089997,0.4066499594984279,-0.14703810752516175,-0.07484591193856129
0.3294061994742595,0.4037128140365724,-0.1320401288318147,-0.07642728977542318
0.3392008458068894,0.400782902923145,-0.11486341068613425,-0.07756531725917873
0.3549028882088867,0.3998062658853359,-0.10676988740499677,-0.07777612600934707
0.3490261004093087,0.400782902923145,-0.10639095410114324,-0.07653298320429795
0.3451082418762568,0.4027361769987633,-0.11255065044590294,-0.07332229787932457
0.3294061994742595,0.4056660881121906,-0.1299796023842986,-0.06770486109975182
0.3039095107396323,0.4125097817252826,-0.15067938125486272,-0.05937467113030209
0.3039095107396323,0.4232672578380392,-0.15545366258761403,-0.04820750440771812
0.3137347653420516,0.4359707736779858,-0.14129630569127363,-0.034292195364385415
0.3352829872738374,0.4506347979419788,-0.12461253297328759,-0.017939416265652874
0.3294061994742595,0.4701892417434457,-0.1218345134209767,0.0003345383944150161
0.3352829872738374,0.4926663623099116,-0.12787217447563962,0.019848136503042443
0.3294061994742595,0.5161273542626148,-0.12394867036074773,0.03981478350066678
0.3235294116746816,0.538611709177509,-0.12698105272137983,0.059415168896441814
0.3235294116746816,0.5591427900167849,-0.14501696668546388,0.07787192828870275
0.3294061994742595,0.5757600883563961,-0.12163752834916702,0.09451615819802095
0.3352829872738374,0.5894402412341518,-0.10159814174336786,0.1088366266796299
0.3137347653420516,0.598237208922862,-0.18241289262821545,0.12050556148829024
0.2843202180743724,0.6021509914225267,-0.13991772918624576,0.1293790904305054
0.7666759416866058,0.604104265498145,0.327569654426208,0.13547491857862967
1.503906727835743,0.605080902535954,0.9672813343643812,0.138933714185321
1.503906727835743,0.605080902535954,1.178541669695955,0.13997309033565378
1.3470699534345063,0.605080902535954,0.7543662579474706,0.13884350451779942
0.4843146528787593,0.6031276284603359,0.12854439960042224,0.1357938717094252
0.3352829872738374,0.6001977173469085,-0.15611261016722394,0.1310517127460297
0.3549028882088867,0.597260571885053,-0.11324115128684356,0.12481902403851988
0.3451082418762568,0.5914007496581983,-0.08272517354891268,0.11728156040811587
0.3451082418762568,0.5835804190072973,-0.12187828336276399,0.10862653546916916
0.3294061994742595,0.5757600883563961,-0.1309230203060551,0.09906231685127888
0.3137347653420516,0.5650026122436396,-0.12884842009613903,0.08883371269154142
0.3294061994742595,0.5522990964036929,-0.13139431452003938,0.07822781726816405
0.3352829872738374,0.5376350721396999,-0.12031189403201094,0.06756778031224658
0.3392008458068894,0.523947684913516,-0.10982195525621405,0.05719476210769153
0.3549028882088867,0.5141740801869966,-0.10356659756751267,0.04744104781456278
0.3588207467419387,0.5063537495360956,-0.09310995631565797,0.03859913933076152
0.3705743223410945,0.4985334188851945,-0.08367865745541354,0.03089224903153415
0.3803995769435139,0.4907130882342934,-0.0738528704508842,0.02445109595230804
0.3941120818091958,0.4848460316590105,-0.05880082156102376,0.01930067440490261
0.4098141242111931,0.4819161205455832,-0.04486541568185553,0.015359107629655429
0.419608770543823,0.479962846469965,-0.033396994134499695,0.012448981086776929
0.4392286714788723,0.4789862094321558,-0.014018641375301018,0.010319763041040778
0.4745200065461294,0.4780023380459186,0.020018739984915004,0.008678269748640968
0.5196059879460164,0.4780023380459186,0.06712223336931325,0.007222925696471814
0.5745172239483228,0.4760490639703003,0.12118986441767936,0.00567706324392044
0.6293978516808398,0.473119152856873,0.17506383848138898,0.0038168066670202097
0.6803912291500942,0.4701892417434457,0.228324945526031,0.0014901308364884739
0.7353024651524006,0.466275459243781,0.2819929698850827,-0.0013747452969561738
0.7803884465522877,0.4604084026684982,0.32586907745627425,-0.004771704221849261
0.800008347487337,0.4555252174794526,0.3494522930428403,-0.00862826868654728
0.8117619230864929,0.451611434979788,0.35588923688139085,-0.012823600687033518
0.800008347487337,0.4477048868285516,0.34939593380970974,-0.017209662976725573
0.7764705880192357,0.4428144672910778,0.3223011803874506,-0.0216323357412348
0.7215593520169293,0.4389079191398414,0.2685763526619565,-0.025949864830056124
0.6509766818824151,0.4349941366401767,0.19896847912152346,-0.030046837281912576
0.5803940117479008,0.4310875884889403,0.12687551047374815,-0.033842726867011834
0.5058934830803345,0.4271738059892756,0.05333186890736195,-0.0372948148940024
0.4352802046760309,0.4242438948758483,-0.017555286341827146,-0.040395917162741046
0.3803995769435139,0.4213067494139927,-0.07202251176799929,-0.04316782135365278
0.3451082418762568,0.4183768383005654,-0.10774663591167039,-0.04565167201395635
0.3196115531416296,0.4164235642249472,-0.133379676149255,-0.0478967459778348
0.3039095107396323,0.414470290149329,-0.14809781035123282,-0.04994914028655258
0.3039095107396323,0.4125097817252826,-0.14874603196345176,-0.05184184046383584
0.3098169068089997,0.4095798706118552,-0.14364479081988543,-0.0535874374047162
0.3098169068089997,0.407626596536237,-0.14147482671631234,-0.05517441588808943
0.3098169068089997,0.4066499594984279,-0.14308491062922818,-0.05656749568668492
0.3098169068089997,0.4056660881121906,-0.14388222635827613,-0.05771206162825675
0.3137347653420516,0.4046894510743815,-0.13662682457490513,-0.058542336757143036
0.3294061994742595,0.4046894510743815,-0.12435241327040819,-0.058992612137390675
0.3352829872738374,0.4037128140365724,-0.11800591675462914,-0.05901048199829586
0.3352829872738374,0.4037128140365724,-0.11448129859879673,-0.05857061623549931
0.3490261004093087,0.4027361769987633,-0.10626892104525947,-0.05768718346761973
0.3490261004093087,0.4027361769987633,-0.10169909059514522,-0.05642273854276322
0.3451082418762568,0.4037128140365724,-0.1073925374744806,-0.05489137722027238
0.3392008458068894,0.4056660881121906,-0.11419671549774889,-0.0532543965197985
0.3352829872738374,0.4086032335740461,-0.1156017362773698,-0.05170763852345429
0.3352829872738374,0.4105565076496644,-0.11837184149806994,-0.050461014590920186
0.3235294116746816,0.4115331446874735,-0.12817010209671928,-0.04971211212388827
0.3137347653420516,0.4115331446874735,-0.1385797793946035,-0.04961693256108112
0.3098169068089997,0.4115331446874735,-0.14299155182124934,-0.050261456509260775
0.3039095107396323,0.4095798706118552,-0.14779228459293456,-0.05163781601123775
0.2941148644070023,0.4066499594984279,-0.15862854508170462,-0.05362844151617001
0.2901970058739504,0.4046894510743815,-0.16255204683844954,-0.05600076069108185
0.3039095107396323,0.4027361769987633,-0.1469299124664002,-0.05841399590923058
0.3294061994742595,0.400782902923145,-0.12466916991310081,-0.0604384677085489
0.3392008458068894,0.3988296288475269,-0.11236975200108401,-0.06158663330031387
0.3451082418762568,0.3998062658853359,-0.10674374397993533,-0.06135388304935833
0.3451082418762568,0.4017595399609542,-0.10775372218483655,-0.05926591032821797
0.3294061994742595,0.4046894510743815,-0.12343230011731578,-0.05492834459025355
0.3098169068089997,0.407626596536237,-0.14138619212142056,-0.048073407685507094
0.3098169068089997,0.4134864187630917,-0.14281374277606038,-0.038597784358272304
0.3235294116746816,0.4242438948758483,-0.12977813227615254,-0.026585986327493115
0.3392008458068894,0.4398845561776505,-0.1126153046872928,-0.012314622307229364
0.3451082418762568,0.459431765630689,-0.10499157200675831,0.00376462338002984
0.3451082418762568,0.4809394835077741,-0.1117661120018989,0.02106211100020374
0.3392008458068894,0.5024472013848591,-0.11139027369700061,0.03890265256029945
0.3352829872738374,0.5210177738000886,-0.1108185852935067,0.05658555152006497
0.3352829872738374,0.5366584351018908,-0.12782794273520612,0.0734433826926211
0.3451082418762568,0.5503385879796465,-0.10810374572127918,0.08889130766837541
0.3451082418762568,0.5630493381680214,-0.0790881740995203,0.1024610494175924
0.3490261004093087,0.5718463058567315,-0.1519744236935083,0.11381690461862698
0.2901970058739504,0.5777133624320144,-0.12893487870836806,0.122754548473912
0.7450971114850305,0.5826037819694881,0.3150823597040736,0.12918623741113078
1.503906727835743,0.5855336930829155,0.959447915997908,0.1331178936102603
1.503906727835743,0.5865103301207246,1.1917358720270375,0.13462419225004935
1.3784434299687118,0.5865103301207246,0.7820469657089979,0.133827121368001
0.5098113416133866,0.5855336930829155,0.15846700039373773,0.1308817612187933
0.3588207467419387,0.5826037819694881,-0.1293496383554962,0.12597065838692556
0.3803995769435139,0.5777133624320144,-0.08650255612883714,0.11930568280905
0.3705743223410945,0.5708696688189224,-0.054737413653584276,0.11113419735853756
0.3705743223410945,0.5630493381680214,-0.09436623799936505,0.10174517675405585
0.3549028882088867,0.553275733441502,-0.10286521779400126,0.09147081636176098
0.3392008458068894,0.5405649832531272,-0.10247062104069096,0.0806801786226502
0.3490261004093087,0.5268848303753715,-0.10984996582609301,0.06976334278464098
0.3549028882088867,0.5131974431491875,-0.09756014519248425,0.05910695686182654
0.3705743223410945,0.5014633299986218,-0.07975485313748434,0.0490644517868308
0.3843174354765659,0.4916897252721025,-0.06964466185554993,0.03992582369804086
0.3941120818091958,0.4838693946212014,-0.05890957726359271,0.03189236532105729
0.4039067281418257,0.4780023380459186,-0.04755355934813301,0.025060941292101454
0.419608770543823,0.4740957898946821,-0.03445251105239401,0.019420624428198214
0.4352802046760309,0.4711658787812548,-0.016200725496825823,0.014862223341213178
0.4549001056110801,0.4682287333193992,0.0013230355411478377,0.011198967651156293
0.4706021480130775,0.466275459243781,0.017674964550401934,0.008194830482488067
0.4941092992113892,0.4643221851681628,0.04240696881130362,0.005595951747724266
0.5294006342786464,0.4623689110925446,0.07549422388278439,0.0031604773283178777
0.5646919693459035,0.4584551285928799,0.11153607572928895,0.0006827872274246703
0.605890700482528,0.4545485804416435,0.15477237827207654,-0.0019906164752764555
0.6607713282150449,0.4506347979419788,0.20590861573173483,-0.004954615180515017
0.7098057764177734,0.4467282497907424,0.257050182527557,-0.008247719506906764
0.7548917578176605,0.4418378302532686,0.3039676983644968,-0.011861012440758819
0.796090488954285,0.4369474107157949,0.3396032075247482,-0.015750909204505354
0.8058851352869149,0.4330408625645585,0.3560570649983508,-0.01985265670266799
0.8156797816195448,0.4301109514511312,0.35989383164018157,-0.024091930750625563
0.8058851352869149,0.4271738059892756,0.35525119730648347,-0.028392855801543427
0.7862652343518657,0.4242438948758483,0.33015371319941583,-0.032682036511498445
0.7313846066193487,0.4213067494139927,0.28052698070803567,-0.03688940413430222
0.6705965828174644,0.4174002012627563,0.21646108476948484,-0.04094749674212216
0.6000139126829501,0.4125097817252826,0.14526052910957735,-0.04479099996657946
0.5254827757455944,0.4086032335740461,0.07468117536035182,-0.048357966070891725
0.4706021480130775,0.4046894510743815,0.014401492188365613,-0.0515932884221687
0.4156909120107711,0.400782902923145,-0.03603049380029569,-0.054454033363141655
0.374522789143936,0.3978529918097178,-0.08030417079671555,-0.056915409576880044
0.3392008458068894,0.3949158463478622,-0.11359757971635576,-0.05897568061884364
0.3235294116746816,0.392962572272244,-0.13143039749661428,-0.06065829680138712
0.3137347653420516,0.3919859352344348,-0.13867674628942345,-0.062009960660838484
0.3137347653420516,0.3919859352344348,-0.14175297023653086,-0.06309419288146122
0.3137347653420516,0.392962572272244,-0.13946965073652584,-0.0639810879660817
0.3235294116746816,0.3939392093100531,-0.13025024054758627,-0.06473509733297822
0.3352829872738374,0.3949158463478622,-0.12029409517771267,-0.06540353804422612
0.3392008458068894,0.3949158463478622,-0.11403978944387562,-0.06600879250924087
0.3451082418762568,0.392962572272244,-0.1087878095751876,-0.06654664710070113
0.3549028882088867,0.3910092981966258,-0.10247237699405247,-0.06699193282455582
0.3549028882088867,0.3890487897725793,-0.09522730651375234,-0.06731084640715909
0.3705743223410945,0.3870955156969611,-0.08896214476401998,-0.06747750877375401
0.3646975345415166,0.386118878659152,-0.0866887962683207,-0.067490963326153
0.3705743223410945,0.386118878659152,-0.08580008473197409,-0.06738829874514664
0.374522789143936,0.3870955156969611,-0.0816197958425312,-0.0672500420937412
0.374522789143936,0.3880721527347702,-0.07762420114050986,-0.06719531087666211
0.3803995769435139,0.3890487897725793,-0.07958704817423995,-0.0673661420162843
0.3646975345415166,0.3900326611588167,-0.08617808479362164,-0.06790252511682664
0.3646975345415166,0.3910092981966258,-0.09417681696669308,-0.06891155193878562
0.3549028882088867,0.3900326611588167,-0.10023350934951988,-0.07043542629575267
0.3549028882088867,0.3880721527347702,-0.10025408333212098,-0.07242363444294332
0.3549028882088867,0.386118878659152,-0.1014324653043948,-0.07471426151919983
0.3490261004093087,0.3831889675457247,-0.10984402853343195,-0.07702832976410426
0.3451082418762568,0.3812284591216783,-0.10655646921919468,-0.07897935704400509
0.3803995769435139,0.3802518220838691,-0.08170799908452635,-0.0800983806350582
0.3901942232761438,0.3802518220838691,-0.06196252971326805,-0.07987272339501589
0.3999888696087737,0.3812284591216783,-0.06187144631594527,-0.0777949919881255
0.3843174354765659,0.3851422416213429,-0.06773429500279933,-0.07341733027004357
0.3803995769435139,0.3919859352344348,-0.08156376446238149,-0.06640493462422294
0.3490261004093087,0.3998062658853359,-0.10743727914466507,-0.05658240868272802
0.3352829872738374,0.4095798706118552,-0.12035593112723628,-0.04396680818107891
0.3549028882088867,0.4252205319136574,-0.10673861419707194,-0.028782287078044762
0.3705743223410945,0.444767741366696,-0.0867148322874648,-0.011453170341606072
0.374522789143936,0.466275459243781,-0.08211056264572886,0.007424991181420802
0.3646975345415166,0.4887598141586752,-0.09614681624209019,0.02713360703666021
0.3549028882088867,0.5112441690735693,-0.10809221593812084,0.04689262571304087
0.3352829872738374,0.531768015564417,-0.11290285476588846,0.06592745450650302
0.3392008458068894,0.5503385879796465,-0.1314085695906475,0.08353234748934983
0.3392008458068894,0.5659792492814486,-0.1249090474678208,0.09912211440861249
0.3490261004093087,0.5767367253942053,-0.08610907013354699,0.1122661215618514
0.3549028882088867,0.5855336930829155,-0.13490735940666726,0.122701652275563
0.2784434302747945,0.5914007496581983,-0.18286179272701672,0.13032717601998398
0.5294006342786464,0.5933540237338165,0.12189856076052974,0.13517927682250225
1.3215732646998797,0.5943306607716257,0.7579650541797057,0.13739932309603667
1.503906727835743,0.5943306607716257,1.1640298359915275,0.13719702633782516
1.503906727835743,0.5923773866960075,0.9363004511398264,0.13481768585080514
0.7450971114850305,0.5894402412341518,0.3420835915290326,0.13051827018693568
0.4254855583434009,0.5865103301207246,-0.04485102484429599,0.12455492414174184
0.4039067281418257,0.5826037819694881,-0.08263930340357722,0.11718157041272201
0.3803995769435139,0.5757600883563961,-0.05946636302112113,0.10865661365367232
0.3705743223410945,0.5679397577054951,-0.10231502529716105,0.09925292607052495
0.3392008458068894,0.5591427900167849,-0.12703453423060126,0.08926570779265379
0.3352829872738374,0.5474086768662192,-0.12722650031326654,0.07901358842196217
0.3352829872738374,0.5347051610262725,-0.12796131262917398,0.06883026095164355
0.3549028882088867,0.5219944108378977,-0.1145725196293077,0.059046550194005974
0.3646975345415166,0.5122208061113784,-0.09880326405620807,0.04996547550226093
0.374522789143936,0.5024472013848591,-0.09251630798044676,0.04183489301606823
0.3843174354765659,0.4956035077717671,-0.08200691041593307,0.03482319601613488
0.3999888696087737,0.4897364511964843,-0.06891720805549839,0.029003156869519823
0.4039067281418257,0.487783177120866,-0.06176004909297976,0.024347478475782783
0.4156909120107711,0.4858226686968196,-0.05368422347304282,0.020737358122980873
0.4294034168764529,0.4858226686968196,-0.039396525664515354,0.017982839678351407
0.4490233178115022,0.4848460316590105,-0.01949078115521405,0.015851480611659415
0.4745200065461294,0.4848460316590105,0.0049253284014920745,0.014100367422944878
0.4999860870109672,0.4838693946212014,0.02909836605719806,0.012506067733197885
0.5254827757455944,0.4819161205455832,0.05549908329117146,0.0108877598079047
0.5646919693459035,0.4770257010081094,0.09406334679346062,0.009120366495773342
0.615685346815158,0.473119152856873,0.14279917678874496,0.007136694413224863
0.6647197950178864,0.4701892417434457,0.19354144407887358,0.004919832424576718
0.7156825642173513,0.4682287333193992,0.24295722215460425,0.0024888252895306153
0.7548917578176605,0.4652988222059719,0.28195720736088753,-0.00011850361771022738
0.7803884465522877,0.4633455481303537,0.3044277418008059,-0.00286182611195527
0.7862652343518657,0.4623689110925446,0.3168230190124004,-0.0057107971400860765
0.796090488954285,0.4613850397063073,0.31549208093945197,-0.00865215701997581
0.7607991538870279,0.4584551285928799,0.2894421873056908,-0.011691196793062214
0.7215593520169293,0.4555252174794526,0.24491045961986638,-0.01484843436227411
0.6705965828174644,0.451611434979788,0.1919890293699666,-0.018152983837713882
0.605890700482528,0.4486815238663607,0.13187222114925481,-0.021634254982952277
0.5509794644802216,0.444767741366696,0.07079459574442663,-0.0253134553753462
0.4941092992113892,0.4408611932154596,0.017047132620754503,-0.029196083774043154
0.4490233178115022,0.437924047753604,-0.0297262811827665,-0.03326632092987359
0.4098141242111931,0.4340174996023676,-0.07087202205481262,-0.03748397551640314
0.374522789143936,0.4301109514511312,-0.10377697217358195,-0.04178440217383962
0.3549028882088867,0.4252205319136574,-0.12735182244735682,-0.04608152183460572
0.3392008458068894,0.4213067494139927,-0.14147019817051262,-0.050273707093883936
0.3352829872738374,0.4164235642249472,-0.14636130258353106,-0.054251885210877274
0.3352829872738374,0.4134864187630917,-0.14755191764318332,-0.057908864133768674
0.3352829872738374,0.4095798706118552,-0.14886110510398703,-0.061148713770773175
0.3352829872738374,0.407626596536237,-0.1459323824445189,-0.06389509458629514
0.3490261004093087,0.4066499594984279,-0.13874705137443683,-0.06609770831579428
0.3490261004093087,0.4056660881121906,-0.13363620080584332,-0.06773647685973634
0.3549028882088867,0.4056660881121906,-0.13129203521234248,-0.06882350453449504
0.3588207467419387,0.4056660881121906,-0.12894753172393125,-0.06940318616112191
0.3588207467419387,0.4046894510743815,-0.12606395802200998,-0.06955086316358479
0.3646975345415166,0.4037128140365724,-0.1246994908056655,-0.06937017679600437
0.3588207467419387,0.4046894510743815,-0.12862708195925618,-0.06898882830162814
0.3549028882088867,0.4037128140365724,-0.13450941783836934,-0.06855203987124008
0.3549028882088867,0.4037128140365724,-0.13426458817364484,-0.06821283497134338
0.3588207467419387,0.4037128140365724,-0.13184669606651916,-0.068118449986375
0.3549028882088867,0.4037128140365724,-0.13608272885947548,-0.06839277544748709
0.3490261004093087,0.4046894510743815,-0.1421989122764776,-0.06911565199079031
0.3490261004093087,0.4046894510743815,-0.1432052514240392,-0.07030097342494782
0.3490261004093087,0.4046894510743815,-0.1447594302796712,-0.07187663305794022
0.3392008458068894,0.4046894510743815,-0.1527304260225346,-0.07367008791912179
0.3352829872738374,0.4037128140365724,-0.16039182238394212,-0.07540344032129703
0.3392008458068894,0.4027361769987633,-0.15519440721458458,-0.07670128985770285
0.3588207467419387,0.4027361769987633,-0.13569532016453523,-0.07711318288013039
0.3803995769435139,0.4027361769987633,-0.11725082990102982,-0.07615042820855857
0.3843174354765659,0.4037128140365724,-0.11172063217396991,-0.07333463743623897
0.3803995769435139,0.4056660881121906,-0.11612846414846499,-0.06825295679833904
0.3705743223410945,0.4105565076496644,-0.12899111483609596,-0.060613021595518256
0.3490261004093087,0.4193534753383746,-0.14890449412699075,-0.050289657968150325
0.3352829872738374,0.4320642255267494,-0.1630145718889988,-0.037355693458000584
0.3392008458068894,0.4496581609041697,-0.16227603594932632,-0.02209109754464145
0.3490261004093087,0.4701892417434457,-0.15080576557696732,-0.004967860877930458
0.3588207467419387,0.4926663623099116,-0.14124023197378585,0.013388050958051546
0.3549028882088867,0.5141740801869966,-0.1474536981981405,0.03225251936806677
0.3451082418762568,0.5327446526022261,-0.15952001754280132,0.05086889629861454
0.3352829872738374,0.5493619509418374,-0.16197028657044288,0.06851423247762187
0.3352829872738374,0.5659792492814486,-0.17099661779255343,0.08455742133597713
0.3352829872738374,0.5796666365076326,-0.17567450675312501,0.09850245710545116
0.3352829872738374,0.590416878271961,-0.152569787465802,0.11001269125280348
0.3451082418762568,0.597260571885053,-0.17281576096344287,0.11891493828734331
0.2901970058739504,0.6021509914225267,-0.22241307251656592,0.12518516345931507
0.4490233178115022,0.604104265498145,-0.02441196951596684,0.12891996066256176
1.1019589289604432,0.605080902535954,0.5453915659377756,0.1302997637652545
1.503906727835743,0.604104265498145,1.051037594842321,0.1295504609890101
1.503906727835743,0.6011743543847177,0.9545800055769945,0.12690971409632396
0.8666731590887993,0.5962839348472438,0.37280235905471193,0.12260294318951542
0.4156909120107711,0.5914007496581983,-0.07696094037564793,0.11683187730372725
0.3901942232761438,0.5874869671585337,-0.14582340297823823,0.10977608219514516
0.3843174354765659,0.5826037819694881,-0.10798463243775885,0.10160527869995012
0.3705743223410945,0.5757600883563961,-0.13918643469614245,0.0924979773233572
0.3490261004093087,0.5679397577054951,-0.16807763203550113,0.08266050448481851
0.3352829872738374,0.5562056445549294,-0.17109703400507023,0.07234034752937665
0.3352829872738374,0.5435021287149827,-0.17365760415797155,0.06182905772647558
0.3490261004093087,0.5307913785266078,-0.1650442141797825,0.051452449183875947
0.3588207467419387,0.5180806283382331,-0.1519418729267782,0.041548876117722296
0.3646975345415166,0.5073303865739046,-0.14462685647416176,0.03243917194800672
0.3843174354765659,0.4995100559230035,-0.12978994300513036,0.024393721423074773
0.4039067281418257,0.4916897252721025,-0.10792076088845601,0.01760275034241717
0.419608770543823,0.4868065400830569,-0.09068973946028405,0.01215525049567323
0.4392286714788723,0.4848460316590105,-0.07594288581760467,0.008030279916726099
0.4549001056110801,0.4828927575833923,-0.05592968522906206,0.005102101399436823
0.4843146528787593,0.4828927575833923,-0.02847463255088356,0.003158202899865487
0.5156881294129645,0.4819161205455832,0.0010020320756089114,0.0019271364966731179
0.5353080303480138,0.4819161205455832,0.025153850391169286,0.0011116881888568885
0.5646919693459035,0.4819161205455832,0.04862744933187203,0.0004223386748843349
0.5960654458801087,0.4809394835077741,0.08465274199308014,-0.0003937102504302651
0.6450998940828371,0.4789862094321558,0.13263545353571585,-0.0015316202336094185
0.6960932715520916,0.4760490639703003,0.17959453643114656,-0.0031182035749882644
0.7313846066193487,0.4721425158190639,0.2224879044516106,-0.005211645128962644
0.7764705880192357,0.4672520962815901,0.26059792390993786,-0.007810088077838944
0.796090488954285,0.4633455481303537,0.28307862202847844,-0.01086612932445818
0.800008347487337,0.4604084026684982,0.28877036549741353,-0.0143036131916718
0.800008347487337,0.4584551285928799,0.28617897204215237,-0.01803332697970828
0.7862652343518657,0.4555252174794526,0.2724748964895534,-0.021965180722604855
0.7509738992846084,0.4525880720175971,0.2415982612464612,-0.02601583480706962
0.7098057764177734,0.4486815238663607,0.19448145353631205,-0.0301120543899284
0.6450998940828371,0.444767741366696,0.1346282380417682,-0.03419095265490252
0.5803940117479008,0.4398845561776505,0.06940707873674729,-0.03819859346707505
0.5196059879460164,0.4349941366401767,0.006494214540068464,-0.04208822327460423
0.4607768934106581,0.4301109514511312,-0.04885214423010245,-0.04581888566110218
0.419608770543823,0.4261971689514665,-0.09101730827699153,-0.049354585750737756
0.3901942232761438,0.4222906208002301,-0.12102448293426463,-0.05266374391955101
0.3646975345415166,0.4193534753383746,-0.14355859781407593,-0.05571854951898098
0.3549028882088867,0.4183768383005654,-0.15625295545059287,-0.05849400801599747
0.3451082418762568,0.4164235642249472,-0.16051434572562367,-0.06096685728128731
0.3490261004093087,0.4134864187630917,-0.16381344329054676,-0.06311490691770891
0.3392008458068894,0.4115331446874735,-0.1632271386801169,-0.06491750830332584
0.3549028882088867,0.4095798706118552,-0.1557251859100406,-0.06635768112938803
0.3549028882088867,0.407626596536237,-0.1505781576137505,-0.06742597508587234
0.3549028882088867,0.4066499594984279,-0.14919160705386197,-0.06812561544996257
0.3646975345415166,0.4056660881121906,-0.1424203668822382,-0.06847803831388243
0.3705743223410945,0.4056660881121906,-0.1322951088351781,-0.06852766615332276
0.374522789143936,0.4056660881121906,-0.12838791399020538,-0.06834474301949517
0.374522789143936,0.4056660881121906,-0.12985147185477086,-0.06802522008945382
0.3705743223410945,0.4056660881121906,-0.1290347996623301,-0.06768699710523128
0.374522789143936,0.4056660881121906,-0.12664028155259993,-0.06746221920713916
0.374522789143936,0.4056660881121906,-0.12763195786989245,-0.06748575988381937
0.3646975345415166,0.4046894510743815,-0.1295097387488245,-0.06788046572543166
0.3705743223410945,0.4037128140365724,-0.13195772292224678,-0.06874017141137784
0.3549028882088867,0.4017595399609542,-0.13919346804506808,-0.07011188164917162
0.3490261004093087,0.3998062658853359,-0.14663023647251194,-0.07197883744515272
0.3451082418762568,0.3978529918097178,-0.15083379797350224,-0.07424642684599612
0.3352829872738374,0.3958924833856713,-0.15711056589475858,-0.07673304681343042
0.3294061994742595,0.3939392093100531,-0.16239950084401758,-0.07916802027644632
0.3352829872738374,0.3919859352344348,-0.15703408353801443,-0.0811984300951709
0.3451082418762568,0.3910092981966258,-0.14333718776224233,-0.08240615788545834
0.3549028882088867,0.3919859352344348,-0.13329872921896332,-0.08233547115406974
0.3588207467419387,0.392962572272244,-0.13023271502169395,-0.08053022177002143
0.3549028882088867,0.3958924833856713,-0.12781963562651552,-0.07657819193230059
0.3549028882088867,0.3988296288475269,-0.13098728814641308,-0.07015849326702307
0.3352829872738374,0.4046894510743815,-0.14854857041573674,-0.0610864378852723
0.3137347653420516,0.4125097817252826,-0.16444945931596167,-0.049349348555776384
0.3235294116746816,0.4261971689514665,-0.15909648461877257,-0.03512682979712708
0.3352829872738374,0.4437911043288869,-0.14183333977825507,-0.018790450454830996
0.3451082418762568,0.4643221851681628,-0.13149834544253206,-0.000880626454454492
0.3392008458068894,0.4868065400830569,-0.13452681229961028,0.017937697625676614
0.3352829872738374,0.5102675320357603,-0.14210601383745214,0.036935027074436175
0.3235294116746816,0.5307913785266078,-0.14286978769690462,0.05538431908909934
0.3235294116746816,0.5474086768662192,-0.14817182211914884,0.07262494163390229
0.3196115531416296,0.560119427054594,-0.15283151412587473,0.08811417411371501
0.3352829872738374,0.5708696688189224,-0.12532942904400343,0.10145942630191362
0.3392008458068894,0.5796666365076326,-0.12300856038004404,0.11242819623545937
0.2843202180743724,0.5855336930829155,-0.19052886355541915,0.12093691451081995
0.3549028882088867,0.5884636041963428,-0.09758659986202699,0.12702334976226629
0.8352996825545941,0.590416878271961,0.39198609303499343,0.1308096037952786
1.503906727835743,0.5914007496581983,0.997158005227414,0.13246362498228742
1.503906727835743,0.5914007496581983,1.1286374343466374,0.1321665541317984
1.1862847122304288,0.5914007496581983,0.6417785564303817,0.13009125346048087
0.4294034168764529,0.5894402412341518,0.05381369754174471,0.12639448001956666
0.3392008458068894,0.5865103301207246,-0.14539286119321146,0.12122197407164793
0.3705743223410945,0.5816199105832508,-0.07952733836411653,0.1147229169326883
0.3588207467419387,0.5747834513185871,-0.06676999943273416,0.10706833536662409
0.3490261004093087,0.5659792492814486,-0.10505354095771352,0.09846742311081859
0.3392008458068894,0.5552290075171202,-0.10351851627560804,0.08917646713915432
0.3352829872738374,0.5444787657527919,-0.09471864910517817,0.07949689061670392
0.3490261004093087,0.531768015564417,-0.09201332842160638,0.0697614306871297
0.3549028882088867,0.5190644997244704,-0.07975860954870202,0.060310122333936095
0.3588207467419387,0.5092836606495229,-0.06907762374921611,0.05146001799506972
0.374522789143936,0.5004866929608127,-0.05794762800908438,0.04347397335602346
0.3843174354765659,0.4936429993477207,-0.04126954868010785,0.036534092411548265
0.3941120818091958,0.487783177120866,-0.031517819653624615,0.0307245559416776
0.3941120818091958,0.4828927575833923,-0.027209320366092662,0.02602683771611754
0.4098141242111931,0.4809394835077741,-0.012312243391440748,0.022328144642702448
0.4294034168764529,0.4789862094321558,0.013782369776857834,0.019441679946940293
0.4549001056110801,0.4789862094321558,0.03765174776580972,0.017135351883326502
0.4706021480130775,0.4780023380459186,0.05736309537123597,0.015164150793623708
0.4941092992113892,0.4760490639703003,0.08531384804957115,0.013300883505790352
0.5392258888810657,0.473119152856873,0.1275863164969061,0.011360456207176116
0.5843118702809528,0.4682287333193992,0.18032029490319898,0.009214381129930779
0.6411820355497851,0.4633455481303537,0.23767791689573348,0.006794329111484996
0.6960932715520916,0.4584551285928799,0.2919059739079803,0.004085835661748258
0.7353024651524006,0.4555252174794526,0.3398100390655756,0.0011151187513899733
0.7803884465522877,0.4506347979419788,0.38112546846448514,-0.0020670489958879374
0.800008347487337,0.4477048868285516,0.4063452657193115,-0.005400501623686132
0.800008347487337,0.4457443784045051,0.40869990024513314,-0.008826876253704383
0.7862652343518657,0.444767741366696,0.3953345668014556,-0.01229533794192529
0.7548917578176605,0.4418378302532686,0.36907412743709994,-0.015762999975735357
0.7098057764177734,0.4389079191398414,0.32318465329997176,-0.01919161538465404
0.6411820355497851,0.4349941366401767,0.26025337947435623,-0.022542875878411854
0.5745172239483228,0.4310875884889403,0.19236464892472546,-0.02577461311977786
0.4999860870109672,0.4261971689514665,0.1240872721218023,-0.028839484156796272
0.4352802046760309,0.4213067494139927,0.0569449951394093,-0.031686650592758346
0.374522789143936,0.4183768383005654,0.003498832549700806,-0.03426589482130872
0.3451082418762568,0.4164235642249472,-0.027826474118167445,-0.03653288269866507
0.3196115531416296,0.414470290149329,-0.04864222197996958,-0.03845407478039312
0.2999916522065803,0.414470290149329,-0.0672086331218266,-0.04001008825838561
0.2901970058739504,0.4125097817252826,-0.07464427422441958,-0.041196905946853
0.2901970058739504,0.4115331446874735,-0.07048585310361104,-0.042024943070978905
0.2999916522065803,0.4105565076496644,-0.06495125361497048,-0.04251642583015554
0.2941148644070023,0.4105565076496644,-0.057726132401172664,-0.04270176560152781
0.3137347653420516,0.4105565076496644,-0.04840117990352668,-0.04261569960883203
0.3098169068089997,0.4115331446874735,-0.04173160041719504,-0.042293992708841
0.3196115531416296,0.4125097817252826,-0.031826349268950456,-0.04177146835275944
0.3352829872738374,0.4134864187630917,-0.01756103651655272,-0.041082007833685555
0.3352829872738374,0.414470290149329,-0.01133476252703794,-0.04026085574068026
0.3352829872738374,0.414470290149329,-0.011388072982108862,-0.03934905759711969
0.3392008458068894,0.4134864187630917,-0.0070856414888391065,-0.038399168593347154
0.3352829872738374,0.4134864187630917,-0.004865205189295785,-0.037480648752511045
0.3352829872738374,0.4134864187630917,-0.010167287470758502,-0.036682832578430614
0.3235294116746816,0.4134864187630917,-0.011431449871928349,-0.03611328071763359
0.3352829872738374,0.4134864187630917,-0.006269883671521197,-0.0358898353936815
0.3294061994742595,0.414470290149329,-0.006228087842735007,-0.03612578571979926
0.3235294116746816,0.4154469271871381,-0.009590070115129856,-0.03690902753847448
0.3294061994742595,0.4154469271871381,-0.007434195381046898,-0.038277693645292786
0.3235294116746816,0.4154469271871381,-0.005526480096435225,-0.04019607993012772
0.3235294116746816,0.4134864187630917,-0.009223499731320663,-0.04253544298995
0.3235294116746816,0.4115331446874735,-0.005970844024729926,-0.04506414522612344
0.3392008458068894,0.4086032335740461,0.0117765972822726,-0.04745061740277551
0.3549028882088867,0.4056660881121906,0.027162000696522925,-0.04928084352969319
0.3588207467419387,0.4037128140365724,0.030209920360534402,-0.05008985472306177
0.3549028882088867,0.4037128140365724,0.0343124398156538,-0.04940443963159043
0.3646975345415166,0.4046894510743815,0.035556714414363186,-0.046792334197663654
0.3392008458068894,0.4086032335740461,0.017224214821051013,-0.04191186168435632
0.3196115531416296,0.414470290149329,-0.0023920037812306424,-0.03455555668521534
0.3235294116746816,0.4252205319136574,0.0001264627768215315,-0.024681817194957992
0.3352829872738374,0.4398845561776505,0.012608063717551745,-0.012430071913184581
0.3392008458068894,0.4545485804416435,0.019206695953146904,0.001882850146475734
0.3352829872738374,0.4711658787812548,0.015921128162455653,0.017784878346816742
0.3352829872738374,0.4897364511964843,0.008645657527160809,0.034686628051742045
0.3235294116746816,0.5083070236117138,0.008399539579302942,0.05193032338781773
0.3098169068089997,0.5278614674131806,-0.006498964889154386,0.06884361041821348
0.3098169068089997,0.545455402790601,-0.02738455018741426,0.08479162825200474
0.3137347653420516,0.5591427900167849,0.009407109498487214,0.09922109690454292
0.3352829872738374,0.5708696688189224,0.02316615516612345,0.11169154829169492
0.2941148644070023,0.5796666365076326,-0.0719116468828451,0.12189103344226762
0.2784434302747945,0.5865103301207246,0.01791420518311533,0.12963629240381844
0.9156769990217384,0.5894402412341518,0.5566601348293176,0.13485993216104708
1.503906727835743,0.590416878271961,1.1659284335811757,0.13758912100349838
1.503906727835743,0.590416878271961,1.24740726465342,0.13792132080591285
1.1627469527623275,0.5894402412341518,0.7466961653322587,0.13600244511568785
0.4254855583434009,0.5874869671585337,0.1789270128064395,0.13201154410466243
0.3451082418762568,0.5845570560451063,-0.01853689887150892,0.12615393023810537
0.3646975345415166,0.5806432735454417,0.03380958486650191,0.11866208021780318
0.3451082418762568,0.5737995799323498,0.03632038691789517,0.10980131977773702
0.3352829872738374,0.5659792492814486,-0.007716347671936817,0.09987581114744043
0.3235294116746816,0.5552290075171202,-0.008847080130903219,0.08923010387240088
0.3235294116746816,0.5435021287149827,-0.0036337559123674895,0.0782425513872871
0.3294061994742595,0.5298147414887988,-0.008870396351273891,0.06730897948971866
0.3352829872738374,0.517103991300424,-0.0043933503132248634,0.05681759239301257
0.3352829872738374,0.5063537495360956,0.0012171444239932327,0.04711854525473891
0.3490261004093087,0.4975567818473854,0.0036495296418295915,0.03849325286072164
0.3490261004093087,0.4916897252721025,0.006884647201288369,0.031128923759935652
0.3549028882088867,0.4868065400830569,0.00904893506442924,0.025102956491246255
0.3646975345415166,0.4838693946212014,0.015359656760424247,0.020380010371683865
0.3803995769435139,0.4828927575833923,0.029580376432249686,0.016822263487891717
0.3999888696087737,0.4819161205455832,0.04569517229348217,0.014211104877712837
0.419608770543823,0.4819161205455832,0.06227320180925834,0.01227669372688545
0.4451054592784502,0.4809394835077741,0.08568530582931476,0.01073074439548432
0.4843146528787593,0.4809394835077741,0.11988150404864989,0.009297698334909106
0.5294006342786464,0.479962846469965,0.16360860463829752,0.007740091075056435
0.5843118702809528,0.4770257010081094,0.214019110003367,0.005875246878999018
0.6450998940828371,0.473119152856873,0.2702182909885487,0.003582184924114486
0.7058879178847215,0.4692053703572084,0.33039940670719936,0.000799477548642217
0.7666759416866058,0.466275459243781,0.38322066852543124,-0.0024836312455883227
0.800008347487337,0.4633455481303537,0.4158789213088053,-0.006239640127260669
0.8215565694191228,0.4604084026684982,0.431629772418989,-0.01041549513834963
0.8313818240215421,0.4574784915550708,0.4374625997471811,-0.014943079018293937
0.8215565694191228,0.4545485804416435,0.4239787670517029,-0.019746182247516626
0.7862652343518657,0.4525880720175971,0.3821151664693761,-0.024743953454325153
0.7254772105499813,0.4486815238663607,0.32010348377770476,-0.029851895027041345
0.6607713282150449,0.4437911043288869,0.24711416102416256,-0.034982045392841034
0.5843118702809528,0.437924047753604,0.16696669978742637,-0.0400439278033036
0.5098113416133866,0.4330408625645585,0.08985455561140106,-0.04494720289757304
0.4549001056110801,0.4271738059892756,0.024538904318365654,-0.04960601927479376
0.3999888696087737,0.4232672578380392,-0.030052013696699305,-0.05394419986161167
0.3646975345415166,0.4203301123761837,-0.07469797476542689,-0.057899949756703255
0.3352829872738374,0.4183768383005654,-0.10775667851397502,-0.061428862057823205
0.3196115531416296,0.4174002012627563,-0.1300917103036602,-0.064504565438272
0.3098169068089997,0.4164235642249472,-0.14420224745811897,-0.06711716299091691
0.3098169068089997,0.4154469271871381,-0.15220160931197638,-0.06927034084844653
0.3137347653420516,0.414470290149329,-0.15294473733363356,-0.07097841097746398
0.3235294116746816,0.4134864187630917,-0.1480404344578194,-0.07226447281036504
0.3352829872738374,0.4115331446874735,-0.1465055163944103,-0.07316038062425904
0.3352829872738374,0.4105565076496644,-0.1485233917746969,-0.07370847362075314
0.3451082418762568,0.4115331446874735,-0.14655345714460583,-0.07396432726394297
0.3549028882088867,0.4125097817252826,-0.1455407208177587,-0.07399937139699693
0.3549028882088867,0.414470290149329,-0.14941833975117974,-0.07390221727803334
0.3588207467419387,0.4154469271871381,-0.15109679003738513,-0.07377786107971422
0.3705743223410945,0.4154469271871381,-0.1526247313406246,-0.07374436210933222
0.3646975345415166,0.4154469271871381,-0.15712764476644253,-0.0739269272787325
0.374522789143936,0.4154469271871381,-0.15872829630358495,-0.07444951239750017
0.3803995769435139,0.4154469271871381,-0.16269165285605458,-0.0754241607694519
0.3646975345415166,0.4134864187630917,-0.17710069090926872,-0.07693845744104662
0.3646975345415166,0.4115331446874735,-0.19382392665161613,-0.07904173295355618
0.3549028882088867,0.4105565076496644,-0.20478385798245285,-0.08173098985827484
0.3549028882088867,0.4086032335740461,-0.21315159951732648,-0.08493792261506335
0.3549028882088867,0.4056660881121906,-0.22375983315750225,-0.08851880372516313
0.3451082418762568,0.4027361769987633,-0.2361073363403248,-0.09224929109281531
0.3490261004093087,0.400782902923145,-0.24407666596774505,-0.09582622102252561
0.3549028882088867,0.3998062658853359,-0.24305469559259904,-0.09887810041309772
0.3705743223410945,0.3978529918097178,-0.23655736835733704,-0.10098528225275666
0.3803995769435139,0.3968691204234804,-0.23236918760941225,-0.10170969380739803
0.3901942232761438,0.3968691204234804,-0.23452751663573554,-0.10063251740664424
0.3803995769435139,0.3988296288475269,-0.24473746229284987,-0.097396569508016
0.374522789143936,0.4027361769987633,-0.2671700766087574,-0.09174862054799378
0.3451082418762568,0.4095798706118552,-0.29705534507888587,-0.08357594330112994
0.3352829872738374,0.4193534753383746,-0.31763204368848513,-0.07293129659387482
0.3392008458068894,0.4320642255267494,-0.3223466870340921,-0.060041517780971845
0.3490261004093087,0.4477048868285516,-0.31835510503152187,-0.04529689598327155
0.3588207467419387,0.4672520962815901,-0.3164410443454002,-0.029221308058451873
0.3549028882088867,0.487783177120866,-0.32828953735058636,-0.012426295203796605
0.3490261004093087,0.5083070236117138,-0.3458967946941065,0.004444769101419542
0.3352829872738374,0.5268848303753715,-0.35588561120372525,0.02077422952030037
0.3392008458068894,0.5405649832531272,-0.37197647802954764,0.03602073983140545
0.3392008458068894,0.5513224593658839,-0.37974969503651945,0.04975555213725353
0.3451082418762568,0.5610960640924031,-0.36008356396767593,0.06168006500521753
0.3490261004093087,0.5689163947433042,-0.39296442088925204,0.07162392099530632
0.2784434302747945,0.5737995799323498,-0.46168689166383375,0.07952656477971644
0.4352802046760309,0.5777133624320144,-0.2809117169821916,0.08540791558762578
1.0607908060936082,0.5806432735454417,0.27317941933432255,0.08933524378744492
1.503906727835743,0.5826037819694881,0.7806509613953785,0.09139334235661929
1.503906727835743,0.5835804190072973,0.7249698520840383,0.09166375398249013
0.9607935886914148,0.5826037819694881,0.18010412420016456,0.09021647883080242
0.4549001056110801,0.5806432735454417,-0.2917790307898644,0.0871147438592237
0.4098141242111931,0.5777133624320144,-0.40324748127298027,0.08243060960970902
0.3999888696087737,0.5718463058567315,-0.3763681783201073,0.07626690981385852
0.3803995769435139,0.5659792492814486,-0.41108389657252303,0.06877963607443621
0.3549028882088867,0.5571822815927384,-0.4556641002166954,0.060194636816710646
0.3352829872738374,0.545455402790601,-0.46635166393063326,0.05081348061152729
0.3451082418762568,0.531768015564417,-0.4674831259782888,0.04100542522912676
0.3588207467419387,0.5180806283382331,-0.45991868970430694,0.031185278537123735
0.374522789143936,0.5053771124982864,-0.4484215981366461,0.021779934034147644
0.3803995769435139,0.4936429993477207,-0.44524952787682875,0.013188802807899415
0.3901942232761438,0.4848460316590105,-0.4433352206868647,0.005744675716334235
0.3941120818091958,0.4770257010081094,-0.4406983888349022,-0.0003185070890594786
0.3999888696087737,0.4721425158190639,-0.4415323537296239,-0.004885821338472161
0.4039067281418257,0.4692053703572084,-0.43739749611691137,-0.007966523874825245
0.4254855583434009,0.4682287333193992,-0.424074719064997,-0.009683919048017757
0.4392286714788723,0.4672520962815901,-0.40885892334284096,-0.010252143209029696
0.4607768934106581,0.4643221851681628,-0.39256401957105824,-0.00994398766194183
0.4843146528787593,0.4633455481303537,-0.37054883893046225,-0.009054835184861085
0.5156881294129645,0.4623689110925446,-0.3413724465067626,-0.007867735435022758
0.5548973230132735,0.4604084026684982,-0.30280594550941314,-0.006623812597056037
0.605890700482528,0.4574784915550708,-0.2548177147640508,-0.005500917883698549
0.654894540415467,0.4555252174794526,-0.20411394596947108,-0.004601997349324922
0.7058879178847215,0.4525880720175971,-0.1561887058662459,-0.003953271612395982
0.7450971114850305,0.4506347979419788,-0.11400243526438834,-0.0035112179172617115
0.7764705880192357,0.4477048868285516,-0.0843946372413068,-0.003176628748707285
0.7901830928849176,0.4457443784045051,-0.06869028892278678,-0.002813690327689719
