ECG,PPG
0.7254772105499813,0.4359707736779858
0.6705965828174644,0.4320642255267494
0.60980855901558,0.4281504430270847
0.5509794644802216,0.4242438948758483
0.4999860870109672,0.4213067494139927
0.4549001056110801,0.4183768383005654
0.4098141242111931,0.4174002012627563
0.3901942232761438,0.4164235642249472
0.374522789143936,0.4154469271871381
0.3588207467419387,0.414470290149329
0.3549028882088867,0.4125097817252826
0.3490261004093087,0.4115331446874735
0.3549028882088867,0.4095798706118552
0.3646975345415166,0.407626596536237
0.3549028882088867,0.4066499594984279
0.3646975345415166,0.4066499594984279
0.374522789143936,0.4066499594984279
0.3705743223410945,0.407626596536237
0.3901942232761438,0.4086032335740461
0.3901942232761438,0.4086032335740461
0.3901942232761438,0.4105565076496644
0.3941120818091958,0.4115331446874735
0.4039067281418257,0.4115331446874735
0.4039067281418257,0.4105565076496644
0.3999888696087737,0.4086032335740461
0.3941120818091958,0.4066499594984279
0.3843174354765659,0.4046894510743815
0.3843174354765659,0.4046894510743815
0.3803995769435139,0.4056660881121906
0.3901942232761438,0.4086032335740461
0.4039067281418257,0.4125097817252826
0.419608770543823,0.4203301123761837
0.419608770543823,0.4320642255267494
0.4254855583434009,0.4525880720175971
0.4254855583434009,0.4740957898946821
0.3999888696087737,0.4956035077717671
0.3901942232761438,0.5180806283382331
0.4039067281418257,0.5347051610262725
0.419608770543823,0.5503385879796465
0.4294034168764529,0.5640259752058304
0.4352802046760309,0.5757600883563961
0.4294034168764529,0.5845570560451063
0.4156909120107711,0.5923773866960075
0.4098141242111931,0.5962839348472438
0.4156909120107711,0.5992210803090994
0.419608770543823,0.6011743543847177
0.4039067281418257,0.6021509914225267
0.3490261004093087,0.6031276284603359
0.654894540415467,0.6031276284603359
1.503906727835743,0.6011743543847177
1.503906727835743,0.598237208922862
1.503906727835743,0.5933540237338165
0.6607713282150449,0.5855336930829155
0.4294034168764529,0.5777133624320144
0.419608770543823,0.5718463058567315
0.4039067281418257,0.5620727011302122
0.3843174354765659,0.5474086768662192
0.3490261004093087,0.5337212896400352
0.3392008458068894,0.5210177738000886
0.3549028882088867,0.5092836606495229
0.3803995769435139,0.5024472013848591
0.3803995769435139,0.4975567818473854
0.3901942232761438,0.4956035077717671
0.4039067281418257,0.494626870733958
0.3941120818091958,0.4936429993477207
0.4039067281418257,0.4936429993477207
0.4294034168764529,0.4936429993477207
0.4352802046760309,0.4916897252721025
0.4392286714788723,0.4887598141586752
0.4607768934106581,0.4868065400830569
0.4843146528787593,0.4838693946212014
0.5156881294129645,0.4809394835077741
0.5509794644802216,0.4780023380459186
0.605890700482528,0.4750724269324912
0.654894540415467,0.4711658787812548
0.6960932715520916,0.4682287333193992
0.7254772105499813,0.4633455481303537
0.7411792529519786,0.4584551285928799
0.7509738992846084,0.4535647090554062
0.7411792529519786,0.4486815238663607
0.7156825642173513,0.4437911043288869
0.6647197950178864,0.4389079191398414
0.605890700482528,0.4349941366401767
0.5451026766806437,0.4310875884889403
0.4745200065461294,0.4261971689514665
0.4294034168764529,0.4232672578380392
0.3843174354765659,0.4203301123761837
0.3451082418762568,0.4183768383005654
0.3196115531416296,0.4164235642249472
0.3098169068089997,0.414470290149329
0.3098169068089997,0.414470290149329
0.3098169068089997,0.4134864187630917
0.3039095107396323,0.4125097817252826
0.2941148644070023,0.4125097817252826
0.2999916522065803,0.4125097817252826
0.3294061994742595,0.4125097817252826
0.3294061994742595,0.4125097817252826
0.3235294116746816,0.4134864187630917
0.3392008458068894,0.4154469271871381
0.3294061994742595,0.4174002012627563
0.3352829872738374,0.4193534753383746
0.3392008458068894,0.4203301123761837
0.3392008458068894,0.4213067494139927
0.3392008458068894,0.4213067494139927
0.3392008458068894,0.4203301123761837
0.3352829872738374,0.4193534753383746
0.3294061994742595,0.4164235642249472
0.3196115531416296,0.414470290149329
0.3294061994742595,0.4134864187630917
0.3352829872738374,0.4134864187630917
0.3392008458068894,0.4164235642249472
0.3549028882088867,0.4213067494139927
0.3646975345415166,0.4281504430270847
0.3451082418762568,0.4369474107157949
0.3352829872738374,0.4506347979419788
0.3137347653420516,0.4682287333193992
0.3098169068089997,0.4868065400830569
0.3137347653420516,0.5053771124982864
0.3294061994742595,0.523947684913516
0.3196115531416296,0.5415416202909363
0.3352829872738374,0.5581589186305476
0.3098169068089997,0.5718463058567315
0.3098169068089997,0.5816199105832508
0.3039095107396323,0.5874869671585337
0.3098169068089997,0.590416878271961
0.3137347653420516,0.590416878271961
0.2647003171393232,0.5914007496581983
0.4549001056110801,0.590416878271961
1.2078329341622147,0.5894402412341518
1.503906727835743,0.5865103301207246
1.503906727835743,0.5826037819694881
0.8255050362219641,0.5777133624320144
0.3352829872738374,0.5708696688189224
0.3137347653420516,0.5630493381680214
0.3352829872738374,0.5522990964036929
0.3137347653420516,0.5405649832531272
0.3098169068089997,0.5288381044509897
0.3039095107396323,0.517103991300424
0.3098169068089997,0.5073303865739046
0.3137347653420516,0.4975567818473854
0.3098169068089997,0.487783177120866
0.3352829872738374,0.479962846469965
0.3352829872738374,0.4740957898946821
0.3490261004093087,0.4701892417434457
0.3646975345415166,0.4682287333193992
0.374522789143936,0.4672520962815901
0.4039067281418257,0.466275459243781
0.4254855583434009,0.4643221851681628
0.4490233178115022,0.4604084026684982
0.4803967943457073,0.4565018545172618
0.5156881294129645,0.4525880720175971
0.5705993654152709,0.4477048868285516
0.60980855901558,0.4437911043288869
0.6764733706170423,0.4389079191398414
0.7313846066193487,0.4330408625645585
0.7764705880192357,0.4301109514511312
0.800008347487337,0.4271738059892756
0.800008347487337,0.4252205319136574
0.800008347487337,0.4222906208002301
0.7764705880192357,0.4193534753383746
0.7156825642173513,0.4174002012627563
0.6509766818824151,0.4154469271871381
0.5843118702809528,0.4134864187630917
0.5058934830803345,0.4125097817252826
0.4352802046760309,0.4115331446874735
0.3705743223410945,0.4115331446874735
0.3294061994742595,0.4115331446874735
0.2901970058739504,0.4125097817252826
0.2588235293397452,0.4134864187630917
0.2392036284046959,0.4134864187630917
0.229408982072066,0.414470290149329
0.2392036284046959,0.4154469271871381
0.2549056708066933,0.4164235642249472
0.2647003171393232,0.4164235642249472
0.2843202180743724,0.4174002012627563
0.3039095107396323,0.4174002012627563
0.3294061994742595,0.4183768383005654
0.3451082418762568,0.4183768383005654
0.3549028882088867,0.4183768383005654
0.3705743223410945,0.4193534753383746
0.3803995769435139,0.4203301123761837
0.3843174354765659,0.4203301123761837
0.3941120818091958,0.4213067494139927
0.3843174354765659,0.4203301123761837
0.3843174354765659,0.4183768383005654
0.3803995769435139,0.4164235642249472
0.374522789143936,0.4154469271871381
0.3705743223410945,0.4134864187630917
0.3646975345415166,0.4115331446874735
0.3588207467419387,0.4105565076496644
0.374522789143936,0.4115331446874735
0.3843174354765659,0.414470290149329
0.3803995769435139,0.4193534753383746
0.3588207467419387,0.4271738059892756
0.3490261004093087,0.4389079191398414
0.3137347653420516,0.4535647090554062
0.3098169068089997,0.4721425158190639
0.3196115531416296,0.4897364511964843
0.3352829872738374,0.5083070236117138
0.3392008458068894,0.523947684913516
0.3352829872738374,0.5366584351018908
0.3352829872738374,0.5483853139040282
0.3235294116746816,0.5591427900167849
0.3294061994742595,0.5679397577054951
0.3352829872738374,0.5737995799323498
0.3451082418762568,0.5777133624320144
0.2999916522065803,0.5796666365076326
0.2588235293397452,0.5796666365076326
0.7156825642173513,0.5786899994698235
1.503906727835743,0.5767367253942053
1.503906727835743,0.5737995799323498
1.3784434299687118,0.5698930317811133
0.5196059879460164,0.5640259752058304
0.4039067281418257,0.5552290075171202
0.4098141242111931,0.5444787657527919
0.3705743223410945,0.5327446526022261
0.3549028882088867,0.5210177738000886
0.3352829872738374,0.5092836606495229
0.3549028882088867,0.4995100559230035
0.3705743223410945,0.4916897252721025
0.374522789143936,0.4858226686968196
0.3646975345415166,0.479962846469965
0.3803995769435139,0.4740957898946821
0.3803995769435139,0.4692053703572084
0.3803995769435139,0.4652988222059719
0.3999888696087737,0.4623689110925446
0.419608770543823,0.4604084026684982
0.419608770543823,0.4574784915550708
0.4607768934106581,0.4545485804416435
0.4745200065461294,0.4506347979419788
0.5058934830803345,0.4457443784045051
0.5254827757455944,0.4408611932154596
0.5901886580805307,0.4369474107157949
0.6196032053482099,0.4320642255267494
0.6764733706170423,0.4281504430270847
0.7215593520169293,0.4252205319136574
0.7509738992846084,0.4232672578380392
0.7764705880192357,0.4213067494139927
0.7705938002196577,0.4193534753383746
0.7705938002196577,0.4174002012627563
0.7450971114850305,0.4154469271871381
0.6901858754827241,0.4134864187630917
0.6293978516808398,0.4125097817252826
0.5646919693459035,0.4105565076496644
0.5058934830803345,0.4095798706118552
0.4549001056110801,0.4086032335740461
0.4156909120107711,0.407626596536237
0.3901942232761438,0.407626596536237
0.3646975345415166,0.407626596536237
0.3451082418762568,0.407626596536237
0.3352829872738374,0.407626596536237
0.3294061994742595,0.4086032335740461
0.3352829872738374,0.4086032335740461
0.3235294116746816,0.407626596536237
0.3392008458068894,0.407626596536237
0.3588207467419387,0.407626596536237
0.3646975345415166,0.4086032335740461
0.374522789143936,0.4086032335740461
0.3646975345415166,0.4105565076496644
0.3803995769435139,0.4115331446874735
0.3843174354765659,0.4115331446874735
0.3941120818091958,0.4125097817252826
0.4039067281418257,0.4125097817252826
0.3803995769435139,0.4105565076496644
0.3941120818091958,0.4086032335740461
0.3941120818091958,0.4066499594984279
0.3803995769435139,0.4046894510743815
0.374522789143936,0.4046894510743815
0.3705743223410945,0.4056660881121906
0.374522789143936,0.4086032335740461
0.3901942232761438,0.414470290149329
0.3999888696087737,0.4242438948758483
0.3941120818091958,0.437924047753604
0.3901942232761438,0.4565018545172618
0.3803995769435139,0.4750724269324912
0.3549028882088867,0.4926663623099116
0.3196115531416296,0.5122208061113784
0.3451082418762568,0.5307913785266078
0.3588207467419387,0.5493619509418374
0.374522789143936,0.5650026122436396
0.3705743223410945,0.5786899994698235
0.374522789143936,0.5894402412341518
0.3392008458068894,0.598237208922862
0.3490261004093087,0.604104265498145
0.3392008458068894,0.6080180479978096
0.3490261004093087,0.6099713220734279
0.3549028882088867,0.6099713220734279
0.2686181756723751,0.6099713220734279
0.4490233178115022,0.6089946850356187
1.1764594576280094,0.6089946850356187
1.503906727835743,0.6060575395737632
1.503906727835743,0.6011743543847177
0.8156797816195448,0.5943306607716257
0.4549001056110801,0.5845570560451063
0.4294034168764529,0.5747834513185871
0.3999888696087737,0.5630493381680214
0.3646975345415166,0.5513224593658839
0.3490261004093087,0.539588346215318
0.3392008458068894,0.5288381044509897
0.3490261004093087,0.5210177738000886
0.3705743223410945,0.5131974431491875
0.3588207467419387,0.5063537495360956
0.3803995769435139,0.5024472013848591
0.3941120818091958,0.4985334188851945
0.4039067281418257,0.4965801448095762
0.4156909120107711,0.494626870733958
0.419608770543823,0.4916897252721025
0.4294034168764529,0.4887598141586752
0.4490233178115022,0.4858226686968196
0.4706021480130775,0.4809394835077741
0.4901914406783372,0.4760490639703003
0.5196059879460164,0.4721425158190639
0.5646919693459035,0.4682287333193992
0.6000139126829501,0.4652988222059719
0.6450998940828371,0.4623689110925446
0.6960932715520916,0.4604084026684982
0.7450971114850305,0.4584551285928799
0.7764705880192357,0.4565018545172618
0.796090488954285,0.4535647090554062
0.796090488954285,0.4496581609041697
0.7803884465522877,0.4457443784045051
0.7411792529519786,0.4418378302532686
0.7000111300851435,0.437924047753604
0.6509766818824151,0.4330408625645585
0.5843118702809528,0.4291270800648938
0.5254827757455944,0.4242438948758483
0.4803967943457073,0.4183768383005654
0.4549001056110801,0.414470290149329
0.4294034168764529,0.4115331446874735
0.4156909120107711,0.4095798706118552
0.3999888696087737,0.4086032335740461
0.3901942232761438,0.4095798706118552
0.3901942232761438,0.4095798706118552
0.4039067281418257,0.4095798706118552
0.4156909120107711,0.4105565076496644
0.4098141242111931,0.4105565076496644
0.419608770543823,0.4105565076496644
0.4254855583434009,0.4105565076496644
0.419608770543823,0.4105565076496644
0.4254855583434009,0.4105565076496644
0.4156909120107711,0.4105565076496644
0.4254855583434009,0.4115331446874735
0.4254855583434009,0.4105565076496644
0.4156909120107711,0.4105565076496644
0.4098141242111931,0.4105565076496644
0.4039067281418257,0.4095798706118552
0.3941120818091958,0.4095798706118552
0.4039067281418257,0.4095798706118552
0.3999888696087737,0.4095798706118552
0.3803995769435139,0.4105565076496644
0.4039067281418257,0.4125097817252826
0.4098141242111931,0.4164235642249472
0.4039067281418257,0.4252205319136574
0.4156909120107711,0.437924047753604
0.3941120818091958,0.4555252174794526
0.374522789143936,0.4760490639703003
0.3646975345415166,0.4965801448095762
0.3588207467419387,0.5180806283382331
0.3588207467419387,0.5376350721396999
0.3646975345415166,0.5552290075171202
0.3549028882088867,0.5698930317811133
0.3588207467419387,0.5806432735454417
0.3490261004093087,0.5865103301207246
0.3392008458068894,0.5923773866960075
0.3352829872738374,0.597260571885053
0.3352829872738374,0.5992210803090994
0.3451082418762568,0.6001977173469085
0.274494963471953,0.6001977173469085
0.4294034168764529,0.598237208922862
1.0921642826278133,0.5943306607716257
1.503906727835743,0.5894402412341518
1.503906727835743,0.5845570560451063
0.8960877063564784,0.5767367253942053
0.3588207467419387,0.566963120667686
0.3392008458068894,0.5562056445549294
0.3549028882088867,0.545455402790601
0.3352829872738374,0.531768015564417
0.3098169068089997,0.517103991300424
0.3137347653420516,0.5034238384226682
0.3098169068089997,0.4916897252721025
0.3196115531416296,0.4819161205455832
0.3352829872738374,0.4760490639703003
0.3294061994742595,0.4721425158190639
0.3451082418762568,0.4701892417434457
0.3549028882088867,0.4692053703572084
0.3588207467419387,0.4672520962815901
0.3705743223410945,0.466275459243781
0.374522789143936,0.4652988222059719
0.3901942232761438,0.4633455481303537
0.419608770543823,0.4613850397063073
0.4451054592784502,0.459431765630689
0.4803967943457073,0.4555252174794526
0.5294006342786464,0.4525880720175971
0.5705993654152709,0.4496581609041697
0.6196032053482099,0.4457443784045051
0.6862680169496722,0.4408611932154596
0.7254772105499813,0.4349941366401767
0.7411792529519786,0.4301109514511312
0.7450971114850305,0.4252205319136574
0.7548917578176605,0.4213067494139927
0.7254772105499813,0.4174002012627563
0.6862680169496722,0.414470290149329
0.615685346815158,0.4125097817252826
0.5646919693459035,0.4105565076496644
0.4941092992113892,0.4105565076496644
0.419608770543823,0.4086032335740461
0.3705743223410945,0.4066499594984279
0.3490261004093087,0.4056660881121906
0.3294061994742595,0.4046894510743815
0.2999916522065803,0.4037128140365724
0.3039095107396323,0.4027361769987633
0.2843202180743724,0.4017595399609542
0.2901970058739504,0.4017595399609542
0.2843202180743724,0.400782902923145
0.2999916522065803,0.3988296288475269
0.3098169068089997,0.3968691204234804
0.3039095107396323,0.3939392093100531
0.3294061994742595,0.3919859352344348
0.3352829872738374,0.3900326611588167
0.3352829872738374,0.3890487897725793
0.3352829872738374,0.3880721527347702
0.3392008458068894,0.3880721527347702
0.3549028882088867,0.3880721527347702
0.3549028882088867,0.3880721527347702
0.3549028882088867,0.3870955156969611
0.3549028882088867,0.3851422416213429
0.3490261004093087,0.3831889675457247
0.3392008458068894,0.3812284591216783
0.3451082418762568,0.37927518504606
0.3490261004093087,0.3782985480082509
0.3549028882088867,0.3802518220838691
0.3646975345415166,0.3822123305079156
0.3705743223410945,0.3880721527347702
0.3705743223410945,0.3968691204234804
0.374522789143936,0.4086032335740461
0.3352829872738374,0.4252205319136574
0.3196115531416296,0.4408611932154596
0.3352829872738374,0.4574784915550708
0.3392008458068894,0.4770257010081094
0.3451082418762568,0.4956035077717671
0.3235294116746816,0.5131974431491875
0.3235294116746816,0.5298147414887988
0.3039095107396323,0.5435021287149827
0.2999916522065803,0.5542523704793112
0.3098169068089997,0.5640259752058304
0.3098169068089997,0.5708696688189224
0.2901970058739504,0.5737995799323498
0.2549056708066933,0.5757600883563961
0.6509766818824151,0.5767367253942053
1.503906727835743,0.5767367253942053
1.503906727835743,0.5767367253942053
1.462738604968908,0.5737995799323498
0.5058934830803345,0.5698930317811133
0.3294061994742595,0.5620727011302122
0.3588207467419387,0.5513224593658839
0.3646975345415166,0.539588346215318
0.3705743223410945,0.5268848303753715
0.3588207467419387,0.5151507172248058
0.3352829872738374,0.5044004754604773
0.3352829872738374,0.4965801448095762
0.3490261004093087,0.4897364511964843
0.3705743223410945,0.4848460316590105
0.3803995769435139,0.479962846469965
0.3999888696087737,0.4770257010081094
0.3941120818091958,0.4750724269324912
0.4039067281418257,0.473119152856873
0.419608770543823,0.4701892417434457
0.4254855583434009,0.4692053703572084
0.4294034168764529,0.4672520962815901
0.4549001056110801,0.4652988222059719
0.4941092992113892,0.4633455481303537
0.5294006342786464,0.4604084026684982
0.5745172239483228,0.4584551285928799
0.6353052477502072,0.4555252174794526
0.6960932715520916,0.4525880720175971
0.7607991538870279,0.4486815238663607
0.7901830928849176,0.444767741366696
0.8255050362219641,0.4398845561776505
0.8117619230864929,0.4359707736779858
0.796090488954285,0.4320642255267494
0.7607991538870279,0.4271738059892756
0.7058879178847215,0.4222906208002301
0.6353052477502072,0.4174002012627563
0.5803940117479008,0.414470290149329
0.5058934830803345,0.4105565076496644
0.4607768934106581,0.407626596536237
0.4039067281418257,0.4066499594984279
0.3803995769435139,0.4056660881121906
0.3549028882088867,0.4046894510743815
0.3451082418762568,0.4046894510743815
0.3352829872738374,0.4037128140365724
0.3294061994742595,0.4017595399609542
0.3352829872738374,0.3998062658853359
0.3352829872738374,0.3998062658853359
0.3451082418762568,0.3988296288475269
0.3549028882088867,0.3988296288475269
0.3588207467419387,0.3988296288475269
0.3549028882088867,0.3988296288475269
0.3803995769435139,0.3988296288475269
0.3803995769435139,0.3998062658853359
0.3901942232761438,0.3978529918097178
0.4039067281418257,0.3958924833856713
0.3941120818091958,0.3939392093100531
0.3999888696087737,0.3919859352344348
0.3941120818091958,0.3890487897725793
0.4039067281418257,0.386118878659152
0.3901942232761438,0.3831889675457247
0.3803995769435139,0.3812284591216783
0.3646975345415166,0.37927518504606
0.3588207467419387,0.3802518220838691
0.3803995769435139,0.3822123305079156
0.3999888696087737,0.3851422416213429
0.4098141242111931,0.3910092981966258
0.3999888696087737,0.400782902923145
0.4098141242111931,0.4134864187630917
0.3843174354765659,0.4301109514511312
0.3549028882088867,0.4496581609041697
0.3490261004093087,0.4711658787812548
0.3451082418762568,0.4916897252721025
0.374522789143936,0.5102675320357603
0.3646975345415166,0.5268848303753715
0.3705743223410945,0.5405649832531272
0.3588207467419387,0.5513224593658839
0.3451082418762568,0.5591427900167849
0.3392008458068894,0.5650026122436396
0.3392008458068894,0.5689163947433042
0.3392008458068894,0.5728229428945406
0.274494963471953,0.5747834513185871
0.2647003171393232,0.5757600883563961
0.9411736877563656,0.5757600883563961
1.503906727835743,0.5747834513185871
1.503906727835743,0.5708696688189224
1.1058767874934952,0.5650026122436396
0.4803967943457073,0.5581589186305476
0.419608770543823,0.5483853139040282
0.3843174354765659,0.5376350721396999
0.3549028882088867,0.5288381044509897
0.3294061994742595,0.5200411367622795
0.3196115531416296,0.5092836606495229
0.3294061994742595,0.5004866929608127
0.3490261004093087,0.4936429993477207
0.3451082418762568,0.487783177120866
0.3646975345415166,0.4828927575833923
0.374522789143936,0.4809394835077741
0.3705743223410945,0.479962846469965
0.3803995769435139,0.4789862094321558
0.3901942232761438,0.4789862094321558
0.4039067281418257,0.4770257010081094
0.419608770543823,0.4740957898946821
0.4392286714788723,0.4711658787812548
0.46469475194371,0.466275459243781
0.4901914406783372,0.4613850397063073
0.5392258888810657,0.4565018545172618
0.5803940117479008,0.451611434979788
0.6254799931477878,0.4467282497907424
0.6862680169496722,0.4418378302532686
0.7058879178847215,0.4369474107157949
0.7411792529519786,0.4330408625645585
0.7509738992846084,0.4301109514511312
0.7666759416866058,0.4261971689514665
0.7509738992846084,0.4232672578380392
0.7098057764177734,0.4213067494139927
0.654894540415467,0.4193534753383746
0.60980855901558,0.4164235642249472
0.5548973230132735,0.414470290149329
0.4941092992113892,0.4134864187630917
0.4392286714788723,0.4125097817252826
0.4039067281418257,0.4115331446874735
0.3941120818091958,0.4115331446874735
0.3803995769435139,0.4115331446874735
0.374522789143936,0.4115331446874735
0.3588207467419387,0.4115331446874735
0.3705743223410945,0.4115331446874735
0.3646975345415166,0.4105565076496644
0.3705743223410945,0.4095798706118552
0.3646975345415166,0.4095798706118552
0.3803995769435139,0.4095798706118552
0.3843174354765659,0.4095798706118552
0.3901942232761438,0.4095798706118552
0.3941120818091958,0.4105565076496644
0.3999888696087737,0.4105565076496644
0.3999888696087737,0.414470290149329
0.3941120818091958,0.4193534753383746
0.4098141242111931,0.4213067494139927
0.4098141242111931,0.4222906208002301
0.4039067281418257,0.4222906208002301
0.3999888696087737,0.4222906208002301
0.3941120818091958,0.4222906208002301
0.3901942232761438,0.4222906208002301
0.3803995769435139,0.4232672578380392
0.3901942232761438,0.4252205319136574
0.4098141242111931,0.4301109514511312
0.4294034168764529,0.4408611932154596
0.4392286714788723,0.4555252174794526
0.4352802046760309,0.4740957898946821
0.419608770543823,0.4956035077717671
0.3999888696087737,0.5180806283382331
0.4039067281418257,0.539588346215318
0.4156909120107711,0.5581589186305476
0.4392286714788723,0.5728229428945406
0.4294034168764529,0.5855336930829155
0.4294034168764529,0.5962839348472438
0.4254855583434009,0.605080902535954
0.419608770543823,0.6129012331868552
0.4156909120107711,0.6177916527243289
0.4254855583434009,0.6197449267999471
0.4294034168764529,0.6207215638377562
0.3646975345415166,0.6216982008755654
0.3549028882088867,0.6216982008755654
0.99216706522562,0.6207215638377562
1.503906727835743,0.6177916527243289
1.503906727835743,0.6129012331868552
1.1470449103603302,0.6070414109600005
0.5098113416133866,0.5992210803090994
0.4352802046760309,0.5894402412341518
0.4254855583434009,0.5796666365076326
0.4039067281418257,0.5679397577054951
0.3843174354765659,0.5552290075171202
0.3646975345415166,0.5425254916771737
0.3588207467419387,0.5307913785266078
0.3803995769435139,0.5210177738000886
0.374522789143936,0.5131974431491875
0.3843174354765659,0.5073303865739046
0.3901942232761438,0.5024472013848591
0.3999888696087737,0.4995100559230035
0.4039067281418257,0.4985334188851945
0.419608770543823,0.4965801448095762
0.4294034168764529,0.494626870733958
0.4451054592784502,0.4936429993477207
0.4490233178115022,0.4916897252721025
0.4745200065461294,0.487783177120866
0.5098113416133866,0.4838693946212014
0.5353080303480138,0.479962846469965
0.5705993654152709,0.4760490639703003
0.6293978516808398,0.4721425158190639
0.6803912291500942,0.4682287333193992
0.7098057764177734,0.4643221851681628
0.7313846066193487,0.459431765630689
0.7450971114850305,0.4555252174794526
0.7450971114850305,0.451611434979788
0.7254772105499813,0.4477048868285516
0.6960932715520916,0.4437911043288869
0.6411820355497851,0.4408611932154596
0.5803940117479008,0.4359707736779858
0.5196059879460164,0.4310875884889403
0.4607768934106581,0.4271738059892756
0.3999888696087737,0.4242438948758483
0.3705743223410945,0.4213067494139927
0.3490261004093087,0.4183768383005654
0.3352829872738374,0.4174002012627563
0.3137347653420516,0.414470290149329
0.3039095107396323,0.4125097817252826
0.3098169068089997,0.4095798706118552
0.3098169068089997,0.407626596536237
0.3098169068089997,0.4066499594984279
0.3235294116746816,0.4066499594984279
0.3352829872738374,0.4066499594984279
0.3294061994742595,0.4086032335740461
0.3352829872738374,0.4105565076496644
0.3392008458068894,0.4125097817252826
0.3490261004093087,0.414470290149329
0.3352829872738374,0.4154469271871381
0.3451082418762568,0.4164235642249472
0.3451082418762568,0.4164235642249472
0.3294061994742595,0.4154469271871381
0.3352829872738374,0.414470290149329
0.3352829872738374,0.4134864187630917
0.3098169068089997,0.4115331446874735
0.3294061994742595,0.4105565076496644
0.3549028882088867,0.4105565076496644
0.3490261004093087,0.4115331446874735
0.3549028882088867,0.414470290149329
0.3490261004093087,0.4203301123761837
0.3549028882088867,0.4281504430270847
0.3196115531416296,0.4389079191398414
0.3098169068089997,0.4535647090554062
0.3098169068089997,0.4721425158190639
0.3098169068089997,0.4916897252721025
0.3294061994742595,0.5102675320357603
0.3196115531416296,0.5288381044509897
0.3196115531416296,0.5444787657527919
0.3294061994742595,0.5581589186305476
0.2999916522065803,0.5689163947433042
0.3137347653420516,0.5767367253942053
0.3137347653420516,0.5835804190072973
0.3235294116746816,0.5884636041963428
0.2588235293397452,0.5894402412341518
0.4941092992113892,0.590416878271961
1.3568645997671365,0.590416878271961
1.503906727835743,0.5894402412341518
1.503906727835743,0.5865103301207246
0.6803912291500942,0.5826037819694881
0.2999916522065803,0.5767367253942053
0.3294061994742595,0.5698930317811133
0.3352829872738374,0.560119427054594
0.3137347653420516,0.5483853139040282
0.2843202180743724,0.5366584351018908
0.2843202180743724,0.523947684913516
0.3098169068089997,0.5131974431491875
0.3196115531416296,0.5053771124982864
0.3137347653420516,0.4985334188851945
0.3196115531416296,0.4926663623099116
0.3294061994742595,0.4868065400830569
0.3392008458068894,0.4828927575833923
0.3549028882088867,0.4809394835077741
0.374522789143936,0.479962846469965
0.3901942232761438,0.4789862094321558
0.4039067281418257,0.4780023380459186
0.4451054592784502,0.4740957898946821
0.4803967943457073,0.4701892417434457
0.5098113416133866,0.466275459243781
0.5509794644802216,0.4623689110925446
0.605890700482528,0.4574784915550708
0.6607713282150449,0.4525880720175971
0.7098057764177734,0.4486815238663607
0.7450971114850305,0.444767741366696
0.7666759416866058,0.4408611932154596
0.7705938002196577,0.4359707736779858
0.7548917578176605,0.4310875884889403
0.7254772105499813,0.4271738059892756
0.6705965828174644,0.4242438948758483
0.6000139126829501,0.4213067494139927
0.5196059879460164,0.4183768383005654
0.4392286714788723,0.4164235642249472
0.3803995769435139,0.414470290149329
0.3294061994742595,0.4134864187630917
0.2941148644070023,0.4125097817252826
0.274494963471953,0.4125097817252826
0.2647003171393232,0.4134864187630917
0.2647003171393232,0.4134864187630917
0.2686181756723751,0.414470290149329
0.2843202180743724,0.4164235642249472
0.3039095107396323,0.4183768383005654
0.3137347653420516,0.4203301123761837
0.3196115531416296,0.4222906208002301
0.3294061994742595,0.4222906208002301
0.3451082418762568,0.4232672578380392
0.3392008458068894,0.4232672578380392
0.3646975345415166,0.4232672578380392
0.374522789143936,0.4232672578380392
0.374522789143936,0.4242438948758483
0.3803995769435139,0.4232672578380392
0.3646975345415166,0.4222906208002301
0.3705743223410945,0.4203301123761837
0.3451082418762568,0.4174002012627563
0.3392008458068894,0.4154469271871381
0.3352829872738374,0.4125097817252826
0.3352829872738374,0.4095798706118552
0.3392008458068894,0.4086032335740461
0.3705743223410945,0.4095798706118552
0.3803995769435139,0.4105565076496644
0.3803995769435139,0.4134864187630917
0.3705743223410945,0.4193534753383746
0.3803995769435139,0.4271738059892756
0.3392008458068894,0.4369474107157949
0.3235294116746816,0.4506347979419788
0.3352829872738374,0.4672520962815901
0.3392008458068894,0.4858226686968196
0.3549028882088867,0.5034238384226682
0.3588207467419387,0.5200411367622795
0.3490261004093087,0.5337212896400352
0.3352829872738374,0.5435021287149827
0.3294061994742595,0.553275733441502
0.3294061994742595,0.5620727011302122
0.3392008458068894,0.5698930317811133
0.3549028882088867,0.5757600883563961
0.2686181756723751,0.5796666365076326
0.5960654458801087,0.5826037819694881
1.503906727835743,0.5816199105832508
1.503906727835743,0.5806432735454417
1.503906727835743,0.5777133624320144
0.605890700482528,0.5708696688189224
0.4098141242111931,0.5620727011302122
0.3941120818091958,0.5522990964036929
0.374522789143936,0.5425254916771737
0.3490261004093087,0.5307913785266078
0.3490261004093087,0.5190644997244704
0.3451082418762568,0.5083070236117138
0.3588207467419387,0.4975567818473854
0.3549028882088867,0.4897364511964843
0.3646975345415166,0.4828927575833923
0.3901942232761438,0.4770257010081094
0.3803995769435139,0.4721425158190639
0.3843174354765659,0.4692053703572084
0.4039067281418257,0.4672520962815901
0.4098141242111931,0.466275459243781
0.4039067281418257,0.466275459243781
0.4607768934106581,0.4643221851681628
0.4843146528787593,0.4623689110925446
0.4999860870109672,0.4584551285928799
0.5294006342786464,0.4545485804416435
0.5705993654152709,0.4496581609041697
0.60980855901558,0.444767741366696
0.6803912291500942,0.4398845561776505
0.7156825642173513,0.4349941366401767
0.7509738992846084,0.4310875884889403
0.7666759416866058,0.4271738059892756
0.7764705880192357,0.4252205319136574
0.7666759416866058,0.4232672578380392
0.7353024651524006,0.4222906208002301
0.6901858754827241,0.4203301123761837
0.6293978516808398,0.4174002012627563
0.5705993654152709,0.4154469271871381
0.5098113416133866,0.414470290149329
0.46469475194371,0.414470290149329
0.419608770543823,0.414470290149329
0.3901942232761438,0.414470290149329
0.3588207467419387,0.414470290149329
0.3549028882088867,0.4154469271871381
0.3490261004093087,0.4164235642249472
0.3392008458068894,0.4183768383005654
0.3451082418762568,0.4193534753383746
0.3549028882088867,0.4203301123761837
0.3646975345415166,0.4213067494139927
0.3588207467419387,0.4232672578380392
0.3588207467419387,0.4232672578380392
0.374522789143936,0.4242438948758483
0.3803995769435139,0.4242438948758483
0.3901942232761438,0.4242438948758483
0.4039067281418257,0.4242438948758483
0.4098141242111931,0.4242438948758483
0.3999888696087737,0.4232672578380392
0.3941120818091958,0.4222906208002301
0.3843174354765659,0.4203301123761837
0.3803995769435139,0.4193534753383746
0.3705743223410945,0.4174002012627563
0.3646975345415166,0.4154469271871381
0.374522789143936,0.4154469271871381
0.3901942232761438,0.4174002012627563
0.4039067281418257,0.4222906208002301
0.4156909120107711,0.4310875884889403
0.4039067281418257,0.444767741366696
0.3999888696087737,0.4633455481303537
0.3803995769435139,0.4848460316590105
0.3549028882088867,0.5073303865739046
0.3549028882088867,0.5268848303753715
0.3490261004093087,0.5444787657527919
0.374522789143936,0.5591427900167849
0.3843174354765659,0.5698930317811133
0.3705743223410945,0.5816199105832508
0.3490261004093087,0.5914007496581983
0.3392008458068894,0.5992210803090994
0.3549028882088867,0.605080902535954
0.3490261004093087,0.6080180479978096
0.3588207467419387,0.6099713220734279
0.2784434302747945,0.6109479591112369
0.2647003171393232,0.611924596149046
0.9215537868213162,0.6099713220734279
1.503906727835743,0.6080180479978096
1.503906727835743,0.6060575395737632
1.041170905158559,0.6021509914225267
0.4706021480130775,0.597260571885053
0.4156909120107711,0.590416878271961
0.3803995769435139,0.5806432735454417
0.374522789143936,0.5689163947433042
0.3490261004093087,0.5571822815927384
0.3352829872738374,0.5444787657527919
0.3196115531416296,0.5307913785266078
0.3490261004093087,0.5190644997244704
0.3549028882088867,0.5092836606495229
0.3451082418762568,0.5014633299986218
0.3803995769435139,0.494626870733958
0.3843174354765659,0.4887598141586752
0.3901942232761438,0.4848460316590105
0.4039067281418257,0.4809394835077741
0.4156909120107711,0.4780023380459186
0.4254855583434009,0.4750724269324912
0.4392286714788723,0.4721425158190639
0.46469475194371,0.4692053703572084
0.4941092992113892,0.4672520962815901
0.5392258888810657,0.4633455481303537
0.5803940117479008,0.4604084026684982
0.6254799931477878,0.4574784915550708
0.6764733706170423,0.4545485804416435
0.7058879178847215,0.4525880720175971
0.7411792529519786,0.4496581609041697
0.7548917578176605,0.4467282497907424
0.7509738992846084,0.4418378302532686
0.7353024651524006,0.4369474107157949
0.7058879178847215,0.4330408625645585
0.6607713282150449,0.4281504430270847
0.605890700482528,0.4242438948758483
0.5509794644802216,0.4203301123761837
0.5058934830803345,0.4164235642249472
0.4607768934106581,0.4134864187630917
0.4294034168764529,0.4115331446874735
0.4098141242111931,0.4095798706118552
0.4039067281418257,0.4086032335740461
0.4039067281418257,0.407626596536237
0.3999888696087737,0.407626596536237
0.4039067281418257,0.4056660881121906
0.4254855583434009,0.4046894510743815
0.4294034168764529,0.4046894510743815
0.4352802046760309,0.4037128140365724
0.4451054592784502,0.4046894510743815
0.4490233178115022,0.4056660881121906
0.4490233178115022,0.407626596536237
0.4451054592784502,0.4086032335740461
0.4451054592784502,0.407626596536237
0.4490233178115022,0.407626596536237
0.4490233178115022,0.4056660881121906
0.4392286714788723,0.4037128140365724
0.4352802046760309,0.4027361769987633
0.4352802046760309,0.400782902923145
0.4254855583434009,0.400782902923145
0.419608770543823,0.3998062658853359
0.419608770543823,0.3998062658853359
0.4156909120107711,0.400782902923145
0.4294034168764529,0.4037128140365724
0.4392286714788723,0.4086032335740461
0.4352802046760309,0.4164235642249472
0.4294034168764529,0.4261971689514665
0.419608770543823,0.4408611932154596
0.3901942232761438,0.459431765630689
0.3803995769435139,0.479962846469965
0.3803995769435139,0.5004866929608127
0.3941120818091958,0.5200411367622795
0.4039067281418257,0.538611709177509
0.3901942232761438,0.5542523704793112
0.3843174354765659,0.5659792492814486
0.3803995769435139,0.5737995799323498
0.3588207467419387,0.5806432735454417
0.3646975345415166,0.5835804190072973
0.3588207467419387,0.5845570560451063
0.374522789143936,0.5855336930829155
0.2941148644070023,0.5855336930829155
0.6509766818824151,0.5845570560451063
1.503906727835743,0.5835804190072973
1.503906727835743,0.5816199105832508
1.503906727835743,0.5786899994698235
0.5509794644802216,0.5737995799323498
0.3588207467419387,0.5689163947433042
0.3803995769435139,0.560119427054594
0.3549028882088867,0.5503385879796465
0.3392008458068894,0.5366584351018908
0.3294061994742595,0.5229710478757068
0.3392008458068894,0.5102675320357603
0.3392008458068894,0.4975567818473854
0.3352829872738374,0.4868065400830569
0.3392008458068894,0.4780023380459186
0.3451082418762568,0.4711658787812548
0.3588207467419387,0.466275459243781
0.3588207467419387,0.4633455481303537
0.374522789143936,0.4604084026684982
0.3803995769435139,0.4565018545172618
0.3901942232761438,0.4535647090554062
0.4098141242111931,0.4496581609041697
0.4294034168764529,0.4477048868285516
0.4549001056110801,0.4457443784045051
0.4941092992113892,0.4418378302532686
0.5392258888810657,0.437924047753604
0.5843118702809528,0.4340174996023676
0.6353052477502072,0.4310875884889403
0.6803912291500942,0.4271738059892756
0.7058879178847215,0.4242438948758483
0.7215593520169293,0.4222906208002301
0.7313846066193487,0.4193534753383746
0.7215593520169293,0.4154469271871381
0.6862680169496722,0.4125097817252826
0.6411820355497851,0.4105565076496644
0.5843118702809528,0.4086032335740461
0.5058934830803345,0.4066499594984279
0.4549001056110801,0.4046894510743815
0.4039067281418257,0.4017595399609542
0.3588207467419387,0.3998062658853359
0.3352829872738374,0.3968691204234804
0.3098169068089997,0.3939392093100531
0.2901970058739504,0.3919859352344348
0.2941148644070023,0.3900326611588167
0.2901970058739504,0.3900326611588167
0.2843202180743724,0.3890487897725793
0.3098169068089997,0.3910092981966258
0.3039095107396323,0.392962572272244
0.2999916522065803,0.3939392093100531
0.3196115531416296,0.392962572272244
0.3392008458068894,0.392962572272244
0.3352829872738374,0.3919859352344348
0.3392008458068894,0.3900326611588167
0.3549028882088867,0.3890487897725793
0.3451082418762568,0.3880721527347702
0.3549028882088867,0.3870955156969611
0.3490261004093087,0.386118878659152
0.3392008458068894,0.3851422416213429
0.3352829872738374,0.3831889675457247
0.3392008458068894,0.3812284591216783
0.3294061994742595,0.37927518504606
0.3352829872738374,0.3782985480082509
0.3352829872738374,0.3773219109704418
0.3490261004093087,0.3782985480082509
0.3588207467419387,0.3812284591216783
0.3549028882088867,0.3880721527347702
0.3451082418762568,0.3978529918097178
0.3137347653420516,0.4125097817252826
0.3098169068089997,0.4301109514511312
0.3137347653420516,0.4506347979419788
0.3196115531416296,0.4711658787812548
0.3352829872738374,0.4907130882342934
0.3235294116746816,0.5073303865739046
0.3294061994742595,0.5200411367622795
0.3098169068089997,0.5337212896400352
0.3098169068089997,0.54643203982841
0.3294061994742595,0.5571822815927384
0.3137347653420516,0.5650026122436396
0.3196115531416296,0.5698930317811133
0.274494963471953,0.5718463058567315
0.7509738992846084,0.5718463058567315
1.503906727835743,0.5698930317811133
1.503906727835743,0.5679397577054951
1.407857977236391,0.5650026122436396
0.4745200065461294,0.5610960640924031
0.3196115531416296,0.5562056445549294
0.3451082418762568,0.5503385879796465
0.3352829872738374,0.5435021287149827
0.3392008458068894,0.5347051610262725
0.3137347653420516,0.523947684913516
0.3098169068089997,0.5122208061113784
0.3137347653420516,0.4995100559230035
0.3196115531416296,0.4887598141586752
0.3137347653420516,0.4789862094321558
0.3235294116746816,0.4711658787812548
0.3235294116746816,0.4652988222059719
0.3294061994742595,0.4604084026684982
0.3352829872738374,0.4584551285928799
0.3451082418762568,0.4574784915550708
0.3588207467419387,0.4565018545172618
0.3803995769435139,0.4565018545172618
0.4156909120107711,0.4565018545172618
0.4549001056110801,0.4565018545172618
0.4999860870109672,0.4545485804416435
0.5548973230132735,0.4525880720175971
0.6196032053482099,0.4496581609041697
0.6901858754827241,0.4467282497907424
0.7509738992846084,0.4418378302532686
0.7901830928849176,0.4369474107157949
0.8117619230864929,0.4320642255267494
0.8215565694191228,0.4271738059892756
0.8058851352869149,0.4232672578380392
0.7666759416866058,0.4193534753383746
0.7098057764177734,0.4154469271871381
0.6293978516808398,0.4115331446874735
0.5451026766806437,0.4086032335740461
0.4745200065461294,0.407626596536237
0.419608770543823,0.4066499594984279
0.3843174354765659,0.4066499594984279
0.3392008458068894,0.407626596536237
0.2999916522065803,0.407626596536237
0.274494963471953,0.407626596536237
0.2843202180743724,0.4086032335740461
0.2901970058739504,0.407626596536237
0.2941148644070023,0.407626596536237
0.2999916522065803,0.4066499594984279
0.3098169068089997,0.4056660881121906
0.3235294116746816,0.4056660881121906
0.3392008458068894,0.4046894510743815
0.3352829872738374,0.4046894510743815
0.3549028882088867,0.4056660881121906
0.3705743223410945,0.4056660881121906
0.374522789143936,0.4037128140365724
0.3705743223410945,0.4017595399609542
0.3803995769435139,0.3998062658853359
0.3803995769435139,0.3978529918097178
0.374522789143936,0.3958924833856713
0.3705743223410945,0.3939392093100531
0.3490261004093087,0.3910092981966258
0.3705743223410945,0.3900326611588167
0.3588207467419387,0.3890487897725793
0.3803995769435139,0.3890487897725793
0.3843174354765659,0.3900326611588167
0.3941120818091958,0.3919859352344348
0.4039067281418257,0.3958924833856713
0.3843174354765659,0.4027361769987633
0.3803995769435139,0.4125097817252826
0.3490261004093087,0.4232672578380392
0.3451082418762568,0.4359707736779858
0.3392008458068894,0.4525880720175971
0.3646975345415166,0.4711658787812548
0.3803995769435139,0.4887598141586752
0.3588207467419387,0.5073303865739046
0.3588207467419387,0.524924321951325
0.3392008458068894,0.539588346215318
0.3451082418762568,0.5513224593658839
0.3549028882088867,0.560119427054594
0.3549028882088867,0.5650026122436396
0.3392008458068894,0.5659792492814486
0.274494963471953,0.5659792492814486
0.5843118702809528,0.5640259752058304
1.468615392768486,0.560119427054594
1.503906727835743,0.5552290075171202
1.503906727835743,0.5503385879796465
0.6764733706170423,0.5435021287149827
0.4294034168764529,0.5347051610262725
0.4156909120107711,0.523947684913516
0.3843174354765659,0.5122208061113784
0.3588207467419387,0.5014633299986218
0.3294061994742595,0.4926663623099116
0.3392008458068894,0.4858226686968196
0.3588207467419387,0.479962846469965
0.3705743223410945,0.4750724269324912
0.3646975345415166,0.4721425158190639
0.3843174354765659,0.4701892417434457
0.3803995769435139,0.4701892417434457
0.3901942232761438,0.4692053703572084
0.4039067281418257,0.4672520962815901
0.4156909120107711,0.4652988222059719
0.4254855583434009,0.4623689110925446
0.4607768934106581,0.459431765630689
0.4706021480130775,0.4555252174794526
0.4941092992113892,0.451611434979788
0.5156881294129645,0.4486815238663607
0.5646919693459035,0.4457443784045051
0.60980855901558,0.4428144672910778
0.6705965828174644,0.4408611932154596
0.7156825642173513,0.4389079191398414
0.7411792529519786,0.4369474107157949
0.7607991538870279,0.4340174996023676
0.7803884465522877,0.4320642255267494
0.7862652343518657,0.4291270800648938
0.7411792529519786,0.4271738059892756
0.6960932715520916,0.4242438948758483
0.6353052477502072,0.4222906208002301
0.5745172239483228,0.4213067494139927
0.5196059879460164,0.4193534753383746
0.46469475194371,0.4183768383005654
0.4254855583434009,0.4174002012627563
0.3999888696087737,0.4154469271871381
0.3803995769435139,0.4134864187630917
0.374522789143936,0.4115331446874735
0.3588207467419387,0.4105565076496644
0.3549028882088867,0.4105565076496644
0.3549028882088867,0.4105565076496644
0.3588207467419387,0.4115331446874735
0.374522789143936,0.4115331446874735
0.3705743223410945,0.4115331446874735
0.374522789143936,0.4105565076496644
0.3705743223410945,0.4105565076496644
0.3901942232761438,0.4105565076496644
0.3941120818091958,0.4125097817252826
0.3901942232761438,0.414470290149329
0.4039067281418257,0.4164235642249472
0.4098141242111931,0.4183768383005654
0.3999888696087737,0.4183768383005654
0.4039067281418257,0.4183768383005654
0.4039067281418257,0.4183768383005654
0.3901942232761438,0.4183768383005654
0.3843174354765659,0.4193534753383746
0.3646975345415166,0.4193534753383746
0.3941120818091958,0.4203301123761837
0.4098141242111931,0.4222906208002301
0.4254855583434009,0.4261971689514665
0.4254855583434009,0.4359707736779858
0.4156909120107711,0.4506347979419788
0.4156909120107711,0.4692053703572084
0.3705743223410945,0.4887598141586752
0.3843174354765659,0.5102675320357603
0.3803995769435139,0.531768015564417
0.3999888696087737,0.5522990964036929
0.3901942232761438,0.5689163947433042
0.3803995769435139,0.5826037819694881
0.3588207467419387,0.5923773866960075
0.3451082418762568,0.598237208922862
0.3705743223410945,0.6021509914225267
0.3646975345415166,0.604104265498145
0.3843174354765659,0.605080902535954
0.3039095107396323,0.6060575395737632
0.2901970058739504,0.6060575395737632
0.8960877063564784,0.6060575395737632
1.503906727835743,0.604104265498145
1.503906727835743,0.6001977173469085
1.0921642826278133,0.5962839348472438
0.4901914406783372,0.590416878271961
0.4254855583434009,0.5835804190072973
0.4039067281418257,0.5747834513185871
0.3803995769435139,0.566963120667686
0.374522789143936,0.5581589186305476
0.3549028882088867,0.5474086768662192
0.3705743223410945,0.5366584351018908
0.3999888696087737,0.5268848303753715
0.4156909120107711,0.5180806283382331
0.4254855583434009,0.5102675320357603
0.4607768934106581,0.5034238384226682
0.4706021480130775,0.4975567818473854
0.4706021480130775,0.494626870733958
0.4843146528787593,0.4916897252721025
0.4999860870109672,0.487783177120866
0.5156881294129645,0.4848460316590105
0.5353080303480138,0.4819161205455832
0.5548973230132735,0.4780023380459186
0.5803940117479008,0.4740957898946821
0.615685346815158,0.4701892417434457
0.654894540415467,0.466275459243781
0.6901858754827241,0.4633455481303537
0.7450971114850305,0.459431765630689
0.7803884465522877,0.4555252174794526
0.800008347487337,0.451611434979788
0.8156797816195448,0.4477048868285516
0.8255050362219641,0.4437911043288869
0.796090488954285,0.4398845561776505
0.7509738992846084,0.4369474107157949
0.6960932715520916,0.4330408625645585
0.6450998940828371,0.4291270800648938
0.5745172239483228,0.4252205319136574
0.5098113416133866,0.4222906208002301
0.4607768934106581,0.4203301123761837
0.419608770543823,0.4193534753383746
0.3901942232761438,0.4174002012627563
0.3705743223410945,0.4164235642249472
0.3646975345415166,0.4154469271871381
0.3549028882088867,0.4154469271871381
0.3549028882088867,0.4154469271871381
0.3588207467419387,0.4154469271871381
0.3549028882088867,0.4174002012627563
0.3705743223410945,0.4183768383005654
0.3803995769435139,0.4183768383005654
0.374522789143936,0.4183768383005654
0.3803995769435139,0.4174002012627563
0.3843174354765659,0.4174002012627563
0.3843174354765659,0.4174002012627563
0.3843174354765659,0.4183768383005654
0.3901942232761438,0.4183768383005654
0.374522789143936,0.4174002012627563
0.3705743223410945,0.4164235642249472
0.3646975345415166,0.414470290149329
0.3549028882088867,0.4134864187630917
0.3392008458068894,0.4125097817252826
0.3490261004093087,0.4115331446874735
0.3588207467419387,0.4125097817252826
0.374522789143936,0.414470290149329
0.3705743223410945,0.4174002012627563
0.3588207467419387,0.4222906208002301
0.3705743223410945,0.4310875884889403
0.3451082418762568,0.4437911043288869
0.3196115531416296,0.4604084026684982
0.3137347653420516,0.4780023380459186
0.3196115531416296,0.4965801448095762
0.3451082418762568,0.5112441690735693
0.3392008458068894,0.524924321951325
0.3352829872738374,0.5376350721396999
0.3196115531416296,0.5503385879796465
0.3098169068089997,0.560119427054594
0.3196115531416296,0.566963120667686
0.3098169068089997,0.5718463058567315
0.3098169068089997,0.5757600883563961
0.2549056708066933,0.5777133624320144
0.2490288830071153,0.5786899994698235
0.9156769990217384,0.5786899994698235
1.503906727835743,0.5786899994698235
1.503906727835743,0.5767367253942053
1.0509655514911889,0.5737995799323498
0.3646975345415166,0.5698930317811133
0.3039095107396323,0.5640259752058304
0.3294061994742595,0.5571822815927384
0.3039095107396323,0.5483853139040282
0.2999916522065803,0.5376350721396999
0.2843202180743724,0.5259009589891341
0.2901970058739504,0.5141740801869966
0.3098169068089997,0.5034238384226682
0.3137347653420516,0.494626870733958
0.3235294116746816,0.487783177120866
0.3352829872738374,0.4828927575833923
0.3352829872738374,0.479962846469965
0.3451082418762568,0.4770257010081094
0.3646975345415166,0.4750724269324912
0.374522789143936,0.473119152856873
0.3901942232761438,0.4711658787812548
0.4254855583434009,0.4672520962815901
0.4451054592784502,0.4633455481303537
0.4803967943457073,0.4584551285928799
0.5254827757455944,0.4535647090554062
0.5548973230132735,0.4486815238663607
0.6196032053482099,0.4437911043288869
0.6705965828174644,0.4389079191398414
0.7254772105499813,0.4340174996023676
0.7450971114850305,0.4301109514511312
0.7411792529519786,0.4261971689514665
0.7548917578176605,0.4222906208002301
0.7254772105499813,0.4193534753383746
0.6901858754827241,0.4174002012627563
0.6254799931477878,0.4154469271871381
0.5646919693459035,0.4134864187630917
0.4843146528787593,0.4115331446874735
0.4294034168764529,0.4086032335740461
0.3646975345415166,0.4066499594984279
0.3294061994742595,0.4037128140365724
0.3039095107396323,0.4017595399609542
0.2901970058739504,0.3998062658853359
0.2843202180743724,0.3988296288475269
0.2784434302747945,0.3988296288475269
0.274494963471953,0.3998062658853359
0.2784434302747945,0.4017595399609542
0.274494963471953,0.4037128140365724
0.2941148644070023,0.4046894510743815
0.3039095107396323,0.4037128140365724
0.3098169068089997,0.4037128140365724
0.3235294116746816,0.4027361769987633
0.3294061994742595,0.4027361769987633
0.3352829872738374,0.4017595399609542
0.3352829872738374,0.400782902923145
0.3352829872738374,0.400782902923145
0.3235294116746816,0.4017595399609542
0.3196115531416296,0.400782902923145
0.3098169068089997,0.3998062658853359
0.2999916522065803,0.3978529918097178
0.2941148644070023,0.3958924833856713
0.2999916522065803,0.3939392093100531
0.3098169068089997,0.3919859352344348
0.3137347653420516,0.3919859352344348
0.3235294116746816,0.392962572272244
0.3294061994742595,0.3958924833856713
0.3294061994742595,0.4027361769987633
0.3235294116746816,0.4105565076496644
0.3039095107396323,0.4203301123761837
0.3039095107396323,0.4330408625645585
0.3137347653420516,0.4496581609041697
0.3352829872738374,0.4682287333193992
0.3451082418762568,0.4868065400830569
0.3352829872738374,0.5044004754604773
0.3490261004093087,0.5200411367622795
0.3294061994742595,0.5337212896400352
0.3392008458068894,0.545455402790601
0.3294061994742595,0.5542523704793112
0.3392008458068894,0.5620727011302122
0.2999916522065803,0.566963120667686
0.2549056708066933,0.5698930317811133
0.6607713282150449,0.5708696688189224
1.503906727835743,0.5718463058567315
1.503906727835743,0.5718463058567315
1.45686181716933,0.5698930317811133
0.5058934830803345,0.566963120667686
0.3490261004093087,0.5610960640924031
0.3646975345415166,0.5542523704793112
0.3451082418762568,0.5435021287149827
0.3352829872738374,0.531768015564417
0.3196115531416296,0.5200411367622795
0.3098169068089997,0.5073303865739046
0.3294061994742595,0.4985334188851945
0.3352829872738374,0.4926663623099116
0.3549028882088867,0.4868065400830569
0.3588207467419387,0.4819161205455832
0.3646975345415166,0.4780023380459186
0.374522789143936,0.4760490639703003
0.3941120818091958,0.4750724269324912
0.4098141242111931,0.473119152856873
0.4039067281418257,0.4701892417434457
0.4490233178115022,0.4682287333193992
0.4607768934106581,0.4643221851681628
0.4999860870109672,0.4604084026684982
0.5353080303480138,0.4565018545172618
0.5745172239483228,0.4525880720175971
0.615685346815158,0.4486815238663607
0.6705965828174644,0.4437911043288869
0.7156825642173513,0.4398845561776505
0.7548917578176605,0.4349941366401767
0.7764705880192357,0.4301109514511312
0.7666759416866058,0.4261971689514665
0.7803884465522877,0.4222906208002301
0.7411792529519786,0.4193534753383746
0.6901858754827241,0.4164235642249472
0.6196032053482099,0.414470290149329
0.5607741108128516,0.4115331446874735
0.4941092992113892,0.4095798706118552
0.4392286714788723,0.4086032335740461
0.4039067281418257,0.4066499594984279
0.374522789143936,0.4037128140365724
0.3451082418762568,0.4027361769987633
0.3392008458068894,0.4017595399609542
0.3294061994742595,0.400782902923145
0.3235294116746816,0.400782902923145
0.3196115531416296,0.400782902923145
0.3235294116746816,0.4017595399609542
0.3490261004093087,0.400782902923145
0.3490261004093087,0.400782902923145
0.3588207467419387,0.400782902923145
0.374522789143936,0.3998062658853359
0.3705743223410945,0.3988296288475269
0.3803995769435139,0.3978529918097178
0.3843174354765659,0.3978529918097178
0.3901942232761438,0.3968691204234804
0.3901942232761438,0.3968691204234804
0.3999888696087737,0.3968691204234804
0.3803995769435139,0.3958924833856713
0.374522789143936,0.3949158463478622
0.3646975345415166,0.3939392093100531
0.374522789143936,0.392962572272244
0.3646975345415166,0.3919859352344348
0.3843174354765659,0.392962572272244
0.4039067281418257,0.3958924833856713
0.3999888696087737,0.400782902923145
0.3901942232761438,0.4095798706118552
0.4039067281418257,0.4222906208002301
0.3843174354765659,0.4389079191398414
0.3490261004093087,0.459431765630689
0.3490261004093087,0.4819161205455832
0.3549028882088867,0.5034238384226682
0.3705743223410945,0.524924321951325
0.3646975345415166,0.5435021287149827
0.3705743223410945,0.5591427900167849
0.3549028882088867,0.5689163947433042
0.3392008458068894,0.5757600883563961
0.3451082418762568,0.5806432735454417
0.3392008458068894,0.5835804190072973
0.3451082418762568,0.5855336930829155
0.2784434302747945,0.5865103301207246
0.2686181756723751,0.5855336930829155
0.9705882350240448,0.5835804190072973
1.503906727835743,0.5816199105832508
1.503906727835743,0.5786899994698235
1.027458400292877,0.5757600883563961
0.4901914406783372,0.5718463058567315
0.4254855583434009,0.5659792492814486
0.3999888696087737,0.560119427054594
0.374522789143936,0.553275733441502
0.3490261004093087,0.5435021287149827
0.3352829872738374,0.531768015564417
0.3451082418762568,0.5200411367622795
0.374522789143936,0.5102675320357603
0.3490261004093087,0.5024472013848591
0.3588207467419387,0.4956035077717671
0.374522789143936,0.4916897252721025
0.3803995769435139,0.4897364511964843
0.3843174354765659,0.4868065400830569
0.3941120818091958,0.4848460316590105
0.4098141242111931,0.4838693946212014
0.4156909120107711,0.4819161205455832
0.4392286714788723,0.4809394835077741
0.4607768934106581,0.4780023380459186
0.4803967943457073,0.4740957898946821
0.5254827757455944,0.4711658787812548
0.5705993654152709,0.4672520962815901
0.60980855901558,0.4633455481303537
0.6607713282150449,0.4604084026684982
0.7000111300851435,0.4565018545172618
0.7215593520169293,0.451611434979788
0.7353024651524006,0.4477048868285516
0.7353024651524006,0.4428144672910778
0.7254772105499813,0.437924047753604
0.6901858754827241,0.4340174996023676
0.6509766818824151,0.4301109514511312
0.5901886580805307,0.4252205319136574
0.5353080303480138,0.4232672578380392
0.4803967943457073,0.4213067494139927
0.4352802046760309,0.4213067494139927
0.3941120818091958,0.4203301123761837
0.3705743223410945,0.4203301123761837
0.3549028882088867,0.4193534753383746
0.3490261004093087,0.4183768383005654
0.3451082418762568,0.4183768383005654
0.3549028882088867,0.4183768383005654
0.3490261004093087,0.4183768383005654
0.3646975345415166,0.4183768383005654
0.3705743223410945,0.4193534753383746
0.374522789143936,0.4193534753383746
0.3705743223410945,0.4193534753383746
0.374522789143936,0.4193534753383746
0.374522789143936,0.4193534753383746
0.3803995769435139,0.4183768383005654
0.3901942232761438,0.4174002012627563
0.3941120818091958,0.4164235642249472
0.3941120818091958,0.414470290149329
0.3999888696087737,0.4134864187630917
0.3999888696087737,0.4115331446874735
0.3843174354765659,0.4115331446874735
0.374522789143936,0.4105565076496644
0.374522789143936,0.4115331446874735
0.3705743223410945,0.4134864187630917
0.4039067281418257,0.4174002012627563
0.4254855583434009,0.4242438948758483
0.4098141242111931,0.4340174996023676
0.4039067281418257,0.4477048868285516
0.3843174354765659,0.466275459243781
0.3549028882088867,0.487783177120866
0.3549028882088867,0.5092836606495229
0.3549028882088867,0.5278614674131806
0.374522789143936,0.5425254916771737
0.3803995769435139,0.5571822815927384
0.374522789143936,0.5698930317811133
0.3803995769435139,0.5796666365076326
0.3646975345415166,0.5884636041963428
0.3705743223410945,0.5953072978094348
0.3843174354765659,0.6001977173469085
0.3999888696087737,0.6021509914225267
0.3490261004093087,0.6031276284603359
0.3196115531416296,0.604104265498145
0.9058823526891084,0.604104265498145
1.503906727835743,0.6031276284603359
1.503906727835743,0.6011743543847177
1.1568701649627495,0.598237208922862
0.5098113416133866,0.5933540237338165
0.4451054592784502,0.5865103301207246
0.4352802046760309,0.5767367253942053
0.4156909120107711,0.5659792492814486
0.3941120818091958,0.5552290075171202
0.3646975345415166,0.5425254916771737
0.3549028882088867,0.5307913785266078
0.3803995769435139,0.5200411367622795
0.4039067281418257,0.5102675320357603
0.3901942232761438,0.5034238384226682
0.4039067281418257,0.4995100559230035
0.4254855583434009,0.4956035077717671
0.4294034168764529,0.4926663623099116
0.4294034168764529,0.4897364511964843
0.4451054592784502,0.4868065400830569
0.4490233178115022,0.4838693946212014
0.4706021480130775,0.4809394835077741
0.4843146528787593,0.4789862094321558
0.5098113416133866,0.4750724269324912
0.5451026766806437,0.4721425158190639
0.5843118702809528,0.4692053703572084
0.6411820355497851,0.4652988222059719
0.6764733706170423,0.4613850397063073
0.7156825642173513,0.4584551285928799
0.7450971114850305,0.4555252174794526
0.7548917578176605,0.451611434979788
0.7548917578176605,0.4486815238663607
0.7411792529519786,0.444767741366696
0.7098057764177734,0.4398845561776505
0.6509766818824151,0.4349941366401767
0.5843118702809528,0.4301109514511312
0.5254827757455944,0.4261971689514665
0.4706021480130775,0.4222906208002301
0.4254855583434009,0.4193534753383746
0.3803995769435139,0.4174002012627563
0.3705743223410945,0.4174002012627563
0.3490261004093087,0.4183768383005654
0.3352829872738374,0.4193534753383746
0.3235294116746816,0.4193534753383746
0.3294061994742595,0.4203301123761837
0.3294061994742595,0.4193534753383746
0.3235294116746816,0.4183768383005654
0.3352829872738374,0.4164235642249472
0.3392008458068894,0.4134864187630917
0.3490261004093087,0.4115331446874735
0.3549028882088867,0.4095798706118552
0.3549028882088867,0.4066499594984279
0.3549028882088867,0.4046894510743815
0.3588207467419387,0.4037128140365724
0.3549028882088867,0.4037128140365724
0.3451082418762568,0.4027361769987633
0.3352829872738374,0.4027361769987633
0.3451082418762568,0.4027361769987633
0.3352829872738374,0.4027361769987633
0.3235294116746816,0.4017595399609542
0.3352829872738374,0.400782902923145
0.3490261004093087,0.4017595399609542
0.3490261004093087,0.4027361769987633
0.3588207467419387,0.4066499594984279
0.3490261004093087,0.4134864187630917
0.3451082418762568,0.4213067494139927
0.3294061994742595,0.4320642255267494
0.3098169068089997,0.4467282497907424
0.3039095107396323,0.4652988222059719
0.3235294116746816,0.4858226686968196
0.3196115531416296,0.5053771124982864
0.3294061994742595,0.524924321951325
0.3235294116746816,0.5415416202909363
0.3137347653420516,0.5552290075171202
0.3098169068089997,0.5659792492814486
0.3039095107396323,0.5728229428945406
0.3098169068089997,0.5757600883563961
0.3039095107396323,0.5767367253942053
0.2490288830071153,0.5767367253942053
0.4490233178115022,0.5767367253942053
1.227452835097264,0.5767367253942053
1.503906727835743,0.5767367253942053
1.503906727835743,0.5767367253942053
0.7509738992846084,0.5747834513185871
0.3196115531416296,0.5718463058567315
0.3098169068089997,0.5650026122436396
0.3294061994742595,0.5552290075171202
0.3137347653420516,0.5435021287149827
0.2901970058739504,0.5307913785266078
0.2941148644070023,0.517103991300424
0.2999916522065803,0.5063537495360956
0.3098169068089997,0.4965801448095762
0.3137347653420516,0.4868065400830569
0.3235294116746816,0.4780023380459186
0.3294061994742595,0.4721425158190639
0.3352829872738374,0.4682287333193992
0.3490261004093087,0.466275459243781
0.3705743223410945,0.4633455481303537
0.3646975345415166,0.4613850397063073
0.3843174354765659,0.459431765630689
0.4156909120107711,0.4565018545172618
0.4549001056110801,0.4535647090554062
0.4901914406783372,0.4496581609041697
0.5254827757455944,0.4457443784045051
0.5901886580805307,0.4418378302532686
0.654894540415467,0.437924047753604
0.6960932715520916,0.4340174996023676
0.7353024651524006,0.4301109514511312
0.7607991538870279,0.4261971689514665
0.7803884465522877,0.4232672578380392
0.7411792529519786,0.4193534753383746
0.7058879178847215,0.4174002012627563
0.6647197950178864,0.414470290149329
0.605890700482528,0.4115331446874735
0.5098113416133866,0.4095798706118552
0.4549001056110801,0.407626596536237
0.4039067281418257,0.4056660881121906
0.3451082418762568,0.4046894510743815
0.3137347653420516,0.4037128140365724
0.2999916522065803,0.4037128140365724
0.3098169068089997,0.4027361769987633
0.2843202180743724,0.4027361769987633
0.2999916522065803,0.4027361769987633
0.2901970058739504,0.4027361769987633
0.3039095107396323,0.4017595399609542
0.2843202180743724,0.400782902923145
0.3098169068089997,0.3998062658853359
0.3098169068089997,0.3988296288475269
0.3294061994742595,0.3988296288475269
0.3352829872738374,0.400782902923145
0.3549028882088867,0.4027361769987633
0.3490261004093087,0.4046894510743815
0.3451082418762568,0.4056660881121906
0.3588207467419387,0.4066499594984279
0.3392008458068894,0.4066499594984279
0.3352829872738374,0.4056660881121906
0.3490261004093087,0.4037128140365724
0.374522789143936,0.4017595399609542
0.3392008458068894,0.3988296288475269
0.3294061994742595,0.3968691204234804
0.3235294116746816,0.3958924833856713
0.3588207467419387,0.3958924833856713
0.3843174354765659,0.3978529918097178
0.3803995769435139,0.400782902923145
0.3646975345415166,0.4056660881121906
0.374522789143936,0.414470290149329
0.3352829872738374,0.4271738059892756
0.3196115531416296,0.4437911043288869
0.3490261004093087,0.4643221851681628
0.3196115531416296,0.4868065400830569
0.3235294116746816,0.5102675320357603
0.3490261004093087,0.5337212896400352
0.3392008458068894,0.553275733441502
0.3196115531416296,0.5689163947433042
0.3098169068089997,0.5826037819694881
0.3451082418762568,0.5933540237338165
0.3549028882088867,0.6001977173469085
0.3235294116746816,0.605080902535954
0.2901970058739504,0.6070414109600005
0.8058851352869149,0.6080180479978096
1.503906727835743,0.6060575395737632
1.503906727835743,0.6021509914225267
1.4725638595713273,0.597260571885053
0.4901914406783372,0.590416878271961
0.3451082418762568,0.5826037819694881
0.3843174354765659,0.5747834513185871
0.3549028882088867,0.5659792492814486
0.3451082418762568,0.5552290075171202
0.3352829872738374,0.5444787657527919
0.3352829872738374,0.5337212896400352
0.3490261004093087,0.524924321951325
0.3451082418762568,0.517103991300424
0.3549028882088867,0.5092836606495229
0.374522789143936,0.5044004754604773
0.3843174354765659,0.5024472013848591
0.3999888696087737,0.5014633299986218
0.4294034168764529,0.5004866929608127
0.4451054592784502,0.5004866929608127
0.4745200065461294,0.4995100559230035
0.4999860870109672,0.4995100559230035
0.5254827757455944,0.4995100559230035
0.5548973230132735,0.4995100559230035
0.5960654458801087,0.4995100559230035
0.6411820355497851,0.4995100559230035
0.6803912291500942,0.4995100559230035
0.7353024651524006,0.4995100559230035
0.7862652343518657,0.4995100559230035
0.8058851352869149,0.4995100559230035
0.8058851352869149,0.4995100559230035
0.800008347487337,0.4995100559230035
0.7862652343518657,0.4995100559230035
0.7450971114850305,0.4975567818473854
0.6960932715520916,0.494626870733958
0.6293978516808398,0.4907130882342934
0.5705993654152709,0.4868065400830569
0.5098113416133866,0.4819161205455832
0.4549001056110801,0.4780023380459186
0.4156909120107711,0.4740957898946821
0.3843174354765659,0.4711658787812548
0.3646975345415166,0.4672520962815901
0.3646975345415166,0.4633455481303537
0.3549028882088867,0.4584551285928799
0.3646975345415166,0.4555252174794526
0.3549028882088867,0.4535647090554062
0.3646975345415166,0.4525880720175971
0.3803995769435139,0.451611434979788
0.3803995769435139,0.4506347979419788
0.3941120818091958,0.4496581609041697
0.4039067281418257,0.4467282497907424
0.419608770543823,0.4428144672910778
0.4254855583434009,0.4398845561776505
0.4294034168764529,0.4349941366401767
0.4352802046760309,0.4310875884889403
0.4392286714788723,0.4261971689514665
0.4294034168764529,0.4232672578380392
0.4254855583434009,0.4213067494139927
0.4156909120107711,0.4193534753383746
0.4098141242111931,0.4174002012627563
0.3941120818091958,0.414470290149329
0.3999888696087737,0.4125097817252826
0.3941120818091958,0.4095798706118552
0.3999888696087737,0.4086032335740461
0.4254855583434009,0.4086032335740461
0.4254855583434009,0.4115331446874735
0.4254855583434009,0.4154469271871381
0.419608770543823,0.4222906208002301
0.3941120818091958,0.4330408625645585
0.374522789143936,0.4437911043288869
0.3803995769435139,0.4565018545172618
0.3901942232761438,0.473119152856873
0.4039067281418257,0.4897364511964843
0.3901942232761438,0.5044004754604773
0.3843174354765659,0.5180806283382331
0.3803995769435139,0.5298147414887988
0.3705743223410945,0.538611709177509
0.3705743223410945,0.545455402790601
0.374522789143936,0.5503385879796465
0.374522789143936,0.5522990964036929
0.274494963471953,0.5522990964036929
0.4098141242111931,0.5503385879796465
1.1313734762281225,0.5483853139040282
1.503906727835743,0.5435021287149827
1.503906727835743,0.5376350721396999
0.8803856639544811,0.5298147414887988
0.4392286714788723,0.5190644997244704
0.4254855583434009,0.5073303865739046
0.419608770543823,0.494626870733958
0.3843174354765659,0.4809394835077741
0.3451082418762568,0.4672520962815901
0.3294061994742595,0.4555252174794526
0.3392008458068894,0.444767741366696
0.3549028882088867,0.4349941366401767
0.3549028882088867,0.4281504430270847
0.3705743223410945,0.4242438948758483
0.3803995769435139,0.4203301123761837
0.3901942232761438,0.4174002012627563
0.3999888696087737,0.4154469271871381
0.4098141242111931,0.4125097817252826
0.4254855583434009,0.4105565076496644
0.4451054592784502,0.4095798706118552
0.4549001056110801,0.4086032335740461
0.4843146528787593,0.4086032335740461
0.5098113416133866,0.4086032335740461
0.5451026766806437,0.4086032335740461
0.5901886580805307,0.407626596536237
0.6411820355497851,0.4066499594984279
0.6901858754827241,0.4056660881121906
0.7313846066193487,0.4037128140365724
0.7548917578176605,0.4017595399609542
0.7705938002196577,0.3998062658853359
0.7666759416866058,0.3988296288475269
0.7450971114850305,0.3968691204234804
0.7058879178847215,0.3939392093100531
0.6450998940828371,0.3919859352344348
0.5803940117479008,0.3890487897725793
0.5098113416133866,0.3870955156969611
0.4490233178115022,0.3841656045835338
0.4039067281418257,0.3831889675457247
0.374522789143936,0.3831889675457247
0.3451082418762568,0.3841656045835338
0.3294061994742595,0.3841656045835338
0.3137347653420516,0.3851422416213429
0.3098169068089997,0.3851422416213429
0.3098169068089997,0.386118878659152
0.3137347653420516,0.386118878659152
0.3137347653420516,0.3870955156969611
0.3294061994742595,0.3870955156969611
0.3352829872738374,0.3880721527347702
0.3451082418762568,0.3880721527347702
0.3490261004093087,0.3880721527347702
0.3549028882088867,0.3890487897725793
0.3549028882088867,0.3900326611588167
0.3646975345415166,0.3900326611588167
0.3549028882088867,0.3900326611588167
0.374522789143936,0.3900326611588167
0.3646975345415166,0.3880721527347702
0.3588207467419387,0.386118878659152
0.3549028882088867,0.3841656045835338
0.3549028882088867,0.3841656045835338
0.3549028882088867,0.3851422416213429
0.3549028882088867,0.3880721527347702
0.3646975345415166,0.392962572272244
0.3803995769435139,0.3998062658853359
0.4039067281418257,0.4095798706118552
0.3941120818091958,0.4242438948758483
0.3803995769435139,0.4428144672910778
0.3588207467419387,0.4652988222059719
0.3235294116746816,0.487783177120866
0.3039095107396323,0.5112441690735693
0.3352829872738374,0.5337212896400352
0.3451082418762568,0.553275733441502
0.3392008458068894,0.5698930317811133
0.3352829872738374,0.5826037819694881
0.3235294116746816,0.5923773866960075
0.3137347653420516,0.598237208922862
0.3235294116746816,0.6011743543847177
0.3352829872738374,0.6031276284603359
0.3352829872738374,0.6031276284603359
0.2549056708066933,0.604104265498145
0.2490288830071153,0.604104265498145
0.8902109185569005,0.6031276284603359
1.503906727835743,0.6001977173469085
1.503906727835743,0.5953072978094348
0.9823418106232006,0.5914007496581983
0.4607768934106581,0.5855336930829155
0.4156909120107711,0.5786899994698235
0.3843174354765659,0.5708696688189224
0.3490261004093087,0.5630493381680214
0.3352829872738374,0.553275733441502
0.3196115531416296,0.5425254916771737
0.3352829872738374,0.5307913785266078
0.3490261004093087,0.5180806283382331
0.3549028882088867,0.5073303865739046
0.374522789143936,0.4985334188851945
0.3843174354765659,0.4916897252721025
0.3646975345415166,0.4887598141586752
0.3588207467419387,0.4868065400830569
0.3803995769435139,0.4858226686968196
0.3999888696087737,0.4838693946212014
0.4156909120107711,0.4809394835077741
0.4392286714788723,0.4780023380459186
0.4549001056110801,0.473119152856873
0.4843146528787593,0.4692053703572084
0.5294006342786464,0.4643221851681628
0.5646919693459035,0.459431765630689
0.615685346815158,0.4555252174794526
0.6607713282150449,0.4525880720175971
0.6960932715520916,0.4496581609041697
0.7215593520169293,0.4457443784045051
0.7313846066193487,0.4418378302532686
0.7313846066193487,0.437924047753604
0.7098057764177734,0.4330408625645585
0.6803912291500942,0.4291270800648938
0.6450998940828371,0.4252205319136574
0.5803940117479008,0.4222906208002301
0.5294006342786464,0.4203301123761837
0.4803967943457073,0.4193534753383746
0.4352802046760309,0.4183768383005654
0.3999888696087737,0.4174002012627563
0.3705743223410945,0.4164235642249472
0.3392008458068894,0.4164235642249472
0.3352829872738374,0.4164235642249472
0.3352829872738374,0.4164235642249472
0.3352829872738374,0.4164235642249472
0.3235294116746816,0.4164235642249472
0.3451082418762568,0.4174002012627563
0.3490261004093087,0.4164235642249472
0.3451082418762568,0.4164235642249472
0.3549028882088867,0.4154469271871381
0.3588207467419387,0.414470290149329
0.3588207467419387,0.414470290149329
0.3646975345415166,0.4134864187630917
0.3646975345415166,0.4134864187630917
0.374522789143936,0.4134864187630917
0.3803995769435139,0.4134864187630917
0.374522789143936,0.4125097817252826
0.3803995769435139,0.4115331446874735
0.3646975345415166,0.4095798706118552
0.3549028882088867,0.4086032335740461
0.3490261004093087,0.4095798706118552
0.3705743223410945,0.4125097817252826
0.3843174354765659,0.4193534753383746
0.3999888696087737,0.4271738059892756
0.4039067281418257,0.437924047753604
0.3941120818091958,0.451611434979788
0.3843174354765659,0.4701892417434457
0.3549028882088867,0.4907130882342934
0.3392008458068894,0.5112441690735693
0.3451082418762568,0.531768015564417
0.3549028882088867,0.5483853139040282
0.3588207467419387,0.5610960640924031
0.3549028882088867,0.5728229428945406
0.3549028882088867,0.5835804190072973
0.3451082418762568,0.5914007496581983
0.3352829872738374,0.598237208922862
0.3352829872738374,0.6031276284603359
0.3294061994742595,0.6080180479978096
0.3392008458068894,0.6099713220734279
0.2588235293397452,0.6109479591112369
0.4294034168764529,0.6099713220734279
1.1470449103603302,0.6070414109600005
1.503906727835743,0.6031276284603359
1.503906727835743,0.5992210803090994
0.7509738992846084,0.5933540237338165
0.4039067281418257,0.5865103301207246
0.3901942232761438,0.5786899994698235
0.3941120818091958,0.5708696688189224
0.3646975345415166,0.5610960640924031
0.3352829872738374,0.5503385879796465
0.3294061994742595,0.5405649832531272
0.3294061994742595,0.5307913785266078
0.3490261004093087,0.5219944108378977
0.3549028882088867,0.5141740801869966
0.3646975345415166,0.5092836606495229
0.3843174354765659,0.5053771124982864
0.3901942232761438,0.5034238384226682
0.3901942232761438,0.5034238384226682
0.4156909120107711,0.5024472013848591
0.4254855583434009,0.4995100559230035
0.4294034168764529,0.4956035077717671
0.4490233178115022,0.4916897252721025
0.4706021480130775,0.4868065400830569
0.4999860870109672,0.4828927575833923
0.5392258888810657,0.4780023380459186
0.5843118702809528,0.473119152856873
0.6353052477502072,0.4692053703572084
0.6764733706170423,0.4652988222059719
0.7156825642173513,0.4623689110925446
0.7411792529519786,0.459431765630689
0.7450971114850305,0.4565018545172618
0.7450971114850305,0.4525880720175971
0.7313846066193487,0.4486815238663607
0.7000111300851435,0.444767741366696
0.6607713282150449,0.4408611932154596
0.615685346815158,0.4359707736779858
0.5705993654152709,0.4320642255267494
0.5254827757455944,0.4291270800648938
0.4941092992113892,0.4261971689514665
0.4607768934106581,0.4242438948758483
0.4352802046760309,0.4232672578380392
0.4254855583434009,0.4232672578380392
0.4039067281418257,0.4232672578380392
0.3999888696087737,0.4232672578380392
0.4098141242111931,0.4242438948758483
0.4098141242111931,0.4242438948758483
0.4156909120107711,0.4242438948758483
0.4254855583434009,0.4242438948758483
0.419608770543823,0.4232672578380392
0.4254855583434009,0.4222906208002301
0.419608770543823,0.4213067494139927
0.4254855583434009,0.4213067494139927
0.4156909120107711,0.4213067494139927
0.4098141242111931,0.4222906208002301
0.4039067281418257,0.4232672578380392
0.3941120818091958,0.4242438948758483
0.3941120818091958,0.4242438948758483
0.3901942232761438,0.4222906208002301
0.3803995769435139,0.4213067494139927
0.3803995769435139,0.4203301123761837
0.3646975345415166,0.4203301123761837
0.374522789143936,0.4222906208002301
0.3941120818091958,0.4242438948758483
0.3999888696087737,0.4291270800648938
0.3999888696087737,0.4359707736779858
0.3941120818091958,0.4457443784045051
0.3843174354765659,0.4565018545172618
0.3588207467419387,0.473119152856873
0.3549028882088867,0.4907130882342934
0.3549028882088867,0.5102675320357603
0.3588207467419387,0.5288381044509897
0.3646975345415166,0.545455402790601
0.3549028882088867,0.560119427054594
0.3549028882088867,0.5718463058567315
0.3352829872738374,0.5796666365076326
0.3294061994742595,0.5855336930829155
0.3352829872738374,0.5894402412341518
0.3352829872738374,0.5923773866960075
0.3451082418762568,0.5923773866960075
0.2686181756723751,0.5923773866960075
0.6803912291500942,0.5923773866960075
1.503906727835743,0.5914007496581983
1.503906727835743,0.5884636041963428
1.2823640710995703,0.5845570560451063
0.4490233178115022,0.5786899994698235
0.3294061994742595,0.5718463058567315
0.3451082418762568,0.5620727011302122
0.3294061994742595,0.5513224593658839
0.3196115531416296,0.539588346215318
0.3039095107396323,0.5278614674131806
0.2999916522065803,0.517103991300424
0.3137347653420516,0.5083070236117138
0.3196115531416296,0.4995100559230035
0.3137347653420516,0.4926663623099116
0.3294061994742595,0.4868065400830569
0.3352829872738374,0.4809394835077741
0.3352829872738374,0.4760490639703003
0.3588207467419387,0.473119152856873
0.374522789143936,0.4721425158190639
0.3941120818091958,0.4701892417434457
0.4039067281418257,0.4672520962815901
0.419608770543823,0.4643221851681628
0.4549001056110801,0.4623689110925446
0.4941092992113892,0.459431765630689
0.5353080303480138,0.4555252174794526
0.5705993654152709,0.4525880720175971
0.6196032053482099,0.4486815238663607
0.6647197950178864,0.444767741366696
0.7058879178847215,0.4408611932154596
0.7156825642173513,0.4359707736779858
0.7156825642173513,0.4320642255267494
0.7000111300851435,0.4291270800648938
0.6647197950178864,0.4261971689514665
0.6293978516808398,0.4242438948758483
0.5745172239483228,0.4222906208002301
0.5098113416133866,0.4222906208002301
0.4490233178115022,0.4213067494139927
0.4039067281418257,0.4203301123761837
0.3588207467419387,0.4183768383005654
0.3352829872738374,0.4154469271871381
0.3039095107396323,0.4134864187630917
0.2999916522065803,0.4125097817252826
0.3039095107396323,0.4115331446874735
0.2999916522065803,0.4115331446874735
0.2999916522065803,0.4125097817252826
0.2941148644070023,0.4125097817252826
0.3098169068089997,0.4115331446874735
0.3137347653420516,0.4105565076496644
0.3137347653420516,0.4095798706118552
0.3294061994742595,0.4086032335740461
0.3352829872738374,0.4066499594984279
0.3352829872738374,0.4056660881121906
0.3451082418762568,0.4046894510743815
0.3451082418762568,0.4046894510743815
0.3490261004093087,0.4027361769987633
0.3392008458068894,0.400782902923145
0.3352829872738374,0.3988296288475269
0.3294061994742595,0.3968691204234804
0.3235294116746816,0.3939392093100531
0.3196115531416296,0.3919859352344348
0.3137347653420516,0.3900326611588167
0.3392008458068894,0.3890487897725793
0.3451082418762568,0.3890487897725793
0.3352829872738374,0.3919859352344348
0.3235294116746816,0.3968691204234804
0.3098169068089997,0.4056660881121906
0.2843202180743724,0.4154469271871381
0.274494963471953,0.4281504430270847
0.2647003171393232,0.4428144672910778
0.274494963471953,0.4604084026684982
0.2784434302747945,0.4780023380459186
0.2647003171393232,0.4956035077717671
0.2647003171393232,0.5102675320357603
0.2588235293397452,0.5229710478757068
0.2686181756723751,0.5347051610262725
0.274494963471953,0.5444787657527919
0.2843202180743724,0.5522990964036929
0.2901970058739504,0.5581589186305476
0.2588235293397452,0.5610960640924031
0.6293978516808398,0.5630493381680214
1.503906727835743,0.5630493381680214
1.503906727835743,0.5630493381680214
1.503906727835743,0.5610960640924031
0.5509794644802216,0.5581589186305476
0.3235294116746816,0.5522990964036929
0.3451082418762568,0.5444787657527919
0.3352829872738374,0.5366584351018908
0.3235294116746816,0.524924321951325
0.3137347653420516,0.5131974431491875
0.3137347653420516,0.5004866929608127
0.3294061994742595,0.4897364511964843
0.3549028882088867,0.479962846469965
0.3549028882088867,0.473119152856873
0.3549028882088867,0.4672520962815901
0.3646975345415166,0.4643221851681628
0.3705743223410945,0.4623689110925446
0.3803995769435139,0.4613850397063073
0.4039067281418257,0.459431765630689
0.4254855583434009,0.4565018545172618
0.4392286714788723,0.4545485804416435
0.46469475194371,0.451611434979788
0.4901914406783372,0.4477048868285516
0.5254827757455944,0.4437911043288869
0.5745172239483228,0.4389079191398414
0.6254799931477878,0.4349941366401767
0.6764733706170423,0.4310875884889403
0.7313846066193487,0.4291270800648938
0.7666759416866058,0.4261971689514665
0.7803884465522877,0.4232672578380392
0.796090488954285,0.4213067494139927
0.7764705880192357,0.4193534753383746
0.7666759416866058,0.4174002012627563
0.7215593520169293,0.4154469271871381
0.654894540415467,0.4134864187630917
0.5960654458801087,0.4115331446874735
0.5294006342786464,0.4086032335740461
0.4745200065461294,0.4066499594984279
0.4254855583434009,0.4037128140365724
0.3941120818091958,0.4017595399609542
0.3705743223410945,0.400782902923145
0.3451082418762568,0.3988296288475269
0.3451082418762568,0.3988296288475269
0.3392008458068894,0.3978529918097178
0.3451082418762568,0.3978529918097178
0.3392008458068894,0.3968691204234804
0.3549028882088867,0.3958924833856713
0.3588207467419387,0.3939392093100531
0.3705743223410945,0.3919859352344348
0.3803995769435139,0.3900326611588167
0.3941120818091958,0.3890487897725793
0.4039067281418257,0.3880721527347702
0.4098141242111931,0.3880721527347702
0.4098141242111931,0.3870955156969611
0.4156909120107711,0.386118878659152
0.3999888696087737,0.3841656045835338
0.3941120818091958,0.3822123305079156
0.3999888696087737,0.3812284591216783
0.3901942232761438,0.3782985480082509
0.374522789143936,0.3753686368948236
0.374522789143936,0.3724314914329681
0.3803995769435139,0.3704782173573498
0.4039067281418257,0.3685249432817316
0.4098141242111931,0.3704782173573498
0.4254855583434009,0.3743919998570145
0.4156909120107711,0.3822123305079156
0.4039067281418257,0.3939392093100531
0.374522789143936,0.4095798706118552
0.3588207467419387,0.4242438948758483
0.3646975345415166,0.4389079191398414
0.374522789143936,0.4555252174794526
0.3843174354765659,0.4740957898946821
0.3646975345415166,0.4916897252721025
0.3705743223410945,0.5073303865739046
0.3549028882088867,0.5210177738000886
0.3549028882088867,0.5337212896400352
0.3549028882088867,0.545455402790601
0.3490261004093087,0.5542523704793112
0.3588207467419387,0.5610960640924031
0.2686181756723751,0.5650026122436396
0.4901914406783372,0.5659792492814486
1.3078301515644082,0.5650026122436396
1.503906727835743,0.5610960640924031
1.503906727835743,0.5562056445549294
0.7764705880192357,0.5513224593658839
0.4549001056110801,0.5444787657527919
0.4451054592784502,0.5376350721396999
0.4039067281418257,0.5288381044509897
0.3803995769435139,0.5190644997244704
0.3549028882088867,0.5102675320357603
0.3490261004093087,0.5024472013848591
0.3549028882088867,0.4956035077717671
0.3646975345415166,0.4897364511964843
0.3705743223410945,0.4848460316590105
0.3901942232761438,0.4809394835077741
0.3999888696087737,0.4780023380459186
0.3843174354765659,0.4760490639703003
0.4039067281418257,0.473119152856873
0.4254855583434009,0.4721425158190639
0.4352802046760309,0.4701892417434457
0.4451054592784502,0.4672520962815901
0.4607768934106581,0.4652988222059719
0.4843146528787593,0.4633455481303537
0.5058934830803345,0.4604084026684982
0.5548973230132735,0.4584551285928799
0.5960654458801087,0.4565018545172618
0.6509766818824151,0.4545485804416435
0.6901858754827241,0.451611434979788
0.7156825642173513,0.4496581609041697
0.7411792529519786,0.4486815238663607
0.7450971114850305,0.4477048868285516
0.7411792529519786,0.4467282497907424
0.7215593520169293,0.444767741366696
0.6901858754827241,0.4428144672910778
0.6353052477502072,0.4408611932154596
0.5843118702809528,0.4389079191398414
0.5353080303480138,0.4369474107157949
0.4941092992113892,0.4349941366401767
0.4392286714788723,0.4330408625645585
0.419608770543823,0.4320642255267494
0.3843174354765659,0.4301109514511312
0.3901942232761438,0.4291270800648938
0.374522789143936,0.4281504430270847
0.3588207467419387,0.4281504430270847
0.3549028882088867,0.4281504430270847
0.3803995769435139,0.4281504430270847
0.3803995769435139,0.4281504430270847
0.3901942232761438,0.4291270800648938
0.3843174354765659,0.4291270800648938
0.4039067281418257,0.4291270800648938
0.3999888696087737,0.4281504430270847
0.3941120818091958,0.4281504430270847
0.4098141242111931,0.4281504430270847
0.4039067281418257,0.4281504430270847
0.3999888696087737,0.4281504430270847
0.3999888696087737,0.4281504430270847
0.3999888696087737,0.4281504430270847
0.3941120818091958,0.4271738059892756
0.3901942232761438,0.4252205319136574
0.3803995769435139,0.4242438948758483
0.3803995769435139,0.4242438948758483
0.3803995769435139,0.4252205319136574
0.4098141242111931,0.4281504430270847
0.419608770543823,0.4320642255267494
0.4352802046760309,0.4389079191398414
0.4098141242111931,0.4486815238663607
0.3999888696087737,0.4623689110925446
0.3646975345415166,0.4789862094321558
0.3588207467419387,0.4985334188851945
0.3588207467419387,0.517103991300424
0.3803995769435139,0.5356817980640817
0.3901942232761438,0.5522990964036929
0.3843174354765659,0.5650026122436396
0.3803995769435139,0.5757600883563961
0.3646975345415166,0.5835804190072973
0.3646975345415166,0.590416878271961
0.3646975345415166,0.5933540237338165
0.374522789143936,0.5953072978094348
0.3803995769435139,0.5953072978094348
0.3098169068089997,0.5962839348472438
0.615685346815158,0.5962839348472438
1.4882352937035352,0.5953072978094348
1.503906727835743,0.5933540237338165
1.503906727835743,0.590416878271961
0.6293978516808398,0.5845570560451063
0.4352802046760309,0.5786899994698235
0.4451054592784502,0.5708696688189224
0.4490233178115022,0.5610960640924031
0.4294034168764529,0.5522990964036929
0.3999888696087737,0.5435021287149827
0.3803995769435139,0.5337212896400352
0.3999888696087737,0.524924321951325
0.4254855583434009,0.5180806283382331
0.4254855583434009,0.5131974431491875
0.419608770543823,0.5083070236117138
0.4254855583434009,0.5034238384226682
0.4392286714788723,0.5004866929608127
0.4451054592784502,0.4965801448095762
0.4490233178115022,0.4926663623099116
0.4607768934106581,0.4887598141586752
0.4745200065461294,0.4858226686968196
0.4941092992113892,0.4828927575833923
0.5058934830803345,0.479962846469965
0.5294006342786464,0.4760490639703003
0.5646919693459035,0.4721425158190639
0.6000139126829501,0.4682287333193992
0.6450998940828371,0.4652988222059719
0.6862680169496722,0.4613850397063073
0.7156825642173513,0.4584551285928799
0.7313846066193487,0.4545485804416435
0.7411792529519786,0.451611434979788
0.7313846066193487,0.4486815238663607
0.7215593520169293,0.4457443784045051
0.6803912291500942,0.444767741366696
0.6293978516808398,0.4428144672910778
0.5646919693459035,0.4408611932154596
0.5156881294129645,0.4398845561776505
0.46469475194371,0.4389079191398414
0.4254855583434009,0.437924047753604
0.3999888696087737,0.4359707736779858
0.374522789143936,0.4340174996023676
0.3588207467419387,0.4330408625645585
0.3549028882088867,0.4320642255267494
0.3549028882088867,0.4310875884889403
0.3588207467419387,0.4310875884889403
0.3549028882088867,0.4310875884889403
0.3549028882088867,0.4310875884889403
0.3549028882088867,0.4310875884889403
0.3646975345415166,0.4310875884889403
0.3705743223410945,0.4310875884889403
0.3803995769435139,0.4301109514511312
0.3843174354765659,0.4301109514511312
0.3705743223410945,0.4291270800648938
0.3646975345415166,0.4281504430270847
0.3705743223410945,0.4271738059892756
0.3646975345415166,0.4252205319136574
0.3549028882088867,0.4232672578380392
0.3549028882088867,0.4213067494139927
0.3549028882088867,0.4203301123761837
0.3352829872738374,0.4183768383005654
0.3352829872738374,0.4174002012627563
0.3490261004093087,0.4154469271871381
0.3549028882088867,0.414470290149329
0.3646975345415166,0.4154469271871381
0.3549028882088867,0.4213067494139927
0.3549028882088867,0.4301109514511312
0.3235294116746816,0.4428144672910778
0.3098169068089997,0.4584551285928799
0.3137347653420516,0.4770257010081094
0.3235294116746816,0.4975567818473854
0.3352829872738374,0.5141740801869966
0.3235294116746816,0.5288381044509897
0.3294061994742595,0.5425254916771737
0.3098169068089997,0.5552290075171202
0.3098169068089997,0.5650026122436396
0.3098169068089997,0.5728229428945406
0.3098169068089997,0.5767367253942053
0.3196115531416296,0.5786899994698235
0.2686181756723751,0.5796666365076326
0.6000139126829501,0.5806432735454417
1.503906727835743,0.5806432735454417
1.503906727835743,0.5806432735454417
1.503906727835743,0.5786899994698235
0.5646919693459035,0.5777133624320144
0.3098169068089997,0.5737995799323498
0.3352829872738374,0.5698930317811133
0.3294061994742595,0.5630493381680214
0.3137347653420516,0.5542523704793112
0.3196115531416296,0.5435021287149827
0.3098169068089997,0.5307913785266078
0.3098169068089997,0.5180806283382331
0.3235294116746816,0.5063537495360956
0.3294061994742595,0.4956035077717671
0.3352829872738374,0.487783177120866
0.3392008458068894,0.4819161205455832
0.3549028882088867,0.479962846469965
0.374522789143936,0.4780023380459186
0.3843174354765659,0.4780023380459186
0.3941120818091958,0.4770257010081094
0.4039067281418257,0.4760490639703003
0.4294034168764529,0.473119152856873
0.4706021480130775,0.4692053703572084
0.5058934830803345,0.4652988222059719
0.5607741108128516,0.4613850397063073
0.615685346815158,0.4574784915550708
0.6705965828174644,0.4525880720175971
0.6901858754827241,0.4496581609041697
0.7353024651524006,0.4467282497907424
0.7548917578176605,0.444767741366696
0.7548917578176605,0.4428144672910778
0.7450971114850305,0.4408611932154596
0.7156825642173513,0.4389079191398414
0.6705965828174644,0.4369474107157949
0.60980855901558,0.4349941366401767
0.5353080303480138,0.4330408625645585
0.4745200065461294,0.4301109514511312
0.4156909120107711,0.4281504430270847
0.3588207467419387,0.4261971689514665
0.3235294116746816,0.4242438948758483
0.2941148644070023,0.4213067494139927
0.2784434302747945,0.4203301123761837
0.2686181756723751,0.4193534753383746
0.274494963471953,0.4183768383005654
0.2686181756723751,0.4174002012627563
0.274494963471953,0.4174002012627563
0.2843202180743724,0.4164235642249472
0.2843202180743724,0.4154469271871381
0.2999916522065803,0.414470290149329
0.3098169068089997,0.4134864187630917
0.3137347653420516,0.4134864187630917
0.3196115531416296,0.414470290149329
0.3235294116746816,0.414470290149329
0.3294061994742595,0.414470290149329
0.3352829872738374,0.414470290149329
0.3392008458068894,0.414470290149329
0.3352829872738374,0.4134864187630917
0.3392008458068894,0.4125097817252826
0.3392008458068894,0.4105565076496644
0.3392008458068894,0.4086032335740461
0.3392008458068894,0.407626596536237
0.3549028882088867,0.4056660881121906
0.3705743223410945,0.4046894510743815
0.374522789143936,0.4056660881121906
0.3646975345415166,0.4086032335740461
0.3588207467419387,0.4134864187630917
0.3490261004093087,0.4203301123761837
0.3294061994742595,0.4281504430270847
0.3352829872738374,0.4408611932154596
0.3235294116746816,0.4565018545172618
0.3294061994742595,0.4740957898946821
0.3196115531416296,0.4926663623099116
0.3196115531416296,0.5102675320357603
0.3137347653420516,0.5268848303753715
0.3098169068089997,0.5415416202909363
0.3196115531416296,0.553275733441502
0.3294061994742595,0.5630493381680214
0.3352829872738374,0.5708696688189224
0.2843202180743724,0.5747834513185871
0.2686181756723751,0.5777133624320144
0.8960877063564784,0.5786899994698235
1.503906727835743,0.5786899994698235
1.503906727835743,0.5767367253942053
1.1117535752930732,0.5728229428945406
0.4294034168764529,0.566963120667686
0.374522789143936,0.5581589186305476
0.4039067281418257,0.5483853139040282
0.3588207467419387,0.5376350721396999
0.3451082418762568,0.5268848303753715
0.3352829872738374,0.517103991300424
0.3451082418762568,0.5073303865739046
0.3588207467419387,0.4995100559230035
0.3646975345415166,0.4936429993477207
0.3843174354765659,0.4887598141586752
0.3646975345415166,0.4838693946212014
0.3646975345415166,0.4780023380459186
0.3803995769435139,0.4701892417434457
0.3999888696087737,0.4652988222059719
0.4098141242111931,0.4633455481303537
0.4254855583434009,0.4604084026684982
0.4451054592784502,0.4574784915550708
0.4706021480130775,0.4535647090554062
0.4999860870109672,0.4486815238663607
0.5451026766806437,0.4437911043288869
0.5960654458801087,0.4389079191398414
0.6509766818824151,0.4349941366401767
0.6960932715520916,0.4320642255267494
0.7254772105499813,0.4291270800648938
0.7509738992846084,0.4261971689514665
0.7548917578176605,0.4232672578380392
0.7450971114850305,0.4203301123761837
0.7313846066193487,0.4183768383005654
0.7000111300851435,0.4154469271871381
0.6509766818824151,0.414470290149329
0.5901886580805307,0.4115331446874735
0.5509794644802216,0.4095798706118552
0.5058934830803345,0.407626596536237
0.4490233178115022,0.4056660881121906
0.4156909120107711,0.4037128140365724
0.3803995769435139,0.400782902923145
0.3588207467419387,0.3978529918097178
0.3490261004093087,0.3958924833856713
0.3392008458068894,0.392962572272244
0.3490261004093087,0.3910092981966258
0.3549028882088867,0.3900326611588167
0.3646975345415166,0.3890487897725793
0.3490261004093087,0.3890487897725793
0.3705743223410945,0.3890487897725793
0.374522789143936,0.3890487897725793
0.3803995769435139,0.3890487897725793
0.3803995769435139,0.3890487897725793
0.3843174354765659,0.3880721527347702
0.3803995769435139,0.3880721527347702
0.3941120818091958,0.3870955156969611
0.3901942232761438,0.3870955156969611
0.3901942232761438,0.3870955156969611
0.3999888696087737,0.3870955156969611
0.3803995769435139,0.3880721527347702
0.3901942232761438,0.3880721527347702
0.3901942232761438,0.3890487897725793
0.3705743223410945,0.3910092981966258
0.3843174354765659,0.392962572272244
0.4039067281418257,0.3968691204234804
0.4156909120107711,0.4027361769987633
0.4156909120107711,0.4134864187630917
0.4039067281418257,0.4291270800648938
0.3843174354765659,0.4486815238663607
0.3705743223410945,0.4711658787812548
0.3646975345415166,0.4956035077717671
0.374522789143936,0.5210177738000886
0.3843174354765659,0.5444787657527919
0.3901942232761438,0.5679397577054951
0.374522789143936,0.5865103301207246
0.3588207467419387,0.6011743543847177
0.3549028882088867,0.6099713220734279
0.3451082418762568,0.6158383786487107
0.3490261004093087,0.618768289762138
0.3490261004093087,0.6207215638377562
0.2999916522065803,0.6216982008755654
0.2647003171393232,0.6207215638377562
0.8568479044863799,0.6168150156865198
1.503906727835743,0.6129012331868552
1.503906727835743,0.6080180479978096
1.1313734762281225,0.604104265498145
0.4901914406783372,0.598237208922862
0.4294034168764529,0.5914007496581983
0.4098141242111931,0.5835804190072973
0.374522789143936,0.5747834513185871
0.3588207467419387,0.5620727011302122
0.3451082418762568,0.5483853139040282
0.3392008458068894,0.5347051610262725
0.3646975345415166,0.523947684913516
0.374522789143936,0.5141740801869966
0.3646975345415166,0.5073303865739046
0.3901942232761438,0.5034238384226682
0.3843174354765659,0.5014633299986218
0.3941120818091958,0.4985334188851945
0.4039067281418257,0.494626870733958
0.4254855583434009,0.4907130882342934
0.4392286714788723,0.4868065400830569
0.4607768934106581,0.4819161205455832
0.4706021480130775,0.4780023380459186
0.4999860870109672,0.4740957898946821
0.5392258888810657,0.4701892417434457
0.5745172239483228,0.466275459243781
0.6254799931477878,0.4623689110925446
0.6647197950178864,0.4574784915550708
0.7058879178847215,0.451611434979788
0.7313846066193487,0.4477048868285516
0.7313846066193487,0.4428144672910778
0.7313846066193487,0.4389079191398414
0.7254772105499813,0.4349941366401767
0.6960932715520916,0.4330408625645585
0.654894540415467,0.4310875884889403
0.605890700482528,0.4281504430270847
0.5509794644802216,0.4261971689514665
0.5098113416133866,0.4232672578380392
0.4706021480130775,0.4203301123761837
0.4294034168764529,0.4183768383005654
0.3999888696087737,0.4154469271871381
0.3803995769435139,0.4134864187630917
0.3803995769435139,0.4115331446874735
0.374522789143936,0.4105565076496644
0.374522789143936,0.4115331446874735
0.3843174354765659,0.4115331446874735
0.3941120818091958,0.4115331446874735
0.4039067281418257,0.4105565076496644
0.4039067281418257,0.4095798706118552
0.419608770543823,0.407626596536237
0.4254855583434009,0.407626596536237
0.4392286714788723,0.407626596536237
0.4490233178115022,0.407626596536237
0.4549001056110801,0.4086032335740461
0.4490233178115022,0.4095798706118552
0.4549001056110801,0.407626596536237
0.4490233178115022,0.4056660881121906
0.46469475194371,0.4046894510743815
0.4490233178115022,0.4027361769987633
0.4392286714788723,0.4017595399609542
0.4294034168764529,0.4017595399609542
0.4254855583434009,0.4027361769987633
0.4352802046760309,0.4046894510743815
0.4451054592784502,0.4086032335740461
0.4451054592784502,0.4164235642249472
0.4352802046760309,0.4271738059892756
0.4254855583434009,0.4428144672910778
0.4039067281418257,0.4623689110925446
0.3803995769435139,0.4848460316590105
0.3705743223410945,0.5044004754604773
0.374522789143936,0.523947684913516
0.3803995769435139,0.545455402790601
0.3803995769435139,0.5689163947433042
0.374522789143936,0.5894402412341518
0.3705743223410945,0.6070414109600005
0.3549028882088867,0.6207215638377562
0.3490261004093087,0.6285418944886573
0.3549028882088867,0.6334323140261311
0.3646975345415166,0.6353855881017493
0.3039095107396323,0.6344089510639401
0.2941148644070023,0.6304951685642756
0.9372558292233136,0.6265886204130391
1.503906727835743,0.6216982008755654
1.503906727835743,0.6158383786487107
1.047047692958137,0.6109479591112369
0.4156909120107711,0.605080902535954
0.374522789143936,0.5992210803090994
0.3843174354765659,0.590416878271961
0.3549028882088867,0.5786899994698235
0.3235294116746816,0.5640259752058304
0.3196115531416296,0.5483853139040282
0.3294061994742595,0.5337212896400352
0.3235294116746816,0.5210177738000886
0.3352829872738374,0.5102675320357603
0.3392008458068894,0.5034238384226682
0.3490261004093087,0.4975567818473854
0.3549028882088867,0.4926663623099116
0.3588207467419387,0.4897364511964843
0.374522789143936,0.4848460316590105
0.3843174354765659,0.479962846469965
0.4039067281418257,0.4740957898946821
0.419608770543823,0.4692053703572084
0.4392286714788723,0.4652988222059719
0.4706021480130775,0.4604084026684982
0.5098113416133866,0.4545485804416435
0.5451026766806437,0.4496581609041697
0.6000139126829501,0.4437911043288869
0.6411820355497851,0.4389079191398414
0.6803912291500942,0.4349941366401767
0.7058879178847215,0.4320642255267494
0.7254772105499813,0.4291270800648938
0.7215593520169293,0.4271738059892756
0.6901858754827241,0.4252205319136574
0.6764733706170423,0.4232672578380392
0.6254799931477878,0.4213067494139927
0.5745172239483228,0.4193534753383746
0.5058934830803345,0.4174002012627563
0.4490233178115022,0.4164235642249472
0.3999888696087737,0.4154469271871381
0.3588207467419387,0.4154469271871381
0.3392008458068894,0.4154469271871381
0.3137347653420516,0.414470290149329
0.3039095107396323,0.414470290149329
0.3098169068089997,0.4134864187630917
0.3196115531416296,0.4115331446874735
0.3098169068089997,0.4095798706118552
0.3196115531416296,0.4086032335740461
0.3352829872738374,0.4095798706118552
0.3352829872738374,0.4095798706118552
0.3352829872738374,0.4095798706118552
0.3392008458068894,0.4095798706118552
0.3549028882088867,0.407626596536237
0.3646975345415166,0.407626596536237
0.3451082418762568,0.4066499594984279
0.3588207467419387,0.4056660881121906
0.3549028882088867,0.4037128140365724
0.3451082418762568,0.4027361769987633
0.3451082418762568,0.400782902923145
0.3352829872738374,0.3998062658853359
0.3352829872738374,0.3978529918097178
0.3352829872738374,0.3958924833856713
0.3392008458068894,0.3949158463478622
0.3451082418762568,0.3958924833856713
0.3646975345415166,0.3968691204234804
0.3549028882088867,0.3998062658853359
0.3588207467419387,0.4056660881121906
0.3352829872738374,0.414470290149329
0.3196115531416296,0.4271738059892756
0.3137347653420516,0.4437911043288869
0.3235294116746816,0.4652988222059719
0.3392008458068894,0.487783177120866
0.3490261004093087,0.5102675320357603
0.3352829872738374,0.5307913785266078
0.3352829872738374,0.5493619509418374
0.3196115531416296,0.566963120667686
0.3196115531416296,0.5816199105832508
0.3294061994742595,0.5923773866960075
0.3352829872738374,0.598237208922862
0.3039095107396323,0.6001977173469085
0.2843202180743724,0.6011743543847177
0.8313818240215421,0.6021509914225267
1.503906727835743,0.6021509914225267
1.503906727835743,0.6021509914225267
1.227452835097264,0.5992210803090994
0.3941120818091958,0.5943306607716257
0.2901970058739504,0.5865103301207246
0.3137347653420516,0.5757600883563961
0.3098169068089997,0.5620727011302122
0.2941148644070023,0.545455402790601
0.2784434302747945,0.5298147414887988
0.274494963471953,0.5180806283382331
0.2843202180743724,0.5063537495360956
0.2999916522065803,0.4956035077717671
0.3294061994742595,0.4868065400830569
0.3451082418762568,0.4789862094321558
0.3549028882088867,0.473119152856873
0.3588207467419387,0.4692053703572084
0.374522789143936,0.4652988222059719
0.3901942232761438,0.4613850397063073
0.419608770543823,0.4584551285928799
0.4451054592784502,0.4555252174794526
0.46469475194371,0.4535647090554062
0.4941092992113892,0.4506347979419788
0.5294006342786464,0.4486815238663607
0.5745172239483228,0.4467282497907424
0.6293978516808398,0.4428144672910778
0.6901858754827241,0.4398845561776505
0.7313846066193487,0.4359707736779858
0.7666759416866058,0.4320642255267494
0.7764705880192357,0.4291270800648938
0.7607991538870279,0.4271738059892756
0.7509738992846084,0.4252205319136574
0.7156825642173513,0.4213067494139927
0.6647197950178864,0.4154469271871381
0.5960654458801087,0.4115331446874735
0.5392258888810657,0.4086032335740461
0.4843146528787593,0.4066499594984279
0.419608770543823,0.4037128140365724
0.3803995769435139,0.400782902923145
0.3549028882088867,0.3988296288475269
0.3352829872738374,0.3978529918097178
0.3294061994742595,0.3968691204234804
0.3196115531416296,0.3949158463478622
0.3137347653420516,0.392962572272244
0.3235294116746816,0.3919859352344348
0.3196115531416296,0.3900326611588167
0.3294061994742595,0.3890487897725793
0.3352829872738374,0.3890487897725793
0.3490261004093087,0.3890487897725793
0.3549028882088867,0.3890487897725793
0.374522789143936,0.3880721527347702
0.3843174354765659,0.3870955156969611
0.3803995769435139,0.386118878659152
0.3941120818091958,0.3841656045835338
0.3901942232761438,0.3841656045835338
0.3999888696087737,0.3831889675457247
0.3803995769435139,0.3812284591216783
0.3803995769435139,0.3782985480082509
0.3705743223410945,0.3763452739326327
0.3549028882088867,0.3743919998570145
0.3549028882088867,0.3724314914329681
0.3646975345415166,0.3704782173573498
0.3803995769435139,0.3695015803195408
0.3941120818091958,0.3695015803195408
0.4039067281418257,0.3734081284707772
0.4098141242111931,0.3802518220838691
0.3999888696087737,0.3919859352344348
0.374522789143936,0.407626596536237
0.3451082418762568,0.4271738059892756
0.3451082418762568,0.4486815238663607
0.3490261004093087,0.4701892417434457
0.3646975345415166,0.4897364511964843
0.3705743223410945,0.5053771124982864
0.3588207467419387,0.5219944108378977
0.3705743223410945,0.5356817980640817
0.3490261004093087,0.545455402790601
0.3588207467419387,0.553275733441502
0.3549028882088867,0.5581589186305476
0.3490261004093087,0.5610960640924031
0.2784434302747945,0.5620727011302122
0.4549001056110801,0.5610960640924031
1.2078329341622147,0.5591427900167849
1.503906727835743,0.5571822815927384
1.503906727835743,0.553275733441502
0.845094328887224,0.5474086768662192
0.4706021480130775,0.5415416202909363
0.4451054592784502,0.5327446526022261
0.4098141242111931,0.5219944108378977
0.3901942232761438,0.5102675320357603
0.3490261004093087,0.4985334188851945
0.3451082418762568,0.487783177120866
0.3588207467419387,0.479962846469965
0.3646975345415166,0.4721425158190639
0.3588207467419387,0.4672520962815901
0.3843174354765659,0.4633455481303537
0.3941120818091958,0.4613850397063073
0.3901942232761438,0.4604084026684982
0.419608770543823,0.459431765630689
0.4254855583434009,0.4565018545172618
0.4352802046760309,0.4545485804416435
0.4490233178115022,0.4506347979419788
0.4607768934106581,0.4457443784045051
0.4941092992113892,0.4418378302532686
0.5156881294129645,0.4369474107157949
0.5451026766806437,0.4330408625645585
0.60980855901558,0.4281504430270847
0.6509766818824151,0.4242438948758483
0.6862680169496722,0.4213067494139927
0.7215593520169293,0.4193534753383746
0.7353024651524006,0.4174002012627563
0.7411792529519786,0.4164235642249472
0.7450971114850305,0.414470290149329
0.7254772105499813,0.4115331446874735
0.6960932715520916,0.4086032335740461
0.6509766818824151,0.4066499594984279
0.605890700482528,0.4056660881121906
0.5509794644802216,0.4056660881121906
0.5058934830803345,0.4056660881121906
0.4607768934106581,0.4056660881121906
0.4254855583434009,0.4046894510743815
0.4039067281418257,0.4037128140365724
0.3843174354765659,0.4027361769987633
0.3999888696087737,0.4027361769987633
0.3803995769435139,0.4017595399609542
0.374522789143936,0.4017595399609542
0.3705743223410945,0.4027361769987633
0.3803995769435139,0.4046894510743815
0.3803995769435139,0.4066499594984279
0.3803995769435139,0.4095798706118552
0.3843174354765659,0.4105565076496644
0.3843174354765659,0.4095798706118552
0.4039067281418257,0.4086032335740461
0.4039067281418257,0.4056660881121906
0.4098141242111931,0.4046894510743815
0.4039067281418257,0.4046894510743815
0.4039067281418257,0.4046894510743815
0.3999888696087737,0.4056660881121906
0.3941120818091958,0.4056660881121906
0.4098141242111931,0.4046894510743815
0.3999888696087737,0.4027361769987633
0.4039067281418257,0.400782902923145
0.4039067281418257,0.3998062658853359
0.4098141242111931,0.400782902923145
0.4294034168764529,0.4056660881121906
0.4392286714788723,0.4154469271871381
0.419608770543823,0.4291270800648938
0.4156909120107711,0.4457443784045051
0.3901942232761438,0.4643221851681628
0.3646975345415166,0.4887598141586752
0.3588207467419387,0.5131974431491875
0.374522789143936,0.538611709177509
0.3803995769435139,0.5610960640924031
0.3843174354765659,0.5806432735454417
0.3803995769435139,0.597260571885053
0.3588207467419387,0.6099713220734279
0.3549028882088867,0.6207215638377562
0.3549028882088867,0.6265886204130391
0.3588207467419387,0.6295185315264664
0.3705743223410945,0.6314790399505128
0.2941148644070023,0.6314790399505128
0.4607768934106581,0.6295185315264664
1.1509933771631715,0.6256119833752299
1.503906727835743,0.6216982008755654
1.503906727835743,0.6158383786487107
0.8215565694191228,0.6109479591112369
0.4451054592784502,0.604104265498145
0.4254855583434009,0.5962839348472438
0.4392286714788723,0.5865103301207246
0.4254855583434009,0.5747834513185871
0.3999888696087737,0.5610960640924031
0.3843174354765659,0.54643203982841
0.3999888696087737,0.5327446526022261
0.4352802046760309,0.5210177738000886
0.4490233178115022,0.5102675320357603
0.4490233178115022,0.5014633299986218
0.46469475194371,0.4956035077717671
0.4706021480130775,0.4926663623099116
0.4745200065461294,0.4916897252721025
0.4803967943457073,0.4907130882342934
0.4901914406783372,0.4907130882342934
0.4999860870109672,0.4887598141586752
0.5098113416133866,0.4858226686968196
0.5254827757455944,0.4809394835077741
0.5509794644802216,0.4760490639703003
0.5843118702809528,0.4711658787812548
0.60980855901558,0.4672520962815901
0.6647197950178864,0.4623689110925446
0.7058879178847215,0.4584551285928799
0.7353024651524006,0.4535647090554062
0.7548917578176605,0.4486815238663607
0.7509738992846084,0.4428144672910778
0.7548917578176605,0.437924047753604
0.7313846066193487,0.4320642255267494
0.6960932715520916,0.4271738059892756
0.654894540415467,0.4222906208002301
0.5901886580805307,0.4193534753383746
0.5353080303480138,0.4193534753383746
0.4941092992113892,0.4193534753383746
0.4490233178115022,0.4193534753383746
0.4039067281418257,0.4183768383005654
0.3803995769435139,0.4164235642249472
0.3646975345415166,0.414470290149329
0.3588207467419387,0.4125097817252826
0.3588207467419387,0.4105565076496644
0.3588207467419387,0.4095798706118552
0.3646975345415166,0.407626596536237
0.3803995769435139,0.407626596536237
0.3803995769435139,0.4066499594984279
0.3843174354765659,0.4056660881121906
0.3901942232761438,0.4056660881121906
0.3941120818091958,0.4056660881121906
0.3901942232761438,0.4046894510743815
0.3803995769435139,0.4027361769987633
0.3803995769435139,0.400782902923145
0.3843174354765659,0.3978529918097178
0.3803995769435139,0.3949158463478622
0.374522789143936,0.392962572272244
0.3588207467419387,0.3900326611588167
0.3392008458068894,0.3870955156969611
0.3451082418762568,0.3841656045835338
0.3352829872738374,0.3822123305079156
0.3392008458068894,0.3802518220838691
0.3705743223410945,0.3812284591216783
0.3705743223410945,0.3831889675457247
0.3588207467419387,0.3880721527347702
0.3646975345415166,0.3968691204234804
0.3490261004093087,0.4095798706118552
0.3352829872738374,0.4252205319136574
0.3235294116746816,0.444767741366696
0.3294061994742595,0.4672520962815901
0.3352829872738374,0.4907130882342934
0.3451082418762568,0.5131974431491875
0.3352829872738374,0.5337212896400352
0.3196115531416296,0.553275733441502
0.3137347653420516,0.5689163947433042
0.3098169068089997,0.5796666365076326
0.3235294116746816,0.5884636041963428
0.3235294116746816,0.5943306607716257
0.2901970058739504,0.597260571885053
0.2647003171393232,0.5992210803090994
0.8352996825545941,0.5992210803090994
1.503906727835743,0.5962839348472438
1.503906727835743,0.5933540237338165
1.1666648112953797,0.590416878271961
0.3941120818091958,0.5845570560451063
0.3098169068089997,0.5777133624320144
0.3294061994742595,0.5708696688189224
0.3137347653420516,0.5610960640924031
0.3098169068089997,0.5493619509418374
0.3098169068089997,0.5366584351018908
0.3098169068089997,0.5229710478757068
0.3196115531416296,0.5102675320357603
0.3352829872738374,0.4995100559230035
0.3451082418762568,0.4907130882342934
0.3392008458068894,0.4838693946212014
0.3549028882088867,0.4770257010081094
0.3549028882088867,0.473119152856873
0.3549028882088867,0.4701892417434457
0.3705743223410945,0.4682287333193992
0.3901942232761438,0.4652988222059719
0.4039067281418257,0.4623689110925446
0.4352802046760309,0.459431765630689
0.46469475194371,0.4565018545172618
0.5058934830803345,0.4525880720175971
0.5353080303480138,0.4477048868285516
0.5960654458801087,0.4437911043288869
0.6509766818824151,0.4398845561776505
0.6960932715520916,0.4349941366401767
0.7254772105499813,0.4291270800648938
0.7313846066193487,0.4252205319136574
0.7313846066193487,0.4213067494139927
0.7156825642173513,0.4183768383005654
0.6803912291500942,0.4164235642249472
0.6293978516808398,0.414470290149329
0.5705993654152709,0.4115331446874735
0.5058934830803345,0.4095798706118552
0.4352802046760309,0.4066499594984279
0.3843174354765659,0.4037128140365724
0.3451082418762568,0.400782902923145
0.3098169068089997,0.3978529918097178
0.2843202180743724,0.3958924833856713
0.2784434302747945,0.3949158463478622
0.274494963471953,0.3939392093100531
0.2686181756723751,0.392962572272244
0.274494963471953,0.3939392093100531
0.2686181756723751,0.3939392093100531
0.2843202180743724,0.392962572272244
0.2843202180743724,0.392962572272244
0.2941148644070023,0.3949158463478622
0.3039095107396323,0.3958924833856713
0.3137347653420516,0.3968691204234804
0.3294061994742595,0.3968691204234804
0.3294061994742595,0.3958924833856713
0.3235294116746816,0.3939392093100531
0.3352829872738374,0.3939392093100531
0.3235294116746816,0.392962572272244
0.3196115531416296,0.392962572272244
0.3196115531416296,0.392962572272244
0.3137347653420516,0.3919859352344348
0.3137347653420516,0.3910092981966258
0.3235294116746816,0.3880721527347702
0.3490261004093087,0.3870955156969611
0.3705743223410945,0.386118878659152
0.3803995769435139,0.3880721527347702
0.3705743223410945,0.3900326611588167
0.3646975345415166,0.3949158463478622
0.3392008458068894,0.4046894510743815
0.3196115531416296,0.4183768383005654
0.3294061994742595,0.4330408625645585
0.3352829872738374,0.4477048868285516
0.3549028882088867,0.4682287333193992
0.3490261004093087,0.4897364511964843
0.3451082418762568,0.5102675320357603
0.3549028882088867,0.5288381044509897
0.3294061994742595,0.5444787657527919
0.3352829872738374,0.5571822815927384
0.3352829872738374,0.5659792492814486
0.3235294116746816,0.5728229428945406
0.2392036284046959,0.5777133624320144
0.4156909120107711,0.5806432735454417
1.1960793585630587,0.5816199105832508
1.503906727835743,0.5816199105832508
1.503906727835743,0.5806432735454417
0.8215565694191228,0.5786899994698235
0.3901942232761438,0.5737995799323498
0.374522789143936,0.5659792492814486
0.3843174354765659,0.5562056445549294
0.3549028882088867,0.5444787657527919
0.3392008458068894,0.5298147414887988
0.3352829872738374,0.5151507172248058
0.3588207467419387,0.5034238384226682
0.374522789143936,0.4916897252721025
0.3803995769435139,0.4819161205455832
0.3705743223410945,0.4740957898946821
0.3803995769435139,0.4682287333193992
0.3803995769435139,0.4633455481303537
0.4039067281418257,0.4604084026684982
0.4254855583434009,0.4584551285928799
0.4392286714788723,0.4584551285928799
0.4490233178115022,0.4574784915550708
0.4706021480130775,0.4565018545172618
0.4941092992113892,0.4525880720175971
0.5353080303480138,0.4486815238663607
0.5646919693459035,0.4437911043288869
0.60980855901558,0.4389079191398414
0.654894540415467,0.4340174996023676
0.7098057764177734,0.4291270800648938
0.7509738992846084,0.4261971689514665
0.7764705880192357,0.4232672578380392
0.7803884465522877,0.4203301123761837
0.7666759416866058,0.4174002012627563
0.7548917578176605,0.414470290149329
0.7156825642173513,0.4125097817252826
0.6647197950178864,0.4095798706118552
0.605890700482528,0.4066499594984279
0.5509794644802216,0.4046894510743815
0.4999860870109672,0.4027361769987633
0.4549001056110801,0.400782902923145
0.4156909120107711,0.3998062658853359
0.3843174354765659,0.3978529918097178
0.3588207467419387,0.3958924833856713
0.3549028882088867,0.3939392093100531
0.3549028882088867,0.3919859352344348
0.3549028882088867,0.3910092981966258
0.3588207467419387,0.3890487897725793
0.3588207467419387,0.3880721527347702
0.3646975345415166,0.386118878659152
0.3803995769435139,0.3851422416213429
0.3843174354765659,0.3831889675457247
0.3901942232761438,0.3822123305079156
0.3901942232761438,0.3831889675457247
0.3941120818091958,0.3841656045835338
0.3941120818091958,0.3841656045835338
0.3901942232761438,0.3851422416213429
0.3941120818091958,0.3870955156969611
0.3803995769435139,0.3890487897725793
0.3803995769435139,0.3890487897725793
0.3705743223410945,0.3880721527347702
0.3588207467419387,0.386118878659152
0.3549028882088867,0.3831889675457247
0.3705743223410945,0.3822123305079156
0.3901942232761438,0.3812284591216783
0.3999888696087737,0.3841656045835338
0.4156909120107711,0.3890487897725793
0.4039067281418257,0.3988296288475269
0.3999888696087737,0.414470290149329
0.3705743223410945,0.4340174996023676
0.3451082418762568,0.4574784915550708
0.3490261004093087,0.4809394835077741
0.3549028882088867,0.5044004754604773
0.3705743223410945,0.5268848303753715
0.3803995769435139,0.5474086768662192
0.3646975345415166,0.5640259752058304
0.3490261004093087,0.5767367253942053
0.3549028882088867,0.5855336930829155
0.3490261004093087,0.5923773866960075
0.3549028882088867,0.5962839348472438
0.3588207467419387,0.597260571885053
0.274494963471953,0.598237208922862
0.4352802046760309,0.598237208922862
1.1176609713624406,0.597260571885053
1.503906727835743,0.5943306607716257
1.503906727835743,0.590416878271961
0.845094328887224,0.5865103301207246
0.4352802046760309,0.5816199105832508
0.419608770543823,0.5747834513185871
0.3941120818091958,0.5659792492814486
0.3803995769435139,0.5542523704793112
0.3549028882088867,0.5425254916771737
0.3392008458068894,0.5307913785266078
0.3490261004093087,0.5200411367622795
0.374522789143936,0.5102675320357603
0.3646975345415166,0.5034238384226682
0.3901942232761438,0.4975567818473854
0.3999888696087737,0.4926663623099116
0.3843174354765659,0.4887598141586752
0.4039067281418257,0.487783177120866
0.419608770543823,0.4848460316590105
0.4352802046760309,0.4819161205455832
0.4490233178115022,0.4789862094321558
0.46469475194371,0.4760490639703003
0.4901914406783372,0.473119152856873
0.5156881294129645,0.4701892417434457
0.5451026766806437,0.4672520962815901
0.5901886580805307,0.4633455481303537
0.6353052477502072,0.459431765630689
0.6647197950178864,0.4555252174794526
0.7058879178847215,0.451611434979788
0.7353024651524006,0.4467282497907424
0.7313846066193487,0.4428144672910778
0.7313846066193487,0.4389079191398414
0.7098057764177734,0.4359707736779858
0.6803912291500942,0.4330408625645585
0.6293978516808398,0.4310875884889403
0.5843118702809528,0.4281504430270847
0.5294006342786464,0.4252205319136574
0.4941092992113892,0.4222906208002301
0.4352802046760309,0.4203301123761837
0.4039067281418257,0.4183768383005654
0.3941120818091958,0.4164235642249472
0.3803995769435139,0.414470290149329
0.3646975345415166,0.414470290149329
0.3588207467419387,0.4134864187630917
0.3646975345415166,0.4134864187630917
0.3588207467419387,0.4125097817252826
0.3646975345415166,0.4105565076496644
0.374522789143936,0.4095798706118552
0.3803995769435139,0.4086032335740461
0.3803995769435139,0.4086032335740461
0.3843174354765659,0.4086032335740461
0.3803995769435139,0.4086032335740461
0.3843174354765659,0.4086032335740461
0.3941120818091958,0.4105565076496644
0.3999888696087737,0.4125097817252826
0.3999888696087737,0.4154469271871381
0.3901942232761438,0.4164235642249472
0.3901942232761438,0.4174002012627563
0.3901942232761438,0.4174002012627563
0.3803995769435139,0.4164235642249472
0.3843174354765659,0.4154469271871381
0.3803995769435139,0.414470290149329
0.3999888696087737,0.414470290149329
0.4098141242111931,0.4174002012627563
0.4254855583434009,0.4232672578380392
0.4098141242111931,0.4320642255267494
0.4156909120107711,0.4457443784045051
0.374522789143936,0.4643221851681628
0.3588207467419387,0.4858226686968196
0.3803995769435139,0.5083070236117138
0.3941120818091958,0.5307913785266078
0.4098141242111931,0.5513224593658839
0.4156909120107711,0.566963120667686
0.4039067281418257,0.5777133624320144
0.3901942232761438,0.5884636041963428
0.3803995769435139,0.597260571885053
0.3901942232761438,0.604104265498145
0.3941120818091958,0.6080180479978096
0.3999888696087737,0.6099713220734279
0.3196115531416296,0.6109479591112369
0.5254827757455944,0.6099713220734279
1.2921587174322002,0.6070414109600005
1.503906727835743,0.6031276284603359
1.503906727835743,0.598237208922862
0.7509738992846084,0.5933540237338165
0.4156909120107711,0.5865103301207246
0.3999888696087737,0.5786899994698235
0.3941120818091958,0.5698930317811133
0.3843174354765659,0.5591427900167849
0.3588207467419387,0.5474086768662192
0.3352829872738374,0.5356817980640817
0.3392008458068894,0.5229710478757068
0.3705743223410945,0.5131974431491875
0.374522789143936,0.5053771124982864
0.3705743223410945,0.4995100559230035
0.3843174354765659,0.494626870733958
0.3941120818091958,0.4907130882342934
0.3941120818091958,0.4897364511964843
0.4039067281418257,0.4887598141586752
0.4156909120107711,0.4868065400830569
0.4294034168764529,0.4848460316590105
0.4451054592784502,0.4809394835077741
0.46469475194371,0.4770257010081094
0.4941092992113892,0.4740957898946821
0.5294006342786464,0.4701892417434457
0.5646919693459035,0.466275459243781
0.6196032053482099,0.4613850397063073
0.654894540415467,0.4565018545172618
0.6803912291500942,0.451611434979788
0.7000111300851435,0.4477048868285516
0.7098057764177734,0.4428144672910778
0.7098057764177734,0.4389079191398414
0.6901858754827241,0.4340174996023676
0.654894540415467,0.4301109514511312
0.60980855901558,0.4271738059892756
0.5607741108128516,0.4252205319136574
0.5058934830803345,0.4242438948758483
0.4549001056110801,0.4222906208002301
0.3999888696087737,0.4222906208002301
0.3646975345415166,0.4213067494139927
0.3451082418762568,0.4193534753383746
0.3294061994742595,0.4193534753383746
0.3137347653420516,0.4193534753383746
0.3235294116746816,0.4183768383005654
0.3294061994742595,0.4164235642249472
0.3352829872738374,0.414470290149329
0.3235294116746816,0.4115331446874735
0.3352829872738374,0.4095798706118552
0.3392008458068894,0.4066499594984279
0.3549028882088867,0.4046894510743815
0.3392008458068894,0.4027361769987633
0.3549028882088867,0.4017595399609542
0.3588207467419387,0.4027361769987633
0.3549028882088867,0.4027361769987633
0.3549028882088867,0.4037128140365724
0.3451082418762568,0.4037128140365724
0.3490261004093087,0.4046894510743815
0.3352829872738374,0.4046894510743815
0.3294061994742595,0.4037128140365724
0.3235294116746816,0.4027361769987633
0.3352829872738374,0.4017595399609542
0.3294061994742595,0.400782902923145
0.3588207467419387,0.3998062658853359
0.3705743223410945,0.4017595399609542
0.3549028882088867,0.4066499594984279
0.3392008458068894,0.414470290149329
0.3352829872738374,0.4232672578380392
0.3098169068089997,0.4340174996023676
0.3039095107396323,0.451611434979788
0.3137347653420516,0.4740957898946821
0.3294061994742595,0.4965801448095762
0.3235294116746816,0.5180806283382331
0.3098169068089997,0.538611709177509
0.3196115531416296,0.5571822815927384
0.3137347653420516,0.5728229428945406
0.3098169068089997,0.5835804190072973
0.3137347653420516,0.5914007496581983
0.3098169068089997,0.5953072978094348
0.274494963471953,0.597260571885053
0.2588235293397452,0.597260571885053
0.886262451754059,0.5953072978094348
1.503906727835743,0.5943306607716257
1.503906727835743,0.5933540237338165
1.1019589289604432,0.5914007496581983
0.3803995769435139,0.5884636041963428
0.3039095107396323,0.5835804190072973
0.3294061994742595,0.5757600883563961
0.3196115531416296,0.5650026122436396
0.3098169068089997,0.5513224593658839
0.2999916522065803,0.5366584351018908
0.3039095107396323,0.5219944108378977
0.3098169068089997,0.5112441690735693
0.3235294116746816,0.5024472013848591
0.3294061994742595,0.4936429993477207
0.3392008458068894,0.4868065400830569
0.3549028882088867,0.4819161205455832
0.3549028882088867,0.4780023380459186
0.3705743223410945,0.4760490639703003
0.3843174354765659,0.4740957898946821
0.3941120818091958,0.4711658787812548
0.419608770543823,0.4672520962815901
0.4490233178115022,0.4623689110925446
0.4901914406783372,0.4574784915550708
0.5254827757455944,0.4525880720175971
0.5745172239483228,0.4477048868285516
0.6196032053482099,0.4428144672910778
0.6705965828174644,0.437924047753604
0.7156825642173513,0.4330408625645585
0.7353024651524006,0.4301109514511312
0.7548917578176605,0.4261971689514665
0.7607991538870279,0.4232672578380392
0.7313846066193487,0.4203301123761837
0.6901858754827241,0.4183768383005654
0.6293978516808398,0.4154469271871381
0.5705993654152709,0.4125097817252826
0.4999860870109672,0.4095798706118552
0.4392286714788723,0.407626596536237
0.3843174354765659,0.4066499594984279
0.3352829872738374,0.4056660881121906
0.3039095107396323,0.4056660881121906
0.2686181756723751,0.4056660881121906
0.2549056708066933,0.4046894510743815
0.2490288830071153,0.4027361769987633
0.2588235293397452,0.400782902923145
0.2647003171393232,0.3988296288475269
0.274494963471953,0.3968691204234804
0.2843202180743724,0.3968691204234804
0.2941148644070023,0.3968691204234804
0.3098169068089997,0.3968691204234804
0.3294061994742595,0.3978529918097178
0.3392008458068894,0.3998062658853359
0.3549028882088867,0.400782902923145
0.3549028882088867,0.4017595399609542
0.3588207467419387,0.4027361769987633
0.3588207467419387,0.4037128140365724
0.3549028882088867,0.4027361769987633
0.3588207467419387,0.400782902923145
0.3549028882088867,0.3998062658853359
0.3588207467419387,0.3978529918097178
0.3490261004093087,0.3949158463478622
0.3392008458068894,0.392962572272244
0.3549028882088867,0.3910092981966258
0.374522789143936,0.3890487897725793
0.3843174354765659,0.3870955156969611
0.3803995769435139,0.3880721527347702
0.3803995769435139,0.3919859352344348
0.3588207467419387,0.3998062658853359
0.3352829872738374,0.4125097817252826
0.3352829872738374,0.4281504430270847
0.3392008458068894,0.4477048868285516
0.3549028882088867,0.4701892417434457
0.3588207467419387,0.4926663623099116
0.3490261004093087,0.5131974431491875
0.3392008458068894,0.5327446526022261
0.3392008458068894,0.5483853139040282
0.3352829872738374,0.5591427900167849
0.3451082418762568,0.5689163947433042
0.3451082418762568,0.5747834513185871
0.2784434302747945,0.5796666365076326
0.2647003171393232,0.5826037819694881
0.8666731590887993,0.5835804190072973
1.503906727835743,0.5826037819694881
1.503906727835743,0.5796666365076326
1.1215788298954923,0.5757600883563961
0.4490233178115022,0.5689163947433042
0.3901942232761438,0.5610960640924031
0.3803995769435139,0.553275733441502
0.3549028882088867,0.5444787657527919
0.3392008458068894,0.5327446526022261
0.3235294116746816,0.5200411367622795
0.3490261004093087,0.5083070236117138
0.3549028882088867,0.4975567818473854
0.374522789143936,0.4868065400830569
0.3843174354765659,0.4780023380459186
0.3843174354765659,0.4711658787812548
0.3843174354765659,0.4652988222059719
0.3999888696087737,0.4613850397063073
0.419608770543823,0.459431765630689
0.4352802046760309,0.4565018545172618
0.4451054592784502,0.4545485804416435
0.4607768934106581,0.4535647090554062
0.4803967943457073,0.451611434979788
0.5058934830803345,0.4477048868285516
0.5392258888810657,0.4428144672910778
0.5745172239483228,0.437924047753604
0.6353052477502072,0.4330408625645585
0.6764733706170423,0.4281504430270847
0.7098057764177734,0.4242438948758483
0.7411792529519786,0.4213067494139927
0.7548917578176605,0.4183768383005654
0.7450971114850305,0.4164235642249472
0.7313846066193487,0.414470290149329
0.7098057764177734,0.4134864187630917
0.6647197950178864,0.4125097817252826
0.60980855901558,0.4105565076496644
0.5451026766806437,0.4086032335740461
0.5058934830803345,0.407626596536237
0.46469475194371,0.4056660881121906
0.419608770543823,0.4037128140365724
0.3941120818091958,0.400782902923145
0.3705743223410945,0.3978529918097178
0.3549028882088867,0.3958924833856713
0.3549028882088867,0.3949158463478622
0.3549028882088867,0.392962572272244
0.3549028882088867,0.3919859352344348
0.3588207467419387,0.3919859352344348
0.3705743223410945,0.3919859352344348
0.3803995769435139,0.3919859352344348
0.3803995769435139,0.3919859352344348
0.3803995769435139,0.3939392093100531
0.374522789143936,0.3958924833856713
0.3901942232761438,0.3988296288475269
0.3941120818091958,0.400782902923145
0.3901942232761438,0.400782902923145
0.3941120818091958,0.400782902923145
0.3843174354765659,0.3998062658853359
0.3941120818091958,0.3978529918097178
0.3941120818091958,0.3968691204234804
0.3803995769435139,0.3958924833856713
0.374522789143936,0.3939392093100531
0.3803995769435139,0.3939392093100531
0.3803995769435139,0.3949158463478622
0.3941120818091958,0.3968691204234804
0.4098141242111931,0.4027361769987633
0.4098141242111931,0.4115331446874735
0.3999888696087737,0.4242438948758483
0.3901942232761438,0.4418378302532686
0.3490261004093087,0.4643221851681628
0.3549028882088867,0.487783177120866
0.3549028882088867,0.5092836606495229
0.3705743223410945,0.5288381044509897
0.3803995769435139,0.5503385879796465
0.3705743223410945,0.5708696688189224
0.3646975345415166,0.5884636041963428
0.3490261004093087,0.6011743543847177
0.3392008458068894,0.6099713220734279
0.3549028882088867,0.6158383786487107
0.3549028882088867,0.618768289762138
0.3451082418762568,0.6207215638377562
0.2901970058739504,0.6216982008755654
0.5745172239483228,0.6207215638377562
1.4176526235690208,0.6168150156865198
1.503906727835743,0.6129012331868552
1.503906727835743,0.6080180479978096
0.6254799931477878,0.6021509914225267
0.4039067281418257,0.5943306607716257
0.4039067281418257,0.5835804190072973
0.3941120818091958,0.5718463058567315
0.374522789143936,0.5581589186305476
0.3490261004093087,0.545455402790601
0.3294061994742595,0.5347051610262725
0.3588207467419387,0.524924321951325
0.374522789143936,0.5161273542626148
0.374522789143936,0.5092836606495229
0.3901942232761438,0.5034238384226682
0.4039067281418257,0.5004866929608127
0.3941120818091958,0.4985334188851945
0.4098141242111931,0.4975567818473854
0.4254855583434009,0.4965801448095762
0.4392286714788723,0.494626870733958
0.4706021480130775,0.4926663623099116
0.4745200065461294,0.4887598141586752
0.4941092992113892,0.4848460316590105
0.5254827757455944,0.479962846469965
0.5646919693459035,0.4740957898946821
0.6000139126829501,0.4692053703572084
0.6450998940828371,0.4643221851681628
0.6960932715520916,0.459431765630689
0.7215593520169293,0.4545485804416435
0.7254772105499813,0.4496581609041697
0.7313846066193487,0.4467282497907424
0.7254772105499813,0.4428144672910778
0.7098057764177734,0.437924047753604
0.6764733706170423,0.4330408625645585
0.6411820355497851,0.4281504430270847
0.5960654458801087,0.4252205319136574
0.5451026766806437,0.4232672578380392
0.4999860870109672,0.4213067494139927
0.4607768934106581,0.4222906208002301
0.4254855583434009,0.4213067494139927
0.3999888696087737,0.4203301123761837
0.3843174354765659,0.4193534753383746
0.374522789143936,0.4183768383005654
0.374522789143936,0.4174002012627563
0.3803995769435139,0.4174002012627563
0.3843174354765659,0.4164235642249472
0.3843174354765659,0.4154469271871381
0.3901942232761438,0.4164235642249472
0.3941120818091958,0.4174002012627563
0.3999888696087737,0.4174002012627563
0.3941120818091958,0.4183768383005654
0.3999888696087737,0.4193534753383746
0.4039067281418257,0.4193534753383746
0.4156909120107711,0.4203301123761837
0.4254855583434009,0.4193534753383746
0.4254855583434009,0.4183768383005654
0.4254855583434009,0.4174002012627563
0.4294034168764529,0.4164235642249472
0.4294034168764529,0.414470290149329
0.419608770543823,0.4115331446874735
0.4098141242111931,0.4105565076496644
0.419608770543823,0.4115331446874735
0.4392286714788723,0.4134864187630917
0.4549001056110801,0.4164235642249472
0.46469475194371,0.4213067494139927
0.4607768934106581,0.4291270800648938
0.4490233178115022,0.4418378302532686
0.419608770543823,0.4604084026684982
0.3999888696087737,0.4819161205455832
0.3901942232761438,0.5053771124982864
0.3941120818091958,0.5288381044509897
0.4098141242111931,0.5513224593658839
0.4156909120107711,0.5708696688189224
0.3941120818091958,0.5884636041963428
0.3803995769435139,0.6011743543847177
0.3646975345415166,0.6099713220734279
0.3646975345415166,0.6158383786487107
0.3588207467419387,0.6177916527243289
0.3705743223410945,0.618768289762138
0.3098169068089997,0.6177916527243289
0.4254855583434009,0.6158383786487107
1.037253046625507,0.6129012331868552
1.503906727835743,0.6080180479978096
1.503906727835743,0.6031276284603359
0.9117591404886864,0.598237208922862
0.3941120818091958,0.5914007496581983
0.3646975345415166,0.5835804190072973
0.3803995769435139,0.5737995799323498
0.3646975345415166,0.5630493381680214
0.3392008458068894,0.5522990964036929
0.3196115531416296,0.539588346215318
0.3294061994742595,0.524924321951325
0.3352829872738374,0.5122208061113784
0.3451082418762568,0.5004866929608127
0.3549028882088867,0.4916897252721025
0.374522789143936,0.4868065400830569
0.374522789143936,0.4838693946212014
0.3803995769435139,0.4819161205455832
0.3941120818091958,0.479962846469965
0.4039067281418257,0.4760490639703003
0.4156909120107711,0.473119152856873
0.4254855583434009,0.4701892417434457
0.4451054592784502,0.466275459243781
0.4803967943457073,0.4623689110925446
0.5058934830803345,0.4584551285928799
0.5451026766806437,0.4535647090554062
0.5960654458801087,0.4477048868285516
0.6293978516808398,0.4418378302532686
0.6607713282150449,0.4359707736779858
0.6862680169496722,0.4310875884889403
0.6862680169496722,0.4261971689514665
0.6960932715520916,0.4213067494139927
0.6705965828174644,0.4164235642249472
0.6450998940828371,0.4134864187630917
0.60980855901558,0.4105565076496644
0.5509794644802216,0.4086032335740461
0.5058934830803345,0.4066499594984279
0.4392286714788723,0.4046894510743815
0.3999888696087737,0.4027361769987633
0.3588207467419387,0.4017595399609542
0.3294061994742595,0.3988296288475269
0.3098169068089997,0.3978529918097178
0.3098169068089997,0.3978529918097178
0.3137347653420516,0.3968691204234804
0.3137347653420516,0.3988296288475269
0.3196115531416296,0.3998062658853359
0.3196115531416296,0.400782902923145
0.3294061994742595,0.400782902923145
0.3352829872738374,0.400782902923145
0.3352829872738374,0.400782902923145
0.3451082418762568,0.3998062658853359
0.3490261004093087,0.3998062658853359
0.3549028882088867,0.3998062658853359
0.3549028882088867,0.400782902923145
0.3490261004093087,0.400782902923145
0.3451082418762568,0.400782902923145
0.3392008458068894,0.3998062658853359
0.3352829872738374,0.3978529918097178
0.3352829872738374,0.3968691204234804
0.3294061994742595,0.3949158463478622
0.3098169068089997,0.392962572272244
0.3098169068089997,0.3910092981966258
0.3235294116746816,0.3890487897725793
0.3490261004093087,0.3900326611588167
0.3549028882088867,0.3919859352344348
0.3490261004093087,0.3968691204234804
0.3352829872738374,0.4046894510743815
0.3098169068089997,0.4174002012627563
0.2941148644070023,0.4340174996023676
0.3098169068089997,0.4555252174794526
0.3196115531416296,0.4789862094321558
0.3294061994742595,0.4995100559230035
0.3196115531416296,0.517103991300424
0.3196115531416296,0.5356817980640817
0.3098169068089997,0.553275733441502
0.3039095107396323,0.5679397577054951
0.3196115531416296,0.5786899994698235
0.3098169068089997,0.5865103301207246
0.3235294116746816,0.590416878271961
0.2843202180743724,0.5933540237338165
0.4451054592784502,0.5943306607716257
1.1058767874934952,0.5943306607716257
1.503906727835743,0.5923773866960075
1.503906727835743,0.590416878271961
0.9156769990217384,0.5865103301207246
0.3549028882088867,0.5796666365076326
0.3098169068089997,0.5718463058567315
0.3392008458068894,0.5610960640924031
0.3352829872738374,0.5474086768662192
0.3196115531416296,0.5337212896400352
0.3137347653420516,0.5210177738000886
0.3196115531416296,0.5083070236117138
0.3196115531416296,0.4995100559230035
0.3196115531416296,0.4916897252721025
0.3352829872738374,0.4848460316590105
0.3392008458068894,0.4789862094321558
0.3490261004093087,0.4750724269324912
0.3549028882088867,0.473119152856873
0.3705743223410945,0.4701892417434457
0.3803995769435139,0.4672520962815901
0.3999888696087737,0.4643221851681628
0.4098141242111931,0.4604084026684982
0.4392286714788723,0.4555252174794526
0.4706021480130775,0.4506347979419788
0.5098113416133866,0.444767741366696
0.5509794644802216,0.4398845561776505
0.605890700482528,0.4349941366401767
0.6607713282150449,0.4301109514511312
0.7058879178847215,0.4252205319136574
0.7353024651524006,0.4203301123761837
0.7548917578176605,0.4164235642249472
0.7509738992846084,0.4125097817252826
0.7313846066193487,0.4086032335740461
0.6901858754827241,0.4056660881121906
0.6450998940828371,0.4046894510743815
0.5803940117479008,0.4046894510743815
0.5156881294129645,0.4046894510743815
0.4549001056110801,0.4046894510743815
0.3999888696087737,0.4056660881121906
0.3588207467419387,0.4037128140365724
0.3352829872738374,0.4017595399609542
0.3098169068089997,0.3998062658853359
0.2941148644070023,0.3988296288475269
0.2941148644070023,0.3958924833856713
0.3098169068089997,0.3939392093100531
0.3235294116746816,0.3939392093100531
0.3294061994742595,0.3958924833856713
0.3352829872738374,0.3958924833856713
0.3352829872738374,0.3968691204234804
0.3490261004093087,0.3978529918097178
0.3549028882088867,0.3978529918097178
0.3588207467419387,0.3978529918097178
0.3705743223410945,0.3968691204234804
0.3803995769435139,0.3958924833856713
0.374522789143936,0.3949158463478622
0.3803995769435139,0.3939392093100531
0.374522789143936,0.392962572272244
0.3705743223410945,0.3919859352344348
0.3549028882088867,0.3900326611588167
0.3549028882088867,0.3880721527347702
0.3549028882088867,0.3870955156969611
0.3490261004093087,0.3841656045835338
0.3451082418762568,0.3822123305079156
0.3646975345415166,0.3822123305079156
0.3803995769435139,0.3841656045835338
0.3803995769435139,0.3870955156969611
0.374522789143936,0.3910092981966258
0.3705743223410945,0.3988296288475269
0.3451082418762568,0.4105565076496644
0.3352829872738374,0.4261971689514665
0.3392008458068894,0.4457443784045051
0.3549028882088867,0.4682287333193992
0.374522789143936,0.4897364511964843
0.3705743223410945,0.5112441690735693
0.3803995769435139,0.5307913785266078
0.3588207467419387,0.5474086768662192
0.3549028882088867,0.5620727011302122
0.3549028882088867,0.5728229428945406
0.3490261004093087,0.5796666365076326
0.3549028882088867,0.5835804190072973
0.2784434302747945,0.5865103301207246
0.4451054592784502,0.5874869671585337
1.1960793585630587,0.5855336930829155
1.503906727835743,0.5806432735454417
1.503906727835743,0.5737995799323498
0.8313818240215421,0.5659792492814486
0.4254855583434009,0.5562056445549294
0.4098141242111931,0.5444787657527919
0.3941120818091958,0.5298147414887988
0.3803995769435139,0.5161273542626148
0.3588207467419387,0.5024472013848591
0.3451082418762568,0.4916897252721025
0.3588207467419387,0.4819161205455832
0.3705743223410945,0.4740957898946821
0.3549028882088867,0.4672520962815901
0.3941120818091958,0.4604084026684982
0.4039067281418257,0.4555252174794526
0.3941120818091958,0.4535647090554062
0.4039067281418257,0.4525880720175971
0.419608770543823,0.4506347979419788
0.4294034168764529,0.4467282497907424
0.4490233178115022,0.4437911043288869
0.4607768934106581,0.4398845561776505
0.4843146528787593,0.4369474107157949
0.5156881294129645,0.4340174996023676
0.5548973230132735,0.4320642255267494
0.5901886580805307,0.4291270800648938
0.6353052477502072,0.4261971689514665
0.6862680169496722,0.4232672578380392
0.7156825642173513,0.4203301123761837
0.7353024651524006,0.4174002012627563
0.7450971114850305,0.414470290149329
0.7353024651524006,0.4125097817252826
0.7313846066193487,0.4115331446874735
0.6862680169496722,0.4095798706118552
0.6411820355497851,0.4086032335740461
0.5843118702809528,0.4066499594984279
0.5353080303480138,0.4056660881121906
0.4901914406783372,0.4037128140365724
0.4451054592784502,0.4017595399609542
0.4098141242111931,0.400782902923145
0.3843174354765659,0.4017595399609542
0.3705743223410945,0.4027361769987633
0.3549028882088867,0.4027361769987633
0.3588207467419387,0.4037128140365724
0.3588207467419387,0.4046894510743815
0.3646975345415166,0.4056660881121906
0.374522789143936,0.4056660881121906
0.3803995769435139,0.4056660881121906
0.3803995769435139,0.4066499594984279
0.3803995769435139,0.4066499594984279
0.3901942232761438,0.407626596536237
0.3999888696087737,0.4086032335740461
0.3941120818091958,0.407626596536237
0.4039067281418257,0.407626596536237
0.4098141242111931,0.4066499594984279
0.3901942232761438,0.4056660881121906
0.3803995769435139,0.4056660881121906
0.3803995769435139,0.4046894510743815
0.374522789143936,0.4037128140365724
0.3646975345415166,0.4027361769987633
0.3588207467419387,0.4027361769987633
0.3549028882088867,0.4037128140365724
0.3549028882088867,0.4066499594984279
0.374522789143936,0.4086032335740461
0.3999888696087737,0.4134864187630917
0.4039067281418257,0.4222906208002301
0.4039067281418257,0.4359707736779858
0.3941120818091958,0.4545485804416435
0.3705743223410945,0.4770257010081094
0.3490261004093087,0.5014633299986218
0.3549028882088867,0.5268848303753715
0.3803995769435139,0.5522990964036929
0.3941120818091958,0.5728229428945406
0.3843174354765659,0.5874869671585337
0.374522789143936,0.6021509914225267
0.3490261004093087,0.6129012331868552
0.3451082418762568,0.6216982008755654
0.3549028882088867,0.6285418944886573
0.3490261004093087,0.632455676988322
0.3588207467419387,0.6344089510639401
0.2941148644070023,0.6353855881017493
0.4451054592784502,0.6344089510639401
1.0960821411608652,0.6314790399505128
1.503906727835743,0.6265886204130391
1.503906727835743,0.6207215638377562
0.8411764703541721,0.611924596149046
0.4156909120107711,0.6031276284603359
0.3999888696087737,0.5923773866960075
0.3901942232761438,0.5796666365076326
0.3646975345415166,0.5659792492814486
0.3705743223410945,0.553275733441502
0.3352829872738374,0.5405649832531272
0.3451082418762568,0.5288381044509897
0.3588207467419387,0.5190644997244704
0.3705743223410945,0.5102675320357603
0.3843174354765659,0.5024472013848591
0.4039067281418257,0.4936429993477207
0.4039067281418257,0.4858226686968196
0.4039067281418257,0.4819161205455832
0.4254855583434009,0.479962846469965
0.4352802046760309,0.4789862094321558
0.4490233178115022,0.4789862094321558
0.4745200065461294,0.4780023380459186
0.4941092992113892,0.4760490639703003
0.5196059879460164,0.473119152856873
0.5509794644802216,0.4701892417434457
0.5960654458801087,0.4652988222059719
0.6353052477502072,0.4604084026684982
0.6803912291500942,0.4545485804416435
0.7156825642173513,0.4496581609041697
0.7450971114850305,0.4457443784045051
0.7548917578176605,0.4398845561776505
0.7450971114850305,0.4349941366401767
0.7313846066193487,0.4320642255267494
0.7000111300851435,0.4281504430270847
0.654894540415467,0.4242438948758483
0.615685346815158,0.4193534753383746
0.5548973230132735,0.414470290149329
0.5156881294129645,0.4105565076496644
0.4745200065461294,0.407626596536237
0.4294034168764529,0.4056660881121906
0.4039067281418257,0.4046894510743815
0.3843174354765659,0.4046894510743815
0.374522789143936,0.4046894510743815
0.3705743223410945,0.4046894510743815
0.374522789143936,0.4037128140365724
0.3803995769435139,0.4017595399609542
0.3803995769435139,0.4017595399609542
0.3843174354765659,0.400782902923145
0.3941120818091958,0.4017595399609542
0.4039067281418257,0.4037128140365724
0.4039067281418257,0.4037128140365724
0.4039067281418257,0.4046894510743815
0.4098141242111931,0.4046894510743815
0.4098141242111931,0.4046894510743815
0.4156909120107711,0.4056660881121906
0.419608770543823,0.4056660881121906
0.4254855583434009,0.4066499594984279
0.4254855583434009,0.4066499594984279
0.4254855583434009,0.4056660881121906
0.4254855583434009,0.4037128140365724
0.4254855583434009,0.4017595399609542
0.4294034168764529,0.3988296288475269
0.4451054592784502,0.3978529918097178
0.4490233178115022,0.3988296288475269
0.4607768934106581,0.400782902923145
0.46469475194371,0.407626596536237
0.4549001056110801,0.4164235642249472
0.4392286714788723,0.4281504430270847
0.4039067281418257,0.444767741366696
0.3999888696087737,0.466275459243781
0.3941120818091958,0.4897364511964843
0.4039067281418257,0.5122208061113784
0.4098141242111931,0.5327446526022261
0.4039067281418257,0.5522990964036929
0.3803995769435139,0.5679397577054951
0.374522789143936,0.5786899994698235
0.3646975345415166,0.5874869671585337
0.3705743223410945,0.5933540237338165
0.374522789143936,0.5953072978094348
0.3549028882088867,0.5953072978094348
0.3098169068089997,0.5962839348472438
0.6803912291500942,0.5962839348472438
1.503906727835743,0.5943306607716257
1.503906727835743,0.5914007496581983
1.4019505811670236,0.5874869671585337
0.5058934830803345,0.5826037819694881
0.3549028882088867,0.5757600883563961
0.374522789143936,0.566963120667686
0.3646975345415166,0.5562056445549294
0.3549028882088867,0.5435021287149827
0.3352829872738374,0.5307913785266078
0.3352829872738374,0.5180806283382331
0.3392008458068894,0.5083070236117138
0.3549028882088867,0.5004866929608127
0.3549028882088867,0.4936429993477207
0.3646975345415166,0.4868065400830569
0.374522789143936,0.4809394835077741
0.3803995769435139,0.4770257010081094
0.3901942232761438,0.4750724269324912
0.4039067281418257,0.473119152856873
0.419608770543823,0.4701892417434457
0.4294034168764529,0.4682287333193992
0.4490233178115022,0.4652988222059719
0.4706021480130775,0.4623689110925446
0.5058934830803345,0.4584551285928799
0.5451026766806437,0.4545485804416435
0.5843118702809528,0.4506347979419788
0.6353052477502072,0.4457443784045051
0.6705965828174644,0.4398845561776505
0.7000111300851435,0.4349941366401767
0.7098057764177734,0.4291270800648938
0.7058879178847215,0.4232672578380392
0.7058879178847215,0.4174002012627563
0.6803912291500942,0.4125097817252826
0.6450998940828371,0.4086032335740461
0.5960654458801087,0.4056660881121906
0.5392258888810657,0.4037128140365724
0.4901914406783372,0.4027361769987633
0.4392286714788723,0.400782902923145
0.3901942232761438,0.3998062658853359
0.3588207467419387,0.3988296288475269
0.3392008458068894,0.3978529918097178
0.3235294116746816,0.3978529918097178
0.3235294116746816,0.3978529918097178
0.3235294116746816,0.3978529918097178
0.3352829872738374,0.3988296288475269
0.3352829872738374,0.3988296288475269
0.3392008458068894,0.3988296288475269
0.3490261004093087,0.3998062658853359
0.3549028882088867,0.400782902923145
0.3549028882088867,0.3998062658853359
0.3646975345415166,0.3978529918097178
0.3705743223410945,0.3968691204234804
0.374522789143936,0.3958924833856713
0.3646975345415166,0.3958924833856713
0.3588207467419387,0.3968691204234804
0.3549028882088867,0.3978529918097178
0.3549028882088867,0.3988296288475269
0.3490261004093087,0.3988296288475269
0.3549028882088867,0.3988296288475269
0.3392008458068894,0.3978529918097178
0.3392008458068894,0.3958924833856713
0.3451082418762568,0.3949158463478622
0.3490261004093087,0.3939392093100531
0.3646975345415166,0.3949158463478622
0.374522789143936,0.3968691204234804
0.3803995769435139,0.400782902923145
0.3588207467419387,0.4066499594984279
0.3352829872738374,0.4164235642249472
0.3235294116746816,0.4310875884889403
0.3392008458068894,0.451611434979788
0.3490261004093087,0.4760490639703003
0.3392008458068894,0.5004866929608127
0.3451082418762568,0.5200411367622795
0.3352829872738374,0.5366584351018908
0.3196115531416296,0.5522990964036929
0.3196115531416296,0.5659792492814486
0.3352829872738374,0.5757600883563961
0.3294061994742595,0.5816199105832508
0.3137347653420516,0.5845570560451063
0.2843202180743724,0.5855336930829155
0.6411820355497851,0.5845570560451063
1.503906727835743,0.5826037819694881
1.503906727835743,0.5796666365076326
1.503906727835743,0.5767367253942053
0.5196059879460164,0.5718463058567315
0.3098169068089997,0.5659792492814486
0.3352829872738374,0.5581589186305476
0.3392008458068894,0.5474086768662192
0.3235294116746816,0.5347051610262725
0.3235294116746816,0.5219944108378977
0.3196115531416296,0.5083070236117138
0.3294061994742595,0.4965801448095762
0.3392008458068894,0.4848460316590105
0.3451082418762568,0.4760490639703003
0.3490261004093087,0.4682287333193992
0.3549028882088867,0.4623689110925446
0.374522789143936,0.4584551285928799
0.3843174354765659,0.4574784915550708
0.3999888696087737,0.4565018545172618
0.4098141242111931,0.4555252174794526
0.4254855583434009,0.4545485804416435
0.4451054592784502,0.451611434979788
0.4745200065461294,0.4477048868285516
0.5156881294129645,0.4428144672910778
0.5607741108128516,0.437924047753604
0.60980855901558,0.4330408625645585
0.6607713282150449,0.4281504430270847
0.7058879178847215,0.4232672578380392
0.7313846066193487,0.4193534753383746
0.7509738992846084,0.414470290149329
0.7509738992846084,0.4115331446874735
0.7411792529519786,0.407626596536237
0.7098057764177734,0.4046894510743815
0.6607713282150449,0.4017595399609542
0.6000139126829501,0.3988296288475269
0.5294006342786464,0.3958924833856713
0.4607768934106581,0.3939392093100531
0.4098141242111931,0.3919859352344348
0.3588207467419387,0.3919859352344348
0.3294061994742595,0.3919859352344348
0.3098169068089997,0.392962572272244
0.2941148644070023,0.392962572272244
0.2901970058739504,0.392962572272244
0.2941148644070023,0.3939392093100531
0.3137347653420516,0.3949158463478622
0.3294061994742595,0.3939392093100531
0.3451082418762568,0.392962572272244
0.3451082418762568,0.392962572272244
0.3549028882088867,0.3919859352344348
0.3549028882088867,0.3919859352344348
0.3705743223410945,0.3919859352344348
0.3803995769435139,0.3919859352344348
0.3843174354765659,0.3919859352344348
0.3843174354765659,0.3919859352344348
0.3901942232761438,0.392962572272244
0.3901942232761438,0.392962572272244
0.3843174354765659,0.392962572272244
0.3803995769435139,0.3919859352344348
0.3803995769435139,0.3900326611588167
0.3705743223410945,0.3870955156969611
0.3646975345415166,0.3841656045835338
0.3549028882088867,0.3822123305079156
0.3588207467419387,0.3802518220838691
0.3803995769435139,0.37927518504606
0.3941120818091958,0.3812284591216783
0.4039067281418257,0.3831889675457247
0.3999888696087737,0.3890487897725793
0.4039067281418257,0.3968691204234804
0.3705743223410945,0.407626596536237
0.3549028882088867,0.4222906208002301
0.3549028882088867,0.4428144672910778
0.3588207467419387,0.4643221851681628
0.3803995769435139,0.4868065400830569
0.3803995769435139,0.5073303865739046
0.3705743223410945,0.5268848303753715
0.3549028882088867,0.5444787657527919
0.3549028882088867,0.5571822815927384
0.3549028882088867,0.5659792492814486
0.3646975345415166,0.5718463058567315
0.3588207467419387,0.5757600883563961
0.2843202180743724,0.5767367253942053
0.5058934830803345,0.5757600883563961
1.3333268402990353,0.5737995799323498
1.503906727835743,0.5708696688189224
1.503906727835743,0.5679397577054951
0.7509738992846084,0.5620727011302122
0.4294034168764529,0.5542523704793112
0.4156909120107711,0.5425254916771737
0.3941120818091958,0.5298147414887988
0.374522789143936,0.5161273542626148
0.3549028882088867,0.5024472013848591
0.3490261004093087,0.4907130882342934
0.3705743223410945,0.479962846469965
0.374522789143936,0.4701892417434457
0.3803995769435139,0.4613850397063073
0.3941120818091958,0.4545485804416435
0.4039067281418257,0.4506347979419788
0.4039067281418257,0.4486815238663607
0.4039067281418257,0.4477048868285516
0.4294034168764529,0.4467282497907424
0.4549001056110801,0.4437911043288869
0.46469475194371,0.4389079191398414
0.4745200065461294,0.4340174996023676
0.4941092992113892,0.4291270800648938
0.5254827757455944,0.4242438948758483
0.5607741108128516,0.4193534753383746
0.5960654458801087,0.4154469271871381
0.6450998940828371,0.4115331446874735
0.6901858754827241,0.4086032335740461
0.7215593520169293,0.4056660881121906
0.7411792529519786,0.4037128140365724
0.7450971114850305,0.4027361769987633
0.7313846066193487,0.400782902923145
0.7313846066193487,0.3978529918097178
0.7000111300851435,0.3958924833856713
0.6450998940828371,0.3949158463478622
0.605890700482528,0.3939392093100531
0.5451026766806437,0.392962572272244
0.4941092992113892,0.3939392093100531
0.4451054592784502,0.3939392093100531
0.4098141242111931,0.3939392093100531
0.3803995769435139,0.3939392093100531
0.3646975345415166,0.3939392093100531
0.3549028882088867,0.3939392093100531
0.3549028882088867,0.3939392093100531
0.3549028882088867,0.3939392093100531
0.3588207467419387,0.3939392093100531
0.374522789143936,0.3939392093100531
0.3803995769435139,0.3939392093100531
0.374522789143936,0.3939392093100531
0.3803995769435139,0.3949158463478622
0.3901942232761438,0.3968691204234804
0.3803995769435139,0.3978529918097178
0.3803995769435139,0.3988296288475269
0.3941120818091958,0.3998062658853359
0.3999888696087737,0.3998062658853359
0.3901942232761438,0.3988296288475269
0.3803995769435139,0.3968691204234804
0.3803995769435139,0.3949158463478622
0.3803995769435139,0.3919859352344348
0.3646975345415166,0.3890487897725793
0.374522789143936,0.3880721527347702
0.3705743223410945,0.3880721527347702
0.374522789143936,0.3900326611588167
0.3843174354765659,0.392962572272244
0.4039067281418257,0.3978529918097178
0.4156909120107711,0.4066499594984279
0.4156909120107711,0.4203301123761837
0.4039067281418257,0.4408611932154596
0.3901942232761438,0.466275459243781
0.3588207467419387,0.4936429993477207
0.3588207467419387,0.5229710478757068
0.3705743223410945,0.5513224593658839
0.3803995769435139,0.5767367253942053
0.3901942232761438,0.5953072978094348
0.3901942232761438,0.6099713220734279
0.3705743223410945,0.6226748379133744
0.3549028882088867,0.6314790399505128
0.3549028882088867,0.6383154992151766
0.3549028882088867,0.6412526446770321
0.3646975345415166,0.6422292817148413
0.3196115531416296,0.6432059187526503
0.2941148644070023,0.6422292817148413
0.845094328887224,0.6383154992151766
1.503906727835743,0.6334323140261311
1.503906727835743,0.6275652574508482
1.1313734762281225,0.6207215638377562
0.4607768934106581,0.6129012331868552
0.4098141242111931,0.605080902535954
0.419608770543823,0.5943306607716257
0.3843174354765659,0.5816199105832508
0.3803995769435139,0.5659792492814486
0.3588207467419387,0.5513224593658839
0.3549028882088867,0.5366584351018908
0.374522789143936,0.524924321951325
0.3803995769435139,0.5141740801869966
0.3941120818091958,0.5063537495360956
0.4156909120107711,0.5004866929608127
0.4156909120107711,0.4975567818473854
0.4156909120107711,0.4965801448095762
0.4254855583434009,0.4956035077717671
0.4451054592784502,0.494626870733958
0.4607768934106581,0.4916897252721025
0.4745200065461294,0.4868065400830569
0.4941092992113892,0.4819161205455832
0.5156881294129645,0.4770257010081094
0.5451026766806437,0.473119152856873
0.5843118702809528,0.4692053703572084
0.6254799931477878,0.4652988222059719
0.6647197950178864,0.4633455481303537
0.7058879178847215,0.459431765630689
0.7313846066193487,0.4545485804416435
0.7450971114850305,0.4496581609041697
0.7509738992846084,0.444767741366696
0.7353024651524006,0.4389079191398414
0.7156825642173513,0.4330408625645585
0.6764733706170423,0.4271738059892756
0.6254799931477878,0.4222906208002301
0.5843118702809528,0.4193534753383746
0.5294006342786464,0.4164235642249472
0.4843146528787593,0.4125097817252826
0.4451054592784502,0.4095798706118552
0.4098141242111931,0.407626596536237
0.3843174354765659,0.4066499594984279
0.3588207467419387,0.4066499594984279
0.3549028882088867,0.4066499594984279
0.3549028882088867,0.4066499594984279
0.3549028882088867,0.4066499594984279
0.3588207467419387,0.4066499594984279
0.3588207467419387,0.4066499594984279
0.3646975345415166,0.4066499594984279
0.3705743223410945,0.4056660881121906
0.374522789143936,0.4066499594984279
0.3646975345415166,0.4056660881121906
0.374522789143936,0.4056660881121906
0.3803995769435139,0.4056660881121906
0.3803995769435139,0.4046894510743815
0.374522789143936,0.4046894510743815
0.374522789143936,0.4037128140365724
0.3646975345415166,0.4037128140365724
0.3646975345415166,0.4027361769987633
0.3549028882088867,0.4017595399609542
0.3549028882088867,0.400782902923145
0.3490261004093087,0.3988296288475269
0.3549028882088867,0.3988296288475269
0.3705743223410945,0.400782902923145
0.3901942232761438,0.4027361769987633
0.3999888696087737,0.4086032335740461
0.3999888696087737,0.4183768383005654
0.3901942232761438,0.4301109514511312
0.3803995769435139,0.4467282497907424
0.3549028882088867,0.4682287333193992
0.3588207467419387,0.4926663623099116
0.3803995769435139,0.517103991300424
0.3999888696087737,0.5405649832531272
0.4156909120107711,0.5630493381680214
0.4098141242111931,0.5826037819694881
0.3999888696087737,0.598237208922862
0.3941120818091958,0.6099713220734279
0.3941120818091958,0.6177916527243289
0.4039067281418257,0.6207215638377562
0.4098141242111931,0.6216982008755654
0.3705743223410945,0.6207215638377562
0.3490261004093087,0.618768289762138
0.8902109185569005,0.6158383786487107
1.503906727835743,0.6129012331868552
1.503906727835743,0.6099713220734279
1.1470449103603302,0.6060575395737632
0.4745200065461294,0.6001977173469085
0.4039067281418257,0.5914007496581983
0.4098141242111931,0.5796666365076326
0.3941120818091958,0.5659792492814486
0.3803995769435139,0.5503385879796465
0.3549028882088867,0.5356817980640817
0.3549028882088867,0.5229710478757068
0.3588207467419387,0.5141740801869966
0.3803995769435139,0.5063537495360956
0.3803995769435139,0.4985334188851945
0.3843174354765659,0.4936429993477207
0.3941120818091958,0.4907130882342934
0.4039067281418257,0.4897364511964843
0.4039067281418257,0.4887598141586752
0.419608770543823,0.4887598141586752
0.4352802046760309,0.4887598141586752
0.4490233178115022,0.4868065400830569
0.4706021480130775,0.4828927575833923
0.4999860870109672,0.479962846469965
0.5353080303480138,0.4760490639703003
0.5646919693459035,0.4711658787812548
0.615685346815158,0.4652988222059719
0.654894540415467,0.4584551285928799
0.6901858754827241,0.4525880720175971
0.7098057764177734,0.4457443784045051
0.7254772105499813,0.4398845561776505
0.7313846066193487,0.4330408625645585
0.7098057764177734,0.4261971689514665
0.6862680169496722,0.4203301123761837
0.6450998940828371,0.414470290149329
0.605890700482528,0.4105565076496644
0.5509794644802216,0.4086032335740461
0.4941092992113892,0.407626596536237
0.4392286714788723,0.4066499594984279
0.3999888696087737,0.4056660881121906
0.3646975345415166,0.4037128140365724
0.3490261004093087,0.4017595399609542
0.3352829872738374,0.3988296288475269
0.3196115531416296,0.3958924833856713
0.3352829872738374,0.392962572272244
0.3294061994742595,0.3910092981966258
0.3235294116746816,0.3900326611588167
0.3392008458068894,0.3890487897725793
0.3451082418762568,0.3890487897725793
0.3392008458068894,0.3890487897725793
0.3549028882088867,0.3890487897725793
0.3646975345415166,0.3910092981966258
0.3588207467419387,0.392962572272244
0.3549028882088867,0.3958924833856713
0.3588207467419387,0.3978529918097178
0.3549028882088867,0.3978529918097178
0.3490261004093087,0.3978529918097178
0.3352829872738374,0.3968691204234804
0.3352829872738374,0.3949158463478622
0.3235294116746816,0.3919859352344348
0.3196115531416296,0.3890487897725793
0.3235294116746816,0.3870955156969611
0.3352829872738374,0.3851422416213429
0.3294061994742595,0.3831889675457247
0.3549028882088867,0.3831889675457247
0.3549028882088867,0.3851422416213429
0.3588207467419387,0.3910092981966258
0.3549028882088867,0.4017595399609542
0.3392008458068894,0.4164235642249472
0.3196115531416296,0.4359707736779858
0.3137347653420516,0.459431765630689
0.3294061994742595,0.4848460316590105
0.3588207467419387,0.5083070236117138
0.3490261004093087,0.5278614674131806
0.3549028882088867,0.545455402790601
0.3352829872738374,0.5630493381680214
0.3235294116746816,0.5786899994698235
0.3294061994742595,0.5914007496581983
0.3352829872738374,0.6001977173469085
0.3451082418762568,0.604104265498145
0.3137347653420516,0.6060575395737632
0.4490233178115022,0.6070414109600005
1.076462240225816,0.6070414109600005
1.503906727835743,0.605080902535954
1.503906727835743,0.6031276284603359
0.9607935886914148,0.598237208922862
0.3705743223410945,0.5923773866960075
0.3196115531416296,0.5835804190072973
0.3549028882088867,0.5708696688189224
0.3392008458068894,0.5562056445549294
0.3352829872738374,0.5405649832531272
0.3352829872738374,0.5259009589891341
0.3294061994742595,0.5122208061113784
0.3392008458068894,0.4995100559230035
0.3490261004093087,0.4887598141586752
0.3549028882088867,0.479962846469965
0.3646975345415166,0.4740957898946821
0.3803995769435139,0.4692053703572084
0.374522789143936,0.4672520962815901
0.3901942232761438,0.466275459243781
0.4098141242111931,0.4652988222059719
0.419608770543823,0.4623689110925446
0.4451054592784502,0.4574784915550708
0.4706021480130775,0.451611434979788
0.5156881294129645,0.4457443784045051
0.5509794644802216,0.4398845561776505
0.5960654458801087,0.4359707736779858
0.6509766818824151,0.4320642255267494
0.7058879178847215,0.4281504430270847
0.7450971114850305,0.4242438948758483
0.7705938002196577,0.4183768383005654
0.7803884465522877,0.4134864187630917
0.7803884465522877,0.4095798706118552
0.7666759416866058,0.4056660881121906
0.7313846066193487,0.4027361769987633
0.6764733706170423,0.3988296288475269
0.605890700482528,0.3958924833856713
0.5294006342786464,0.392962572272244
0.46469475194371,0.3890487897725793
0.4098141242111931,0.386118878659152
0.3588207467419387,0.3831889675457247
0.3235294116746816,0.3822123305079156
0.3039095107396323,0.3822123305079156
0.2901970058739504,0.3822123305079156
0.2901970058739504,0.3802518220838691
0.2941148644070023,0.37927518504606
0.2999916522065803,0.37927518504606
0.3098169068089997,0.37927518504606
0.3196115531416296,0.3812284591216783
0.3294061994742595,0.3831889675457247
0.3392008458068894,0.3841656045835338
0.3549028882088867,0.3851422416213429
0.3588207467419387,0.3870955156969611
0.3588207467419387,0.3890487897725793
0.3646975345415166,0.3900326611588167
0.374522789143936,0.3900326611588167
0.374522789143936,0.3900326611588167
0.3705743223410945,0.3900326611588167
0.3588207467419387,0.3880721527347702
0.3549028882088867,0.3851422416213429
0.3490261004093087,0.3822123305079156
0.3490261004093087,0.37927518504606
0.3451082418762568,0.3763452739326327
0.3392008458068894,0.3734081284707772
0.3549028882088867,0.3714548543951589
0.3803995769435139,0.3724314914329681
0.3941120818091958,0.3743919998570145
0.3843174354765659,0.3773219109704418
0.3843174354765659,0.3822123305079156
0.3646975345415166,0.3890487897725793
0.3451082418762568,0.400782902923145
0.3392008458068894,0.4174002012627563
0.3549028882088867,0.437924047753604
0.3705743223410945,0.4604084026684982
0.3588207467419387,0.4828927575833923
0.3588207467419387,0.5053771124982864
0.3549028882088867,0.5259009589891341
0.3490261004093087,0.5435021287149827
0.3490261004093087,0.5591427900167849
0.3549028882088867,0.5698930317811133
0.3588207467419387,0.5767367253942053
0.3196115531416296,0.5806432735454417
0.2999916522065803,0.5816199105832508
0.886262451754059,0.5806432735454417
1.503906727835743,0.5786899994698235
1.503906727835743,0.5757600883563961
1.1764594576280094,0.5698930317811133
0.4803967943457073,0.5630493381680214
0.3999888696087737,0.553275733441502
0.4039067281418257,0.5405649832531272
0.3941120818091958,0.5268848303753715
0.374522789143936,0.5141740801869966
0.3549028882088867,0.5014633299986218
0.3549028882088867,0.4916897252721025
0.3588207467419387,0.4828927575833923
0.3803995769435139,0.4750724269324912
0.3843174354765659,0.4682287333193992
0.3999888696087737,0.4613850397063073
0.4098141242111931,0.4555252174794526
0.4098141242111931,0.451611434979788
0.4254855583434009,0.4486815238663607
0.4392286714788723,0.4467282497907424
0.4549001056110801,0.4437911043288869
0.4745200065461294,0.4398845561776505
0.4999860870109672,0.4359707736779858
0.5254827757455944,0.4310875884889403
0.5509794644802216,0.4271738059892756
0.5960654458801087,0.4222906208002301
0.6353052477502072,0.4174002012627563
0.6803912291500942,0.4115331446874735
0.7098057764177734,0.4056660881121906
0.7411792529519786,0.4017595399609542
0.7548917578176605,0.3988296288475269
0.7548917578176605,0.3949158463478622
0.7411792529519786,0.3919859352344348
0.7215593520169293,0.3890487897725793
0.6803912291500942,0.386118878659152
0.6411820355497851,0.3822123305079156
0.5843118702809528,0.3802518220838691
0.5254827757455944,0.3782985480082509
0.4745200065461294,0.3763452739326327
0.4392286714788723,0.3753686368948236
0.4039067281418257,0.3743919998570145
0.3803995769435139,0.3734081284707772
0.3705743223410945,0.3734081284707772
0.3588207467419387,0.3734081284707772
0.3588207467419387,0.3734081284707772
0.3549028882088867,0.3753686368948236
0.3705743223410945,0.3753686368948236
0.3803995769435139,0.3763452739326327
0.3803995769435139,0.3773219109704418
0.3843174354765659,0.3802518220838691
0.3941120818091958,0.3812284591216783
0.3999888696087737,0.3822123305079156
0.3999888696087737,0.3822123305079156
0.3941120818091958,0.3822123305079156
0.3999888696087737,0.3812284591216783
0.3999888696087737,0.3802518220838691
0.3901942232761438,0.3802518220838691
0.3843174354765659,0.3802518220838691
0.3843174354765659,0.37927518504606
0.374522789143936,0.3782985480082509
0.3588207467419387,0.3773219109704418
0.3549028882088867,0.3763452739326327
0.3549028882088867,0.3753686368948236
0.3549028882088867,0.3763452739326327
0.3646975345415166,0.3773219109704418
0.3803995769435139,0.3822123305079156
0.3941120818091958,0.3890487897725793
0.3941120818091958,0.400782902923145
0.3901942232761438,0.4183768383005654
0.3705743223410945,0.4418378302532686
0.3392008458068894,0.4672520962815901
0.3352829872738374,0.494626870733958
0.3549028882088867,0.5210177738000886
0.3646975345415166,0.5425254916771737
0.3705743223410945,0.560119427054594
0.3588207467419387,0.5757600883563961
0.3490261004093087,0.5874869671585337
0.3392008458068894,0.5962839348472438
0.3352829872738374,0.6011743543847177
0.3451082418762568,0.604104265498145
0.3588207467419387,0.605080902535954
0.3235294116746816,0.6060575395737632
0.2901970058739504,0.605080902535954
0.7705938002196577,0.6031276284603359
1.503906727835743,0.6001977173469085
1.503906727835743,0.5953072978094348
1.2921587174322002,0.590416878271961
0.5156881294129645,0.5835804190072973
0.4039067281418257,0.5747834513185871
0.4098141242111931,0.5640259752058304
0.3901942232761438,0.5522990964036929
0.3705743223410945,0.539588346215318
0.3549028882088867,0.5278614674131806
0.3549028882088867,0.517103991300424
0.3705743223410945,0.5073303865739046
0.3803995769435139,0.4995100559230035
0.3941120818091958,0.494626870733958
0.4039067281418257,0.4916897252721025
0.4156909120107711,0.4907130882342934
0.419608770543823,0.4887598141586752
0.4294034168764529,0.4868065400830569
0.4451054592784502,0.4828927575833923
0.4607768934106581,0.4789862094321558
0.4745200065461294,0.4750724269324912
0.4901914406783372,0.4701892417434457
0.5196059879460164,0.4652988222059719
0.5451026766806437,0.4623689110925446
0.5843118702809528,0.4584551285928799
0.6196032053482099,0.4535647090554062
0.6803912291500942,0.4486815238663607
0.7098057764177734,0.4437911043288869
0.7411792529519786,0.4398845561776505
0.7548917578176605,0.4349941366401767
0.7607991538870279,0.4310875884889403
0.7450971114850305,0.4281504430270847
0.7254772105499813,0.4252205319136574
0.6901858754827241,0.4222906208002301
0.6450998940828371,0.4183768383005654
0.5960654458801087,0.4134864187630917
0.5392258888810657,0.407626596536237
0.4901914406783372,0.4037128140365724
0.4549001056110801,0.400782902923145
0.4254855583434009,0.3998062658853359
0.3999888696087737,0.3998062658853359
0.3843174354765659,0.3998062658853359
0.374522789143936,0.3998062658853359
0.374522789143936,0.3998062658853359
0.3705743223410945,0.3988296288475269
0.374522789143936,0.3968691204234804
0.3803995769435139,0.3939392093100531
0.3803995769435139,0.3919859352344348
0.3843174354765659,0.3890487897725793
0.3941120818091958,0.3880721527347702
0.3999888696087737,0.3890487897725793
0.3901942232761438,0.3900326611588167
0.3941120818091958,0.392962572272244
0.3901942232761438,0.3949158463478622
0.3941120818091958,0.3958924833856713
0.3803995769435139,0.3968691204234804
0.3803995769435139,0.3978529918097178
0.3803995769435139,0.3988296288475269
0.374522789143936,0.3988296288475269
0.3705743223410945,0.3968691204234804
0.3549028882088867,0.3949158463478622
0.3549028882088867,0.3939392093100531
0.3549028882088867,0.3949158463478622
0.3646975345415166,0.3958924833856713
0.3803995769435139,0.3998062658853359
0.3941120818091958,0.4037128140365724
0.3999888696087737,0.4115331446874735
0.3901942232761438,0.4252205319136574
0.3646975345415166,0.4437911043288869
0.3451082418762568,0.4672520962815901
0.3392008458068894,0.4926663623099116
0.3549028882088867,0.5190644997244704
0.3803995769435139,0.5435021287149827
0.3803995769435139,0.5640259752058304
0.3705743223410945,0.5796666365076326
0.3549028882088867,0.5914007496581983
0.3451082418762568,0.5992210803090994
0.3549028882088867,0.6031276284603359
0.3646975345415166,0.604104265498145
0.374522789143936,0.6031276284603359
0.3352829872738374,0.6031276284603359
0.3941120818091958,0.6021509914225267
0.8255050362219641,0.6001977173469085
1.503906727835743,0.5962839348472438
1.503906727835743,0.5923773866960075
1.227452835097264,0.5865103301207246
0.5098113416133866,0.5786899994698235
0.419608770543823,0.5689163947433042
0.4254855583434009,0.5562056445549294
0.4156909120107711,0.5435021287149827
0.4098141242111931,0.5327446526022261
0.3803995769435139,0.5210177738000886
0.3705743223410945,0.5092836606495229
0.374522789143936,0.5004866929608127
0.3941120818091958,0.4936429993477207
0.4039067281418257,0.487783177120866
0.4039067281418257,0.4858226686968196
0.4098141242111931,0.4838693946212014
0.4254855583434009,0.4828927575833923
0.4294034168764529,0.4809394835077741
0.4392286714788723,0.4780023380459186
0.4549001056110801,0.4750724269324912
0.4706021480130775,0.4711658787812548
0.4941092992113892,0.4672520962815901
0.5156881294129645,0.4643221851681628
0.5392258888810657,0.459431765630689
0.5745172239483228,0.4545485804416435
0.6196032053482099,0.4486815238663607
0.654894540415467,0.4437911043288869
0.6862680169496722,0.4398845561776505
0.7156825642173513,0.4349941366401767
0.7313846066193487,0.4310875884889403
0.7313846066193487,0.4271738059892756
0.7215593520169293,0.4232672578380392
0.7000111300851435,0.4203301123761837
0.6647197950178864,0.4164235642249472
0.615685346815158,0.4125097817252826
0.5646919693459035,0.407626596536237
0.5058934830803345,0.4027361769987633
0.4549001056110801,0.3998062658853359
0.4156909120107711,0.3968691204234804
0.3843174354765659,0.3949158463478622
0.3646975345415166,0.3939392093100531
0.3451082418762568,0.392962572272244
0.3392008458068894,0.3910092981966258
0.3392008458068894,0.3890487897725793
0.3451082418762568,0.3870955156969611
0.3549028882088867,0.386118878659152
0.3549028882088867,0.386118878659152
0.3549028882088867,0.3870955156969611
0.3646975345415166,0.3880721527347702
0.374522789143936,0.3880721527347702
0.374522789143936,0.3890487897725793
0.374522789143936,0.3900326611588167
0.374522789143936,0.3910092981966258
0.3705743223410945,0.3939392093100531
0.3646975345415166,0.3958924833856713
0.3588207467419387,0.3988296288475269
0.3549028882088867,0.4027361769987633
0.3392008458068894,0.4046894510743815
0.3451082418762568,0.4056660881121906
0.3352829872738374,0.4066499594984279
0.3294061994742595,0.4056660881121906
0.3352829872738374,0.4037128140365724
0.3392008458068894,0.4017595399609542
0.3549028882088867,0.3988296288475269
0.3549028882088867,0.3968691204234804
0.3588207467419387,0.3998062658853359
0.3646975345415166,0.4066499594984279
0.3392008458068894,0.4183768383005654
0.3137347653420516,0.4340174996023676
0.3137347653420516,0.4555252174794526
0.3235294116746816,0.4809394835077741
0.3392008458068894,0.5044004754604773
0.3451082418762568,0.524924321951325
0.3352829872738374,0.545455402790601
0.3235294116746816,0.5650026122436396
0.3196115531416296,0.5806432735454417
0.3235294116746816,0.5933540237338165
0.3196115531416296,0.6011743543847177
0.3235294116746816,0.605080902535954
0.3352829872738374,0.6070414109600005
0.2941148644070023,0.6070414109600005
0.7254772105499813,0.605080902535954
1.503906727835743,0.6031276284603359
1.503906727835743,0.6001977173469085
1.4019505811670236,0.597260571885053
0.4941092992113892,0.5923773866960075
0.3196115531416296,0.5845570560451063
0.3490261004093087,0.5757600883563961
0.3392008458068894,0.5640259752058304
0.3392008458068894,0.5493619509418374
0.3451082418762568,0.5347051610262725
0.3392008458068894,0.5190644997244704
0.3352829872738374,0.5073303865739046
0.3490261004093087,0.4975567818473854
0.3549028882088867,0.4897364511964843
0.3646975345415166,0.4819161205455832
0.3803995769435139,0.4770257010081094
0.3843174354765659,0.4740957898946821
0.4039067281418257,0.473119152856873
0.419608770543823,0.4721425158190639
0.4254855583434009,0.4721425158190639
0.4451054592784502,0.4711658787812548
0.4607768934106581,0.4692053703572084
0.4941092992113892,0.4652988222059719
0.5353080303480138,0.4604084026684982
0.5803940117479008,0.4545485804416435
0.6353052477502072,0.4486815238663607
0.6803912291500942,0.4428144672910778
0.7215593520169293,0.437924047753604
0.7509738992846084,0.4340174996023676
0.7764705880192357,0.4291270800648938
0.7803884465522877,0.4252205319136574
0.7764705880192357,0.4213067494139927
0.7509738992846084,0.4164235642249472
0.7058879178847215,0.4125097817252826
0.6450998940828371,0.4086032335740461
0.5803940117479008,0.4056660881121906
0.5098113416133866,0.4027361769987633
0.4392286714788723,0.3998062658853359
0.3843174354765659,0.3978529918097178
0.3549028882088867,0.3958924833856713
0.3294061994742595,0.3949158463478622
0.3098169068089997,0.3949158463478622
0.2999916522065803,0.3939392093100531
0.2999916522065803,0.392962572272244
0.3039095107396323,0.3939392093100531
0.3098169068089997,0.3939392093100531
0.3098169068089997,0.3949158463478622
0.3098169068089997,0.3949158463478622
0.3294061994742595,0.3958924833856713
0.3352829872738374,0.3958924833856713
0.3392008458068894,0.3958924833856713
0.3451082418762568,0.3958924833856713
0.3490261004093087,0.3958924833856713
0.3490261004093087,0.3978529918097178
0.3490261004093087,0.3978529918097178
0.3490261004093087,0.3988296288475269
0.3490261004093087,0.3998062658853359
0.3451082418762568,0.3998062658853359
0.3451082418762568,0.3978529918097178
0.3392008458068894,0.3949158463478622
0.3392008458068894,0.3919859352344348
0.3352829872738374,0.3890487897725793
0.3352829872738374,0.386118878659152
0.3490261004093087,0.3831889675457247
0.3705743223410945,0.3831889675457247
0.3803995769435139,0.3841656045835338
0.3803995769435139,0.3890487897725793
0.3803995769435139,0.3958924833856713
0.3588207467419387,0.4056660881121906
0.3352829872738374,0.4203301123761837
0.3352829872738374,0.4398845561776505
0.3451082418762568,0.4623689110925446
0.3549028882088867,0.4858226686968196
0.3588207467419387,0.5092836606495229
0.3588207467419387,0.5298147414887988
0.3549028882088867,0.5483853139040282
0.3451082418762568,0.5630493381680214
0.3490261004093087,0.5737995799323498
0.3451082418762568,0.5816199105832508
0.3549028882088867,0.5894402412341518
0.3196115531416296,0.5943306607716257
0.2999916522065803,0.5953072978094348
0.8705910176218512,0.5943306607716257
1.503906727835743,0.5923773866960075
1.503906727835743,0.5894402412341518
1.1823668536973768,0.5835804190072973
0.4745200065461294,0.5757600883563961
0.3941120818091958,0.566963120667686
0.4039067281418257,0.5562056445549294
0.3941120818091958,0.5435021287149827
0.374522789143936,0.531768015564417
0.3705743223410945,0.5180806283382331
0.3705743223410945,0.5044004754604773
0.374522789143936,0.4936429993477207
0.3941120818091958,0.4838693946212014
0.3999888696087737,0.4760490639703003
0.4039067281418257,0.4711658787812548
0.419608770543823,0.4682287333193992
0.4254855583434009,0.466275459243781
0.4294034168764529,0.4633455481303537
0.4451054592784502,0.459431765630689
0.4549001056110801,0.4545485804416435
0.4745200065461294,0.4506347979419788
0.4999860870109672,0.4477048868285516
0.5254827757455944,0.4437911043288869
0.5548973230132735,0.4408611932154596
0.6000139126829501,0.437924047753604
0.6450998940828371,0.4340174996023676
0.6901858754827241,0.4291270800648938
0.7254772105499813,0.4242438948758483
0.7548917578176605,0.4193534753383746
0.7705938002196577,0.4134864187630917
0.7764705880192357,0.4095798706118552
0.7548917578176605,0.4056660881121906
0.7353024651524006,0.4037128140365724
0.7058879178847215,0.400782902923145
0.654894540415467,0.3988296288475269
0.5960654458801087,0.3958924833856713
0.5353080303480138,0.3919859352344348
0.4803967943457073,0.3890487897725793
0.4392286714788723,0.3870955156969611
0.4039067281418257,0.3851422416213429
0.3803995769435139,0.3841656045835338
0.3705743223410945,0.3822123305079156
0.3549028882088867,0.3812284591216783
0.3549028882088867,0.37927518504606
0.3549028882088867,0.37927518504606
0.3588207467419387,0.3802518220838691
0.3646975345415166,0.3812284591216783
0.3803995769435139,0.3822123305079156
0.3803995769435139,0.3841656045835338
0.3843174354765659,0.3870955156969611
0.3803995769435139,0.3890487897725793
0.3843174354765659,0.3900326611588167
0.3803995769435139,0.3900326611588167
0.3901942232761438,0.3910092981966258
0.3843174354765659,0.3910092981966258
0.3803995769435139,0.3910092981966258
0.374522789143936,0.3919859352344348
0.3705743223410945,0.3939392093100531
0.3588207467419387,0.3949158463478622
0.3549028882088867,0.3949158463478622
0.3549028882088867,0.3939392093100531
0.3588207467419387,0.392962572272244
0.3803995769435139,0.392962572272244
0.4156909120107711,0.3939392093100531
0.4254855583434009,0.3978529918097178
0.4451054592784502,0.4027361769987633
0.4549001056110801,0.4125097817252826
0.4490233178115022,0.4271738059892756
0.4607768934106581,0.4467282497907424
0.4254855583434009,0.4711658787812548
0.3588207467419387,0.4936429993477207
0.3352829872738374,0.5131974431491875
0.3196115531416296,0.5337212896400352
0.3098169068089997,0.5552290075171202
0.3137347653420516,0.5747834513185871
0.3098169068089997,0.5894402412341518
0.3235294116746816,0.6011743543847177
0.3196115531416296,0.6089946850356187
0.3235294116746816,0.6138778702246642
0.2490288830071153,0.6177916527243289
0.5901886580805307,0.6197449267999471
1.503906727835743,0.6197449267999471
1.503906727835743,0.6168150156865198
1.3431520949014546,0.6138778702246642
0.5156881294129645,0.6099713220734279
0.3941120818091958,0.6070414109600005
0.3999888696087737,0.6021509914225267
0.3705743223410945,0.5943306607716257
0.3451082418762568,0.5855336930829155
0.3235294116746816,0.5737995799323498
0.3137347653420516,0.560119427054594
0.3451082418762568,0.54643203982841
0.3588207467419387,0.5347051610262725
0.3549028882088867,0.523947684913516
0.3646975345415166,0.5141740801869966
0.3803995769435139,0.5073303865739046
0.3843174354765659,0.5044004754604773
0.3941120818091958,0.5024472013848591
0.4156909120107711,0.5004866929608127
0.4254855583434009,0.4975567818473854
0.4490233178115022,0.494626870733958
0.4706021480130775,0.4907130882342934
0.4941092992113892,0.4868065400830569
0.5353080303480138,0.4828927575833923
0.5745172239483228,0.4789862094321558
0.615685346815158,0.4750724269324912
0.6607713282150449,0.4721425158190639
0.6901858754827241,0.4701892417434457
0.7215593520169293,0.4682287333193992
0.7411792529519786,0.4652988222059719
0.7450971114850305,0.4623689110925446
0.7353024651524006,0.4584551285928799
0.7215593520169293,0.4545485804416435
0.6764733706170423,0.4506347979419788
0.6293978516808398,0.444767741366696
0.5803940117479008,0.4389079191398414
0.5254827757455944,0.4330408625645585
0.4901914406783372,0.4271738059892756
0.4451054592784502,0.4222906208002301
0.4098141242111931,0.4183768383005654
0.3901942232761438,0.4154469271871381
0.3803995769435139,0.4125097817252826
0.374522789143936,0.4115331446874735
0.3705743223410945,0.4105565076496644
0.3705743223410945,0.4105565076496644
0.374522789143936,0.4095798706118552
0.3646975345415166,0.4086032335740461
0.3646975345415166,0.407626596536237
0.374522789143936,0.4066499594984279
0.3803995769435139,0.4056660881121906
0.3803995769435139,0.4046894510743815
0.374522789143936,0.4046894510743815
0.374522789143936,0.4056660881121906
0.3803995769435139,0.4056660881121906
0.3705743223410945,0.4056660881121906
0.374522789143936,0.4056660881121906
0.374522789143936,0.4046894510743815
0.374522789143936,0.4046894510743815
0.3646975345415166,0.4037128140365724
0.3646975345415166,0.4037128140365724
0.3549028882088867,0.4027361769987633
0.3490261004093087,0.4017595399609542
0.3549028882088867,0.4017595399609542
0.3549028882088867,0.4017595399609542
0.3588207467419387,0.4037128140365724
0.3803995769435139,0.4056660881121906
0.3941120818091958,0.4105565076496644
0.3941120818091958,0.4222906208002301
0.3843174354765659,0.4398845561776505
0.374522789143936,0.4633455481303537
0.3451082418762568,0.4887598141586752
0.3392008458068894,0.5161273542626148
0.3549028882088867,0.5425254916771737
0.374522789143936,0.566963120667686
0.3803995769435139,0.5874869671585337
0.3705743223410945,0.6031276284603359
0.3588207467419387,0.6138778702246642
0.3490261004093087,0.6197449267999471
0.3451082418762568,0.6226748379133744
0.3549028882088867,0.6236587092996118
0.3549028882088867,0.6246353463374209
0.3549028882088867,0.6246353463374209
0.3235294116746816,0.6226748379133744
0.6411820355497851,0.618768289762138
1.503906727835743,0.6138778702246642
1.503906727835743,0.6089946850356187
1.4882352937035352,0.6011743543847177
0.5607741108128516,0.5914007496581983
0.3803995769435139,0.5786899994698235
0.3999888696087737,0.5659792492814486
0.3901942232761438,0.5542523704793112
0.3803995769435139,0.5425254916771737
0.3646975345415166,0.5307913785266078
0.3549028882088867,0.5210177738000886
0.3646975345415166,0.5131974431491875
0.3803995769435139,0.5063537495360956
0.3803995769435139,0.5024472013848591
0.3941120818091958,0.5004866929608127
0.4039067281418257,0.4995100559230035
0.4156909120107711,0.4975567818473854
0.419608770543823,0.4956035077717671
0.4352802046760309,0.4926663623099116
0.4549001056110801,0.4897364511964843
0.4745200065461294,0.4868065400830569
0.4999860870109672,0.4838693946212014
0.5196059879460164,0.479962846469965
0.5548973230132735,0.4760490639703003
0.5960654458801087,0.473119152856873
0.6450998940828371,0.4692053703572084
0.6803912291500942,0.4633455481303537
0.7254772105499813,0.4584551285928799
0.7548917578176605,0.4525880720175971
0.7803884465522877,0.4467282497907424
0.7901830928849176,0.4418378302532686
0.7803884465522877,0.4369474107157949
0.7666759416866058,0.4340174996023676
0.7313846066193487,0.4320642255267494
0.6803912291500942,0.4291270800648938
0.6293978516808398,0.4252205319136574
0.5745172239483228,0.4203301123761837
0.5156881294129645,0.4154469271871381
0.46469475194371,0.4105565076496644
0.4254855583434009,0.407626596536237
0.3901942232761438,0.4056660881121906
0.3705743223410945,0.4037128140365724
0.3588207467419387,0.4046894510743815
0.3549028882088867,0.4046894510743815
0.3646975345415166,0.4046894510743815
0.3646975345415166,0.4046894510743815
0.3588207467419387,0.4037128140365724
0.3705743223410945,0.4027361769987633
0.3705743223410945,0.4017595399609542
0.374522789143936,0.400782902923145
0.3803995769435139,0.3998062658853359
0.3803995769435139,0.3988296288475269
0.3803995769435139,0.3988296288475269
0.374522789143936,0.3978529918097178
0.3705743223410945,0.3988296288475269
0.3646975345415166,0.3998062658853359
0.3646975345415166,0.3998062658853359
0.3588207467419387,0.4017595399609542
0.3549028882088867,0.4027361769987633
0.3451082418762568,0.4037128140365724
0.3352829872738374,0.4037128140365724
0.3352829872738374,0.4017595399609542
0.3451082418762568,0.3988296288475269
0.3549028882088867,0.3978529918097178
0.3646975345415166,0.3988296288475269
0.374522789143936,0.4017595399609542
0.3646975345415166,0.407626596536237
0.3549028882088867,0.4193534753383746
0.3294061994742595,0.4359707736779858
0.3098169068089997,0.4535647090554062
0.3137347653420516,0.4721425158190639
0.3235294116746816,0.494626870733958
0.3392008458068894,0.517103991300424
0.3352829872738374,0.539588346215318
0.3352829872738374,0.5591427900167849
0.3137347653420516,0.5757600883563961
0.3098169068089997,0.5894402412341518
0.3098169068089997,0.5992210803090994
0.3137347653420516,0.605080902535954
0.3294061994742595,0.6080180479978096
0.2999916522065803,0.6070414109600005
0.4803967943457073,0.605080902535954
1.1215788298954923,0.6021509914225267
1.503906727835743,0.5992210803090994
1.503906727835743,0.5962839348472438
0.800008347487337,0.5933540237338165
0.3196115531416296,0.5874869671585337
0.3098169068089997,0.5796666365076326
0.3392008458068894,0.5679397577054951
0.3352829872738374,0.5542523704793112
0.3352829872738374,0.538611709177509
0.3294061994742595,0.523947684913516
0.3352829872738374,0.5122208061113784
0.3352829872738374,0.5034238384226682
0.3451082418762568,0.4965801448095762
0.3549028882088867,0.4926663623099116
0.374522789143936,0.4897364511964843
0.3803995769435139,0.4887598141586752
0.3843174354765659,0.487783177120866
0.3999888696087737,0.4848460316590105
0.419608770543823,0.4828927575833923
0.4352802046760309,0.4809394835077741
0.4607768934106581,0.4780023380459186
0.4843146528787593,0.4740957898946821
0.5156881294129645,0.4701892417434457
0.5451026766806437,0.466275459243781
0.5960654458801087,0.4633455481303537
0.6411820355497851,0.459431765630689
0.6901858754827241,0.4555252174794526
0.7353024651524006,0.4506347979419788
0.7548917578176605,0.4457443784045051
0.7705938002196577,0.4398845561776505
0.7803884465522877,0.4340174996023676
0.7607991538870279,0.4271738059892756
0.7353024651524006,0.4222906208002301
0.6862680169496722,0.4164235642249472
0.6254799931477878,0.4125097817252826
0.5607741108128516,0.4095798706118552
0.4941092992113892,0.4066499594984279
0.4392286714788723,0.4056660881121906
0.3999888696087737,0.4056660881121906
0.3646975345415166,0.4037128140365724
0.3392008458068894,0.4017595399609542
0.3352829872738374,0.3998062658853359
0.3352829872738374,0.3978529918097178
0.3352829872738374,0.3968691204234804
0.3294061994742595,0.3978529918097178
0.3392008458068894,0.3978529918097178
0.3352829872738374,0.3988296288475269
0.3549028882088867,0.3998062658853359
0.3646975345415166,0.400782902923145
0.3705743223410945,0.4017595399609542
0.3705743223410945,0.4037128140365724
0.3803995769435139,0.4037128140365724
0.374522789143936,0.4046894510743815
0.374522789143936,0.4046894510743815
0.374522789143936,0.4046894510743815
0.3549028882088867,0.4037128140365724
0.3490261004093087,0.4017595399609542
0.3451082418762568,0.3988296288475269
0.3451082418762568,0.3958924833856713
0.3352829872738374,0.392962572272244
0.3352829872738374,0.3900326611588167
0.3294061994742595,0.386118878659152
0.3392008458068894,0.3841656045835338
0.3549028882088867,0.3831889675457247
0.374522789143936,0.3831889675457247
0.3803995769435139,0.3851422416213429
0.374522789143936,0.3890487897725793
0.3588207467419387,0.3958924833856713
0.3352829872738374,0.4056660881121906
0.3392008458068894,0.4203301123761837
0.3490261004093087,0.4389079191398414
0.3549028882088867,0.4613850397063073
0.3549028882088867,0.4858226686968196
0.3549028882088867,0.5092836606495229
0.3451082418762568,0.5298147414887988
0.3352829872738374,0.5474086768662192
0.3352829872738374,0.5630493381680214
0.3451082418762568,0.5757600883563961
0.3490261004093087,0.5845570560451063
0.3196115531416296,0.5884636041963428
0.3039095107396323,0.5914007496581983
0.8568479044863799,0.5923773866960075
1.503906727835743,0.590416878271961
1.503906727835743,0.5884636041963428
1.2019561463626367,0.5855336930829155
0.4156909120107711,0.5816199105832508
0.3137347653420516,0.5757600883563961
0.3451082418762568,0.5689163947433042
0.3549028882088867,0.560119427054594
0.3490261004093087,0.5483853139040282
0.3352829872738374,0.5337212896400352
0.3294061994742595,0.5190644997244704
0.3352829872738374,0.5073303865739046
0.3352829872738374,0.4975567818473854
0.3490261004093087,0.4897364511964843
0.374522789143936,0.4819161205455832
0.3901942232761438,0.4770257010081094
0.3999888696087737,0.4740957898946821
0.4039067281418257,0.473119152856873
0.4294034168764529,0.4721425158190639
0.4451054592784502,0.4721425158190639
0.4706021480130775,0.4711658787812548
0.4999860870109672,0.4701892417434457
0.5254827757455944,0.466275459243781
0.5548973230132735,0.4623689110925446
0.5960654458801087,0.4574784915550708
0.6509766818824151,0.4525880720175971
0.7000111300851435,0.4467282497907424
0.7509738992846084,0.4418378302532686
0.7862652343518657,0.4369474107157949
0.800008347487337,0.4320642255267494
0.8117619230864929,0.4281504430270847
0.800008347487337,0.4261971689514665
0.7764705880192357,0.4242438948758483
0.7254772105499813,0.4203301123761837
0.6647197950178864,0.4164235642249472
0.6000139126829501,0.4125097817252826
0.5254827757455944,0.407626596536237
0.4706021480130775,0.4037128140365724
0.4254855583434009,0.3998062658853359
0.3843174354765659,0.3978529918097178
0.3549028882088867,0.3958924833856713
0.3392008458068894,0.3958924833856713
0.3352829872738374,0.3978529918097178
0.3352829872738374,0.3998062658853359
0.3549028882088867,0.400782902923145
0.3549028882088867,0.400782902923145
0.3588207467419387,0.400782902923145
0.3588207467419387,0.3988296288475269
0.3705743223410945,0.3958924833856713
0.374522789143936,0.3939392093100531
0.3803995769435139,0.3919859352344348
0.3803995769435139,0.3910092981966258
0.3803995769435139,0.3919859352344348
0.3803995769435139,0.3939392093100531
0.3843174354765659,0.3958924833856713
0.3803995769435139,0.3968691204234804
0.374522789143936,0.3978529918097178
0.3705743223410945,0.3968691204234804
0.3646975345415166,0.3949158463478622
0.3549028882088867,0.3919859352344348
0.3549028882088867,0.3890487897725793
0.3451082418762568,0.386118878659152
0.3392008458068894,0.3831889675457247
0.3490261004093087,0.3802518220838691
0.3646975345415166,0.3802518220838691
0.3803995769435139,0.3812284591216783
0.3803995769435139,0.386118878659152
0.3705743223410945,0.3939392093100531
0.3549028882088867,0.4027361769987633
0.3294061994742595,0.4154469271871381
0.3137347653420516,0.4330408625645585
0.3352829872738374,0.4555252174794526
0.3490261004093087,0.4789862094321558
0.3588207467419387,0.5024472013848591
0.3549028882088867,0.524924321951325
0.3490261004093087,0.5405649832531272
0.3352829872738374,0.5503385879796465
0.3352829872738374,0.5591427900167849
0.3352829872738374,0.5640259752058304
0.3392008458068894,0.5689163947433042
0.3451082418762568,0.5718463058567315
0.274494963471953,0.5728229428945406
0.5509794644802216,0.5737995799323498
1.452943958636278,0.5728229428945406
1.503906727835743,0.5718463058567315
1.503906727835743,0.5689163947433042
0.6450998940828371,0.5630493381680214
0.3999888696087737,0.5552290075171202
0.3941120818091958,0.5435021287149827
0.3843174354765659,0.531768015564417
0.374522789143936,0.5210177738000886
0.3549028882088867,0.5112441690735693
0.3392008458068894,0.5034238384226682
0.3451082418762568,0.4975567818473854
0.3588207467419387,0.4916897252721025
0.374522789143936,0.4868065400830569
0.3803995769435139,0.4838693946212014
0.3803995769435139,0.4819161205455832
0.3941120818091958,0.4819161205455832
0.3999888696087737,0.4809394835077741
0.419608770543823,0.4809394835077741
0.4392286714788723,0.4809394835077741
0.4490233178115022,0.4789862094321558
0.4745200065461294,0.4760490639703003
0.4999860870109672,0.473119152856873
0.5196059879460164,0.4692053703572084
0.5607741108128516,0.4643221851681628
0.60980855901558,0.459431765630689
0.654894540415467,0.4545485804416435
0.6901858754827241,0.4486815238663607
0.7254772105499813,0.4437911043288869
0.7450971114850305,0.4418378302532686
0.7548917578176605,0.4408611932154596
0.7353024651524006,0.4389079191398414
0.7156825642173513,0.4369474107157949
0.6901858754827241,0.4340174996023676
0.6450998940828371,0.4301109514511312
0.5843118702809528,0.4261971689514665
0.5509794644802216,0.4222906208002301
0.4941092992113892,0.4183768383005654
0.4451054592784502,0.4164235642249472
0.4039067281418257,0.414470290149329
0.374522789143936,0.4125097817252826
0.3549028882088867,0.4115331446874735
0.3451082418762568,0.4125097817252826
0.3392008458068894,0.4125097817252826
0.3451082418762568,0.4134864187630917
0.3490261004093087,0.4134864187630917
0.3549028882088867,0.4134864187630917
0.3588207467419387,0.4134864187630917
0.3588207467419387,0.4134864187630917
0.3646975345415166,0.4125097817252826
0.3646975345415166,0.4115331446874735
0.3705743223410945,0.4115331446874735
0.3646975345415166,0.4115331446874735
0.3705743223410945,0.4125097817252826
0.3646975345415166,0.4134864187630917
0.3705743223410945,0.4134864187630917
0.3646975345415166,0.4134864187630917
0.3588207467419387,0.4125097817252826
0.3549028882088867,0.4115331446874735
0.3490261004093087,0.4086032335740461
0.3392008458068894,0.4066499594984279
0.3294061994742595,0.4046894510743815
0.3352829872738374,0.4027361769987633
0.3352829872738374,0.400782902923145
0.3588207467419387,0.400782902923145
0.3803995769435139,0.4046894510743815
0.3843174354765659,0.4115331446874735
0.374522789143936,0.4232672578380392
0.3803995769435139,0.4389079191398414
0.3352829872738374,0.459431765630689
0.3352829872738374,0.4838693946212014
0.3451082418762568,0.5083070236117138
0.3549028882088867,0.5298147414887988
0.3646975345415166,0.5483853139040282
0.3549028882088867,0.5640259752058304
0.3451082418762568,0.5796666365076326
0.3392008458068894,0.5914007496581983
0.3352829872738374,0.6001977173469085
0.3392008458068894,0.6070414109600005
0.3490261004093087,0.6109479591112369
0.3294061994742595,0.6129012331868552
0.2941148644070023,0.6138778702246642
0.7313846066193487,0.6148617416109016
1.503906727835743,0.6129012331868552
1.503906727835743,0.6099713220734279
1.2921587174322002,0.605080902535954
0.4941092992113892,0.6001977173469085
0.3843174354765659,0.5933540237338165
0.3941120818091958,0.5855336930829155
0.3803995769435139,0.5767367253942053
0.3588207467419387,0.5640259752058304
0.3490261004093087,0.5513224593658839
0.3451082418762568,0.5405649832531272
0.3549028882088867,0.5298147414887988
0.3705743223410945,0.5210177738000886
0.3803995769435139,0.5122208061113784
0.3901942232761438,0.5063537495360956
0.4039067281418257,0.5024472013848591
0.4098141242111931,0.5004866929608127
0.4039067281418257,0.4995100559230035
0.4352802046760309,0.4985334188851945
0.4549001056110801,0.4985334188851945
0.4745200065461294,0.4965801448095762
0.4941092992113892,0.494626870733958
0.5156881294129645,0.4936429993477207
0.5509794644802216,0.4926663623099116
0.5901886580805307,0.4916897252721025
0.6293978516808398,0.487783177120866
0.6705965828174644,0.4848460316590105
0.7156825642173513,0.479962846469965
0.7353024651524006,0.4740957898946821
0.7509738992846084,0.4692053703572084
0.7548917578176605,0.4652988222059719
0.7450971114850305,0.4604084026684982
0.7254772105499813,0.4565018545172618
0.6901858754827241,0.4525880720175971
0.6450998940828371,0.4477048868285516
0.5901886580805307,0.4428144672910778
0.5294006342786464,0.4389079191398414
0.4843146528787593,0.4340174996023676
0.4392286714788723,0.4301109514511312
0.4098141242111931,0.4261971689514665
0.3901942232761438,0.4222906208002301
0.3646975345415166,0.4193534753383746
0.3549028882088867,0.4183768383005654
0.3588207467419387,0.4164235642249472
0.3646975345415166,0.4154469271871381
0.3705743223410945,0.414470290149329
0.3803995769435139,0.414470290149329
0.3843174354765659,0.4134864187630917
0.3941120818091958,0.4134864187630917
0.4039067281418257,0.4134864187630917
0.4156909120107711,0.4134864187630917
0.4254855583434009,0.4125097817252826
0.4254855583434009,0.4115331446874735
0.419608770543823,0.4115331446874735
0.4156909120107711,0.4115331446874735
0.419608770543823,0.4115331446874735
0.4039067281418257,0.4125097817252826
0.4039067281418257,0.4134864187630917
0.4039067281418257,0.4134864187630917
0.3901942232761438,0.4125097817252826
0.3803995769435139,0.4115331446874735
0.3705743223410945,0.4086032335740461
0.3803995769435139,0.4066499594984279
0.3941120818091958,0.4046894510743815
0.4039067281418257,0.4056660881121906
0.4098141242111931,0.4086032335740461
0.4039067281418257,0.4125097817252826
0.3999888696087737,0.4193534753383746
0.3646975345415166,0.4320642255267494
0.3490261004093087,0.4496581609041697
0.3588207467419387,0.4721425158190639
0.374522789143936,0.4956035077717671
0.3803995769435139,0.5180806283382331
0.3646975345415166,0.538611709177509
0.3549028882088867,0.5571822815927384
0.3392008458068894,0.5718463058567315
0.3451082418762568,0.5835804190072973
0.3451082418762568,0.590416878271961
0.3549028882088867,0.5943306607716257
0.3588207467419387,0.5953072978094348
0.2999916522065803,0.5943306607716257
0.5451026766806437,0.5943306607716257
1.3431520949014546,0.5943306607716257
1.503906727835743,0.5943306607716257
1.503906727835743,0.5943306607716257
0.6353052477502072,0.5923773866960075
0.3294061994742595,0.5894402412341518
0.3646975345415166,0.5855336930829155
0.374522789143936,0.5786899994698235
0.3549028882088867,0.5708696688189224
0.3490261004093087,0.560119427054594
0.3352829872738374,0.5493619509418374
0.3451082418762568,0.5405649832531272
0.3549028882088867,0.531768015564417
0.3705743223410945,0.5229710478757068
0.3646975345415166,0.5151507172248058
0.3803995769435139,0.5083070236117138
0.3941120818091958,0.5014633299986218
0.3999888696087737,0.4956035077717671
0.4039067281418257,0.4907130882342934
0.419608770543823,0.4868065400830569
0.4451054592784502,0.4848460316590105
0.4607768934106581,0.4819161205455832
0.4901914406783372,0.4789862094321558
0.5254827757455944,0.4760490639703003
0.5646919693459035,0.4721425158190639
0.605890700482528,0.4682287333193992
0.6509766818824151,0.4652988222059719
0.6862680169496722,0.4623689110925446
0.7313846066193487,0.459431765630689
0.7509738992846084,0.4565018545172618
0.7548917578176605,0.4545485804416435
0.7509738992846084,0.451611434979788
0.7313846066193487,0.4486815238663607
0.6960932715520916,0.4437911043288869
0.654894540415467,0.4389079191398414
0.5960654458801087,0.4349941366401767
0.5353080303480138,0.4320642255267494
0.4706021480130775,0.4271738059892756
0.4254855583434009,0.4213067494139927
0.3843174354765659,0.4174002012627563
0.3490261004093087,0.4154469271871381
0.3352829872738374,0.4134864187630917
0.3235294116746816,0.4115331446874735
0.3294061994742595,0.4095798706118552
0.3392008458068894,0.4086032335740461
0.3451082418762568,0.4095798706118552
0.3392008458068894,0.4105565076496644
0.3490261004093087,0.4125097817252826
0.3588207467419387,0.4125097817252826
0.3588207467419387,0.4134864187630917
0.3646975345415166,0.4134864187630917
0.374522789143936,0.4134864187630917
0.3803995769435139,0.4125097817252826
0.3705743223410945,0.4115331446874735
0.3705743223410945,0.4095798706118552
0.3588207467419387,0.4086032335740461
0.3549028882088867,0.4086032335740461
0.3588207467419387,0.4086032335740461
0.3549028882088867,0.4086032335740461
0.3451082418762568,0.4095798706118552
0.3294061994742595,0.4086032335740461
0.3235294116746816,0.4086032335740461
0.3235294116746816,0.407626596536237
0.3392008458068894,0.4056660881121906
0.3549028882088867,0.4046894510743815
0.3646975345415166,0.4056660881121906
0.3588207467419387,0.4086032335740461
0.3490261004093087,0.4134864187630917
0.3196115531416296,0.4213067494139927
0.3098169068089997,0.4340174996023676
0.3235294116746816,0.4496581609041697
0.3294061994742595,0.4692053703572084
0.3392008458068894,0.487783177120866
0.3392008458068894,0.5034238384226682
0.3392008458068894,0.5219944108378977
0.3235294116746816,0.5405649832531272
0.3294061994742595,0.5581589186305476
0.3294061994742595,0.5728229428945406
0.3352829872738374,0.5826037819694881
0.3451082418762568,0.5884636041963428
0.2999916522065803,0.5914007496581983
0.5058934830803345,0.5923773866960075
1.2882408588991483,0.5914007496581983
1.503906727835743,0.5894402412341518
1.503906727835743,0.5865103301207246
0.7705938002196577,0.5845570560451063
0.3490261004093087,0.5786899994698235
0.3352829872738374,0.5708696688189224
0.3705743223410945,0.5610960640924031
0.3549028882088867,0.545455402790601
0.3588207467419387,0.5298147414887988
0.3490261004093087,0.5180806283382331
0.3451082418762568,0.5073303865739046
0.3549028882088867,0.4975567818473854
0.3646975345415166,0.4897364511964843
0.374522789143936,0.4828927575833923
0.3803995769435139,0.4770257010081094
0.3843174354765659,0.4740957898946821
0.3941120818091958,0.4721425158190639
0.4039067281418257,0.4711658787812548
0.4156909120107711,0.4701892417434457
0.4294034168764529,0.4692053703572084
0.4549001056110801,0.4672520962815901
0.4843146528787593,0.466275459243781
0.5254827757455944,0.4633455481303537
0.5646919693459035,0.4604084026684982
0.60980855901558,0.4565018545172618
0.6647197950178864,0.4535647090554062
0.7098057764177734,0.4506347979419788
0.7509738992846084,0.4477048868285516
0.7705938002196577,0.4437911043288869
0.7803884465522877,0.4408611932154596
0.7764705880192357,0.437924047753604
0.7548917578176605,0.4349941366401767
0.7156825642173513,0.4330408625645585
0.654894540415467,0.4291270800648938
0.5901886580805307,0.4252205319136574
0.5254827757455944,0.4213067494139927
0.4607768934106581,0.4164235642249472
0.4098141242111931,0.4134864187630917
0.3705743223410945,0.4095798706118552
0.3392008458068894,0.4066499594984279
0.3196115531416296,0.4056660881121906
0.3098169068089997,0.4046894510743815
0.3098169068089997,0.4027361769987633
0.3098169068089997,0.3998062658853359
0.3294061994742595,0.3978529918097178
0.3352829872738374,0.3968691204234804
0.3392008458068894,0.3978529918097178
0.3451082418762568,0.3988296288475269
0.3549028882088867,0.4017595399609542
0.3549028882088867,0.4037128140365724
0.3705743223410945,0.4046894510743815
0.374522789143936,0.4046894510743815
0.374522789143936,0.4046894510743815
0.3705743223410945,0.4046894510743815
0.374522789143936,0.4046894510743815
0.3646975345415166,0.4046894510743815
0.3588207467419387,0.4046894510743815
0.3549028882088867,0.4037128140365724
0.3490261004093087,0.4017595399609542
0.3392008458068894,0.3998062658853359
0.3451082418762568,0.3978529918097178
0.3392008458068894,0.3949158463478622
0.3451082418762568,0.3919859352344348
0.3705743223410945,0.3900326611588167
0.3803995769435139,0.3890487897725793
0.3843174354765659,0.3910092981966258
0.3803995769435139,0.3939392093100531
0.374522789143936,0.3998062658853359
0.3451082418762568,0.4095798706118552
0.3352829872738374,0.4252205319136574
0.3451082418762568,0.444767741366696
0.3588207467419387,0.4672520962815901
0.3646975345415166,0.4897364511964843
0.3549028882088867,0.5122208061113784
0.3549028882088867,0.531768015564417
0.3490261004093087,0.5483853139040282
0.3451082418762568,0.5620727011302122
0.3490261004093087,0.5728229428945406
0.3549028882088867,0.5806432735454417
0.3646975345415166,0.5845570560451063
0.2999916522065803,0.5865103301207246
0.5098113416133866,0.5874869671585337
1.3176554061668275,0.5874869671585337
1.503906727835743,0.5845570560451063
1.503906727835743,0.5796666365076326
0.7803884465522877,0.5728229428945406
0.4254855583434009,0.5650026122436396
0.4039067281418257,0.5552290075171202
0.3999888696087737,0.5435021287149827
0.3941120818091958,0.5298147414887988
0.374522789143936,0.517103991300424
0.3549028882088867,0.5063537495360956
0.3588207467419387,0.4965801448095762
0.3803995769435139,0.487783177120866
0.3901942232761438,0.479962846469965
0.3941120818091958,0.4740957898946821
0.3941120818091958,0.4672520962815901
0.4039067281418257,0.4623689110925446
0.419608770543823,0.459431765630689
0.4294034168764529,0.4555252174794526
0.4451054592784502,0.4535647090554062
0.46469475194371,0.4506347979419788
0.4803967943457073,0.4477048868285516
0.4999860870109672,0.444767741366696
0.5353080303480138,0.4428144672910778
0.5745172239483228,0.4398845561776505
0.6196032053482099,0.4359707736779858
0.6647197950178864,0.4310875884889403
0.7058879178847215,0.4271738059892756
0.7353024651524006,0.4222906208002301
0.7607991538870279,0.4183768383005654
0.7705938002196577,0.414470290149329
0.7548917578176605,0.4125097817252826
0.7353024651524006,0.4105565076496644
0.7058879178847215,0.407626596536237
0.654894540415467,0.4066499594984279
0.6000139126829501,0.4046894510743815
0.5392258888810657,0.4037128140365724
0.4941092992113892,0.4017595399609542
0.4549001056110801,0.3998062658853359
0.4098141242111931,0.3978529918097178
0.3803995769435139,0.3968691204234804
0.3588207467419387,0.3968691204234804
0.3490261004093087,0.3968691204234804
0.3490261004093087,0.3968691204234804
0.3490261004093087,0.3968691204234804
0.3549028882088867,0.3978529918097178
0.3588207467419387,0.3978529918097178
0.3705743223410945,0.3988296288475269
0.3803995769435139,0.400782902923145
0.3803995769435139,0.4017595399609542
0.3803995769435139,0.4027361769987633
0.3803995769435139,0.4037128140365724
0.3803995769435139,0.4037128140365724
0.3705743223410945,0.4037128140365724
0.374522789143936,0.4046894510743815
0.3705743223410945,0.4046894510743815
0.3646975345415166,0.4046894510743815
0.3588207467419387,0.4046894510743815
0.3549028882088867,0.4037128140365724
0.3549028882088867,0.4046894510743815
0.3490261004093087,0.4046894510743815
0.3451082418762568,0.4046894510743815
0.3392008458068894,0.4046894510743815
0.3490261004093087,0.4046894510743815
0.374522789143936,0.4046894510743815
0.3901942232761438,0.4046894510743815
0.3999888696087737,0.407626596536237
0.3901942232761438,0.4134864187630917
0.3803995769435139,0.4252205319136574
0.3490261004093087,0.4418378302532686
0.3451082418762568,0.4623689110925446
0.3549028882088867,0.4858226686968196
0.3646975345415166,0.5073303865739046
0.374522789143936,0.5268848303753715
0.3705743223410945,0.54643203982841
0.374522789143936,0.5640259752058304
0.3549028882088867,0.5786899994698235
0.3490261004093087,0.5894402412341518
0.3490261004093087,0.597260571885053
0.3549028882088867,0.6021509914225267
0.3588207467419387,0.604104265498145
0.2999916522065803,0.605080902535954
0.5392258888810657,0.604104265498145
1.3784434299687118,0.6021509914225267
1.503906727835743,0.6001977173469085
1.503906727835743,0.5953072978094348
0.6764733706170423,0.5914007496581983
0.3999888696087737,0.5874869671585337
0.3941120818091958,0.5826037819694881
0.3941120818091958,0.5757600883563961
0.3803995769435139,0.5679397577054951
0.3588207467419387,0.5562056445549294
0.3490261004093087,0.5435021287149827
0.3549028882088867,0.5307913785266078
0.3705743223410945,0.5190644997244704
0.3803995769435139,0.5092836606495229
0.374522789143936,0.5014633299986218
0.3941120818091958,0.4956035077717671
0.4039067281418257,0.4916897252721025
0.4098141242111931,0.4897364511964843
0.4254855583434009,0.4887598141586752
0.4451054592784502,0.4887598141586752
0.4607768934106581,0.487783177120866
0.4745200065461294,0.487783177120866
0.5058934830803345,0.4868065400830569
0.5392258888810657,0.4838693946212014
0.5745172239483228,0.4819161205455832
0.6196032053482099,0.4789862094321558
0.6607713282150449,0.4760490639703003
0.7000111300851435,0.4721425158190639
0.7411792529519786,0.4692053703572084
0.7705938002196577,0.4652988222059719
0.7705938002196577,0.4613850397063073
0.7607991538870279,0.4574784915550708
0.7450971114850305,0.4535647090554062
0.7058879178847215,0.4477048868285516
0.6607713282150449,0.4428144672910778
0.605890700482528,0.4398845561776505
0.5509794644802216,0.4359707736779858
0.4901914406783372,0.4310875884889403
0.4451054592784502,0.4261971689514665
0.4098141242111931,0.4222906208002301
0.3843174354765659,0.4183768383005654
0.3646975345415166,0.4154469271871381
0.3549028882088867,0.4125097817252826
0.3549028882088867,0.4095798706118552
0.3549028882088867,0.407626596536237
0.3588207467419387,0.4066499594984279
0.3646975345415166,0.4056660881121906
0.3705743223410945,0.4056660881121906
0.4294034168764529,0.4056660881121906
0.6254799931477878,0.4056660881121906
0.8509711166868019,0.4056660881121906
0.9666703764909929,0.4046894510743815
0.996084923758672,0.4037128140365724
0.5294006342786464,0.4037128140365724
-0.5019756245472826,0.4027361769987633
-0.5019756245472826,0.4027361769987633
-0.5019756245472826,0.4027361769987633
-0.4921503699448633,0.4037128140365724
-0.1627441704706037,0.4037128140365724
0.0235377594681012,0.4037128140365724
0.1882408592052309,0.4027361769987633
0.3098169068089997,0.4017595399609542
0.419608770543823,0.400782902923145
0.5156881294129645,0.4017595399609542
0.5646919693459035,0.4037128140365724
0.5960654458801087,0.4056660881121906
0.615685346815158,0.4095798706118552
0.615685346815158,0.4203301123761837
0.6254799931477878,0.4330408625645585
0.6196032053482099,0.444767741366696
0.6764733706170423,0.4652988222059719
0.7509738992846084,0.4926663623099116
0.8117619230864929,0.5180806283382331
0.8764678054214292,0.539588346215318
0.9568757301583628,0.5591427900167849
1.041170905158559,0.5737995799323498
1.1274556176950703,0.5826037819694881
1.217658188764634,0.5865103301207246
1.2980355052317782,0.5894402412341518
1.3627413875667145,0.590416878271961
1.407857977236391,0.590416878271961
1.411775835769443,0.590416878271961
1.3725360338993444,0.5894402412341518
1.3019533637648302,0.5884636041963428
1.1960793585630587,0.5865103301207246
1.0666675938931862,0.5826037819694881
0.9372558292233136,0.5777133624320144
0.8058851352869149,0.5708696688189224
0.6803912291500942,0.5620727011302122
0.5705993654152709,0.5522990964036929
0.4745200065461294,0.5435021287149827
0.3999888696087737,0.5337212896400352
0.3451082418762568,0.5200411367622795
0.3039095107396323,0.5102675320357603
0.2843202180743724,0.5024472013848591
0.2647003171393232,0.4965801448095762
0.2549056708066933,0.494626870733958
0.2490288830071153,0.4926663623099116
0.2451110244740633,0.4897364511964843
0.2451110244740633,0.4887598141586752
0.2392036284046959,0.4868065400830569
0.233326840605118,0.4848460316590105
0.2235321942724881,0.4828927575833923
0.2235321942724881,0.479962846469965
0.2235321942724881,0.4770257010081094
0.2235321942724881,0.473119152856873
0.2196143357394361,0.4701892417434457
0.2137375479398582,0.4672520962815901
0.2137375479398582,0.4643221851681628
0.2137375479398582,0.4613850397063073
0.2137375479398582,0.459431765630689
0.2137375479398582,0.4565018545172618
0.2196143357394361,0.4535647090554062
0.2137375479398582,0.4506347979419788
0.2196143357394361,0.4467282497907424
0.2137375479398582,0.4428144672910778
0.2235321942724881,0.4389079191398414
0.233326840605118,0.4340174996023676
0.2392036284046959,0.4291270800648938
0.2392036284046959,0.4242438948758483
0.2392036284046959,0.4203301123761837
0.2392036284046959,0.4183768383005654
0.2451110244740633,0.4154469271871381
0.2490288830071153,0.4134864187630917
0.2549056708066933,0.4125097817252826
0.2549056708066933,0.4115331446874735
0.2647003171393232,0.4105565076496644
0.2588235293397452,0.4095798706118552
0.2686181756723751,0.4086032335740461
0.2647003171393232,0.407626596536237
0.2647003171393232,0.4056660881121906
0.2686181756723751,0.4037128140365724
0.2686181756723751,0.400782902923145
0.2784434302747945,0.3978529918097178
0.2843202180743724,0.3949158463478622
0.2843202180743724,0.3919859352344348
0.2941148644070023,0.3900326611588167
0.2999916522065803,0.3880721527347702
0.2901970058739504,0.3870955156969611
0.2999916522065803,0.3870955156969611
0.3039095107396323,0.3870955156969611
0.3098169068089997,0.3880721527347702
0.3098169068089997,0.3890487897725793
0.3098169068089997,0.3900326611588167
0.3137347653420516,0.3910092981966258
0.3196115531416296,0.3910092981966258
0.3294061994742595,0.3919859352344348
0.3549028882088867,0.3919859352344348
0.374522789143936,0.3910092981966258
0.3803995769435139,0.3900326611588167
0.374522789143936,0.3880721527347702
0.3646975345415166,0.386118878659152
0.3490261004093087,0.3851422416213429
0.3549028882088867,0.3831889675457247
0.3588207467419387,0.3822123305079156
0.374522789143936,0.3831889675457247
0.3803995769435139,0.3841656045835338
0.3803995769435139,0.386118878659152
0.3705743223410945,0.3870955156969611
0.3646975345415166,0.386118878659152
0.3646975345415166,0.3851422416213429
0.374522789143936,0.3841656045835338
0.3803995769435139,0.3822123305079156
0.3294061994742595,0.3802518220838691
0.4901914406783372,0.3802518220838691
1.1470449103603302,0.3812284591216783
1.503906727835743,0.3812284591216783
1.503906727835743,0.3822123305079156
0.9666703764909929,0.3841656045835338
0.4156909120107711,0.3851422416213429
0.3803995769435139,0.386118878659152
0.3999888696087737,0.386118878659152
0.3803995769435139,0.386118878659152
0.3549028882088867,0.386118878659152
0.3490261004093087,0.3851422416213429
0.3588207467419387,0.3851422416213429
0.3588207467419387,0.3851422416213429
0.374522789143936,0.3851422416213429
0.3803995769435139,0.3851422416213429
0.3803995769435139,0.3851422416213429
0.3803995769435139,0.3851422416213429
0.3901942232761438,0.3870955156969611
0.3999888696087737,0.3900326611588167
0.4098141242111931,0.3919859352344348
0.4254855583434009,0.3939392093100531
0.4451054592784502,0.3949158463478622
0.4706021480130775,0.3968691204234804
0.4941092992113892,0.3968691204234804
0.5353080303480138,0.3978529918097178
0.5745172239483228,0.3988296288475269
0.615685346815158,0.3998062658853359
0.6647197950178864,0.400782902923145
0.7156825642173513,0.400782902923145
0.7548917578176605,0.400782902923145
0.7803884465522877,0.400782902923145
0.800008347487337,0.400782902923145
0.8058851352869149,0.4017595399609542
0.8156797816195448,0.4046894510743815
0.800008347487337,0.4066499594984279
0.7666759416866058,0.407626596536237
0.7098057764177734,0.407626596536237
0.6509766818824151,0.407626596536237
0.5843118702809528,0.407626596536237
0.5294006342786464,0.407626596536237
0.4803967943457073,0.4066499594984279
0.4392286714788723,0.407626596536237
0.3999888696087737,0.407626596536237
0.374522789143936,0.407626596536237
0.3646975345415166,0.4066499594984279
0.3549028882088867,0.4056660881121906
0.3490261004093087,0.4056660881121906
0.3490261004093087,0.4056660881121906
0.3549028882088867,0.4056660881121906
0.3588207467419387,0.4066499594984279
0.3588207467419387,0.407626596536237
0.3646975345415166,0.407626596536237
0.3588207467419387,0.407626596536237
0.3646975345415166,0.407626596536237
0.3705743223410945,0.407626596536237
0.3705743223410945,0.407626596536237
0.3588207467419387,0.407626596536237
0.3549028882088867,0.407626596536237
0.3490261004093087,0.407626596536237
0.3451082418762568,0.407626596536237
0.3392008458068894,0.407626596536237
0.3392008458068894,0.407626596536237
0.3352829872738374,0.4086032335740461
0.3352829872738374,0.4125097817252826
0.3490261004093087,0.4193534753383746
0.3646975345415166,0.4330408625645585
0.3803995769435139,0.4525880720175971
0.3803995769435139,0.4789862094321558
0.374522789143936,0.5083070236117138
0.3549028882088867,0.5405649832531272
0.3294061994742595,0.5708696688189224
0.3235294116746816,0.598237208922862
0.3352829872738374,0.6216982008755654
0.3549028882088867,0.640276007639223
0.3588207467419387,0.6529795234791697
0.3490261004093087,0.6607998541300707
0.3352829872738374,0.6676435477431627
0.3352829872738374,0.6725339672806364
0.3352829872738374,0.6744872413562547
0.3352829872738374,0.6764405154318729
0.3392008458068894,0.6764405154318729
0.3451082418762568,0.6764405154318729
0.2784434302747945,0.6735106043184456
0.7000111300851435,0.6686201847809718
1.503906727835743,0.6607998541300707
1.503906727835743,0.6510262494035515
1.4176526235690208,0.640276007639223
0.5392258888810657,0.6304951685642756
0.3803995769435139,0.618768289762138
0.3803995769435139,0.6070414109600005
0.3705743223410945,0.5962839348472438
0.3588207467419387,0.5855336930829155
0.3451082418762568,0.5757600883563961
0.3392008458068894,0.566963120667686
0.3392008458068894,0.5581589186305476
0.3588207467419387,0.5522990964036929
0.374522789143936,0.5474086768662192
0.3803995769435139,0.5435021287149827
0.3941120818091958,0.539588346215318
0.4098141242111931,0.5347051610262725
0.4254855583434009,0.5298147414887988
0.4392286714788723,0.523947684913516
0.4490233178115022,0.5190644997244704
0.4803967943457073,0.5131974431491875
0.4999860870109672,0.5063537495360956
0.5254827757455944,0.5004866929608127
0.5607741108128516,0.4965801448095762
0.6000139126829501,0.4926663623099116
0.6509766818824151,0.487783177120866
0.6901858754827241,0.4838693946212014
0.7313846066193487,0.479962846469965
0.7607991538870279,0.4770257010081094
0.7764705880192357,0.473119152856873
0.7666759416866058,0.4692053703572084
0.7509738992846084,0.4633455481303537
0.7215593520169293,0.4574784915550708
0.6803912291500942,0.4525880720175971
0.6293978516808398,0.4477048868285516
0.5705993654152709,0.4457443784045051
0.5098113416133866,0.4428144672910778
0.4549001056110801,0.4398845561776505
0.4098141242111931,0.4359707736779858
0.3803995769435139,0.4310875884889403
0.3549028882088867,0.4252205319136574
0.3352829872738374,0.4203301123761837
0.3294061994742595,0.4154469271871381
0.3235294116746816,0.4115331446874735
0.3294061994742595,0.4095798706118552
0.3352829872738374,0.4086032335740461
0.3352829872738374,0.4086032335740461
0.3392008458068894,0.4086032335740461
0.3451082418762568,0.4086032335740461
0.3490261004093087,0.407626596536237
0.3549028882088867,0.4066499594984279
0.3588207467419387,0.4046894510743815
0.3588207467419387,0.4037128140365724
0.3646975345415166,0.4027361769987633
0.3705743223410945,0.4027361769987633
0.3705743223410945,0.4017595399609542
0.3646975345415166,0.400782902923145
0.3646975345415166,0.400782902923145
0.3490261004093087,0.3998062658853359
0.3549028882088867,0.3998062658853359
0.3490261004093087,0.3988296288475269
0.3451082418762568,0.3978529918097178
0.3392008458068894,0.3998062658853359
0.3451082418762568,0.4017595399609542
0.3646975345415166,0.4037128140365724
0.3843174354765659,0.407626596536237
0.3941120818091958,0.4125097817252826
0.3843174354765659,0.4193534753383746
0.374522789143936,0.4310875884889403
0.3490261004093087,0.4467282497907424
0.3451082418762568,0.466275459243781
0.3549028882088867,0.4868065400830569
0.3705743223410945,0.5073303865739046
0.3803995769435139,0.5278614674131806
0.374522789143936,0.5474086768662192
0.3705743223410945,0.5640259752058304
0.3490261004093087,0.5777133624320144
0.3451082418762568,0.5874869671585337
0.3549028882088867,0.5933540237338165
0.3646975345415166,0.5953072978094348
0.3705743223410945,0.5962839348472438
0.3137347653420516,0.5962839348472438
0.5803940117479008,0.597260571885053
1.443149312303648,0.5953072978094348
1.503906727835743,0.5923773866960075
1.503906727835743,0.5894402412341518
0.6647197950178864,0.5865103301207246
0.3941120818091958,0.5806432735454417
0.4039067281418257,0.5737995799323498
0.3941120818091958,0.5640259752058304
0.3803995769435139,0.5513224593658839
0.3588207467419387,0.539588346215318
0.3588207467419387,0.5288381044509897
0.3588207467419387,0.5190644997244704
0.3803995769435139,0.5092836606495229
0.3803995769435139,0.5014633299986218
0.3901942232761438,0.4956035077717671
0.3999888696087737,0.4916897252721025
0.4039067281418257,0.4897364511964843
0.4156909120107711,0.4887598141586752
0.4294034168764529,0.487783177120866
0.4490233178115022,0.487783177120866
0.4549001056110801,0.4868065400830569
0.4803967943457073,0.4838693946212014
0.5058934830803345,0.4828927575833923
0.5392258888810657,0.4780023380459186
0.5745172239483228,0.4711658787812548
0.6196032053482099,0.4672520962815901
0.6647197950178864,0.4633455481303537
0.7058879178847215,0.459431765630689
0.7411792529519786,0.4565018545172618
0.7666759416866058,0.4535647090554062
0.7705938002196577,0.4506347979419788
0.7548917578176605,0.4477048868285516
0.7353024651524006,0.444767741366696
0.7098057764177734,0.4428144672910778
0.6647197950178864,0.4408611932154596
0.605890700482528,0.4389079191398414
0.5451026766806437,0.4369474107157949
0.4999860870109672,0.4369474107157949
0.4490233178115022,0.4359707736779858
0.4039067281418257,0.4340174996023676
0.3803995769435139,0.4320642255267494
0.3549028882088867,0.4301109514511312
0.3490261004093087,0.4281504430270847
0.3451082418762568,0.4261971689514665
0.3392008458068894,0.4242438948758483
0.3451082418762568,0.4232672578380392
0.3490261004093087,0.4213067494139927
0.3549028882088867,0.4193534753383746
0.3588207467419387,0.4183768383005654
0.3588207467419387,0.4154469271871381
0.3646975345415166,0.4134864187630917
0.374522789143936,0.4115331446874735
0.3705743223410945,0.4105565076496644
0.3803995769435139,0.4105565076496644
0.374522789143936,0.4105565076496644
0.3705743223410945,0.4105565076496644
0.374522789143936,0.4105565076496644
0.3705743223410945,0.4105565076496644
0.3646975345415166,0.4095798706118552
0.3549028882088867,0.4086032335740461
0.3549028882088867,0.4086032335740461
0.3451082418762568,0.4086032335740461
0.3451082418762568,0.4095798706118552
0.3588207467419387,0.4105565076496644
0.3843174354765659,0.4115331446874735
0.3941120818091958,0.414470290149329
0.3901942232761438,0.4193534753383746
0.3803995769435139,0.4281504430270847
0.3705743223410945,0.4389079191398414
0.3392008458068894,0.4535647090554062
0.3352829872738374,0.4692053703572084
0.3451082418762568,0.4838693946212014
0.3549028882088867,0.4956035077717671
0.3588207467419387,0.5092836606495229
0.3549028882088867,0.523947684913516
0.3392008458068894,0.5356817980640817
0.3352829872738374,0.5444787657527919
0.3352829872738374,0.5503385879796465
0.3451082418762568,0.553275733441502
0.3490261004093087,0.5552290075171202
0.3549028882088867,0.5552290075171202
0.3039095107396323,0.5542523704793112
0.7058879178847215,0.5513224593658839
1.503906727835743,0.5483853139040282
1.503906727835743,0.545455402790601
1.3470699534345063,0.5435021287149827
0.5156881294129645,0.5405649832531272
0.374522789143936,0.5376350721396999
0.3843174354765659,0.5327446526022261
0.3843174354765659,0.5268848303753715
0.374522789143936,0.5180806283382331
0.3588207467419387,0.5092836606495229
0.3549028882088867,0.5004866929608127
0.3705743223410945,0.4926663623099116
0.3941120818091958,0.4858226686968196
0.4098141242111931,0.4809394835077741
0.4254855583434009,0.4789862094321558
0.4294034168764529,0.4770257010081094
0.4392286714788723,0.4750724269324912
0.4490233178115022,0.4740957898946821
0.46469475194371,0.473119152856873
0.4745200065461294,0.473119152856873
0.4901914406783372,0.4721425158190639
0.5098113416133866,0.4711658787812548
0.5294006342786464,0.4692053703572084
0.5646919693459035,0.4682287333193992
0.6000139126829501,0.466275459243781
0.6353052477502072,0.4643221851681628
0.6764733706170423,0.4604084026684982
0.7156825642173513,0.4574784915550708
0.7353024651524006,0.4545485804416435
0.7509738992846084,0.4506347979419788
0.7548917578176605,0.4477048868285516
0.7548917578176605,0.444767741366696
0.7313846066193487,0.4428144672910778
0.6901858754827241,0.4398845561776505
0.6293978516808398,0.437924047753604
0.5646919693459035,0.4349941366401767
0.5058934830803345,0.4320642255267494
0.4490233178115022,0.4291270800648938
0.3999888696087737,0.4271738059892756
0.3588207467419387,0.4252205319136574
0.3392008458068894,0.4232672578380392
0.3196115531416296,0.4222906208002301
0.3137347653420516,0.4213067494139927
0.3137347653420516,0.4203301123761837
0.3235294116746816,0.4183768383005654
0.3294061994742595,0.4164235642249472
0.3352829872738374,0.4134864187630917
0.3451082418762568,0.4115331446874735
0.3490261004093087,0.4095798706118552
0.3549028882088867,0.4086032335740461
0.3549028882088867,0.4086032335740461
0.3588207467419387,0.4095798706118552
0.3588207467419387,0.4105565076496644
0.3588207467419387,0.4105565076496644
0.3549028882088867,0.4105565076496644
0.3451082418762568,0.4115331446874735
0.3392008458068894,0.4115331446874735
0.3352829872738374,0.4095798706118552
0.3352829872738374,0.4086032335740461
0.3352829872738374,0.407626596536237
0.3294061994742595,0.4056660881121906
0.3235294116746816,0.4046894510743815
0.3352829872738374,0.4037128140365724
0.3451082418762568,0.4046894510743815
0.3549028882088867,0.4056660881121906
0.3646975345415166,0.407626596536237
0.3705743223410945,0.4115331446874735
0.3549028882088867,0.4174002012627563
0.3235294116746816,0.4261971689514665
0.3098169068089997,0.437924047753604
0.3137347653420516,0.4525880720175971
0.3294061994742595,0.4672520962815901
0.3451082418762568,0.4828927575833923
0.3392008458068894,0.4965801448095762
0.3294061994742595,0.5092836606495229
0.3137347653420516,0.5190644997244704
0.3137347653420516,0.5278614674131806
0.3098169068089997,0.5337212896400352
0.3196115531416296,0.5376350721396999
0.3352829872738374,0.5405649832531272
0.3039095107396323,0.5425254916771737
0.4745200065461294,0.5444787657527919
1.1627469527623275,0.5444787657527919
1.503906727835743,0.5435021287149827
1.503906727835743,0.5425254916771737
0.8352996825545941,0.539588346215318
0.3490261004093087,0.5356817980640817
0.3196115531416296,0.5298147414887988
0.3549028882088867,0.5210177738000886
0.3490261004093087,0.5122208061113784
0.3451082418762568,0.5044004754604773
0.3352829872738374,0.4965801448095762
0.3352829872738374,0.4897364511964843
0.3451082418762568,0.4828927575833923
0.3490261004093087,0.4780023380459186
0.3588207467419387,0.473119152856873
0.3803995769435139,0.4711658787812548
0.3803995769435139,0.4692053703572084
0.3901942232761438,0.4682287333193992
0.4039067281418257,0.466275459243781
0.4156909120107711,0.4652988222059719
0.4254855583434009,0.4643221851681628
0.4549001056110801,0.4633455481303537
0.4843146528787593,0.4613850397063073
0.5196059879460164,0.459431765630689
0.5646919693459035,0.4584551285928799
0.6000139126829501,0.4555252174794526
0.6509766818824151,0.4525880720175971
0.7098057764177734,0.4496581609041697
0.7509738992846084,0.4457443784045051
0.7803884465522877,0.4418378302532686
0.800008347487337,0.437924047753604
0.800008347487337,0.4340174996023676
0.7803884465522877,0.4301109514511312
0.7450971114850305,0.4281504430270847
0.6901858754827241,0.4261971689514665
0.615685346815158,0.4252205319136574
0.5509794644802216,0.4232672578380392
0.4843146528787593,0.4222906208002301
0.4294034168764529,0.4203301123761837
0.3803995769435139,0.4174002012627563
0.3490261004093087,0.4154469271871381
0.3235294116746816,0.4134864187630917
0.3098169068089997,0.4125097817252826
0.3098169068089997,0.4115331446874735
0.3196115531416296,0.4105565076496644
0.3196115531416296,0.4105565076496644
0.3196115531416296,0.4105565076496644
0.3196115531416296,0.4105565076496644
0.3352829872738374,0.4105565076496644
0.3352829872738374,0.4115331446874735
0.3451082418762568,0.4115331446874735
0.3490261004093087,0.4115331446874735
0.3588207467419387,0.4115331446874735
0.3705743223410945,0.4115331446874735
0.3646975345415166,0.4115331446874735
0.374522789143936,0.4105565076496644
0.3646975345415166,0.4086032335740461
0.3588207467419387,0.4086032335740461
0.3490261004093087,0.4086032335740461
0.3392008458068894,0.4095798706118552
0.3392008458068894,0.4105565076496644
0.3352829872738374,0.4105565076496644
0.3294061994742595,0.4105565076496644
0.3294061994742595,0.4105565076496644
0.3490261004093087,0.4105565076496644
0.3588207467419387,0.4105565076496644
0.3549028882088867,0.4115331446874735
0.3490261004093087,0.414470290149329
0.3392008458068894,0.4183768383005654
0.3196115531416296,0.4261971689514665
0.3098169068089997,0.4349941366401767
0.3137347653420516,0.4457443784045051
0.3235294116746816,0.459431765630689
0.3352829872738374,0.4740957898946821
0.3235294116746816,0.4887598141586752
0.3235294116746816,0.5034238384226682
0.3196115531416296,0.517103991300424
0.3137347653420516,0.5278614674131806
0.3137347653420516,0.5356817980640817
0.3235294116746816,0.5415416202909363
0.3294061994742595,0.5435021287149827
0.2843202180743724,0.5444787657527919
0.5156881294129645,0.5435021287149827
1.3078301515644082,0.5425254916771737
1.503906727835743,0.5405649832531272
1.503906727835743,0.538611709177509
0.7509738992846084,0.5366584351018908
0.3588207467419387,0.5327446526022261
0.3490261004093087,0.5278614674131806
0.374522789143936,0.5219944108378977
0.374522789143936,0.5151507172248058
0.3803995769435139,0.5083070236117138
0.3588207467419387,0.4995100559230035
0.3490261004093087,0.4916897252721025
0.3549028882088867,0.4858226686968196
0.3588207467419387,0.4809394835077741
0.3803995769435139,0.4770257010081094
0.3999888696087737,0.473119152856873
0.4039067281418257,0.4701892417434457
0.4156909120107711,0.4692053703572084
0.4294034168764529,0.4692053703572084
0.4490233178115022,0.4682287333193992
0.4745200065461294,0.466275459243781
0.4941092992113892,0.4643221851681628
0.5196059879460164,0.4613850397063073
0.5548973230132735,0.4584551285928799
0.5901886580805307,0.4545485804416435
0.6411820355497851,0.4506347979419788
0.6862680169496722,0.4486815238663607
0.7313846066193487,0.4457443784045051
0.7764705880192357,0.4418378302532686
0.800008347487337,0.437924047753604
0.8117619230864929,0.4349941366401767
0.8117619230864929,0.4320642255267494
0.7862652343518657,0.4291270800648938
0.7450971114850305,0.4271738059892756
0.6960932715520916,0.4242438948758483
0.6293978516808398,0.4203301123761837
0.5646919693459035,0.4164235642249472
0.5058934830803345,0.4134864187630917
0.4549001056110801,0.4105565076496644
0.4098141242111931,0.407626596536237
0.3803995769435139,0.4046894510743815
0.3549028882088867,0.4017595399609542
0.3392008458068894,0.400782902923145
0.3352829872738374,0.3998062658853359
0.3392008458068894,0.3968691204234804
0.3392008458068894,0.3958924833856713
0.3549028882088867,0.3949158463478622
0.3588207467419387,0.3939392093100531
0.3588207467419387,0.3939392093100531
0.3646975345415166,0.3949158463478622
0.3705743223410945,0.3949158463478622
0.3803995769435139,0.3949158463478622
0.3843174354765659,0.3958924833856713
0.3843174354765659,0.3958924833856713
0.3803995769435139,0.3968691204234804
0.3803995769435139,0.3958924833856713
0.374522789143936,0.3939392093100531
0.374522789143936,0.3910092981966258
0.3646975345415166,0.3890487897725793
0.3646975345415166,0.386118878659152
0.3588207467419387,0.3831889675457247
0.3490261004093087,0.37927518504606
0.3451082418762568,0.3773219109704418
0.3451082418762568,0.3773219109704418
0.3588207467419387,0.3782985480082509
0.3803995769435139,0.3802518220838691
0.3901942232761438,0.3851422416213429
0.3803995769435139,0.3910092981966258
0.3803995769435139,0.400782902923145
0.3490261004093087,0.4154469271871381
0.3352829872738374,0.4349941366401767
0.3451082418762568,0.4584551285928799
0.3646975345415166,0.4819161205455832
0.3803995769435139,0.5044004754604773
0.374522789143936,0.5268848303753715
0.3646975345415166,0.5474086768662192
0.3451082418762568,0.5620727011302122
0.3392008458068894,0.5728229428945406
0.3392008458068894,0.5806432735454417
0.3451082418762568,0.5865103301207246
0.3490261004093087,0.590416878271961
0.2999916522065803,0.5923773866960075
0.4294034168764529,0.5933540237338165
1.027458400292877,0.5923773866960075
1.503906727835743,0.590416878271961
1.503906727835743,0.5884636041963428
0.99216706522562,0.5845570560451063
0.4490233178115022,0.5777133624320144
0.3999888696087737,0.5698930317811133
0.3941120818091958,0.5620727011302122
0.374522789143936,0.5513224593658839
0.3549028882088867,0.5405649832531272
0.3392008458068894,0.5298147414887988
0.3352829872738374,0.5190644997244704
0.3490261004093087,0.5102675320357603
0.3646975345415166,0.5024472013848591
0.3803995769435139,0.4956035077717671
0.3803995769435139,0.4897364511964843
0.3999888696087737,0.4868065400830569
0.4039067281418257,0.4848460316590105
0.4098141242111931,0.4838693946212014
0.4254855583434009,0.4828927575833923
0.4451054592784502,0.479962846469965
0.46469475194371,0.4780023380459186
0.4941092992113892,0.4770257010081094
0.5196059879460164,0.4750724269324912
0.5607741108128516,0.4721425158190639
0.6000139126829501,0.4682287333193992
0.654894540415467,0.4643221851681628
0.6960932715520916,0.459431765630689
0.7313846066193487,0.4555252174794526
0.7607991538870279,0.4525880720175971
0.7764705880192357,0.4496581609041697
0.7764705880192357,0.4477048868285516
0.7548917578176605,0.4457443784045051
0.7254772105499813,0.4437911043288869
0.6764733706170423,0.4408611932154596
0.615685346815158,0.437924047753604
0.5607741108128516,0.4349941366401767
0.5156881294129645,0.4320642255267494
0.4549001056110801,0.4281504430270847
0.4156909120107711,0.4232672578380392
0.3803995769435139,0.4203301123761837
0.3588207467419387,0.4154469271871381
0.3490261004093087,0.4115331446874735
0.3392008458068894,0.407626596536237
0.3451082418762568,0.4056660881121906
0.3451082418762568,0.4037128140365724
0.3549028882088867,0.4037128140365724
0.3588207467419387,0.4027361769987633
0.3588207467419387,0.4017595399609542
0.3588207467419387,0.4027361769987633
0.3646975345415166,0.4017595399609542
0.3588207467419387,0.400782902923145
0.3646975345415166,0.400782902923145
0.3705743223410945,0.400782902923145
0.3705743223410945,0.4017595399609542
0.3705743223410945,0.4027361769987633
0.3549028882088867,0.4027361769987633
0.3549028882088867,0.4027361769987633
0.3490261004093087,0.4017595399609542
0.3549028882088867,0.400782902923145
0.3451082418762568,0.3998062658853359
0.3451082418762568,0.3978529918097178
0.3352829872738374,0.3978529918097178
0.3392008458068894,0.3998062658853359
0.3588207467419387,0.400782902923145
0.3705743223410945,0.4037128140365724
0.3803995769435139,0.4095798706118552
0.3705743223410945,0.4193534753383746
0.3588207467419387,0.4349941366401767
0.3392008458068894,0.451611434979788
0.3235294116746816,0.4682287333193992
0.3352829872738374,0.4907130882342934
0.3451082418762568,0.5131974431491875
0.3549028882088867,0.5356817980640817
0.3392008458068894,0.5571822815927384
0.3392008458068894,0.5757600883563961
0.3235294116746816,0.5894402412341518
0.3196115531416296,0.5992210803090994
0.3294061994742595,0.6060575395737632
0.3352829872738374,0.6089946850356187
0.3392008458068894,0.6109479591112369
0.274494963471953,0.6109479591112369
0.5058934830803345,0.6099713220734279
1.262744170164521,0.6080180479978096
1.503906727835743,0.604104265498145
1.503906727835743,0.5992210803090994
0.7058879178847215,0.5962839348472438
0.3803995769435139,0.5914007496581983
0.3705743223410945,0.5855336930829155
0.374522789143936,0.5786899994698235
0.3490261004093087,0.5679397577054951
0.3294061994742595,0.5552290075171202
0.3235294116746816,0.5415416202909363
0.3294061994742595,0.5288381044509897
0.3490261004093087,0.5190644997244704
0.3549028882088867,0.5102675320357603
0.3549028882088867,0.5034238384226682
0.374522789143936,0.4975567818473854
0.3803995769435139,0.4936429993477207
0.3901942232761438,0.4907130882342934
0.4098141242111931,0.4897364511964843
0.4254855583434009,0.4887598141586752
0.4451054592784502,0.4868065400830569
0.4706021480130775,0.4848460316590105
0.4941092992113892,0.4838693946212014
0.5254827757455944,0.4828927575833923
0.5705993654152709,0.479962846469965
0.615685346815158,0.4780023380459186
0.6607713282150449,0.4750724269324912
0.7058879178847215,0.4711658787812548
0.7353024651524006,0.4672520962815901
0.7548917578176605,0.4623689110925446
0.7607991538870279,0.4574784915550708
0.7548917578176605,0.451611434979788
0.7411792529519786,0.4467282497907424
0.7058879178847215,0.4418378302532686
0.654894540415467,0.437924047753604
0.5960654458801087,0.4340174996023676
0.5353080303480138,0.4301109514511312
0.4745200065461294,0.4291270800648938
0.4294034168764529,0.4271738059892756
0.3941120818091958,0.4252205319136574
0.3646975345415166,0.4222906208002301
0.3490261004093087,0.4193534753383746
0.3352829872738374,0.4164235642249472
0.3352829872738374,0.4134864187630917
0.3392008458068894,0.4105565076496644
0.3490261004093087,0.407626596536237
0.3588207467419387,0.4046894510743815
0.3646975345415166,0.4037128140365724
0.3803995769435139,0.4027361769987633
0.3843174354765659,0.4017595399609542
0.3941120818091958,0.4027361769987633
0.3999888696087737,0.4027361769987633
0.3941120818091958,0.4027361769987633
0.3999888696087737,0.4027361769987633
0.3941120818091958,0.4017595399609542
0.3901942232761438,0.4017595399609542
0.3803995769435139,0.4017595399609542
0.374522789143936,0.3998062658853359
0.3705743223410945,0.3978529918097178
0.3646975345415166,0.3949158463478622
0.3490261004093087,0.3919859352344348
0.3392008458068894,0.3900326611588167
0.3352829872738374,0.3880721527347702
0.3490261004093087,0.3890487897725793
0.3646975345415166,0.3900326611588167
0.374522789143936,0.392962572272244
0.3803995769435139,0.3968691204234804
0.3803995769435139,0.4046894510743815
0.3705743223410945,0.4164235642249472
0.3352829872738374,0.4340174996023676
0.3352829872738374,0.4555252174794526
0.3392008458068894,0.4780023380459186
0.3490261004093087,0.5014633299986218
0.3549028882088867,0.523947684913516
0.3451082418762568,0.5415416202909363
0.3352829872738374,0.5562056445549294
0.3235294116746816,0.5698930317811133
0.3294061994742595,0.5796666365076326
0.3294061994742595,0.5865103301207246
0.3294061994742595,0.590416878271961
0.3352829872738374,0.5923773866960075
0.2901970058739504,0.5933540237338165
0.5607741108128516,0.5933540237338165
1.411775835769443,0.5923773866960075
1.503906727835743,0.5914007496581983
1.503906727835743,0.5884636041963428
0.6254799931477878,0.5845570560451063
0.3490261004093087,0.5796666365076326
0.3588207467419387,0.5718463058567315
0.3705743223410945,0.5620727011302122
0.3549028882088867,0.5493619509418374
0.3451082418762568,0.5356817980640817
0.3352829872738374,0.5210177738000886
0.3392008458068894,0.5083070236117138
0.3490261004093087,0.4985334188851945
0.3549028882088867,0.4907130882342934
0.3646975345415166,0.4848460316590105
0.3803995769435139,0.4828927575833923
0.3999888696087737,0.479962846469965
0.3999888696087737,0.4780023380459186
0.4156909120107711,0.4760490639703003
0.4392286714788723,0.4750724269324912
0.4490233178115022,0.473119152856873
0.4706021480130775,0.4711658787812548
0.5058934830803345,0.4692053703572084
0.5392258888810657,0.4672520962815901
0.5745172239483228,0.4633455481303537
0.6196032053482099,0.459431765630689
0.6647197950178864,0.4555252174794526
0.7156825642173513,0.451611434979788
0.7509738992846084,0.4467282497907424
0.7764705880192357,0.4428144672910778
0.7803884465522877,0.437924047753604
0.7764705880192357,0.4330408625645585
0.7450971114850305,0.4281504430270847
0.7156825642173513,0.4242438948758483
0.6509766818824151,0.4193534753383746
0.5960654458801087,0.4154469271871381
0.5254827757455944,0.4125097817252826
0.46469475194371,0.4095798706118552
0.4156909120107711,0.4066499594984279
0.3803995769435139,0.4046894510743815
0.3451082418762568,0.4027361769987633
0.3294061994742595,0.400782902923145
0.3196115531416296,0.3998062658853359
0.3196115531416296,0.3988296288475269
0.3352829872738374,0.4017595399609542
0.3294061994742595,0.4066499594984279
0.3352829872738374,0.4095798706118552
0.3352829872738374,0.4115331446874735
0.3451082418762568,0.4125097817252826
0.3490261004093087,0.4125097817252826
0.3549028882088867,0.4125097817252826
0.3549028882088867,0.4134864187630917
0.3646975345415166,0.4134864187630917
0.3646975345415166,0.4134864187630917
0.3705743223410945,0.414470290149329
0.3549028882088867,0.4154469271871381
0.3490261004093087,0.4154469271871381
0.3392008458068894,0.4154469271871381
0.3392008458068894,0.4134864187630917
0.3352829872738374,0.4115331446874735
0.3294061994742595,0.4086032335740461
0.3235294116746816,0.4056660881121906
0.3235294116746816,0.4027361769987633
0.3352829872738374,0.400782902923145
0.3490261004093087,0.3988296288475269
0.3549028882088867,0.3998062658853359
0.3588207467419387,0.4027361769987633
0.3392008458068894,0.407626596536237
0.3294061994742595,0.414470290149329
0.3098169068089997,0.4261971689514665
0.3196115531416296,0.4418378302532686
0.3235294116746816,0.4613850397063073
0.3352829872738374,0.4828927575833923
0.3352829872738374,0.5044004754604773
0.3352829872738374,0.524924321951325
0.3235294116746816,0.5435021287149827
0.3098169068089997,0.5581589186305476
0.3137347653420516,0.5698930317811133
0.3196115531416296,0.5786899994698235
0.3137347653420516,0.5845570560451063
0.3294061994742595,0.5874869671585337
0.2784434302747945,0.5894402412341518
0.6509766818824151,0.5914007496581983
1.503906727835743,0.590416878271961
1.503906727835743,0.5894402412341518
1.503906727835743,0.5874869671585337
0.5548973230132735,0.5835804190072973
0.3490261004093087,0.5786899994698235
0.3705743223410945,0.5718463058567315
0.374522789143936,0.5630493381680214
0.3549028882088867,0.5513224593658839
0.3392008458068894,0.538611709177509
0.3294061994742595,0.5268848303753715
0.3352829872738374,0.517103991300424
0.3451082418762568,0.5092836606495229
0.3588207467419387,0.5024472013848591
0.3646975345415166,0.4965801448095762
0.3803995769435139,0.4936429993477207
0.3803995769435139,0.4907130882342934
0.3843174354765659,0.487783177120866
0.3999888696087737,0.4858226686968196
0.4156909120107711,0.4838693946212014
0.4294034168764529,0.4809394835077741
0.4607768934106581,0.4780023380459186
0.4901914406783372,0.4750724269324912
0.5254827757455944,0.4740957898946821
0.5705993654152709,0.4721425158190639
0.6196032053482099,0.4682287333193992
0.6764733706170423,0.4652988222059719
0.7313846066193487,0.4613850397063073
0.7764705880192357,0.4565018545172618
0.796090488954285,0.4535647090554062
0.800008347487337,0.451611434979788
0.7901830928849176,0.4496581609041697
0.7666759416866058,0.4467282497907424
0.7156825642173513,0.444767741366696
0.6509766818824151,0.4418378302532686
0.5843118702809528,0.437924047753604
0.5098113416133866,0.4340174996023676
0.4549001056110801,0.4301109514511312
0.4098141242111931,0.4252205319136574
0.374522789143936,0.4213067494139927
0.3451082418762568,0.4183768383005654
0.3294061994742595,0.4174002012627563
0.3196115531416296,0.4164235642249472
0.3098169068089997,0.4164235642249472
0.3137347653420516,0.4154469271871381
0.3294061994742595,0.414470290149329
0.3352829872738374,0.414470290149329
0.3392008458068894,0.414470290149329
0.3451082418762568,0.414470290149329
0.3588207467419387,0.4134864187630917
0.3549028882088867,0.4115331446874735
0.3588207467419387,0.4105565076496644
0.3646975345415166,0.4115331446874735
0.3705743223410945,0.4125097817252826
0.3646975345415166,0.4125097817252826
0.3588207467419387,0.4134864187630917
0.3588207467419387,0.414470290149329
0.3549028882088867,0.414470290149329
0.3549028882088867,0.4134864187630917
0.3392008458068894,0.4115331446874735
0.3352829872738374,0.4105565076496644
0.3352829872738374,0.4086032335740461
0.3294061994742595,0.4066499594984279
0.3352829872738374,0.4056660881121906
0.3549028882088867,0.4056660881121906
0.374522789143936,0.407626596536237
0.3803995769435139,0.4105565076496644
0.374522789143936,0.4154469271871381
0.3646975345415166,0.4232672578380392
0.3294061994742595,0.4359707736779858
0.3235294116746816,0.4525880720175971
0.3352829872738374,0.4721425158190639
0.3392008458068894,0.4907130882342934
0.3549028882088867,0.5063537495360956
0.3490261004093087,0.523947684913516
0.3392008458068894,0.5415416202909363
0.3294061994742595,0.5562056445549294
0.3294061994742595,0.5679397577054951
0.3352829872738374,0.5767367253942053
0.3451082418762568,0.5816199105832508
0.3549028882088867,0.5865103301207246
0.2901970058739504,0.5894402412341518
0.4392286714788723,0.590416878271961
1.1274556176950703,0.5884636041963428
1.503906727835743,0.5865103301207246
1.503906727835743,0.5845570560451063
0.9372558292233136,0.5806432735454417
0.4607768934106581,0.5737995799323498
0.4039067281418257,0.5650026122436396
0.3843174354765659,0.5542523704793112
0.3803995769435139,0.5405649832531272
0.3646975345415166,0.5278614674131806
0.3549028882088867,0.5141740801869966
0.3549028882088867,0.5024472013848591
0.3588207467419387,0.4936429993477207
0.3803995769435139,0.4858226686968196
0.3901942232761438,0.4809394835077741
0.3999888696087737,0.4780023380459186
0.4039067281418257,0.4770257010081094
0.4098141242111931,0.4750724269324912
0.4254855583434009,0.4721425158190639
0.4490233178115022,0.4692053703572084
0.4706021480130775,0.466275459243781
0.4843146528787593,0.4633455481303537
0.5098113416133866,0.4604084026684982
0.5392258888810657,0.459431765630689
0.5745172239483228,0.459431765630689
0.6196032053482099,0.4574784915550708
0.6647197950178864,0.4555252174794526
0.7098057764177734,0.4535647090554062
0.7450971114850305,0.4496581609041697
0.7666759416866058,0.4457443784045051
0.7764705880192357,0.4408611932154596
0.7705938002196577,0.4359707736779858
0.7509738992846084,0.4320642255267494
0.7156825642173513,0.4281504430270847
0.6647197950178864,0.4252205319136574
0.605890700482528,0.4222906208002301
0.5451026766806437,0.4203301123761837
0.4901914406783372,0.4193534753383746
0.4451054592784502,0.4174002012627563
0.3999888696087737,0.4164235642249472
0.3705743223410945,0.4164235642249472
0.3490261004093087,0.4164235642249472
0.3392008458068894,0.4164235642249472
0.3352829872738374,0.4164235642249472
0.3352829872738374,0.4154469271871381
0.3352829872738374,0.414470290149329
0.3392008458068894,0.4134864187630917
0.3490261004093087,0.4134864187630917
0.3549028882088867,0.4134864187630917
0.3549028882088867,0.4134864187630917
0.3549028882088867,0.414470290149329
0.3490261004093087,0.414470290149329
0.3588207467419387,0.4154469271871381
0.3588207467419387,0.4154469271871381
0.3549028882088867,0.4154469271871381
0.3549028882088867,0.4154469271871381
0.3549028882088867,0.4154469271871381
0.3549028882088867,0.414470290149329
0.3451082418762568,0.414470290149329
0.3392008458068894,0.4134864187630917
0.3392008458068894,0.4115331446874735
0.3352829872738374,0.4105565076496644
0.3294061994742595,0.4086032335740461
0.3294061994742595,0.4086032335740461
0.3392008458068894,0.4105565076496644
0.3646975345415166,0.4125097817252826
0.3803995769435139,0.4164235642249472
0.374522789143936,0.4242438948758483
0.3646975345415166,0.4359707736779858
0.3451082418762568,0.4525880720175971
0.3235294116746816,0.473119152856873
0.3294061994742595,0.4956035077717671
0.3352829872738374,0.517103991300424
0.3549028882088867,0.538611709177509
0.3549028882088867,0.5581589186305476
0.3490261004093087,0.5747834513185871
0.3451082418762568,0.5874869671585337
0.3352829872738374,0.5953072978094348
0.3392008458068894,0.6001977173469085
0.3451082418762568,0.6031276284603359
0.3549028882088867,0.605080902535954
0.3196115531416296,0.605080902535954
0.2843202180743724,0.604104265498145
0.800008347487337,0.6011743543847177
1.503906727835743,0.597260571885053
1.503906727835743,0.5943306607716257
1.227452835097264,0.590416878271961
0.4843146528787593,0.5874869671585337
0.3901942232761438,0.5816199105832508
0.3843174354765659,0.5747834513185871
0.3705743223410945,0.566963120667686
0.3549028882088867,0.5571822815927384
0.3352829872738374,0.5474086768662192
0.3352829872738374,0.5366584351018908
0.3490261004093087,0.5268848303753715
0.3588207467419387,0.517103991300424
0.374522789143936,0.5092836606495229
0.3803995769435139,0.5034238384226682
0.3843174354765659,0.4995100559230035
0.3941120818091958,0.4975567818473854
0.4039067281418257,0.4965801448095762
0.419608770543823,0.4956035077717671
0.4352802046760309,0.4956035077717671
0.4607768934106581,0.494626870733958
0.4843146528787593,0.4926663623099116
0.5098113416133866,0.487783177120866
0.5509794644802216,0.4828927575833923
0.5901886580805307,0.4780023380459186
0.6411820355497851,0.473119152856873
0.6862680169496722,0.4682287333193992
0.7254772105499813,0.4652988222059719
0.7509738992846084,0.4633455481303537
0.7666759416866058,0.4604084026684982
0.7607991538870279,0.4584551285928799
0.7509738992846084,0.4565018545172618
0.7215593520169293,0.4535647090554062
0.6803912291500942,0.4506347979419788
0.6293978516808398,0.4477048868285516
0.5607741108128516,0.4428144672910778
0.5058934830803345,0.437924047753604
0.4549001056110801,0.4320642255267494
0.4098141242111931,0.4271738059892756
0.374522789143936,0.4242438948758483
0.3549028882088867,0.4203301123761837
0.3451082418762568,0.4183768383005654
0.3352829872738374,0.4174002012627563
0.3352829872738374,0.4154469271871381
0.3352829872738374,0.4154469271871381
0.3352829872738374,0.4154469271871381
0.3392008458068894,0.4154469271871381
0.3490261004093087,0.414470290149329
0.3451082418762568,0.4134864187630917
0.3549028882088867,0.4125097817252826
0.3549028882088867,0.4105565076496644
0.3549028882088867,0.4095798706118552
0.3588207467419387,0.4095798706118552
0.3588207467419387,0.4115331446874735
0.3588207467419387,0.4154469271871381
0.3549028882088867,0.4193534753383746
0.3549028882088867,0.4213067494139927
0.3490261004093087,0.4222906208002301
0.3451082418762568,0.4232672578380392
0.3352829872738374,0.4232672578380392
0.3294061994742595,0.4213067494139927
0.3235294116746816,0.4193534753383746
0.3235294116746816,0.4174002012627563
0.3352829872738374,0.4154469271871381
0.3549028882088867,0.4154469271871381
0.374522789143936,0.4174002012627563
0.3843174354765659,0.4232672578380392
0.3803995769435139,0.4340174996023676
0.374522789143936,0.4467282497907424
0.3588207467419387,0.4604084026684982
0.3549028882088867,0.4750724269324912
0.374522789143936,0.4916897252721025
0.3941120818091958,0.5092836606495229
0.3999888696087737,0.5268848303753715
0.3843174354765659,0.5425254916771737
0.374522789143936,0.5571822815927384
0.3646975345415166,0.5689163947433042
0.3646975345415166,0.5777133624320144
0.3646975345415166,0.5826037819694881
0.3705743223410945,0.5855336930829155
0.3803995769435139,0.5874869671585337
0.3235294116746816,0.5874869671585337
0.6862680169496722,0.5855336930829155
1.503906727835743,0.5826037819694881
1.503906727835743,0.5796666365076326
1.503906727835743,0.5767367253942053
0.5803940117479008,0.5718463058567315
0.3843174354765659,0.5650026122436396
0.3843174354765659,0.5571822815927384
0.3705743223410945,0.54643203982841
0.3588207467419387,0.5356817980640817
0.3549028882088867,0.523947684913516
0.3451082418762568,0.5141740801869966
0.3490261004093087,0.5073303865739046
0.3549028882088867,0.5014633299986218
0.3705743223410945,0.4965801448095762
0.374522789143936,0.4926663623099116
0.3803995769435139,0.4916897252721025
0.3901942232761438,0.4907130882342934
0.3999888696087737,0.4897364511964843
0.4039067281418257,0.487783177120866
0.4254855583434009,0.4858226686968196
0.4451054592784502,0.4828927575833923
0.4706021480130775,0.479962846469965
0.4941092992113892,0.4760490639703003
0.5353080303480138,0.4721425158190639
0.5705993654152709,0.4682287333193992
0.6196032053482099,0.466275459243781
0.6647197950178864,0.4643221851681628
0.7058879178847215,0.4613850397063073
0.7313846066193487,0.459431765630689
0.7509738992846084,0.4555252174794526
0.7548917578176605,0.4525880720175971
0.7450971114850305,0.4496581609041697
0.7254772105499813,0.4457443784045051
0.6803912291500942,0.4418378302532686
0.6293978516808398,0.437924047753604
0.5646919693459035,0.4340174996023676
0.5058934830803345,0.4301109514511312
0.4451054592784502,0.4271738059892756
0.3941120818091958,0.4242438948758483
0.3588207467419387,0.4222906208002301
0.3294061994742595,0.4203301123761837
0.3098169068089997,0.4193534753383746
0.2941148644070023,0.4183768383005654
0.2999916522065803,0.4174002012627563
0.3039095107396323,0.4164235642249472
0.3137347653420516,0.4174002012627563
0.3196115531416296,0.4174002012627563
0.3294061994742595,0.4174002012627563
0.3352829872738374,0.4183768383005654
0.3352829872738374,0.4183768383005654
0.3392008458068894,0.4183768383005654
0.3392008458068894,0.4183768383005654
0.3490261004093087,0.4183768383005654
0.3490261004093087,0.4164235642249472
0.3392008458068894,0.4154469271871381
0.3352829872738374,0.4154469271871381
0.3451082418762568,0.4154469271871381
0.3352829872738374,0.4154469271871381
0.3352829872738374,0.4154469271871381
0.3294061994742595,0.4154469271871381
0.3294061994742595,0.4134864187630917
0.3196115531416296,0.4125097817252826
0.3196115531416296,0.4115331446874735
0.3235294116746816,0.4105565076496644
0.3549028882088867,0.4105565076496644
0.3646975345415166,0.4115331446874735
0.3705743223410945,0.414470290149329
0.3549028882088867,0.4203301123761837
0.3490261004093087,0.4291270800648938
0.3137347653420516,0.4428144672910778
0.3098169068089997,0.459431765630689
0.3352829872738374,0.4780023380459186
0.3392008458068894,0.4975567818473854
0.3451082418762568,0.5151507172248058
0.3392008458068894,0.5307913785266078
0.3294061994742595,0.5425254916771737
0.3137347653420516,0.553275733441502
0.3294061994742595,0.5630493381680214
0.3294061994742595,0.5698930317811133
0.3352829872738374,0.5747834513185871
0.3392008458068894,0.5777133624320144
0.2941148644070023,0.5786899994698235
0.5843118702809528,0.5777133624320144
1.501947798569217,0.5757600883563961
1.503906727835743,0.5737995799323498
1.503906727835743,0.5718463058567315
0.6411820355497851,0.5689163947433042
0.3490261004093087,0.5650026122436396
0.3588207467419387,0.5591427900167849
0.3490261004093087,0.553275733441502
0.3451082418762568,0.545455402790601
0.3392008458068894,0.5356817980640817
0.3392008458068894,0.524924321951325
0.3352829872738374,0.5151507172248058
0.3490261004093087,0.5063537495360956
0.3549028882088867,0.4995100559230035
0.3646975345415166,0.4926663623099116
0.3803995769435139,0.487783177120866
0.3843174354765659,0.4848460316590105
0.3901942232761438,0.4838693946212014
0.4039067281418257,0.4819161205455832
0.4254855583434009,0.479962846469965
0.4490233178115022,0.4780023380459186
0.4607768934106581,0.4770257010081094
0.4999860870109672,0.4750724269324912
0.5254827757455944,0.4721425158190639
0.5705993654152709,0.4692053703572084
0.6293978516808398,0.466275459243781
0.6901858754827241,0.4623689110925446
0.7353024651524006,0.4584551285928799
0.7803884465522877,0.4545485804416435
0.8058851352869149,0.451611434979788
0.8117619230864929,0.4496581609041697
0.800008347487337,0.4477048868285516
0.7705938002196577,0.444767741366696
0.7215593520169293,0.4418378302532686
0.6509766818824151,0.437924047753604
0.5705993654152709,0.4330408625645585
0.4941092992113892,0.4291270800648938
0.4294034168764529,0.4261971689514665
0.3803995769435139,0.4252205319136574
0.3392008458068894,0.4242438948758483
0.3137347653420516,0.4242438948758483
0.2941148644070023,0.4232672578380392
0.2843202180743724,0.4232672578380392
0.2843202180743724,0.4232672578380392
0.2843202180743724,0.4232672578380392
0.2999916522065803,0.4222906208002301
0.3039095107396323,0.4213067494139927
0.3098169068089997,0.4213067494139927
0.3137347653420516,0.4203301123761837
0.3196115531416296,0.4213067494139927
0.3352829872738374,0.4222906208002301
0.3392008458068894,0.4222906208002301
0.3451082418762568,0.4232672578380392
0.3490261004093087,0.4222906208002301
0.3392008458068894,0.4222906208002301
0.3392008458068894,0.4232672578380392
0.3451082418762568,0.4232672578380392
0.3451082418762568,0.4232672578380392
0.3490261004093087,0.4232672578380392
0.3490261004093087,0.4232672578380392
0.3352829872738374,0.4232672578380392
0.3235294116746816,0.4213067494139927
0.3196115531416296,0.4203301123761837
0.3196115531416296,0.4183768383005654
0.3352829872738374,0.4183768383005654
0.3588207467419387,0.4193534753383746
0.3705743223410945,0.4203301123761837
0.374522789143936,0.4232672578380392
0.3588207467419387,0.4271738059892756
0.3392008458068894,0.4349941366401767
0.3196115531416296,0.4467282497907424
0.3294061994742595,0.4613850397063073
0.3392008458068894,0.4789862094321558
0.3549028882088867,0.4975567818473854
0.3490261004093087,0.5161273542626148
0.3451082418762568,0.5327446526022261
0.3352829872738374,0.5483853139040282
0.3352829872738374,0.560119427054594
0.3294061994742595,0.5689163947433042
0.3352829872738374,0.5747834513185871
0.3392008458068894,0.5777133624320144
0.3039095107396323,0.5786899994698235
0.2784434302747945,0.5777133624320144
0.8255050362219641,0.5757600883563961
1.503906727835743,0.5737995799323498
1.503906727835743,0.5718463058567315
1.2372474814298935,0.5689163947433042
0.4941092992113892,0.5659792492814486
0.3941120818091958,0.560119427054594
0.3843174354765659,0.5522990964036929
0.3803995769435139,0.5435021287149827
0.3705743223410945,0.5327446526022261
0.3549028882088867,0.5219944108378977
0.3490261004093087,0.5122208061113784
0.3549028882088867,0.5024472013848591
0.3588207467419387,0.494626870733958
0.3803995769435139,0.4887598141586752
0.3803995769435139,0.4828927575833923
0.3941120818091958,0.479962846469965
0.4039067281418257,0.4780023380459186
0.4156909120107711,0.4760490639703003
0.4352802046760309,0.4740957898946821
0.4549001056110801,0.4721425158190639
0.4745200065461294,0.4701892417434457
0.4941092992113892,0.4672520962815901
0.5156881294129645,0.4643221851681628
0.5509794644802216,0.4613850397063073
0.5960654458801087,0.4584551285928799
0.6450998940828371,0.4545485804416435
0.6901858754827241,0.4506347979419788
0.7353024651524006,0.4457443784045051
0.7666759416866058,0.4408611932154596
0.7803884465522877,0.4359707736779858
0.7901830928849176,0.4310875884889403
0.7705938002196577,0.4271738059892756
0.7450971114850305,0.4242438948758483
0.7000111300851435,0.4232672578380392
0.6450998940828371,0.4232672578380392
0.5803940117479008,0.4232672578380392
0.5196059879460164,0.4232672578380392
0.46469475194371,0.4232672578380392
0.419608770543823,0.4222906208002301
0.3843174354765659,0.4222906208002301
0.3588207467419387,0.4232672578380392
0.3451082418762568,0.4232672578380392
0.3352829872738374,0.4232672578380392
0.3352829872738374,0.4232672578380392
0.3352829872738374,0.4232672578380392
0.3392008458068894,0.4232672578380392
0.3451082418762568,0.4232672578380392
0.3549028882088867,0.4232672578380392
0.3549028882088867,0.4232672578380392
0.3588207467419387,0.4232672578380392
0.374522789143936,0.4222906208002301
0.3803995769435139,0.4222906208002301
0.374522789143936,0.4222906208002301
0.3705743223410945,0.4222906208002301
0.374522789143936,0.4222906208002301
0.374522789143936,0.4232672578380392
0.3705743223410945,0.4232672578380392
0.3646975345415166,0.4232672578380392
0.3705743223410945,0.4222906208002301
0.3549028882088867,0.4213067494139927
0.3549028882088867,0.4213067494139927
0.3490261004093087,0.4203301123761837
0.3549028882088867,0.4183768383005654
0.3549028882088867,0.4183768383005654
0.374522789143936,0.4193534753383746
0.3843174354765659,0.4222906208002301
0.3999888696087737,0.4261971689514665
0.3843174354765659,0.4340174996023676
0.3803995769435139,0.4457443784045051
0.3490261004093087,0.4613850397063073
0.3392008458068894,0.479962846469965
0.3490261004093087,0.4995100559230035
0.3549028882088867,0.517103991300424
0.3803995769435139,0.531768015564417
0.3705743223410945,0.5483853139040282
0.3646975345415166,0.5630493381680214
0.3490261004093087,0.5757600883563961
0.3451082418762568,0.5845570560451063
0.3490261004093087,0.5914007496581983
0.3549028882088867,0.5953072978094348
0.3549028882088867,0.597260571885053
0.3098169068089997,0.598237208922862
0.4098141242111931,0.598237208922862
0.9764650228236226,0.597260571885053
1.503906727835743,0.5943306607716257
1.503906727835743,0.590416878271961
1.027458400292877,0.5865103301207246
0.4490233178115022,0.5816199105832508
0.3999888696087737,0.5737995799323498
0.3941120818091958,0.5650026122436396
0.3901942232761438,0.553275733441502
0.374522789143936,0.5415416202909363
0.3549028882088867,0.5307913785266078
0.3549028882088867,0.5200411367622795
0.3490261004093087,0.5122208061113784
0.3803995769435139,0.5053771124982864
0.4039067281418257,0.5014633299986218
0.4039067281418257,0.4975567818473854
0.4098141242111931,0.494626870733958
0.4156909120107711,0.4916897252721025
0.4294034168764529,0.4897364511964843
0.4490233178115022,0.487783177120866
0.46469475194371,0.4848460316590105
0.4901914406783372,0.4828927575833923
0.5098113416133866,0.4809394835077741
0.5392258888810657,0.4780023380459186
0.5745172239483228,0.4760490639703003
0.60980855901558,0.4740957898946821
0.654894540415467,0.4721425158190639
0.7058879178847215,0.4701892417434457
0.7411792529519786,0.4682287333193992
0.7705938002196577,0.4672520962815901
0.7803884465522877,0.466275459243781
0.7764705880192357,0.4643221851681628
0.7666759416866058,0.4604084026684982
0.7353024651524006,0.4555252174794526
0.6901858754827241,0.4506347979419788
0.6353052477502072,0.4467282497907424
0.5803940117479008,0.4418378302532686
0.5156881294129645,0.437924047753604
0.46469475194371,0.4340174996023676
0.419608770543823,0.4310875884889403
0.3901942232761438,0.4281504430270847
0.3705743223410945,0.4261971689514665
0.3549028882088867,0.4242438948758483
0.3451082418762568,0.4232672578380392
0.3451082418762568,0.4222906208002301
0.3490261004093087,0.4222906208002301
0.3549028882088867,0.4213067494139927
0.3549028882088867,0.4203301123761837
0.3646975345415166,0.4203301123761837
0.3646975345415166,0.4193534753383746
0.374522789143936,0.4183768383005654
0.3803995769435139,0.4183768383005654
0.374522789143936,0.4183768383005654
0.3646975345415166,0.4193534753383746
0.3803995769435139,0.4203301123761837
0.3803995769435139,0.4203301123761837
0.374522789143936,0.4213067494139927
0.3705743223410945,0.4213067494139927
0.3646975345415166,0.4213067494139927
0.3549028882088867,0.4213067494139927
0.3490261004093087,0.4213067494139927
0.3451082418762568,0.4193534753383746
0.3451082418762568,0.4183768383005654
0.3451082418762568,0.4174002012627563
0.3392008458068894,0.4174002012627563
0.3705743223410945,0.4193534753383746
0.3843174354765659,0.4203301123761837
0.3999888696087737,0.4222906208002301
0.3843174354765659,0.4271738059892756
0.3803995769435139,0.4359707736779858
0.3490261004093087,0.4496581609041697
0.3352829872738374,0.466275459243781
0.3352829872738374,0.4858226686968196
0.3549028882088867,0.5053771124982864
0.374522789143936,0.524924321951325
0.3588207467419387,0.5435021287149827
0.3549028882088867,0.560119427054594
0.3392008458068894,0.5718463058567315
0.3352829872738374,0.5796666365076326
0.3451082418762568,0.5835804190072973
0.3451082418762568,0.5855336930829155
0.3549028882088867,0.5874869671585337
0.3098169068089997,0.5865103301207246
0.4745200065461294,0.5865103301207246
1.1117535752930732,0.5855336930829155
1.503906727835743,0.5845570560451063
1.503906727835743,0.5826037819694881
0.8509711166868019,0.5777133624320144
0.3999888696087737,0.5718463058567315
0.3803995769435139,0.5650026122436396
0.3941120818091958,0.5562056445549294
0.3803995769435139,0.54643203982841
0.3549028882088867,0.5366584351018908
0.3451082418762568,0.524924321951325
0.3490261004093087,0.5161273542626148
0.3588207467419387,0.5083070236117138
0.3803995769435139,0.5024472013848591
0.3843174354765659,0.4965801448095762
0.3999888696087737,0.4936429993477207
0.4039067281418257,0.4916897252721025
0.419608770543823,0.4916897252721025
0.4254855583434009,0.4897364511964843
0.4451054592784502,0.4868065400830569
0.4706021480130775,0.4838693946212014
0.4941092992113892,0.479962846469965
0.5098113416133866,0.4770257010081094
0.5392258888810657,0.4760490639703003
0.5745172239483228,0.4750724269324912
0.6196032053482099,0.4750724269324912
0.6705965828174644,0.473119152856873
0.7156825642173513,0.4711658787812548
0.7548917578176605,0.4692053703572084
0.7803884465522877,0.466275459243781
0.796090488954285,0.4623689110925446
0.800008347487337,0.4584551285928799
0.7803884465522877,0.4545485804416435
0.7548917578176605,0.4496581609041697
0.7098057764177734,0.444767741366696
0.6509766818824151,0.4398845561776505
0.6000139126829501,0.4349941366401767
0.5451026766806437,0.4291270800648938
0.4843146528787593,0.4252205319136574
0.4451054592784502,0.4232672578380392
0.4156909120107711,0.4222906208002301
0.3843174354765659,0.4213067494139927
0.3646975345415166,0.4213067494139927
0.3549028882088867,0.4213067494139927
0.3549028882088867,0.4213067494139927
0.3549028882088867,0.4203301123761837
0.3705743223410945,0.4203301123761837
0.3705743223410945,0.4193534753383746
0.3705743223410945,0.4193534753383746
0.374522789143936,0.4193534753383746
0.3803995769435139,0.4203301123761837
0.3803995769435139,0.4203301123761837
0.3803995769435139,0.4193534753383746
0.374522789143936,0.4183768383005654
0.3705743223410945,0.4174002012627563
0.3646975345415166,0.4164235642249472
0.3646975345415166,0.4154469271871381
0.3588207467419387,0.4164235642249472
0.3549028882088867,0.4164235642249472
0.3549028882088867,0.4174002012627563
0.3490261004093087,0.4174002012627563
0.3490261004093087,0.4174002012627563
0.3451082418762568,0.4164235642249472
0.3352829872738374,0.4164235642249472
0.3352829872738374,0.4154469271871381
0.3490261004093087,0.4164235642249472
0.3588207467419387,0.4183768383005654
0.3705743223410945,0.4222906208002301
0.374522789143936,0.4291270800648938
0.3646975345415166,0.437924047753604
0.3490261004093087,0.4486815238663607
0.3137347653420516,0.4643221851681628
0.3137347653420516,0.4819161205455832
0.3352829872738374,0.5004866929608127
0.3392008458068894,0.5180806283382331
0.3352829872738374,0.5337212896400352
0.3294061994742595,0.5483853139040282
0.3196115531416296,0.5610960640924031
0.3137347653420516,0.5708696688189224
0.3098169068089997,0.5786899994698235
0.3196115531416296,0.5816199105832508
0.3352829872738374,0.5835804190072973
0.3098169068089997,0.5835804190072973
0.2843202180743724,0.5826037819694881
0.8058851352869149,0.5806432735454417
1.503906727835743,0.5786899994698235
1.503906727835743,0.5757600883563961
1.217658188764634,0.5718463058567315
0.4294034168764529,0.5659792492814486
0.3294061994742595,0.5591427900167849
0.3549028882088867,0.5493619509418374
0.3392008458068894,0.5376350721396999
0.3392008458068894,0.5268848303753715
0.3235294116746816,0.5161273542626148
0.3235294116746816,0.5083070236117138
0.3196115531416296,0.5014633299986218
0.3392008458068894,0.4965801448095762
0.3490261004093087,0.4916897252721025
0.3549028882088867,0.487783177120866
0.3705743223410945,0.4868065400830569
0.3803995769435139,0.4858226686968196
0.3901942232761438,0.4838693946212014
0.4039067281418257,0.4809394835077741
0.4294034168764529,0.4789862094321558
0.4490233178115022,0.4750724269324912
0.4706021480130775,0.4711658787812548
0.5058934830803345,0.4682287333193992
0.5451026766806437,0.4652988222059719
0.5960654458801087,0.4623689110925446
0.6450998940828371,0.4604084026684982
0.6803912291500942,0.4574784915550708
0.7313846066193487,0.4545485804416435
0.7607991538870279,0.451611434979788
0.7803884465522877,0.4486815238663607
0.7862652343518657,0.444767741366696
0.7764705880192357,0.4408611932154596
0.7450971114850305,0.4369474107157949
0.6960932715520916,0.4330408625645585
0.6353052477502072,0.4291270800648938
0.5607741108128516,0.4252205319136574
0.4999860870109672,0.4232672578380392
0.4392286714788723,0.4203301123761837
0.3843174354765659,0.4174002012627563
0.3490261004093087,0.4154469271871381
0.3235294116746816,0.4154469271871381
0.3039095107396323,0.4164235642249472
0.2999916522065803,0.4164235642249472
0.3039095107396323,0.4174002012627563
0.3098169068089997,0.4183768383005654
0.3196115531416296,0.4183768383005654
0.3235294116746816,0.4164235642249472
0.3235294116746816,0.4154469271871381
0.3352829872738374,0.4134864187630917
0.3392008458068894,0.4115331446874735
0.3549028882088867,0.4105565076496644
0.3549028882088867,0.4115331446874735
0.3490261004093087,0.4134864187630917
0.3549028882088867,0.4154469271871381
0.3549028882088867,0.4183768383005654
0.3490261004093087,0.4203301123761837
0.3490261004093087,0.4213067494139927
0.3451082418762568,0.4203301123761837
0.3392008458068894,0.4193534753383746
0.3352829872738374,0.4174002012627563
0.3235294116746816,0.4154469271871381
0.3196115531416296,0.414470290149329
0.3098169068089997,0.4115331446874735
0.3137347653420516,0.4105565076496644
0.3235294116746816,0.4095798706118552
0.3490261004093087,0.4115331446874735
0.3549028882088867,0.4134864187630917
0.3588207467419387,0.4183768383005654
0.3549028882088867,0.4261971689514665
0.3549028882088867,0.4359707736779858
0.3294061994742595,0.4496581609041697
0.3196115531416296,0.4672520962815901
0.3352829872738374,0.4828927575833923
0.3549028882088867,0.4975567818473854
0.3549028882088867,0.5131974431491875
0.3451082418762568,0.5288381044509897
0.3352829872738374,0.5435021287149827
0.3235294116746816,0.5542523704793112
0.3352829872738374,0.5630493381680214
0.3352829872738374,0.5689163947433042
0.3352829872738374,0.5718463058567315
0.3451082418762568,0.5737995799323498
0.2941148644070023,0.5757600883563961
0.5901886580805307,0.5757600883563961
1.503906727835743,0.5757600883563961
1.503906727835743,0.5747834513185871
1.503906727835743,0.5728229428945406
0.6293978516808398,0.5698930317811133
0.3588207467419387,0.5659792492814486
0.374522789143936,0.5591427900167849
0.3646975345415166,0.5493619509418374
0.3451082418762568,0.538611709177509
0.3352829872738374,0.5259009589891341
0.3235294116746816,0.5141740801869966
0.3294061994742595,0.5034238384226682
0.3352829872738374,0.494626870733958
0.3392008458068894,0.487783177120866
0.3549028882088867,0.4838693946212014
0.3705743223410945,0.4809394835077741
0.374522789143936,0.479962846469965
0.374522789143936,0.479962846469965
0.3941120818091958,0.4789862094321558
0.4156909120107711,0.4789862094321558
0.4352802046760309,0.4789862094321558
0.4607768934106581,0.4789862094321558
0.4901914406783372,0.4789862094321558
0.5294006342786464,0.4780023380459186
0.5803940117479008,0.4740957898946821
0.6254799931477878,0.4701892417434457
0.6803912291500942,0.4672520962815901
0.7411792529519786,0.4643221851681628
0.7803884465522877,0.459431765630689
0.8117619230864929,0.4555252174794526
0.8215565694191228,0.4525880720175971
0.8058851352869149,0.4486815238663607
0.7803884465522877,0.4457443784045051
0.7353024651524006,0.4428144672910778
0.6764733706170423,0.4389079191398414
0.60980855901558,0.4359707736779858
0.5392258888810657,0.4340174996023676
0.4745200065461294,0.4320642255267494
0.4294034168764529,0.4281504430270847
0.3843174354765659,0.4252205319136574
0.3588207467419387,0.4232672578380392
0.3352829872738374,0.4203301123761837
0.3294061994742595,0.4183768383005654
0.3235294116746816,0.4164235642249472
0.3294061994742595,0.4164235642249472
0.3392008458068894,0.4174002012627563
0.3490261004093087,0.4183768383005654
0.3549028882088867,0.4183768383005654
0.3549028882088867,0.4183768383005654
0.3705743223410945,0.4183768383005654
0.374522789143936,0.4164235642249472
0.3803995769435139,0.4154469271871381
0.3843174354765659,0.414470290149329
0.3803995769435139,0.4125097817252826
0.3803995769435139,0.4105565076496644
0.3843174354765659,0.4105565076496644
0.3803995769435139,0.4115331446874735
0.374522789143936,0.4134864187630917
0.3705743223410945,0.4154469271871381
0.374522789143936,0.4174002012627563
0.3646975345415166,0.4174002012627563
0.3588207467419387,0.4164235642249472
0.3549028882088867,0.414470290149329
0.3549028882088867,0.4125097817252826
0.3549028882088867,0.4105565076496644
0.3646975345415166,0.4105565076496644
0.3901942232761438,0.4115331446874735
0.4039067281418257,0.414470290149329
0.4039067281418257,0.4193534753383746
0.3999888696087737,0.4271738059892756
0.3843174354765659,0.4398845561776505
0.3588207467419387,0.4555252174794526
0.3549028882088867,0.473119152856873
0.3705743223410945,0.4907130882342934
0.3843174354765659,0.5083070236117138
0.3941120818091958,0.523947684913516
0.3843174354765659,0.5366584351018908
0.3803995769435139,0.54643203982841
0.3705743223410945,0.5552290075171202
0.3705743223410945,0.5620727011302122
0.3803995769435139,0.5659792492814486
0.3803995769435139,0.5679397577054951
0.3843174354765659,0.5689163947433042
0.3196115531416296,0.5689163947433042
0.6607713282150449,0.5679397577054951
1.503906727835743,0.5659792492814486
1.503906727835743,0.5630493381680214
1.503906727835743,0.5581589186305476
0.6254799931477878,0.5513224593658839
0.419608770543823,0.5444787657527919
0.4098141242111931,0.5356817980640817
0.3999888696087737,0.524924321951325
0.3941120818091958,0.5141740801869966
0.3803995769435139,0.5053771124982864
0.3646975345415166,0.4975567818473854
0.3588207467419387,0.4907130882342934
0.3803995769435139,0.4848460316590105
0.3843174354765659,0.4809394835077741
0.3901942232761438,0.4780023380459186
0.4039067281418257,0.4770257010081094
0.4098141242111931,0.4770257010081094
0.419608770543823,0.4770257010081094
0.4352802046760309,0.4750724269324912
0.4607768934106581,0.473119152856873
0.4803967943457073,0.4711658787812548
0.5058934830803345,0.4672520962815901
0.5196059879460164,0.4623689110925446
0.5548973230132735,0.4584551285928799
0.5960654458801087,0.4545485804416435
0.6411820355497851,0.451611434979788
0.6901858754827241,0.4477048868285516
0.7353024651524006,0.4437911043288869
0.7705938002196577,0.4408611932154596
0.7862652343518657,0.4389079191398414
0.796090488954285,0.4359707736779858
0.7803884465522877,0.4330408625645585
0.7548917578176605,0.4301109514511312
0.7215593520169293,0.4271738059892756
0.6607713282150449,0.4242438948758483
0.6000139126829501,0.4213067494139927
0.5392258888810657,0.4193534753383746
0.4843146528787593,0.4183768383005654
0.4392286714788723,0.4164235642249472
0.3999888696087737,0.414470290149329
0.374522789143936,0.4134864187630917
0.3588207467419387,0.4125097817252826
0.3490261004093087,0.414470290149329
0.3451082418762568,0.4164235642249472
0.3451082418762568,0.4174002012627563
0.3549028882088867,0.4183768383005654
0.3549028882088867,0.4183768383005654
0.3588207467419387,0.4193534753383746
0.3646975345415166,0.4183768383005654
0.3705743223410945,0.4174002012627563
0.3803995769435139,0.4174002012627563
0.3803995769435139,0.4164235642249472
0.374522789143936,0.4154469271871381
0.374522789143936,0.4164235642249472
0.3705743223410945,0.4164235642249472
0.3705743223410945,0.4174002012627563
0.374522789143936,0.4183768383005654
0.3705743223410945,0.4183768383005654
0.3646975345415166,0.4164235642249472
0.3549028882088867,0.414470290149329
0.3549028882088867,0.4125097817252826
0.3451082418762568,0.4095798706118552
0.3392008458068894,0.4086032335740461
0.3392008458068894,0.4095798706118552
0.3451082418762568,0.4115331446874735
0.3646975345415166,0.4134864187630917
0.3803995769435139,0.4193534753383746
0.3941120818091958,0.4252205319136574
0.3999888696087737,0.4340174996023676
0.3901942232761438,0.4467282497907424
0.3646975345415166,0.4623689110925446
0.3392008458068894,0.4809394835077741
0.3392008458068894,0.4985334188851945
0.3549028882088867,0.517103991300424
0.3705743223410945,0.5347051610262725
0.3646975345415166,0.5503385879796465
0.3588207467419387,0.5630493381680214
0.3549028882088867,0.5728229428945406
0.3451082418762568,0.5806432735454417
0.3549028882088867,0.5855336930829155
0.3490261004093087,0.5874869671585337
0.3549028882088867,0.5884636041963428
0.3196115531416296,0.5884636041963428
0.2999916522065803,0.5874869671585337
0.8666731590887993,0.5845570560451063
1.503906727835743,0.5816199105832508
1.503906727835743,0.5786899994698235
1.1470449103603302,0.5767367253942053
0.4607768934106581,0.5728229428945406
0.3803995769435139,0.5659792492814486
0.3803995769435139,0.5571822815927384
0.3803995769435139,0.54643203982841
0.3646975345415166,0.5356817980640817
0.3451082418762568,0.5259009589891341
0.3451082418762568,0.517103991300424
0.3392008458068894,0.5083070236117138
0.3646975345415166,0.5014633299986218
0.3803995769435139,0.4956035077717671
0.3843174354765659,0.4926663623099116
0.3901942232761438,0.4907130882342934
0.3999888696087737,0.4897364511964843
0.4039067281418257,0.487783177120866
0.419608770543823,0.4858226686968196
0.4451054592784502,0.4838693946212014
0.46469475194371,0.4819161205455832
0.4843146528787593,0.4809394835077741
0.5156881294129645,0.4789862094321558
0.5509794644802216,0.4770257010081094
0.5960654458801087,0.4750724269324912
0.6411820355497851,0.473119152856873
0.6901858754827241,0.4701892417434457
0.7254772105499813,0.4672520962815901
0.7548917578176605,0.4643221851681628
0.7764705880192357,0.4604084026684982
0.7803884465522877,0.4574784915550708
0.7666759416866058,0.4535647090554062
0.7353024651524006,0.4496581609041697
0.6960932715520916,0.4467282497907424
0.6411820355497851,0.4437911043288869
0.5803940117479008,0.4408611932154596
0.5156881294129645,0.437924047753604
0.4549001056110801,0.4340174996023676
0.4039067281418257,0.4301109514511312
0.3803995769435139,0.4261971689514665
0.3549028882088867,0.4232672578380392
0.3392008458068894,0.4213067494139927
0.3352829872738374,0.4193534753383746
0.3352829872738374,0.4183768383005654
0.3352829872738374,0.4193534753383746
0.3392008458068894,0.4183768383005654
0.3451082418762568,0.4183768383005654
0.3451082418762568,0.4183768383005654
0.3490261004093087,0.4193534753383746
0.3549028882088867,0.4193534753383746
0.3646975345415166,0.4193534753383746
0.374522789143936,0.4183768383005654
0.374522789143936,0.4183768383005654
0.3705743223410945,0.4183768383005654
0.3646975345415166,0.4183768383005654
0.3588207467419387,0.4183768383005654
0.3705743223410945,0.4174002012627563
0.3705743223410945,0.4174002012627563
0.3549028882088867,0.4164235642249472
0.3549028882088867,0.4164235642249472
0.3490261004093087,0.4164235642249472
0.3451082418762568,0.4154469271871381
0.3392008458068894,0.414470290149329
0.3352829872738374,0.414470290149329
0.3549028882088867,0.4164235642249472
0.3803995769435139,0.4174002012627563
0.3941120818091958,0.4193534753383746
0.3941120818091958,0.4222906208002301
0.3803995769435139,0.4301109514511312
0.374522789143936,0.4408611932154596
0.3451082418762568,0.4535647090554062
0.3392008458068894,0.4672520962815901
0.3549028882088867,0.4838693946212014
0.3646975345415166,0.5014633299986218
0.3705743223410945,0.5190644997244704
0.3549028882088867,0.5356817980640817
0.3490261004093087,0.5503385879796465
0.3392008458068894,0.5620727011302122
0.3392008458068894,0.5708696688189224
0.3451082418762568,0.5767367253942053
0.3549028882088867,0.5796666365076326
0.3490261004093087,0.5816199105832508
0.3137347653420516,0.5826037819694881
0.654894540415467,0.5816199105832508
1.503906727835743,0.5806432735454417
1.503906727835743,0.5786899994698235
1.4921531522365872,0.5747834513185871
0.5745172239483228,0.5689163947433042
0.3843174354765659,0.5620727011302122
0.3941120818091958,0.5552290075171202
0.3941120818091958,0.54643203982841
0.374522789143936,0.5366584351018908
0.3588207467419387,0.5259009589891341
0.3549028882088867,0.5161273542626148
0.3549028882088867,0.5073303865739046
0.3705743223410945,0.5004866929608127
0.3843174354765659,0.4956035077717671
0.3941120818091958,0.4907130882342934
0.4039067281418257,0.4858226686968196
0.4156909120107711,0.4828927575833923
0.4254855583434009,0.4819161205455832
0.4451054592784502,0.4789862094321558
0.4706021480130775,0.4770257010081094
0.4843146528787593,0.4760490639703003
0.5098113416133866,0.4750724269324912
0.5392258888810657,0.4740957898946821
0.5705993654152709,0.4721425158190639
0.60980855901558,0.4692053703572084
0.6607713282150449,0.4672520962815901
0.7058879178847215,0.4643221851681628
0.7509738992846084,0.4604084026684982
0.7764705880192357,0.4555252174794526
0.7803884465522877,0.4506347979419788
0.7901830928849176,0.4467282497907424
0.7862652343518657,0.4437911043288869
0.7666759416866058,0.4408611932154596
0.7313846066193487,0.4389079191398414
0.6803912291500942,0.4359707736779858
0.615685346815158,0.4340174996023676
0.5509794644802216,0.4310875884889403
0.4941092992113892,0.4281504430270847
0.4451054592784502,0.4252205319136574
0.4039067281418257,0.4213067494139927
0.3646975345415166,0.4183768383005654
0.3490261004093087,0.4164235642249472
0.3352829872738374,0.4154469271871381
0.3352829872738374,0.414470290149329
0.3352829872738374,0.4154469271871381
0.3392008458068894,0.4164235642249472
0.3392008458068894,0.4183768383005654
0.3549028882088867,0.4183768383005654
0.3549028882088867,0.4183768383005654
0.3646975345415166,0.4174002012627563
0.374522789143936,0.4174002012627563
0.3705743223410945,0.4174002012627563
0.3705743223410945,0.4183768383005654
0.3646975345415166,0.4183768383005654
0.3646975345415166,0.4183768383005654
0.3705743223410945,0.4183768383005654
0.3588207467419387,0.4193534753383746
0.3549028882088867,0.4193534753383746
0.3490261004093087,0.4183768383005654
0.3451082418762568,0.4174002012627563
0.3392008458068894,0.414470290149329
0.3392008458068894,0.4125097817252826
0.3352829872738374,0.4115331446874735
0.3294061994742595,0.4105565076496644
0.3352829872738374,0.4105565076496644
0.3549028882088867,0.4115331446874735
0.3646975345415166,0.414470290149329
0.3646975345415166,0.4183768383005654
0.3646975345415166,0.4252205319136574
0.3490261004093087,0.4349941366401767
0.3137347653420516,0.4467282497907424
0.3098169068089997,0.4623689110925446
0.3137347653420516,0.479962846469965
0.3352829872738374,0.4975567818473854
0.3392008458068894,0.5141740801869966
0.3352829872738374,0.5278614674131806
0.3352829872738374,0.538611709177509
0.3235294116746816,0.5493619509418374
0.3196115531416296,0.5581589186305476
0.3235294116746816,0.5650026122436396
0.3196115531416296,0.5689163947433042
0.3294061994742595,0.5728229428945406
0.2999916522065803,0.5757600883563961
0.5960654458801087,0.5757600883563961
1.4784406473709053,0.5747834513185871
1.503906727835743,0.5728229428945406
1.503906727835743,0.5708696688189224
0.60980855901558,0.5679397577054951
0.3352829872738374,0.5630493381680214
0.3549028882088867,0.5562056445549294
0.3588207467419387,0.5483853139040282
0.3490261004093087,0.5376350721396999
0.3392008458068894,0.524924321951325
0.3352829872738374,0.5141740801869966
0.3352829872738374,0.5063537495360956
0.3392008458068894,0.4995100559230035
0.3549028882088867,0.4936429993477207
0.3549028882088867,0.4887598141586752
0.3646975345415166,0.4838693946212014
0.3843174354765659,0.4819161205455832
0.3941120818091958,0.4809394835077741
0.4039067281418257,0.4809394835077741
0.4254855583434009,0.479962846469965
0.4392286714788723,0.479962846469965
0.4706021480130775,0.479962846469965
0.4999860870109672,0.4789862094321558
0.5294006342786464,0.4770257010081094
0.5745172239483228,0.473119152856873
0.6254799931477878,0.4682287333193992
0.6705965828174644,0.4633455481303537
0.7156825642173513,0.4584551285928799
0.7666759416866058,0.4535647090554062
0.7862652343518657,0.4486815238663607
0.796090488954285,0.444767741366696
0.7803884465522877,0.4398845561776505
0.7705938002196577,0.4359707736779858
0.7313846066193487,0.4340174996023676
0.6705965828174644,0.4330408625645585
0.6000139126829501,0.4301109514511312
0.5294006342786464,0.4281504430270847
0.46469475194371,0.4252205319136574
0.4039067281418257,0.4222906208002301
0.3646975345415166,0.4203301123761837
0.3392008458068894,0.4174002012627563
0.3196115531416296,0.4164235642249472
0.3098169068089997,0.4154469271871381
0.3098169068089997,0.4154469271871381
0.3098169068089997,0.4164235642249472
0.3196115531416296,0.4183768383005654
0.3137347653420516,0.4183768383005654
0.3235294116746816,0.4183768383005654
0.3352829872738374,0.4183768383005654
0.3352829872738374,0.4193534753383746
0.3451082418762568,0.4193534753383746
0.3549028882088867,0.4193534753383746
0.3549028882088867,0.4193534753383746
0.3588207467419387,0.4193534753383746
0.3646975345415166,0.4193534753383746
0.3549028882088867,0.4183768383005654
0.3451082418762568,0.4174002012627563
0.3392008458068894,0.4164235642249472
0.3392008458068894,0.4154469271871381
0.3352829872738374,0.414470290149329
0.3392008458068894,0.4154469271871381
0.3352829872738374,0.4154469271871381
0.3294061994742595,0.414470290149329
0.3352829872738374,0.4134864187630917
0.3451082418762568,0.4125097817252826
0.3588207467419387,0.4125097817252826
0.374522789143936,0.414470290149329
0.3705743223410945,0.4164235642249472
0.3588207467419387,0.4193534753383746
0.3490261004093087,0.4252205319136574
0.3235294116746816,0.4359707736779858
0.3137347653420516,0.451611434979788
0.3352829872738374,0.4692053703572084
0.3352829872738374,0.4887598141586752
0.3352829872738374,0.5063537495360956
0.3352829872738374,0.5229710478757068
0.3294061994742595,0.5376350721396999
0.3137347653420516,0.5493619509418374
0.3137347653420516,0.5591427900167849
0.3196115531416296,0.5659792492814486
0.3294061994742595,0.5698930317811133
0.3196115531416296,0.5728229428945406
0.274494963471953,0.5757600883563961
0.5745172239483228,0.5777133624320144
1.503906727835743,0.5767367253942053
1.503906727835743,0.5757600883563961
1.503906727835743,0.5728229428945406
0.605890700482528,0.5698930317811133
0.3352829872738374,0.5640259752058304
0.3451082418762568,0.5571822815927384
0.3549028882088867,0.5483853139040282
0.3588207467419387,0.539588346215318
0.3549028882088867,0.5307913785266078
0.3490261004093087,0.5229710478757068
0.3392008458068894,0.5141740801869966
0.3451082418762568,0.5063537495360956
0.3549028882088867,0.4995100559230035
0.3803995769435139,0.4936429993477207
0.3901942232761438,0.4887598141586752
0.4039067281418257,0.4858226686968196
0.4098141242111931,0.4838693946212014
0.4254855583434009,0.4838693946212014
0.4451054592784502,0.4828927575833923
0.4706021480130775,0.4828927575833923
0.4941092992113892,0.4828927575833923
0.5196059879460164,0.4809394835077741
0.5548973230132735,0.4789862094321558
0.5960654458801087,0.4770257010081094
0.6450998940828371,0.4740957898946821
0.6960932715520916,0.4721425158190639
0.7450971114850305,0.4692053703572084
0.796090488954285,0.466275459243781
0.8156797816195448,0.4633455481303537
0.8215565694191228,0.459431765630689
0.8255050362219641,0.4555252174794526
0.796090488954285,0.4506347979419788
0.7509738992846084,0.4457443784045051
0.6901858754827241,0.4418378302532686
0.6293978516808398,0.437924047753604
0.5548973230132735,0.4340174996023676
0.4901914406783372,0.4310875884889403
0.4352802046760309,0.4271738059892756
0.3999888696087737,0.4232672578380392
0.3705743223410945,0.4213067494139927
0.3451082418762568,0.4193534753383746
0.3352829872738374,0.4174002012627563
0.3352829872738374,0.4164235642249472
0.3352829872738374,0.4174002012627563
0.3352829872738374,0.4183768383005654
0.3392008458068894,0.4183768383005654
0.3549028882088867,0.4193534753383746
0.3588207467419387,0.4193534753383746
0.3705743223410945,0.4193534753383746
0.374522789143936,0.4183768383005654
0.3705743223410945,0.4183768383005654
0.374522789143936,0.4193534753383746
0.3803995769435139,0.4193534753383746
0.374522789143936,0.4193534753383746
0.374522789143936,0.4193534753383746
0.3803995769435139,0.4193534753383746
0.3705743223410945,0.4183768383005654
0.3705743223410945,0.4174002012627563
0.3646975345415166,0.4164235642249472
0.3549028882088867,0.414470290149329
0.3549028882088867,0.4125097817252826
0.3549028882088867,0.4095798706118552
0.3451082418762568,0.407626596536237
0.3490261004093087,0.4046894510743815
0.3646975345415166,0.4027361769987633
0.3901942232761438,0.4027361769987633
0.3999888696087737,0.4046894510743815
0.3941120818091958,0.4105565076496644
0.3901942232761438,0.4203301123761837
0.3588207467419387,0.4340174996023676
0.3451082418762568,0.4486815238663607
0.3549028882088867,0.4643221851681628
0.3588207467419387,0.4819161205455832
0.3803995769435139,0.4995100559230035
0.374522789143936,0.5151507172248058
0.374522789143936,0.5298147414887988
0.3490261004093087,0.5415416202909363
0.3451082418762568,0.5503385879796465
0.3490261004093087,0.5571822815927384
0.3549028882088867,0.5610960640924031
0.3588207467419387,0.566963120667686
0.2999916522065803,0.5737995799323498
0.4254855583434009,0.5777133624320144
1.0509655514911889,0.5777133624320144
1.503906727835743,0.5767367253942053
1.503906727835743,0.5747834513185871
0.9823418106232006,0.5718463058567315
0.4549001056110801,0.566963120667686
0.4098141242111931,0.560119427054594
0.3999888696087737,0.553275733441502
0.3901942232761438,0.545455402790601
0.3803995769435139,0.5356817980640817
0.3549028882088867,0.524924321951325
0.3549028882088867,0.5161273542626148
0.3588207467419387,0.5083070236117138
0.3803995769435139,0.5024472013848591
0.3843174354765659,0.4975567818473854
0.3901942232761438,0.4936429993477207
0.4039067281418257,0.4916897252721025
0.4156909120107711,0.4907130882342934
0.419608770543823,0.4907130882342934
0.4451054592784502,0.4887598141586752
0.46469475194371,0.4868065400830569
0.4803967943457073,0.4848460316590105
0.4999860870109672,0.4828927575833923
0.5196059879460164,0.479962846469965
0.5607741108128516,0.4760490639703003
0.605890700482528,0.473119152856873
0.654894540415467,0.4701892417434457
0.7000111300851435,0.4692053703572084
0.7353024651524006,0.466275459243781
0.7666759416866058,0.4643221851681628
0.7803884465522877,0.4613850397063073
0.7803884465522877,0.4584551285928799
0.7607991538870279,0.4555252174794526
0.7313846066193487,0.4535647090554062
0.6803912291500942,0.4506347979419788
0.6293978516808398,0.4477048868285516
0.5745172239483228,0.444767741366696
0.5098113416133866,0.4418378302532686
0.4607768934106581,0.437924047753604
0.419608770543823,0.4340174996023676
0.3803995769435139,0.4301109514511312
0.3588207467419387,0.4271738059892756
0.3451082418762568,0.4252205319136574
0.3392008458068894,0.4252205319136574
0.3392008458068894,0.4252205319136574
0.3490261004093087,0.4252205319136574
0.3490261004093087,0.4252205319136574
0.3549028882088867,0.4252205319136574
0.3549028882088867,0.4252205319136574
0.3588207467419387,0.4252205319136574
0.3588207467419387,0.4252205319136574
0.3588207467419387,0.4242438948758483
0.374522789143936,0.4242438948758483
0.3705743223410945,0.4232672578380392
0.374522789143936,0.4232672578380392
0.374522789143936,0.4242438948758483
0.3803995769435139,0.4242438948758483
0.3705743223410945,0.4252205319136574
0.3646975345415166,0.4252205319136574
0.3549028882088867,0.4242438948758483
0.3549028882088867,0.4232672578380392
0.3490261004093087,0.4222906208002301
0.3392008458068894,0.4203301123761837
0.3392008458068894,0.4203301123761837
0.3490261004093087,0.4222906208002301
0.3646975345415166,0.4232672578380392
0.3803995769435139,0.4252205319136574
0.3941120818091958,0.4271738059892756
0.3901942232761438,0.4330408625645585
0.3803995769435139,0.4428144672910778
0.3549028882088867,0.4565018545172618
0.3451082418762568,0.473119152856873
0.3451082418762568,0.4926663623099116
0.3549028882088867,0.5122208061113784
0.374522789143936,0.531768015564417
0.3588207467419387,0.5483853139040282
0.3549028882088867,0.5620727011302122
0.3490261004093087,0.5747834513185871
0.3490261004093087,0.5855336930829155
0.3490261004093087,0.5923773866960075
0.3549028882088867,0.5953072978094348
0.3549028882088867,0.597260571885053
0.3039095107396323,0.598237208922862
0.2999916522065803,0.598237208922862
0.9666703764909929,0.5962839348472438
1.503906727835743,0.5943306607716257
1.503906727835743,0.5914007496581983
1.0058795700913017,0.5894402412341518
0.4352802046760309,0.5865103301207246
0.3901942232761438,0.5826037819694881
0.3941120818091958,0.5767367253942053
0.3803995769435139,0.5689163947433042
0.3588207467419387,0.5610960640924031
0.3451082418762568,0.5503385879796465
0.3352829872738374,0.5405649832531272
0.3451082418762568,0.5298147414887988
0.3705743223410945,0.5210177738000886
0.3803995769435139,0.5141740801869966
0.3941120818091958,0.5083070236117138
0.4039067281418257,0.5044004754604773
0.4156909120107711,0.5024472013848591
0.4156909120107711,0.5014633299986218
0.4352802046760309,0.5004866929608127
0.4607768934106581,0.4975567818473854
0.4803967943457073,0.4956035077717671
0.4999860870109672,0.4926663623099116
0.5196059879460164,0.4916897252721025
0.5548973230132735,0.4907130882342934
0.605890700482528,0.4897364511964843
0.654894540415467,0.487783177120866
0.7000111300851435,0.4848460316590105
0.7313846066193487,0.4809394835077741
0.7548917578176605,0.4770257010081094
0.7764705880192357,0.473119152856873
0.7764705880192357,0.4701892417434457
0.7666759416866058,0.4672520962815901
0.7411792529519786,0.4652988222059719
0.6901858754827241,0.4643221851681628
0.6353052477502072,0.4633455481303537
0.5803940117479008,0.4633455481303537
0.5196059879460164,0.4613850397063073
0.4706021480130775,0.4584551285928799
0.4254855583434009,0.4555252174794526
0.3941120818091958,0.4506347979419788
0.3705743223410945,0.4457443784045051
0.3549028882088867,0.4418378302532686
0.3549028882088867,0.437924047753604
0.3549028882088867,0.4340174996023676
0.3588207467419387,0.4301109514511312
0.3803995769435139,0.4271738059892756
0.3803995769435139,0.4261971689514665
0.3941120818091958,0.4252205319136574
0.3941120818091958,0.4242438948758483
0.3941120818091958,0.4242438948758483
0.3999888696087737,0.4242438948758483
0.4039067281418257,0.4232672578380392
0.4039067281418257,0.4222906208002301
0.4039067281418257,0.4232672578380392
0.4039067281418257,0.4242438948758483
0.3999888696087737,0.4242438948758483
0.3901942232761438,0.4232672578380392
0.3803995769435139,0.4242438948758483
0.3803995769435139,0.4242438948758483
0.3803995769435139,0.4232672578380392
0.374522789143936,0.4222906208002301
0.3588207467419387,0.4203301123761837
0.3549028882088867,0.4203301123761837
0.3549028882088867,0.4222906208002301
0.3803995769435139,0.4232672578380392
0.3941120818091958,0.4242438948758483
0.3999888696087737,0.4242438948758483
0.3901942232761438,0.4261971689514665
0.3803995769435139,0.4310875884889403
0.3549028882088867,0.4398845561776505
0.3451082418762568,0.4525880720175971
0.3392008458068894,0.4682287333193992
0.3549028882088867,0.4868065400830569
0.3705743223410945,0.5053771124982864
0.3646975345415166,0.5229710478757068
0.3588207467419387,0.538611709177509
0.3392008458068894,0.5522990964036929
0.3451082418762568,0.5640259752058304
0.3392008458068894,0.5737995799323498
0.3490261004093087,0.5796666365076326
0.3549028882088867,0.5826037819694881
0.3137347653420516,0.5865103301207246
0.4294034168764529,0.5874869671585337
1.037253046625507,0.5874869671585337
1.503906727835743,0.5855336930829155
1.503906727835743,0.5835804190072973
0.9156769990217384,0.5806432735454417
0.374522789143936,0.5757600883563961
0.3352829872738374,0.5689163947433042
0.3646975345415166,0.5610960640924031
0.3588207467419387,0.5522990964036929
0.3490261004093087,0.5425254916771737
0.3352829872738374,0.5327446526022261
0.3352829872738374,0.5229710478757068
0.3451082418762568,0.5141740801869966
0.3549028882088867,0.5073303865739046
0.3549028882088867,0.5014633299986218
0.3705743223410945,0.4975567818473854
0.3803995769435139,0.494626870733958
0.3999888696087737,0.4916897252721025
0.3999888696087737,0.4897364511964843
0.4098141242111931,0.4887598141586752
0.4294034168764529,0.4868065400830569
0.4549001056110801,0.4838693946212014
0.4803967943457073,0.4828927575833923
0.5156881294129645,0.4828927575833923
0.5509794644802216,0.4809394835077741
0.5960654458801087,0.4789862094321558
0.6411820355497851,0.4760490639703003
0.6901858754827241,0.4721425158190639
0.7254772105499813,0.4682287333193992
0.7509738992846084,0.4643221851681628
0.7666759416866058,0.4613850397063073
0.7803884465522877,0.4574784915550708
0.7666759416866058,0.4555252174794526
0.7313846066193487,0.4535647090554062
0.6803912291500942,0.4506347979419788
0.6196032053482099,0.4467282497907424
0.5509794644802216,0.4428144672910778
0.4803967943457073,0.437924047753604
0.419608770543823,0.4330408625645585
0.374522789143936,0.4281504430270847
0.3451082418762568,0.4252205319136574
0.3196115531416296,0.4232672578380392
0.3098169068089997,0.4213067494139927
0.2941148644070023,0.4203301123761837
0.2999916522065803,0.4203301123761837
0.2999916522065803,0.4193534753383746
0.3098169068089997,0.4203301123761837
0.3196115531416296,0.4222906208002301
0.3235294116746816,0.4232672578380392
0.3352829872738374,0.4232672578380392
0.3352829872738374,0.4232672578380392
0.3490261004093087,0.4232672578380392
0.3451082418762568,0.4222906208002301
0.3392008458068894,0.4213067494139927
0.3451082418762568,0.4213067494139927
0.3392008458068894,0.4213067494139927
0.3352829872738374,0.4222906208002301
0.3392008458068894,0.4232672578380392
0.3294061994742595,0.4232672578380392
0.3196115531416296,0.4232672578380392
0.3196115531416296,0.4232672578380392
0.3137347653420516,0.4222906208002301
0.3098169068089997,0.4203301123761837
0.3039095107396323,0.4174002012627563
0.3137347653420516,0.4154469271871381
0.3392008458068894,0.4134864187630917
0.3490261004093087,0.4134864187630917
0.3549028882088867,0.4154469271871381
0.3549028882088867,0.4183768383005654
0.3451082418762568,0.4252205319136574
0.3137347653420516,0.4359707736779858
0.3098169068089997,0.4477048868285516
0.3235294116746816,0.4604084026684982
0.3352829872738374,0.4780023380459186
0.3392008458068894,0.4965801448095762
0.3352829872738374,0.5151507172248058
0.3352829872738374,0.531768015564417
0.3235294116746816,0.54643203982841
0.3196115531416296,0.5581589186305476
0.3137347653420516,0.5679397577054951
0.3294061994742595,0.5747834513185871
0.3294061994742595,0.5786899994698235
0.2843202180743724,0.5826037819694881
0.5294006342786464,0.5845570560451063
1.3882380763013418,0.5845570560451063
1.503906727835743,0.5826037819694881
1.503906727835743,0.5806432735454417
0.7254772105499813,0.5777133624320144
0.3705743223410945,0.5737995799323498
0.3803995769435139,0.5659792492814486
0.374522789143936,0.5591427900167849
0.3549028882088867,0.5513224593658839
0.3451082418762568,0.5415416202909363
0.3352829872738374,0.5307913785266078
0.3352829872738374,0.5210177738000886
0.3352829872738374,0.5122208061113784
0.3490261004093087,0.5053771124982864
0.3588207467419387,0.5004866929608127
0.3705743223410945,0.4965801448095762
0.374522789143936,0.4936429993477207
0.3803995769435139,0.4907130882342934
0.3901942232761438,0.4887598141586752
0.4156909120107711,0.4887598141586752
0.4254855583434009,0.487783177120866
0.4451054592784502,0.487783177120866
0.4745200065461294,0.4858226686968196
0.5098113416133866,0.4838693946212014
0.5607741108128516,0.4819161205455832
0.615685346815158,0.479962846469965
0.6647197950178864,0.4780023380459186
0.7215593520169293,0.4750724269324912
0.7666759416866058,0.4721425158190639
0.7901830928849176,0.4682287333193992
0.800008347487337,0.4652988222059719
0.800008347487337,0.4613850397063073
0.7764705880192357,0.4574784915550708
0.7353024651524006,0.4535647090554062
0.6803912291500942,0.4506347979419788
0.615685346815158,0.4457443784045051
0.5509794644802216,0.4418378302532686
0.4843146528787593,0.4389079191398414
0.4294034168764529,0.4359707736779858
0.3803995769435139,0.4340174996023676
0.3549028882088867,0.4320642255267494
0.3451082418762568,0.4301109514511312
0.3352829872738374,0.4281504430270847
0.3235294116746816,0.4261971689514665
0.3235294116746816,0.4242438948758483
0.3352829872738374,0.4232672578380392
0.3451082418762568,0.4222906208002301
0.3490261004093087,0.4203301123761837
0.3490261004093087,0.4203301123761837
0.3549028882088867,0.4193534753383746
0.3646975345415166,0.4183768383005654
0.3705743223410945,0.4174002012627563
0.374522789143936,0.4164235642249472
0.374522789143936,0.4164235642249472
0.374522789143936,0.4154469271871381
0.374522789143936,0.4154469271871381
0.3803995769435139,0.4154469271871381
0.3705743223410945,0.414470290149329
0.3646975345415166,0.4134864187630917
0.3549028882088867,0.4115331446874735
0.3549028882088867,0.4095798706118552
0.3490261004093087,0.407626596536237
0.3451082418762568,0.4056660881121906
0.3392008458068894,0.4046894510743815
0.3490261004093087,0.4037128140365724
0.3705743223410945,0.4046894510743815
0.3901942232761438,0.4056660881121906
0.3999888696087737,0.4095798706118552
0.3901942232761438,0.4154469271871381
0.3843174354765659,0.4222906208002301
0.3588207467419387,0.4330408625645585
0.3490261004093087,0.444767741366696
0.3549028882088867,0.4604084026684982
0.3646975345415166,0.4789862094321558
0.374522789143936,0.4975567818473854
0.3705743223410945,0.5161273542626148
0.3588207467419387,0.5327446526022261
0.3451082418762568,0.54643203982841
0.3451082418762568,0.5581589186305476
0.3549028882088867,0.5679397577054951
0.3588207467419387,0.5747834513185871
0.3588207467419387,0.5777133624320144
0.2999916522065803,0.5777133624320144
0.4549001056110801,0.5767367253942053
1.1509933771631715,0.5747834513185871
1.503906727835743,0.5728229428945406
1.503906727835743,0.5698930317811133
0.8902109185569005,0.5659792492814486
0.4392286714788723,0.5610960640924031
0.4098141242111931,0.5552290075171202
0.3941120818091958,0.5474086768662192
0.3803995769435139,0.538611709177509
0.3646975345415166,0.5268848303753715
0.3549028882088867,0.5151507172248058
0.3490261004093087,0.5044004754604773
0.3549028882088867,0.4965801448095762
0.374522789143936,0.4887598141586752
0.3843174354765659,0.4828927575833923
0.3803995769435139,0.4780023380459186
0.3999888696087737,0.4740957898946821
0.4039067281418257,0.473119152856873
0.4156909120107711,0.4721425158190639
0.4294034168764529,0.4711658787812548
0.4549001056110801,0.4711658787812548
0.4745200065461294,0.4701892417434457
0.4999860870109672,0.4692053703572084
0.5196059879460164,0.466275459243781
0.5509794644802216,0.4643221851681628
0.5960654458801087,0.4613850397063073
0.6509766818824151,0.4584551285928799
0.6901858754827241,0.4565018545172618
0.7313846066193487,0.4555252174794526
0.7548917578176605,0.4555252174794526
0.7705938002196577,0.4545485804416435
0.7764705880192357,0.4525880720175971
0.7548917578176605,0.4506347979419788
0.7254772105499813,0.4467282497907424
0.6862680169496722,0.4428144672910778
0.6254799931477878,0.437924047753604
0.5705993654152709,0.4330408625645585
0.5098113416133866,0.4271738059892756
0.4549001056110801,0.4232672578380392
0.4156909120107711,0.4213067494139927
0.3803995769435139,0.4193534753383746
0.3588207467419387,0.4183768383005654
0.3451082418762568,0.4183768383005654
0.3352829872738374,0.4183768383005654
0.3451082418762568,0.4193534753383746
0.3451082418762568,0.4193534753383746
0.3490261004093087,0.4193534753383746
0.3549028882088867,0.4193534753383746
0.3549028882088867,0.4183768383005654
0.3588207467419387,0.4183768383005654
0.3588207467419387,0.4183768383005654
0.3588207467419387,0.4164235642249472
0.3588207467419387,0.4154469271871381
0.3705743223410945,0.414470290149329
0.3588207467419387,0.4154469271871381
0.3646975345415166,0.4164235642249472
0.3588207467419387,0.4183768383005654
0.3588207467419387,0.4183768383005654
0.3549028882088867,0.4193534753383746
0.3549028882088867,0.4193534753383746
0.3549028882088867,0.4193534753383746
0.3451082418762568,0.4183768383005654
0.3392008458068894,0.4183768383005654
0.3451082418762568,0.4183768383005654
0.3352829872738374,0.4183768383005654
0.3549028882088867,0.4193534753383746
0.374522789143936,0.4193534753383746
0.3843174354765659,0.4203301123761837
0.3901942232761438,0.4242438948758483
0.3803995769435139,0.4310875884889403
0.3588207467419387,0.4418378302532686
0.3392008458068894,0.4565018545172618
0.3451082418762568,0.4740957898946821
0.3588207467419387,0.4956035077717671
0.3803995769435139,0.5161273542626148
0.3705743223410945,0.5366584351018908
0.3646975345415166,0.5552290075171202
0.3549028882088867,0.5698930317811133
0.3451082418762568,0.5806432735454417
0.3490261004093087,0.5865103301207246
0.3549028882088867,0.5894402412341518
0.3646975345415166,0.590416878271961
0.3235294116746816,0.5894402412341518
0.3098169068089997,0.5894402412341518
0.8705910176218512,0.5874869671585337
1.503906727835743,0.5855336930829155
1.503906727835743,0.5835804190072973
1.1215788298954923,0.5806432735454417
0.4549001056110801,0.5777133624320144
0.3901942232761438,0.5728229428945406
0.3941120818091958,0.5659792492814486
0.3843174354765659,0.5591427900167849
0.3705743223410945,0.5513224593658839
0.3490261004093087,0.5425254916771737
0.3392008458068894,0.5337212896400352
0.3352829872738374,0.524924321951325
0.3588207467419387,0.5161273542626148
0.3803995769435139,0.5083070236117138
0.3941120818091958,0.5024472013848591
0.4039067281418257,0.4965801448095762
0.4098141242111931,0.4936429993477207
0.419608770543823,0.4916897252721025
0.4294034168764529,0.4907130882342934
0.4549001056110801,0.4907130882342934
0.4803967943457073,0.4907130882342934
0.4999860870109672,0.4907130882342934
0.5254827757455944,0.4907130882342934
0.5607741108128516,0.4887598141586752
0.6000139126829501,0.4858226686968196
0.6450998940828371,0.4819161205455832
0.6862680169496722,0.4789862094321558
0.7254772105499813,0.4760490639703003
0.7666759416866058,0.473119152856873
0.7862652343518657,0.4692053703572084
0.7901830928849176,0.4652988222059719
0.7803884465522877,0.4613850397063073
0.7509738992846084,0.4574784915550708
0.7098057764177734,0.4535647090554062
0.6509766818824151,0.4506347979419788
0.5960654458801087,0.4477048868285516
0.5392258888810657,0.444767741366696
0.4803967943457073,0.4418378302532686
0.4352802046760309,0.4389079191398414
0.4039067281418257,0.4359707736779858
0.374522789143936,0.4340174996023676
0.3549028882088867,0.4320642255267494
0.3490261004093087,0.4301109514511312
0.3490261004093087,0.4271738059892756
0.3490261004093087,0.4252205319136574
0.3549028882088867,0.4222906208002301
0.3549028882088867,0.4213067494139927
0.3549028882088867,0.4203301123761837
0.3549028882088867,0.4193534753383746
0.3646975345415166,0.4183768383005654
0.3705743223410945,0.4193534753383746
0.374522789143936,0.4193534753383746
0.374522789143936,0.4193534753383746
0.374522789143936,0.4193534753383746
0.3705743223410945,0.4193534753383746
0.3646975345415166,0.4193534753383746
0.3549028882088867,0.4193534753383746
0.3549028882088867,0.4183768383005654
0.3549028882088867,0.4174002012627563
0.3490261004093087,0.4174002012627563
0.3490261004093087,0.4164235642249472
0.3392008458068894,0.414470290149329
0.3392008458068894,0.4134864187630917
0.3451082418762568,0.4134864187630917
0.3588207467419387,0.4125097817252826
0.3803995769435139,0.414470290149329
0.3901942232761438,0.4164235642249472
0.3843174354765659,0.4193534753383746
0.3803995769435139,0.4252205319136574
0.3490261004093087,0.4340174996023676
0.3451082418762568,0.4477048868285516
0.3588207467419387,0.4623689110925446
0.3803995769435139,0.4780023380459186
0.3941120818091958,0.4956035077717671
0.3941120818091958,0.5141740801869966
0.3941120818091958,0.5307913785266078
0.3803995769435139,0.54643203982841
0.3705743223410945,0.560119427054594
0.374522789143936,0.5708696688189224
0.3803995769435139,0.5786899994698235
0.3843174354765659,0.5835804190072973
0.3294061994742595,0.5855336930829155
0.4901914406783372,0.5874869671585337
1.1627469527623275,0.5865103301207246
1.503906727835743,0.5855336930829155
1.503906727835743,0.5835804190072973
0.8568479044863799,0.5796666365076326
0.3941120818091958,0.5747834513185871
0.3705743223410945,0.5679397577054951
0.3843174354765659,0.5610960640924031
0.3705743223410945,0.553275733441502
0.3588207467419387,0.545455402790601
0.3451082418762568,0.5376350721396999
0.3451082418762568,0.5288381044509897
0.3549028882088867,0.5200411367622795
0.3588207467419387,0.5122208061113784
0.3803995769435139,0.5063537495360956
0.374522789143936,0.5014633299986218
0.3843174354765659,0.4965801448095762
0.3999888696087737,0.4926663623099116
0.4039067281418257,0.4907130882342934
0.419608770543823,0.4887598141586752
0.4451054592784502,0.4868065400830569
0.4706021480130775,0.4848460316590105
0.4941092992113892,0.4848460316590105
0.5196059879460164,0.4838693946212014
0.5509794644802216,0.4828927575833923
0.5960654458801087,0.479962846469965
0.6450998940828371,0.4789862094321558
0.6901858754827241,0.4780023380459186
0.7254772105499813,0.4750724269324912
0.7509738992846084,0.4711658787812548
0.7666759416866058,0.4672520962815901
0.7764705880192357,0.4623689110925446
0.7666759416866058,0.4584551285928799
0.7353024651524006,0.4535647090554062
0.6862680169496722,0.4486815238663607
0.6196032053482099,0.4457443784045051
0.5607741108128516,0.4418378302532686
0.4901914406783372,0.4389079191398414
0.4392286714788723,0.4359707736779858
0.3941120818091958,0.4330408625645585
0.3588207467419387,0.4301109514511312
0.3352829872738374,0.4271738059892756
0.3196115531416296,0.4252205319136574
0.3137347653420516,0.4232672578380392
0.3137347653420516,0.4222906208002301
0.3294061994742595,0.4213067494139927
0.3294061994742595,0.4213067494139927
0.3352829872738374,0.4213067494139927
0.3392008458068894,0.4203301123761837
0.3392008458068894,0.4203301123761837
0.3392008458068894,0.4203301123761837
0.3490261004093087,0.4213067494139927
0.3549028882088867,0.4213067494139927
0.3549028882088867,0.4222906208002301
0.3549028882088867,0.4222906208002301
0.3392008458068894,0.4222906208002301
0.3352829872738374,0.4222906208002301
0.3294061994742595,0.4213067494139927
0.3196115531416296,0.4193534753383746
0.2999916522065803,0.4174002012627563
0.3039095107396323,0.4154469271871381
0.3137347653420516,0.4125097817252826
0.3490261004093087,0.4115331446874735
0.374522789143936,0.4125097817252826
0.419608770543823,0.4134864187630917
0.4490233178115022,0.4134864187630917
0.4254855583434009,0.414470290149329
0.374522789143936,0.4164235642249472
0.3294061994742595,0.4193534753383746
0.2941148644070023,0.4242438948758483
0.2843202180743724,0.4310875884889403
0.274494963471953,0.4408611932154596
0.2843202180743724,0.4545485804416435
0.2843202180743724,0.4721425158190639
0.2843202180743724,0.4907130882342934
0.2999916522065803,0.5092836606495229
0.3039095107396323,0.524924321951325
0.3098169068089997,0.5366584351018908
0.2196143357394361,0.5493619509418374
0.419608770543823,0.560119427054594
1.252949523831891,0.5689163947433042
1.503906727835743,0.5747834513185871
1.503906727835743,0.5796666365076326
0.6803912291500942,0.5816199105832508
0.3451082418762568,0.5816199105832508
0.3549028882088867,0.5796666365076326
0.3294061994742595,0.5777133624320144
0.3098169068089997,0.5757600883563961
0.2941148644070023,0.5718463058567315
0.2901970058739504,0.566963120667686
0.2941148644070023,0.560119427054594
0.3098169068089997,0.5522990964036929
0.3235294116746816,0.5415416202909363
0.3294061994742595,0.5288381044509897
0.3490261004093087,0.517103991300424
0.3588207467419387,0.5073303865739046
0.374522789143936,0.4995100559230035
0.3941120818091958,0.494626870733958
0.419608770543823,0.4916897252721025
0.4352802046760309,0.4907130882342934
0.4607768934106581,0.4897364511964843
0.4901914406783372,0.4897364511964843
0.5196059879460164,0.4887598141586752
0.5607741108128516,0.487783177120866
0.615685346815158,0.4848460316590105
0.6705965828174644,0.4819161205455832
0.7215593520169293,0.4789862094321558
0.7666759416866058,0.4750724269324912
0.7862652343518657,0.4721425158190639
0.800008347487337,0.4682287333193992
0.796090488954285,0.4652988222059719
0.7764705880192357,0.4623689110925446
0.7215593520169293,0.459431765630689
0.6647197950178864,0.4574784915550708
0.605890700482528,0.4545485804416435
0.5294006342786464,0.4535647090554062
0.4706021480130775,0.4525880720175971
0.4156909120107711,0.4506347979419788
0.3705743223410945,0.4486815238663607
0.3392008458068894,0.4467282497907424
0.3235294116746816,0.4457443784045051
0.3196115531416296,0.4437911043288869
0.3137347653420516,0.4408611932154596
0.3196115531416296,0.4369474107157949
0.3294061994742595,0.4330408625645585
0.3352829872738374,0.4291270800648938
0.3352829872738374,0.4261971689514665
0.3451082418762568,0.4242438948758483
0.3451082418762568,0.4232672578380392
0.3549028882088867,0.4222906208002301
0.3588207467419387,0.4222906208002301
0.3549028882088867,0.4222906208002301
0.3549028882088867,0.4213067494139927
0.3490261004093087,0.4213067494139927
0.3451082418762568,0.4213067494139927
0.3392008458068894,0.4213067494139927
0.3451082418762568,0.4213067494139927
0.3352829872738374,0.4213067494139927
0.3294061994742595,0.4213067494139927
0.3196115531416296,0.4213067494139927
0.3196115531416296,0.4203301123761837
0.3196115531416296,0.4193534753383746
0.3137347653420516,0.4183768383005654
0.3137347653420516,0.4164235642249472
0.3196115531416296,0.4164235642249472
0.3137347653420516,0.4174002012627563
0.3196115531416296,0.4193534753383746
0.3352829872738374,0.4213067494139927
0.3588207467419387,0.4271738059892756
0.3705743223410945,0.4359707736779858
0.3705743223410945,0.4477048868285516
0.3646975345415166,0.4604084026684982
0.3451082418762568,0.4750724269324912
0.3294061994742595,0.4916897252721025
0.3352829872738374,0.5092836606495229
0.3549028882088867,0.5268848303753715
0.3646975345415166,0.5415416202909363
0.3588207467419387,0.5552290075171202
0.3588207467419387,0.5650026122436396
0.3490261004093087,0.5718463058567315
0.3490261004093087,0.5767367253942053
0.3490261004093087,0.5806432735454417
0.3549028882088867,0.5835804190072973
0.3588207467419387,0.5855336930829155
0.3098169068089997,0.5845570560451063
0.4901914406783372,0.5826037819694881
1.1960793585630587,0.5806432735454417
1.503906727835743,0.5777133624320144
1.503906727835743,0.5728229428945406
0.8568479044863799,0.5650026122436396
0.3941120818091958,0.5542523704793112
0.3803995769435139,0.5425254916771737
0.3999888696087737,0.5298147414887988
0.3901942232761438,0.5180806283382331
0.3803995769435139,0.5092836606495229
0.374522789143936,0.5014633299986218
0.3705743223410945,0.4956035077717671
0.3646975345415166,0.4907130882342934
0.374522789143936,0.487783177120866
0.3901942232761438,0.4858226686968196
0.4039067281418257,0.4848460316590105
0.4098141242111931,0.4838693946212014
0.419608770543823,0.4838693946212014
0.4294034168764529,0.4819161205455832
0.4490233178115022,0.479962846469965
0.4706021480130775,0.4789862094321558
0.4941092992113892,0.4760490639703003
0.5196059879460164,0.473119152856873
0.5451026766806437,0.4692053703572084
0.5745172239483228,0.466275459243781
0.6254799931477878,0.4613850397063073
0.6764733706170423,0.4565018545172618
0.7313846066193487,0.451611434979788
0.7803884465522877,0.4477048868285516
0.8117619230864929,0.4437911043288869
0.8255050362219641,0.4398845561776505
0.8313818240215421,0.4359707736779858
0.8156797816195448,0.4320642255267494
0.7862652343518657,0.4281504430270847
0.7411792529519786,0.4252205319136574
0.6764733706170423,0.4232672578380392
0.60980855901558,0.4222906208002301
0.5509794644802216,0.4213067494139927
0.4901914406783372,0.4213067494139927
0.4352802046760309,0.4213067494139927
0.3999888696087737,0.4213067494139927
0.374522789143936,0.4213067494139927
0.3549028882088867,0.4203301123761837
0.3451082418762568,0.4203301123761837
0.3392008458068894,0.4193534753383746
0.3451082418762568,0.4183768383005654
0.3549028882088867,0.4174002012627563
0.3588207467419387,0.4174002012627563
0.3646975345415166,0.4174002012627563
0.3646975345415166,0.4174002012627563
0.374522789143936,0.4174002012627563
0.3803995769435139,0.4183768383005654
0.3843174354765659,0.4183768383005654
0.3843174354765659,0.4183768383005654
0.3843174354765659,0.4183768383005654
0.3843174354765659,0.4183768383005654
0.3803995769435139,0.4193534753383746
0.3705743223410945,0.4203301123761837
0.3588207467419387,0.4203301123761837
0.3549028882088867,0.4193534753383746
0.3549028882088867,0.4174002012627563
0.3490261004093087,0.4154469271871381
0.3451082418762568,0.414470290149329
0.3392008458068894,0.4125097817252826
0.3392008458068894,0.4115331446874735
0.3588207467419387,0.4115331446874735
0.3803995769435139,0.4134864187630917
0.3941120818091958,0.4164235642249472
0.3901942232761438,0.4222906208002301
0.3803995769435139,0.4301109514511312
0.3588207467419387,0.4428144672910778
0.3352829872738374,0.459431765630689
0.3451082418762568,0.4780023380459186
0.3549028882088867,0.494626870733958
0.374522789143936,0.5102675320357603
0.3646975345415166,0.5268848303753715
0.3549028882088867,0.5444787657527919
0.3451082418762568,0.560119427054594
0.3392008458068894,0.5728229428945406
0.3451082418762568,0.5816199105832508
0.3451082418762568,0.5874869671585337
0.3490261004093087,0.590416878271961
0.2999916522065803,0.5923773866960075
0.2941148644070023,0.5923773866960075
0.9509683340889954,0.590416878271961
1.503906727835743,0.5884636041963428
1.503906727835743,0.5865103301207246
1.027458400292877,0.5835804190072973
0.4392286714788723,0.5816199105832508
0.3901942232761438,0.5777133624320144
0.3803995769435139,0.5708696688189224
0.3705743223410945,0.5640259752058304
0.3549028882088867,0.5562056445549294
0.3451082418762568,0.5483853139040282
0.3451082418762568,0.5405649832531272
0.3392008458068894,0.5307913785266078
0.3549028882088867,0.5229710478757068
0.3705743223410945,0.5151507172248058
0.3803995769435139,0.5092836606495229
0.3901942232761438,0.5053771124982864
0.4039067281418257,0.5024472013848591
0.4039067281418257,0.5014633299986218
0.419608770543823,0.5004866929608127
0.4490233178115022,0.4985334188851945
0.4745200065461294,0.4956035077717671
0.4999860870109672,0.4926663623099116
0.5294006342786464,0.4897364511964843
0.5646919693459035,0.487783177120866
0.605890700482528,0.4868065400830569
0.654894540415467,0.4858226686968196
0.7000111300851435,0.4838693946212014
0.7353024651524006,0.4819161205455832
0.7764705880192357,0.4789862094321558
0.7862652343518657,0.4740957898946821
0.7803884465522877,0.4682287333193992
0.7666759416866058,0.4643221851681628
0.7450971114850305,0.4604084026684982
0.7000111300851435,0.4565018545172618
0.6411820355497851,0.4525880720175971
0.5803940117479008,0.4486815238663607
0.5254827757455944,0.444767741366696
0.4706021480130775,0.4408611932154596
0.4254855583434009,0.4359707736779858
0.3901942232761438,0.4320642255267494
0.3646975345415166,0.4301109514511312
0.3490261004093087,0.4271738059892756
0.3392008458068894,0.4242438948758483
0.3392008458068894,0.4232672578380392
0.3352829872738374,0.4222906208002301
0.3451082418762568,0.4222906208002301
0.3549028882088867,0.4203301123761837
0.3549028882088867,0.4183768383005654
0.3549028882088867,0.4164235642249472
0.3646975345415166,0.414470290149329
0.3646975345415166,0.4115331446874735
0.3588207467419387,0.4095798706118552
0.3646975345415166,0.407626596536237
0.3549028882088867,0.4066499594984279
0.3549028882088867,0.4066499594984279
0.3549028882088867,0.4066499594984279
0.3549028882088867,0.4066499594984279
0.3549028882088867,0.4066499594984279
0.3490261004093087,0.4066499594984279
0.3451082418762568,0.4066499594984279
0.3392008458068894,0.4066499594984279
0.3451082418762568,0.4066499594984279
0.3392008458068894,0.4056660881121906
0.3451082418762568,0.4037128140365724
0.3646975345415166,0.4027361769987633
0.3803995769435139,0.4037128140365724
0.3901942232761438,0.4046894510743815
0.3803995769435139,0.4066499594984279
0.374522789143936,0.4095798706118552
0.3490261004093087,0.4183768383005654
0.3392008458068894,0.4310875884889403
0.3392008458068894,0.4486815238663607
0.3549028882088867,0.4701892417434457
0.374522789143936,0.4926663623099116
0.3588207467419387,0.5151507172248058
0.3549028882088867,0.5356817980640817
0.3352829872738374,0.553275733441502
0.3352829872738374,0.5659792492814486
0.3352829872738374,0.5757600883563961
0.3294061994742595,0.5845570560451063
0.3490261004093087,0.5914007496581983
0.2999916522065803,0.5962839348472438
0.5254827757455944,0.5992210803090994
1.3019533637648302,0.6011743543847177
1.503906727835743,0.6011743543847177
1.503906727835743,0.5992210803090994
0.7156825642173513,0.597260571885053
0.3843174354765659,0.5943306607716257
0.3705743223410945,0.5894402412341518
0.3843174354765659,0.5835804190072973
0.374522789143936,0.5767367253942053
0.3549028882088867,0.566963120667686
0.3451082418762568,0.553275733441502
0.3392008458068894,0.539588346215318
0.3549028882088867,0.5259009589891341
0.374522789143936,0.5151507172248058
0.3901942232761438,0.5063537495360956
0.4039067281418257,0.5004866929608127
0.4098141242111931,0.4975567818473854
0.4294034168764529,0.4965801448095762
0.4549001056110801,0.4956035077717671
0.4745200065461294,0.4956035077717671
0.4941092992113892,0.494626870733958
0.5254827757455944,0.494626870733958
0.5451026766806437,0.4936429993477207
0.5705993654152709,0.4897364511964843
0.6000139126829501,0.4848460316590105
0.6450998940828371,0.479962846469965
0.6901858754827241,0.4760490639703003
0.7313846066193487,0.4721425158190639
0.7548917578176605,0.4692053703572084
0.7803884465522877,0.466275459243781
0.7803884465522877,0.4643221851681628
0.7862652343518657,0.4623689110925446
0.7705938002196577,0.459431765630689
0.7353024651524006,0.4565018545172618
0.6862680169496722,0.4525880720175971
0.6196032053482099,0.4486815238663607
0.5607741108128516,0.4428144672910778
0.4941092992113892,0.4369474107157949
0.4392286714788723,0.4320642255267494
0.3941120818091958,0.4271738059892756
0.3549028882088867,0.4242438948758483
0.3352829872738374,0.4213067494139927
0.3196115531416296,0.4203301123761837
0.3137347653420516,0.4174002012627563
0.3137347653420516,0.4154469271871381
0.3235294116746816,0.4125097817252826
0.3294061994742595,0.4095798706118552
0.3352829872738374,0.407626596536237
0.3352829872738374,0.4066499594984279
0.3352829872738374,0.4056660881121906
0.3451082418762568,0.4046894510743815
0.3451082418762568,0.4046894510743815
0.3490261004093087,0.4056660881121906
0.3549028882088867,0.4056660881121906
0.3549028882088867,0.4056660881121906
0.3392008458068894,0.4056660881121906
0.3352829872738374,0.4056660881121906
0.3352829872738374,0.4046894510743815
0.3235294116746816,0.4046894510743815
0.3235294116746816,0.4027361769987633
0.3196115531416296,0.400782902923145
0.3137347653420516,0.3978529918097178
0.3098169068089997,0.3949158463478622
0.3098169068089997,0.3919859352344348
0.3294061994742595,0.3890487897725793
0.3392008458068894,0.3870955156969611
0.3490261004093087,0.3880721527347702
0.3451082418762568,0.3910092981966258
0.3451082418762568,0.3968691204234804
0.3196115531416296,0.4046894510743815
0.2941148644070023,0.4134864187630917
0.2999916522065803,0.4291270800648938
0.3098169068089997,0.4496581609041697
0.3235294116746816,0.4711658787812548
0.3137347653420516,0.4936429993477207
0.3098169068089997,0.5141740801869966
0.2999916522065803,0.531768015564417
0.2999916522065803,0.5483853139040282
0.3039095107396323,0.5620727011302122
0.3098169068089997,0.5718463058567315
0.3235294116746816,0.5786899994698235
0.2843202180743724,0.5835804190072973
0.4039067281418257,0.5865103301207246
0.996084923758672,0.5884636041963428
1.503906727835743,0.5884636041963428
1.503906727835743,0.5865103301207246
0.9764650228236226,0.5845570560451063
0.3646975345415166,0.5816199105832508
0.3098169068089997,0.5777133624320144
0.3451082418762568,0.5718463058567315
0.3352829872738374,0.5640259752058304
0.3352829872738374,0.5542523704793112
0.3352829872738374,0.5415416202909363
0.3352829872738374,0.5278614674131806
0.3294061994742595,0.517103991300424
0.3451082418762568,0.5092836606495229
0.3549028882088867,0.5014633299986218
0.3588207467419387,0.4956035077717671
0.374522789143936,0.4907130882342934
0.3843174354765659,0.4868065400830569
0.3941120818091958,0.4838693946212014
0.4156909120107711,0.4809394835077741
0.4352802046760309,0.479962846469965
0.4607768934106581,0.4789862094321558
0.4901914406783372,0.4760490639703003
0.5098113416133866,0.4740957898946821
0.5509794644802216,0.473119152856873
0.6000139126829501,0.4701892417434457
0.6450998940828371,0.4682287333193992
0.7058879178847215,0.4652988222059719
0.7607991538870279,0.4623689110925446
0.796090488954285,0.4574784915550708
0.8117619230864929,0.4525880720175971
0.8156797816195448,0.4467282497907424
0.800008347487337,0.4408611932154596
0.7666759416866058,0.4359707736779858
0.7098057764177734,0.4320642255267494
0.6450998940828371,0.4281504430270847
0.5705993654152709,0.4252205319136574
0.4999860870109672,0.4222906208002301
0.4392286714788723,0.4193534753383746
0.3843174354765659,0.4164235642249472
0.3392008458068894,0.4115331446874735
0.3196115531416296,0.4086032335740461
0.2999916522065803,0.4046894510743815
0.2941148644070023,0.4017595399609542
0.3039095107396323,0.3988296288475269
0.3098169068089997,0.3968691204234804
0.3098169068089997,0.3958924833856713
0.3098169068089997,0.3949158463478622
0.3137347653420516,0.3949158463478622
0.3098169068089997,0.3968691204234804
0.3294061994742595,0.3988296288475269
0.3352829872738374,0.4017595399609542
0.3451082418762568,0.4037128140365724
0.3490261004093087,0.4037128140365724
0.3549028882088867,0.4046894510743815
0.3490261004093087,0.4046894510743815
0.3451082418762568,0.4046894510743815
0.3392008458068894,0.4056660881121906
0.3392008458068894,0.4056660881121906
0.3392008458068894,0.4056660881121906
0.3451082418762568,0.4056660881121906
0.3392008458068894,0.4056660881121906
0.3352829872738374,0.4046894510743815
0.3294061994742595,0.4046894510743815
0.3196115531416296,0.4027361769987633
0.3352829872738374,0.400782902923145
0.3549028882088867,0.3978529918097178
0.3705743223410945,0.3968691204234804
0.3549028882088867,0.3978529918097178
0.3549028882088867,0.3998062658853359
0.3294061994742595,0.4066499594984279
0.3137347653420516,0.4174002012627563
0.3235294116746816,0.4330408625645585
0.3352829872738374,0.4525880720175971
0.3490261004093087,0.4740957898946821
0.3352829872738374,0.4936429993477207
0.3352829872738374,0.5102675320357603
0.3294061994742595,0.5268848303753715
0.3352829872738374,0.5435021287149827
0.3352829872738374,0.5581589186305476
0.3451082418762568,0.5698930317811133
0.3451082418762568,0.5796666365076326
0.2843202180743724,0.5855336930829155
0.4941092992113892,0.590416878271961
1.266662028697573,0.5943306607716257
1.503906727835743,0.597260571885053
1.503906727835743,0.597260571885053
0.8156797816195448,0.5962839348472438
0.3549028882088867,0.5923773866960075
0.3352829872738374,0.5855336930829155
0.3549028882088867,0.5777133624320144
0.3352829872738374,0.5679397577054951
0.3294061994742595,0.5562056445549294
0.3098169068089997,0.5435021287149827
0.3098169068089997,0.5327446526022261
0.3137347653420516,0.5219944108378977
0.3294061994742595,0.5131974431491875
0.3451082418762568,0.5053771124982864
0.3588207467419387,0.5004866929608127
0.374522789143936,0.4975567818473854
0.3803995769435139,0.4965801448095762
0.3999888696087737,0.494626870733958
0.4254855583434009,0.4926663623099116
0.4490233178115022,0.4887598141586752
0.4706021480130775,0.4858226686968196
0.4999860870109672,0.4819161205455832
0.5294006342786464,0.4789862094321558
0.5745172239483228,0.4770257010081094
0.6254799931477878,0.4770257010081094
0.6862680169496722,0.4760490639703003
0.7411792529519786,0.4740957898946821
0.7862652343518657,0.4721425158190639
0.8215565694191228,0.4701892417434457
0.8313818240215421,0.466275459243781
0.8255050362219641,0.4613850397063073
0.8117619230864929,0.4555252174794526
0.7764705880192357,0.4496581609041697
0.7156825642173513,0.4437911043288869
0.6450998940828371,0.437924047753604
0.5803940117479008,0.4330408625645585
0.5098113416133866,0.4281504430270847
0.4451054592784502,0.4242438948758483
0.4039067281418257,0.4203301123761837
0.3646975345415166,0.4174002012627563
0.3451082418762568,0.414470290149329
0.3352829872738374,0.4134864187630917
0.3235294116746816,0.4125097817252826
0.3196115531416296,0.4115331446874735
0.3352829872738374,0.4115331446874735
0.3352829872738374,0.4095798706118552
0.3451082418762568,0.407626596536237
0.3490261004093087,0.407626596536237
0.3490261004093087,0.407626596536237
0.3549028882088867,0.4095798706118552
0.3588207467419387,0.4105565076496644
0.3705743223410945,0.4105565076496644
0.3705743223410945,0.4115331446874735
0.374522789143936,0.4125097817252826
0.374522789143936,0.4125097817252826
0.374522789143936,0.4115331446874735
0.3705743223410945,0.4095798706118552
0.3646975345415166,0.407626596536237
0.3549028882088867,0.4046894510743815
0.3549028882088867,0.4017595399609542
0.3490261004093087,0.3978529918097178
0.3352829872738374,0.3949158463478622
0.3294061994742595,0.392962572272244
0.3352829872738374,0.3919859352344348
0.3490261004093087,0.3939392093100531
0.374522789143936,0.3958924833856713
0.3803995769435139,0.3988296288475269
0.3843174354765659,0.4037128140365724
0.3803995769435139,0.4105565076496644
0.3588207467419387,0.4193534753383746
0.3392008458068894,0.4320642255267494
0.3392008458068894,0.4477048868285516
0.3549028882088867,0.4682287333193992
0.3705743223410945,0.4907130882342934
0.3646975345415166,0.5112441690735693
0.3549028882088867,0.5288381044509897
0.3588207467419387,0.54643203982841
0.3392008458068894,0.5610960640924031
0.3451082418762568,0.5718463058567315
0.3490261004093087,0.5786899994698235
0.3549028882088867,0.5835804190072973
0.3098169068089997,0.5865103301207246
0.2843202180743724,0.5884636041963428
0.8764678054214292,0.5894402412341518
1.503906727835743,0.5884636041963428
1.503906727835743,0.5874869671585337
1.1862847122304288,0.5845570560451063
0.4999860870109672,0.5806432735454417
0.4039067281418257,0.5747834513185871
0.3941120818091958,0.5659792492814486
0.3803995769435139,0.5552290075171202
0.3549028882088867,0.5435021287149827
0.3392008458068894,0.5307913785266078
0.3451082418762568,0.5190644997244704
0.3549028882088867,0.5083070236117138
0.374522789143936,0.5004866929608127
0.3843174354765659,0.4926663623099116
0.3843174354765659,0.487783177120866
0.3941120818091958,0.4848460316590105
0.4098141242111931,0.4838693946212014
0.4254855583434009,0.4828927575833923
0.4451054592784502,0.4828927575833923
0.4607768934106581,0.4819161205455832
0.4803967943457073,0.4819161205455832
0.4999860870109672,0.4809394835077741
0.5294006342786464,0.4770257010081094
0.5646919693459035,0.4740957898946821
0.605890700482528,0.4721425158190639
0.654894540415467,0.4692053703572084
0.7000111300851435,0.466275459243781
0.7450971114850305,0.4643221851681628
0.7764705880192357,0.4623689110925446
0.796090488954285,0.4584551285928799
0.800008347487337,0.4555252174794526
0.7862652343518657,0.451611434979788
0.7607991538870279,0.4477048868285516
0.7098057764177734,0.4437911043288869
0.654894540415467,0.4408611932154596
0.5901886580805307,0.437924047753604
0.5294006342786464,0.4340174996023676
0.4706021480130775,0.4291270800648938
0.4352802046760309,0.4242438948758483
0.3999888696087737,0.4203301123761837
0.3705743223410945,0.4154469271871381
0.3549028882088867,0.4125097817252826
0.3549028882088867,0.4115331446874735
0.3451082418762568,0.4115331446874735
0.3451082418762568,0.4115331446874735
0.3490261004093087,0.4115331446874735
0.3549028882088867,0.4115331446874735
0.3490261004093087,0.4125097817252826
0.3549028882088867,0.4125097817252826
0.3588207467419387,0.4125097817252826
0.3646975345415166,0.4125097817252826
0.3705743223410945,0.4125097817252826
0.3705743223410945,0.4125097817252826
0.3646975345415166,0.4125097817252826
0.3588207467419387,0.4125097817252826
0.3549028882088867,0.4125097817252826
0.3588207467419387,0.4125097817252826
0.3588207467419387,0.4125097817252826
0.3588207467419387,0.4125097817252826
0.3549028882088867,0.4125097817252826
0.3490261004093087,0.4115331446874735
0.3451082418762568,0.4105565076496644
0.3352829872738374,0.4095798706118552
0.3392008458068894,0.4086032335740461
0.3549028882088867,0.4095798706118552
0.374522789143936,0.4115331446874735
0.3843174354765659,0.4154469271871381
0.3843174354765659,0.4213067494139927
0.3803995769435139,0.4310875884889403
0.3490261004093087,0.4437911043288869
0.3352829872738374,0.4574784915550708
0.3392008458068894,0.473119152856873
0.3490261004093087,0.4926663623099116
0.3646975345415166,0.5131974431491875
0.3646975345415166,0.5347051610262725
0.3549028882088867,0.5552290075171202
0.3451082418762568,0.5737995799323498
0.3392008458068894,0.5894402412341518
0.3451082418762568,0.6031276284603359
0.3451082418762568,0.611924596149046
0.3549028882088867,0.618768289762138
0.3039095107396323,0.6216982008755654
0.4392286714788723,0.6226748379133744
1.021581612493299,0.6226748379133744
1.503906727835743,0.6207215638377562
1.503906727835743,0.6168150156865198
0.9823418106232006,0.611924596149046
0.4451054592784502,0.6080180479978096
0.3941120818091958,0.604104265498145
0.3843174354765659,0.598237208922862
0.3705743223410945,0.590416878271961
0.3549028882088867,0.5816199105832508
0.3451082418762568,0.5718463058567315
0.3392008458068894,0.560119427054594
0.3549028882088867,0.5493619509418374
0.3705743223410945,0.539588346215318
0.3803995769435139,0.5307913785266078
0.3941120818091958,0.5219944108378977
0.4039067281418257,0.5161273542626148
0.4098141242111931,0.5102675320357603
0.419608770543823,0.5053771124982864
0.4392286714788723,0.5034238384226682
0.46469475194371,0.5004866929608127
0.4901914406783372,0.4975567818473854
0.5058934830803345,0.4965801448095762
0.5294006342786464,0.4936429993477207
0.5646919693459035,0.4916897252721025
0.6196032053482099,0.4897364511964843
0.6607713282150449,0.4887598141586752
0.7156825642173513,0.4848460316590105
0.7509738992846084,0.4809394835077741
0.7803884465522877,0.4770257010081094
0.7862652343518657,0.4721425158190639
0.7901830928849176,0.4682287333193992
0.7803884465522877,0.4652988222059719
0.7509738992846084,0.4643221851681628
0.7098057764177734,0.4633455481303537
0.6607713282150449,0.4613850397063073
0.605890700482528,0.4584551285928799
0.5509794644802216,0.4545485804416435
0.4999860870109672,0.4496581609041697
0.4549001056110801,0.4457443784045051
0.4254855583434009,0.4398845561776505
0.4039067281418257,0.4340174996023676
0.3843174354765659,0.4291270800648938
0.3803995769435139,0.4242438948758483
0.3803995769435139,0.4203301123761837
0.3803995769435139,0.4174002012627563
0.3803995769435139,0.414470290149329
0.3843174354765659,0.4125097817252826
0.3803995769435139,0.4115331446874735
0.3803995769435139,0.4125097817252826
0.3803995769435139,0.4125097817252826
0.3901942232761438,0.4125097817252826
0.3941120818091958,0.4125097817252826
0.3901942232761438,0.4125097817252826
0.3941120818091958,0.4125097817252826
0.3901942232761438,0.4125097817252826
0.3843174354765659,0.4115331446874735
0.3803995769435139,0.4105565076496644
0.3803995769435139,0.4105565076496644
0.3646975345415166,0.4086032335740461
0.3549028882088867,0.4066499594984279
0.3490261004093087,0.4037128140365724
0.3490261004093087,0.400782902923145
0.3451082418762568,0.3998062658853359
0.3490261004093087,0.3988296288475269
0.3705743223410945,0.3988296288475269
0.3803995769435139,0.3998062658853359
0.3803995769435139,0.4027361769987633
0.3803995769435139,0.4056660881121906
0.3646975345415166,0.4125097817252826
0.3294061994742595,0.4232672578380392
0.3235294116746816,0.4389079191398414
0.3352829872738374,0.4574784915550708
0.3490261004093087,0.4780023380459186
0.3549028882088867,0.5004866929608127
0.3490261004093087,0.5190644997244704
0.3392008458068894,0.5347051610262725
0.3352829872738374,0.5503385879796465
0.3352829872738374,0.5650026122436396
0.3352829872738374,0.5767367253942053
0.3352829872738374,0.5874869671585337
0.3137347653420516,0.5962839348472438
0.2843202180743724,0.6021509914225267
0.6607713282150449,0.605080902535954
1.503906727835743,0.6070414109600005
1.503906727835743,0.6070414109600005
1.468615392768486,0.6060575395737632
0.5196059879460164,0.6031276284603359
0.3352829872738374,0.598237208922862
0.3588207467419387,0.5914007496581983
0.3588207467419387,0.5835804190072973
0.3490261004093087,0.5737995799323498
0.3549028882088867,0.5620727011302122
0.3352829872738374,0.5483853139040282
0.3392008458068894,0.5347051610262725
0.3490261004093087,0.523947684913516
0.3549028882088867,0.5141740801869966
0.3646975345415166,0.5063537495360956
0.3843174354765659,0.4995100559230035
0.4039067281418257,0.4956035077717671
0.4039067281418257,0.4936429993477207
0.4098141242111931,0.4926663623099116
0.4254855583434009,0.4926663623099116
0.4490233178115022,0.4916897252721025
0.4745200065461294,0.4916897252721025
0.5058934830803345,0.4916897252721025
0.5392258888810657,0.4907130882342934
0.5803940117479008,0.4887598141586752
0.6293978516808398,0.4858226686968196
0.6803912291500942,0.4828927575833923
0.7254772105499813,0.479962846469965
0.7705938002196577,0.4740957898946821
0.7901830928849176,0.4692053703572084
0.796090488954285,0.4633455481303537
0.7862652343518657,0.4584551285928799
0.7705938002196577,0.4535647090554062
0.7156825642173513,0.4486815238663607
0.6509766818824151,0.4437911043288869
0.5843118702809528,0.4389079191398414
0.5098113416133866,0.4349941366401767
0.4490233178115022,0.4310875884889403
0.3941120818091958,0.4271738059892756
0.3549028882088867,0.4222906208002301
0.3352829872738374,0.4193534753383746
0.3098169068089997,0.4154469271871381
0.2941148644070023,0.4134864187630917
0.2999916522065803,0.4125097817252826
0.3039095107396323,0.4115331446874735
0.3137347653420516,0.4115331446874735
0.3196115531416296,0.4115331446874735
0.3235294116746816,0.4105565076496644
0.3352829872738374,0.4095798706118552
0.3392008458068894,0.4105565076496644
0.3549028882088867,0.4105565076496644
0.3549028882088867,0.4105565076496644
0.3490261004093087,0.4095798706118552
0.3490261004093087,0.4095798706118552
0.3549028882088867,0.4095798706118552
0.3549028882088867,0.4105565076496644
0.3549028882088867,0.4095798706118552
0.3451082418762568,0.4086032335740461
0.3352829872738374,0.407626596536237
0.3294061994742595,0.4066499594984279
0.3235294116746816,0.4056660881121906
0.3137347653420516,0.4046894510743815
0.3137347653420516,0.4046894510743815
0.3235294116746816,0.4037128140365724
0.3352829872738374,0.4037128140365724
0.3549028882088867,0.4056660881121906
0.3588207467419387,0.407626596536237
0.3549028882088867,0.4095798706118552
0.3490261004093087,0.4105565076496644
0.3294061994742595,0.414470290149329
0.3098169068089997,0.4222906208002301
0.3137347653420516,0.4340174996023676
0.3352829872738374,0.4496581609041697
0.3392008458068894,0.4692053703572084
0.3294061994742595,0.4897364511964843
0.3352829872738374,0.5083070236117138
0.3352829872738374,0.5259009589891341
0.3294061994742595,0.5415416202909363
0.3451082418762568,0.5562056445549294
0.3451082418762568,0.566963120667686
0.3490261004093087,0.5757600883563961
0.2901970058739504,0.5826037819694881
0.4706021480130775,0.5874869671585337
1.2117507926952666,0.590416878271961
1.503906727835743,0.590416878271961
1.503906727835743,0.5884636041963428
0.886262451754059,0.5865103301207246
0.3941120818091958,0.5826037819694881
0.374522789143936,0.5786899994698235
0.3843174354765659,0.5718463058567315
0.3588207467419387,0.5650026122436396
0.3549028882088867,0.5562056445549294
0.3451082418762568,0.5483853139040282
0.3392008458068894,0.539588346215318
0.3549028882088867,0.5288381044509897
0.3549028882088867,0.5190644997244704
0.3646975345415166,0.5092836606495229
0.374522789143936,0.5014633299986218
0.3803995769435139,0.494626870733958
0.3901942232761438,0.4887598141586752
0.4039067281418257,0.4858226686968196
0.4098141242111931,0.4838693946212014
0.4254855583434009,0.4828927575833923
0.4451054592784502,0.4819161205455832
0.4803967943457073,0.4819161205455832
0.5196059879460164,0.4819161205455832
0.5646919693459035,0.4809394835077741
0.615685346815158,0.4789862094321558
0.6647197950178864,0.4740957898946821
0.7254772105499813,0.4692053703572084
0.7764705880192357,0.4643221851681628
0.800008347487337,0.4604084026684982
0.8117619230864929,0.4574784915550708
0.8156797816195448,0.4545485804416435
0.796090488954285,0.4525880720175971
0.7450971114850305,0.4506347979419788
0.6803912291500942,0.4477048868285516
0.605890700482528,0.444767741366696
0.5392258888810657,0.4408611932154596
0.4803967943457073,0.4359707736779858
0.419608770543823,0.4320642255267494
0.374522789143936,0.4281504430270847
0.3490261004093087,0.4242438948758483
0.3352829872738374,0.4213067494139927
0.3196115531416296,0.4193534753383746
0.3098169068089997,0.4164235642249472
0.3098169068089997,0.4134864187630917
0.3196115531416296,0.4125097817252826
0.3352829872738374,0.4115331446874735
0.3392008458068894,0.4115331446874735
0.3490261004093087,0.4105565076496644
0.3490261004093087,0.4095798706118552
0.3549028882088867,0.4095798706118552
0.3646975345415166,0.4095798706118552
0.3803995769435139,0.4105565076496644
0.3803995769435139,0.4105565076496644
0.3803995769435139,0.4105565076496644
0.3803995769435139,0.4105565076496644
0.374522789143936,0.4105565076496644
0.3705743223410945,0.4105565076496644
0.3705743223410945,0.4095798706118552
0.3588207467419387,0.407626596536237
0.3549028882088867,0.4066499594984279
0.3549028882088867,0.4046894510743815
0.3490261004093087,0.4027361769987633
0.3451082418762568,0.400782902923145
0.3588207467419387,0.3978529918097178
0.3803995769435139,0.3949158463478622
0.3941120818091958,0.392962572272244
0.3999888696087737,0.3919859352344348
0.3843174354765659,0.3949158463478622
0.3705743223410945,0.400782902923145
0.3451082418762568,0.4095798706118552
0.3392008458068894,0.4222906208002301
0.3549028882088867,0.4359707736779858
0.3705743223410945,0.451611434979788
0.3803995769435139,0.4711658787812548
0.3705743223410945,0.4916897252721025
0.3549028882088867,0.5131974431491875
0.3490261004093087,0.5327446526022261
0.3490261004093087,0.5503385879796465
0.3490261004093087,0.5640259752058304
0.3588207467419387,0.5747834513185871
0.3352829872738374,0.5826037819694881
0.2901970058739504,0.5874869671585337
0.6705965828174644,0.5914007496581983
1.503906727835743,0.5923773866960075
1.503906727835743,0.5914007496581983
1.503906727835743,0.5894402412341518
0.605890700482528,0.5865103301207246
0.419608770543823,0.5835804190072973
0.4098141242111931,0.5777133624320144
0.3941120818091958,0.5708696688189224
0.3803995769435139,0.5620727011302122
0.3588207467419387,0.5522990964036929
0.3549028882088867,0.539588346215318
0.3646975345415166,0.5268848303753715
0.3803995769435139,0.5131974431491875
0.3941120818091958,0.5014633299986218
0.3843174354765659,0.4926663623099116
0.3999888696087737,0.4858226686968196
0.4098141242111931,0.4809394835077741
0.4156909120107711,0.4780023380459186
0.4254855583434009,0.4760490639703003
0.4451054592784502,0.473119152856873
0.4706021480130775,0.4701892417434457
0.4999860870109672,0.466275459243781
0.5156881294129645,0.4633455481303537
0.5509794644802216,0.459431765630689
0.5843118702809528,0.4555252174794526
0.6411820355497851,0.4525880720175971
0.6901858754827241,0.4496581609041697
0.7313846066193487,0.4477048868285516
0.7666759416866058,0.4457443784045051
0.7803884465522877,0.4428144672910778
0.7901830928849176,0.4398845561776505
0.7803884465522877,0.4369474107157949
0.7548917578176605,0.4340174996023676
0.7156825642173513,0.4310875884889403
0.6607713282150449,0.4271738059892756
0.5960654458801087,0.4252205319136574
0.5294006342786464,0.4222906208002301
0.4803967943457073,0.4193534753383746
0.4294034168764529,0.4164235642249472
0.3941120818091958,0.4134864187630917
0.3646975345415166,0.4115331446874735
0.3490261004093087,0.4105565076496644
0.3352829872738374,0.4105565076496644
0.3352829872738374,0.4095798706118552
0.3352829872738374,0.4105565076496644
0.3352829872738374,0.4105565076496644
0.3392008458068894,0.4105565076496644
0.3451082418762568,0.4105565076496644
0.3490261004093087,0.4105565076496644
0.3451082418762568,0.4105565076496644
0.3490261004093087,0.4095798706118552
0.3549028882088867,0.4105565076496644
0.3549028882088867,0.4105565076496644
0.3549028882088867,0.4105565076496644
0.3549028882088867,0.4105565076496644
0.3490261004093087,0.4105565076496644
0.3549028882088867,0.4095798706118552
0.3490261004093087,0.4105565076496644
0.3490261004093087,0.4095798706118552
0.3451082418762568,0.4095798706118552
0.3392008458068894,0.4095798706118552
0.3392008458068894,0.4086032335740461
0.3352829872738374,0.407626596536237
0.3392008458068894,0.4066499594984279
0.3588207467419387,0.4066499594984279
0.3803995769435139,0.407626596536237
0.3803995769435139,0.4095798706118552
0.3803995769435139,0.4105565076496644
0.374522789143936,0.4154469271871381
0.3451082418762568,0.4252205319136574
0.3352829872738374,0.4389079191398414
0.3392008458068894,0.4584551285928799
0.3588207467419387,0.479962846469965
0.3705743223410945,0.5034238384226682
0.3588207467419387,0.5259009589891341
0.3549028882088867,0.54643203982841
0.3392008458068894,0.5650026122436396
0.3392008458068894,0.5786899994698235
0.3451082418762568,0.5884636041963428
0.3490261004093087,0.5953072978094348
0.3549028882088867,0.6011743543847177
0.2941148644070023,0.604104265498145
0.5254827757455944,0.605080902535954
1.3117786183672495,0.6060575395737632
1.503906727835743,0.6060575395737632
1.503906727835743,0.604104265498145
0.7254772105499813,0.6011743543847177
0.3999888696087737,0.597260571885053
0.3901942232761438,0.5923773866960075
0.3803995769435139,0.5855336930829155
0.374522789143936,0.5786899994698235
0.3549028882088867,0.5708696688189224
0.3392008458068894,0.5620727011302122
0.3352829872738374,0.5513224593658839
0.3549028882088867,0.5415416202909363
0.3705743223410945,0.531768015564417
0.3803995769435139,0.5219944108378977
0.3843174354765659,0.5141740801869966
0.3999888696087737,0.5063537495360956
0.4039067281418257,0.5004866929608127
0.419608770543823,0.4936429993477207
0.4352802046760309,0.4897364511964843
0.46469475194371,0.4868065400830569
0.4843146528787593,0.4858226686968196
0.5058934830803345,0.4858226686968196
0.5392258888810657,0.4848460316590105
0.5745172239483228,0.4848460316590105
0.6196032053482099,0.4838693946212014
0.6647197950178864,0.4809394835077741
0.7098057764177734,0.4789862094321558
0.7509738992846084,0.4750724269324912
0.7764705880192357,0.4721425158190639
0.7901830928849176,0.4682287333193992
0.7862652343518657,0.4643221851681628
0.7705938002196577,0.4604084026684982
0.7411792529519786,0.4574784915550708
0.6862680169496722,0.4535647090554062
0.6293978516808398,0.4486815238663607
0.5705993654152709,0.4428144672910778
0.5098113416133866,0.437924047753604
0.4549001056110801,0.4330408625645585
0.419608770543823,0.4291270800648938
0.3843174354765659,0.4271738059892756
0.3646975345415166,0.4242438948758483
0.3549028882088867,0.4222906208002301
0.3490261004093087,0.4193534753383746
0.3490261004093087,0.4164235642249472
0.3490261004093087,0.414470290149329
0.3549028882088867,0.4134864187630917
0.3646975345415166,0.4125097817252826
0.3705743223410945,0.4115331446874735
0.3803995769435139,0.4115331446874735
0.3803995769435139,0.4115331446874735
0.3843174354765659,0.4115331446874735
0.3843174354765659,0.4115331446874735
0.3843174354765659,0.4105565076496644
0.3843174354765659,0.4105565076496644
0.3843174354765659,0.4105565076496644
0.3803995769435139,0.4105565076496644
0.374522789143936,0.4115331446874735
0.374522789143936,0.4115331446874735
0.3646975345415166,0.4115331446874735
0.3646975345415166,0.4105565076496644
0.3646975345415166,0.4086032335740461
0.3646975345415166,0.4066499594984279
0.3803995769435139,0.4037128140365724
0.4039067281418257,0.400782902923145
0.4254855583434009,0.3988296288475269
0.4294034168764529,0.3998062658853359
0.4254855583434009,0.4037128140365724
0.419608770543823,0.4095798706118552
0.3941120818091958,0.4164235642249472
0.3705743223410945,0.4261971689514665
0.3803995769435139,0.4398845561776505
0.3941120818091958,0.4584551285928799
0.3941120818091958,0.4789862094321558
0.3843174354765659,0.4995100559230035
0.3803995769435139,0.5200411367622795
0.3646975345415166,0.538611709177509
0.3646975345415166,0.5552290075171202
0.3588207467419387,0.5689163947433042
0.3646975345415166,0.5806432735454417
0.374522789143936,0.5894402412341518
0.3196115531416296,0.5953072978094348
0.5196059879460164,0.5962839348472438
1.2470727360323133,0.597260571885053
1.503906727835743,0.5962839348472438
1.503906727835743,0.5943306607716257
0.8255050362219641,0.5923773866960075
0.4156909120107711,0.5884636041963428
0.3901942232761438,0.5826037819694881
0.3941120818091958,0.5757600883563961
0.374522789143936,0.5679397577054951
0.3646975345415166,0.5591427900167849
0.3451082418762568,0.5503385879796465
0.3549028882088867,0.5415416202909363
0.3549028882088867,0.5327446526022261
0.3705743223410945,0.523947684913516
0.374522789143936,0.5141740801869966
0.3843174354765659,0.5063537495360956
0.3941120818091958,0.4995100559230035
0.3941120818091958,0.4936429993477207
0.4039067281418257,0.4897364511964843
0.4254855583434009,0.487783177120866
0.4451054592784502,0.4868065400830569
0.4706021480130775,0.4848460316590105
0.4843146528787593,0.4819161205455832
0.5156881294129645,0.4789862094321558
0.5607741108128516,0.4760490639703003
0.60980855901558,0.4740957898946821
0.654894540415467,0.4721425158190639
0.7000111300851435,0.4701892417434457
0.7411792529519786,0.4682287333193992
0.7666759416866058,0.4652988222059719
0.7803884465522877,0.4613850397063073
0.7803884465522877,0.4574784915550708
0.7548917578176605,0.4525880720175971
0.7215593520169293,0.4467282497907424
0.6647197950178864,0.4408611932154596
0.605890700482528,0.4349941366401767
0.5392258888810657,0.4301109514511312
0.4745200065461294,0.4252205319136574
0.4254855583434009,0.4213067494139927
0.374522789143936,0.4174002012627563
0.3549028882088867,0.414470290149329
0.3294061994742595,0.4115331446874735
0.3196115531416296,0.4105565076496644
0.3137347653420516,0.4115331446874735
0.3098169068089997,0.4115331446874735
0.3196115531416296,0.4115331446874735
0.3235294116746816,0.4115331446874735
0.3294061994742595,0.4115331446874735
0.3352829872738374,0.4115331446874735
0.3392008458068894,0.4105565076496644
0.3451082418762568,0.4095798706118552
0.3490261004093087,0.4086032335740461
0.3549028882088867,0.4056660881121906
0.3646975345415166,0.4046894510743815
0.3549028882088867,0.4037128140365724
0.3490261004093087,0.4037128140365724
0.3451082418762568,0.4056660881121906
0.3352829872738374,0.407626596536237
0.3352829872738374,0.4086032335740461
0.3196115531416296,0.4095798706118552
0.3137347653420516,0.4095798706118552
0.3137347653420516,0.4086032335740461
0.3098169068089997,0.4086032335740461
0.3196115531416296,0.407626596536237
0.3294061994742595,0.4056660881121906
0.3352829872738374,0.4037128140365724
0.3352829872738374,0.4017595399609542
0.3294061994742595,0.400782902923145
0.3098169068089997,0.4037128140365724
0.2941148644070023,0.4095798706118552
0.2999916522065803,0.4183768383005654
0.3098169068089997,0.4291270800648938
0.3196115531416296,0.444767741366696
0.3294061994742595,0.4643221851681628
0.3137347653420516,0.4848460316590105
0.3039095107396323,0.5024472013848591
0.3098169068089997,0.5180806283382331
0.3098169068089997,0.5347051610262725
0.3137347653420516,0.5483853139040282
0.3235294116746816,0.560119427054594
0.2941148644070023,0.5698930317811133
0.2686181756723751,0.5767367253942053
0.8568479044863799,0.5816199105832508
1.503906727835743,0.5855336930829155
1.503906727835743,0.5894402412341518
1.1921615000300068,0.590416878271961
0.4352802046760309,0.590416878271961
0.3352829872738374,0.5884636041963428
0.3549028882088867,0.5855336930829155
0.3451082418762568,0.5796666365076326
0.3352829872738374,0.5728229428945406
0.3294061994742595,0.5630493381680214
0.3235294116746816,0.5513224593658839
0.3352829872738374,0.5376350721396999
0.3392008458068894,0.523947684913516
0.3451082418762568,0.5122208061113784
0.3549028882088867,0.5034238384226682
0.3705743223410945,0.4965801448095762
0.374522789143936,0.4897364511964843
0.3901942232761438,0.4838693946212014
0.4039067281418257,0.4809394835077741
0.4254855583434009,0.4789862094321558
0.4490233178115022,0.4780023380459186
0.4803967943457073,0.4780023380459186
0.5196059879460164,0.4770257010081094
0.5646919693459035,0.4770257010081094
0.60980855901558,0.4770257010081094
0.6647197950178864,0.4760490639703003
0.7215593520169293,0.473119152856873
0.7705938002196577,0.4692053703572084
0.8058851352869149,0.466275459243781
0.8255050362219641,0.4633455481303537
0.8352996825545941,0.4584551285928799
0.8215565694191228,0.4555252174794526
0.7862652343518657,0.451611434979788
0.7313846066193487,0.4467282497907424
0.6509766818824151,0.4428144672910778
0.5705993654152709,0.4389079191398414
0.4941092992113892,0.4349941366401767
0.4294034168764529,0.4320642255267494
0.374522789143936,0.4291270800648938
0.3392008458068894,0.4252205319136574
0.3137347653420516,0.4222906208002301
0.2941148644070023,0.4183768383005654
0.2843202180743724,0.4134864187630917
0.2843202180743724,0.4115331446874735
0.2843202180743724,0.4105565076496644
0.2843202180743724,0.4105565076496644
0.2901970058739504,0.4105565076496644
0.2941148644070023,0.4115331446874735
0.2999916522065803,0.4115331446874735
0.3098169068089997,0.4115331446874735
0.3196115531416296,0.4115331446874735
0.3235294116746816,0.4115331446874735
0.3294061994742595,0.4115331446874735
0.3352829872738374,0.4105565076496644
0.3352829872738374,0.4105565076496644
0.3392008458068894,0.4105565076496644
0.3392008458068894,0.4105565076496644
0.3451082418762568,0.4115331446874735
0.3392008458068894,0.4115331446874735
0.3352829872738374,0.4115331446874735
0.3352829872738374,0.4105565076496644
0.3352829872738374,0.4086032335740461
0.3352829872738374,0.4066499594984279
0.3451082418762568,0.4037128140365724
0.3646975345415166,0.4017595399609542
0.374522789143936,0.400782902923145
0.3705743223410945,0.4027361769987633
0.3705743223410945,0.4056660881121906
0.3451082418762568,0.4095798706118552
0.3196115531416296,0.4134864187630917
0.3235294116746816,0.4222906208002301
0.3352829872738374,0.4349941366401767
0.3490261004093087,0.4506347979419788
0.3549028882088867,0.4701892417434457
0.3451082418762568,0.4907130882342934
0.3294061994742595,0.5122208061113784
0.3294061994742595,0.5307913785266078
0.3294061994742595,0.5474086768662192
0.3352829872738374,0.5610960640924031
0.3490261004093087,0.5718463058567315
0.3137347653420516,0.5786899994698235
0.2843202180743724,0.5826037819694881
0.8411764703541721,0.5855336930829155
1.503906727835743,0.5855336930829155
1.503906727835743,0.5845570560451063
1.231370693630316,0.5826037819694881
0.4843146528787593,0.5806432735454417
0.3843174354765659,0.5777133624320144
0.3941120818091958,0.5728229428945406
0.374522789143936,0.5659792492814486
0.3646975345415166,0.5581589186305476
0.3549028882088867,0.54643203982841
0.3549028882088867,0.5347051610262725
0.3549028882088867,0.523947684913516
0.3705743223410945,0.5151507172248058
0.3803995769435139,0.5063537495360956
0.3843174354765659,0.4995100559230035
0.3999888696087737,0.4926663623099116
0.4098141242111931,0.4868065400830569
0.419608770543823,0.479962846469965
0.4294034168764529,0.4750724269324912
0.4490233178115022,0.4701892417434457
0.4706021480130775,0.466275459243781
0.4941092992113892,0.4633455481303537
0.5254827757455944,0.4604084026684982
0.5607741108128516,0.4584551285928799
0.6000139126829501,0.4555252174794526
0.6509766818824151,0.4525880720175971
0.7058879178847215,0.4486815238663607
0.7450971114850305,0.444767741366696
0.7862652343518657,0.4408611932154596
0.8058851352869149,0.4369474107157949
0.8117619230864929,0.4320642255267494
0.796090488954285,0.4271738059892756
0.7705938002196577,0.4222906208002301
0.7156825642173513,0.4174002012627563
0.654894540415467,0.4134864187630917
0.5843118702809528,0.4115331446874735
0.5294006342786464,0.4105565076496644
0.4706021480130775,0.4086032335740461
0.4254855583434009,0.4066499594984279
0.3843174354765659,0.4037128140365724
0.3588207467419387,0.400782902923145
0.3451082418762568,0.3978529918097178
0.3352829872738374,0.3949158463478622
0.3294061994742595,0.392962572272244
0.3352829872738374,0.3939392093100531
0.3392008458068894,0.3958924833856713
0.3451082418762568,0.3988296288475269
0.3549028882088867,0.400782902923145
0.3490261004093087,0.4037128140365724
0.3646975345415166,0.4046894510743815
0.3705743223410945,0.4056660881121906
0.3705743223410945,0.4066499594984279
0.374522789143936,0.407626596536237
0.3705743223410945,0.4086032335740461
0.3705743223410945,0.4095798706118552
0.3646975345415166,0.4105565076496644
0.3588207467419387,0.4105565076496644
0.3588207467419387,0.4095798706118552
0.3549028882088867,0.4095798706118552
0.3549028882088867,0.4086032335740461
0.3549028882088867,0.4086032335740461
0.3490261004093087,0.407626596536237
0.3451082418762568,0.4066499594984279
0.3490261004093087,0.4066499594984279
0.3803995769435139,0.4056660881121906
0.3901942232761438,0.4046894510743815
0.3941120818091958,0.4066499594984279
0.3901942232761438,0.4095798706118552
0.374522789143936,0.4174002012627563
0.3451082418762568,0.4291270800648938
0.3392008458068894,0.4457443784045051
0.3451082418762568,0.4682287333193992
0.3549028882088867,0.4936429993477207
0.3588207467419387,0.5161273542626148
0.3549028882088867,0.5356817980640817
0.3451082418762568,0.5562056445549294
0.3352829872738374,0.5757600883563961
0.3352829872738374,0.5943306607716257
0.3352829872738374,0.6080180479978096
0.3392008458068894,0.6168150156865198
0.3490261004093087,0.6226748379133744
0.2901970058739504,0.6256119833752299
0.5745172239483228,0.6265886204130391
1.468615392768486,0.6275652574508482
1.503906727835743,0.6275652574508482
1.503906727835743,0.6265886204130391
0.6254799931477878,0.6226748379133744
0.3999888696087737,0.6168150156865198
0.3901942232761438,0.6109479591112369
0.3803995769435139,0.6031276284603359
0.3646975345415166,0.5933540237338165
0.3392008458068894,0.5816199105832508
0.3352829872738374,0.5689163947433042
0.3352829872738374,0.5562056445549294
0.3549028882088867,0.5444787657527919
0.3646975345415166,0.5337212896400352
0.374522789143936,0.523947684913516
0.3901942232761438,0.5151507172248058
0.3999888696087737,0.5092836606495229
0.4039067281418257,0.5063537495360956
0.419608770543823,0.5044004754604773
0.4490233178115022,0.5034238384226682
0.4607768934106581,0.5034238384226682
0.4843146528787593,0.5034238384226682
0.5058934830803345,0.5024472013848591
0.5392258888810657,0.5004866929608127
0.5843118702809528,0.4965801448095762
0.6293978516808398,0.4916897252721025
0.6764733706170423,0.4868065400830569
0.7215593520169293,0.4828927575833923
0.7607991538870279,0.479962846469965
0.7803884465522877,0.4760490639703003
0.7862652343518657,0.4721425158190639
0.7803884465522877,0.4682287333193992
0.7548917578176605,0.4643221851681628
0.7215593520169293,0.4604084026684982
0.6607713282150449,0.4545485804416435
0.6000139126829501,0.4506347979419788
0.5392258888810657,0.4467282497907424
0.4803967943457073,0.4437911043288869
0.4352802046760309,0.4408611932154596
0.3999888696087737,0.437924047753604
0.3705743223410945,0.4359707736779858
0.3490261004093087,0.4340174996023676
0.3392008458068894,0.4320642255267494
0.3352829872738374,0.4281504430270847
0.3352829872738374,0.4242438948758483
0.3451082418762568,0.4203301123761837
0.3451082418762568,0.4174002012627563
0.3490261004093087,0.4154469271871381
0.3549028882088867,0.414470290149329
0.3646975345415166,0.4134864187630917
0.3646975345415166,0.4125097817252826
0.3705743223410945,0.4125097817252826
0.3705743223410945,0.4125097817252826
0.3705743223410945,0.4125097817252826
0.374522789143936,0.4125097817252826
0.3705743223410945,0.4115331446874735
0.3646975345415166,0.4115331446874735
0.3549028882088867,0.4115331446874735
0.3549028882088867,0.4115331446874735
0.3549028882088867,0.4095798706118552
0.3549028882088867,0.4066499594984279
0.3549028882088867,0.4037128140365724
0.3549028882088867,0.400782902923145
0.3588207467419387,0.3988296288475269
0.3803995769435139,0.3988296288475269
0.3999888696087737,0.3998062658853359
0.4039067281418257,0.4017595399609542
0.3941120818091958,0.4056660881121906
0.3803995769435139,0.4115331446874735
0.3490261004093087,0.4222906208002301
0.3392008458068894,0.4369474107157949
0.3588207467419387,0.4555252174794526
0.3843174354765659,0.4770257010081094
0.3999888696087737,0.4985334188851945
0.3901942232761438,0.5200411367622795
0.3843174354765659,0.5415416202909363
0.3803995769435139,0.5620727011302122
0.3803995769435139,0.5806432735454417
0.3901942232761438,0.5933540237338165
0.3941120818091958,0.6011743543847177
0.4039067281418257,0.6080180479978096
0.3490261004093087,0.6138778702246642
0.5705993654152709,0.6158383786487107
1.3470699534345063,0.6168150156865198
1.503906727835743,0.6168150156865198
1.503906727835743,0.6148617416109016
0.7607991538870279,0.6109479591112369
0.419608770543823,0.6080180479978096
0.4039067281418257,0.6031276284603359
0.3941120818091958,0.5962839348472438
0.3803995769435139,0.5874869671585337
0.3646975345415166,0.5796666365076326
0.3549028882088867,0.5698930317811133
0.3549028882088867,0.5571822815927384
0.3588207467419387,0.5435021287149827
0.374522789143936,0.5298147414887988
0.3843174354765659,0.5190644997244704
0.3941120818091958,0.5092836606495229
0.3999888696087737,0.5024472013848591
0.4098141242111931,0.4975567818473854
0.4254855583434009,0.4956035077717671
0.4392286714788723,0.494626870733958
0.4549001056110801,0.4936429993477207
0.4745200065461294,0.4936429993477207
0.4999860870109672,0.4926663623099116
0.5392258888810657,0.4907130882342934
0.5745172239483228,0.487783177120866
0.6254799931477878,0.4848460316590105
0.6705965828174644,0.4819161205455832
0.7156825642173513,0.4789862094321558
0.7548917578176605,0.4770257010081094
0.7803884465522877,0.4760490639703003
0.7803884465522877,0.473119152856873
0.7803884465522877,0.4701892417434457
0.7509738992846084,0.466275459243781
0.7215593520169293,0.4613850397063073
0.6647197950178864,0.4565018545172618
0.605890700482528,0.451611434979788
0.5392258888810657,0.4457443784045051
0.4803967943457073,0.4398845561776505
0.4254855583434009,0.4340174996023676
0.3843174354765659,0.4271738059892756
0.3549028882088867,0.4213067494139927
0.3352829872738374,0.4164235642249472
0.3196115531416296,0.4134864187630917
0.3196115531416296,0.4125097817252826
0.3235294116746816,0.4125097817252826
0.3352829872738374,0.4115331446874735
0.3294061994742595,0.4115331446874735
0.3352829872738374,0.4115331446874735
0.3352829872738374,0.4115331446874735
0.3392008458068894,0.4125097817252826
0.3490261004093087,0.4115331446874735
0.3490261004093087,0.4095798706118552
0.3451082418762568,0.4066499594984279
0.3549028882088867,0.4037128140365724
0.3549028882088867,0.4027361769987633
0.3549028882088867,0.4037128140365724
0.3392008458068894,0.4037128140365724
0.3352829872738374,0.4046894510743815
0.3294061994742595,0.4056660881121906
0.3235294116746816,0.4086032335740461
0.3196115531416296,0.4095798706118552
0.3098169068089997,0.4086032335740461
0.3098169068089997,0.4066499594984279
0.3294061994742595,0.4037128140365724
0.3392008458068894,0.400782902923145
0.3549028882088867,0.3998062658853359
0.3490261004093087,0.400782902923145
0.3451082418762568,0.4027361769987633
0.3294061994742595,0.4056660881121906
0.3039095107396323,0.4125097817252826
0.3039095107396323,0.4232672578380392
0.3137347653420516,0.4359707736779858
0.3352829872738374,0.4506347979419788
0.3294061994742595,0.4701892417434457
0.3352829872738374,0.4926663623099116
0.3294061994742595,0.5161273542626148
0.3235294116746816,0.538611709177509
0.3235294116746816,0.5591427900167849
0.3294061994742595,0.5757600883563961
0.3352829872738374,0.5894402412341518
0.3137347653420516,0.598237208922862
0.2843202180743724,0.6021509914225267
0.7666759416866058,0.604104265498145
1.503906727835743,0.605080902535954
1.503906727835743,0.605080902535954
1.3470699534345063,0.605080902535954
0.4843146528787593,0.6031276284603359
0.3352829872738374,0.6001977173469085
0.3549028882088867,0.597260571885053
0.3451082418762568,0.5914007496581983
0.3451082418762568,0.5835804190072973
0.3294061994742595,0.5757600883563961
0.3137347653420516,0.5650026122436396
0.3294061994742595,0.5522990964036929
0.3352829872738374,0.5376350721396999
0.3392008458068894,0.523947684913516
0.3549028882088867,0.5141740801869966
0.3588207467419387,0.5063537495360956
0.3705743223410945,0.4985334188851945
0.3803995769435139,0.4907130882342934
0.3941120818091958,0.4848460316590105
0.4098141242111931,0.4819161205455832
0.419608770543823,0.479962846469965
0.4392286714788723,0.4789862094321558
0.4745200065461294,0.4780023380459186
0.5196059879460164,0.4780023380459186
0.5745172239483228,0.4760490639703003
0.6293978516808398,0.473119152856873
0.6803912291500942,0.4701892417434457
0.7353024651524006,0.466275459243781
0.7803884465522877,0.4604084026684982
0.800008347487337,0.4555252174794526
0.8117619230864929,0.451611434979788
0.800008347487337,0.4477048868285516
0.7764705880192357,0.4428144672910778
0.7215593520169293,0.4389079191398414
0.6509766818824151,0.4349941366401767
0.5803940117479008,0.4310875884889403
0.5058934830803345,0.4271738059892756
0.4352802046760309,0.4242438948758483
0.3803995769435139,0.4213067494139927
0.3451082418762568,0.4183768383005654
0.3196115531416296,0.4164235642249472
0.3039095107396323,0.414470290149329
0.3039095107396323,0.4125097817252826
0.3098169068089997,0.4095798706118552
0.3098169068089997,0.407626596536237
0.3098169068089997,0.4066499594984279
0.3098169068089997,0.4056660881121906
0.3137347653420516,0.4046894510743815
0.3294061994742595,0.4046894510743815
0.3352829872738374,0.4037128140365724
0.3352829872738374,0.4037128140365724
0.3490261004093087,0.4027361769987633
0.3490261004093087,0.4027361769987633
0.3451082418762568,0.4037128140365724
0.3392008458068894,0.4056660881121906
0.3352829872738374,0.4086032335740461
0.3352829872738374,0.4105565076496644
0.3235294116746816,0.4115331446874735
0.3137347653420516,0.4115331446874735
0.3098169068089997,0.4115331446874735
0.3039095107396323,0.4095798706118552
0.2941148644070023,0.4066499594984279
0.2901970058739504,0.4046894510743815
0.3039095107396323,0.4027361769987633
0.3294061994742595,0.400782902923145
0.3392008458068894,0.3988296288475269
0.3451082418762568,0.3998062658853359
0.3451082418762568,0.4017595399609542
0.3294061994742595,0.4046894510743815
0.3098169068089997,0.407626596536237
0.3098169068089997,0.4134864187630917
0.3235294116746816,0.4242438948758483
0.3392008458068894,0.4398845561776505
0.3451082418762568,0.459431765630689
0.3451082418762568,0.4809394835077741
0.3392008458068894,0.5024472013848591
0.3352829872738374,0.5210177738000886
0.3352829872738374,0.5366584351018908
0.3451082418762568,0.5503385879796465
0.3451082418762568,0.5630493381680214
0.3490261004093087,0.5718463058567315
0.2901970058739504,0.5777133624320144
0.7450971114850305,0.5826037819694881
1.503906727835743,0.5855336930829155
1.503906727835743,0.5865103301207246
1.3784434299687118,0.5865103301207246
0.5098113416133866,0.5855336930829155
0.3588207467419387,0.5826037819694881
0.3803995769435139,0.5777133624320144
0.3705743223410945,0.5708696688189224
0.3705743223410945,0.5630493381680214
0.3549028882088867,0.553275733441502
0.3392008458068894,0.5405649832531272
0.3490261004093087,0.5268848303753715
0.3549028882088867,0.5131974431491875
0.3705743223410945,0.5014633299986218
0.3843174354765659,0.4916897252721025
0.3941120818091958,0.4838693946212014
0.4039067281418257,0.4780023380459186
0.419608770543823,0.4740957898946821
0.4352802046760309,0.4711658787812548
0.4549001056110801,0.4682287333193992
0.4706021480130775,0.466275459243781
0.4941092992113892,0.4643221851681628
0.5294006342786464,0.4623689110925446
0.5646919693459035,0.4584551285928799
0.605890700482528,0.4545485804416435
0.6607713282150449,0.4506347979419788
0.7098057764177734,0.4467282497907424
0.7548917578176605,0.4418378302532686
0.796090488954285,0.4369474107157949
0.8058851352869149,0.4330408625645585
0.8156797816195448,0.4301109514511312
0.8058851352869149,0.4271738059892756
0.7862652343518657,0.4242438948758483
0.7313846066193487,0.4213067494139927
0.6705965828174644,0.4174002012627563
0.6000139126829501,0.4125097817252826
0.5254827757455944,0.4086032335740461
0.4706021480130775,0.4046894510743815
0.4156909120107711,0.400782902923145
0.374522789143936,0.3978529918097178
0.3392008458068894,0.3949158463478622
0.3235294116746816,0.392962572272244
0.3137347653420516,0.3919859352344348
0.3137347653420516,0.3919859352344348
0.3137347653420516,0.392962572272244
0.3235294116746816,0.3939392093100531
0.3352829872738374,0.3949158463478622
0.3392008458068894,0.3949158463478622
0.3451082418762568,0.392962572272244
0.3549028882088867,0.3910092981966258
0.3549028882088867,0.3890487897725793
0.3705743223410945,0.3870955156969611
0.3646975345415166,0.386118878659152
0.3705743223410945,0.386118878659152
0.374522789143936,0.3870955156969611
0.374522789143936,0.3880721527347702
0.3803995769435139,0.3890487897725793
0.3646975345415166,0.3900326611588167
0.3646975345415166,0.3910092981966258
0.3549028882088867,0.3900326611588167
0.3549028882088867,0.3880721527347702
0.3549028882088867,0.386118878659152
0.3490261004093087,0.3831889675457247
0.3451082418762568,0.3812284591216783
0.3803995769435139,0.3802518220838691
0.3901942232761438,0.3802518220838691
0.3999888696087737,0.3812284591216783
0.3843174354765659,0.3851422416213429
0.3803995769435139,0.3919859352344348
0.3490261004093087,0.3998062658853359
0.3352829872738374,0.4095798706118552
0.3549028882088867,0.4252205319136574
0.3705743223410945,0.444767741366696
0.374522789143936,0.466275459243781
0.3646975345415166,0.4887598141586752
0.3549028882088867,0.5112441690735693
0.3352829872738374,0.531768015564417
0.3392008458068894,0.5503385879796465
0.3392008458068894,0.5659792492814486
0.3490261004093087,0.5767367253942053
0.3549028882088867,0.5855336930829155
0.2784434302747945,0.5914007496581983
0.5294006342786464,0.5933540237338165
1.3215732646998797,0.5943306607716257
1.503906727835743,0.5943306607716257
1.503906727835743,0.5923773866960075
0.7450971114850305,0.5894402412341518
0.4254855583434009,0.5865103301207246
0.4039067281418257,0.5826037819694881
0.3803995769435139,0.5757600883563961
0.3705743223410945,0.5679397577054951
0.3392008458068894,0.5591427900167849
0.3352829872738374,0.5474086768662192
0.3352829872738374,0.5347051610262725
0.3549028882088867,0.5219944108378977
0.3646975345415166,0.5122208061113784
0.374522789143936,0.5024472013848591
0.3843174354765659,0.4956035077717671
0.3999888696087737,0.4897364511964843
0.4039067281418257,0.487783177120866
0.4156909120107711,0.4858226686968196
0.4294034168764529,0.4858226686968196
0.4490233178115022,0.4848460316590105
0.4745200065461294,0.4848460316590105
0.4999860870109672,0.4838693946212014
0.5254827757455944,0.4819161205455832
0.5646919693459035,0.4770257010081094
0.615685346815158,0.473119152856873
0.6647197950178864,0.4701892417434457
0.7156825642173513,0.4682287333193992
0.7548917578176605,0.4652988222059719
0.7803884465522877,0.4633455481303537
0.7862652343518657,0.4623689110925446
0.796090488954285,0.4613850397063073
0.7607991538870279,0.4584551285928799
0.7215593520169293,0.4555252174794526
0.6705965828174644,0.451611434979788
0.605890700482528,0.4486815238663607
0.5509794644802216,0.444767741366696
0.4941092992113892,0.4408611932154596
0.4490233178115022,0.437924047753604
0.4098141242111931,0.4340174996023676
0.374522789143936,0.4301109514511312
0.3549028882088867,0.4252205319136574
0.3392008458068894,0.4213067494139927
0.3352829872738374,0.4164235642249472
0.3352829872738374,0.4134864187630917
0.3352829872738374,0.4095798706118552
0.3352829872738374,0.407626596536237
0.3490261004093087,0.4066499594984279
0.3490261004093087,0.4056660881121906
0.3549028882088867,0.4056660881121906
0.3588207467419387,0.4056660881121906
0.3588207467419387,0.4046894510743815
0.3646975345415166,0.4037128140365724
0.3588207467419387,0.4046894510743815
0.3549028882088867,0.4037128140365724
0.3549028882088867,0.4037128140365724
0.3588207467419387,0.4037128140365724
0.3549028882088867,0.4037128140365724
0.3490261004093087,0.4046894510743815
0.3490261004093087,0.4046894510743815
0.3490261004093087,0.4046894510743815
0.3392008458068894,0.4046894510743815
0.3352829872738374,0.4037128140365724
0.3392008458068894,0.4027361769987633
0.3588207467419387,0.4027361769987633
0.3803995769435139,0.4027361769987633
0.3843174354765659,0.4037128140365724
0.3803995769435139,0.4056660881121906
0.3705743223410945,0.4105565076496644
0.3490261004093087,0.4193534753383746
0.3352829872738374,0.4320642255267494
0.3392008458068894,0.4496581609041697
0.3490261004093087,0.4701892417434457
0.3588207467419387,0.4926663623099116
0.3549028882088867,0.5141740801869966
0.3451082418762568,0.5327446526022261
0.3352829872738374,0.5493619509418374
0.3352829872738374,0.5659792492814486
0.3352829872738374,0.5796666365076326
0.3352829872738374,0.590416878271961
0.3451082418762568,0.597260571885053
0.2901970058739504,0.6021509914225267
0.4490233178115022,0.604104265498145
1.1019589289604432,0.605080902535954
1.503906727835743,0.604104265498145
1.503906727835743,0.6011743543847177
0.8666731590887993,0.5962839348472438
0.4156909120107711,0.5914007496581983
0.3901942232761438,0.5874869671585337
0.3843174354765659,0.5826037819694881
0.3705743223410945,0.5757600883563961
0.3490261004093087,0.5679397577054951
0.3352829872738374,0.5562056445549294
0.3352829872738374,0.5435021287149827
0.3490261004093087,0.5307913785266078
0.3588207467419387,0.5180806283382331
0.3646975345415166,0.5073303865739046
0.3843174354765659,0.4995100559230035
0.4039067281418257,0.4916897252721025
0.419608770543823,0.4868065400830569
0.4392286714788723,0.4848460316590105
0.4549001056110801,0.4828927575833923
0.4843146528787593,0.4828927575833923
0.5156881294129645,0.4819161205455832
0.5353080303480138,0.4819161205455832
0.5646919693459035,0.4819161205455832
0.5960654458801087,0.4809394835077741
0.6450998940828371,0.4789862094321558
0.6960932715520916,0.4760490639703003
0.7313846066193487,0.4721425158190639
0.7764705880192357,0.4672520962815901
0.796090488954285,0.4633455481303537
0.800008347487337,0.4604084026684982
0.800008347487337,0.4584551285928799
0.7862652343518657,0.4555252174794526
0.7509738992846084,0.4525880720175971
0.7098057764177734,0.4486815238663607
0.6450998940828371,0.444767741366696
0.5803940117479008,0.4398845561776505
0.5196059879460164,0.4349941366401767
0.4607768934106581,0.4301109514511312
0.419608770543823,0.4261971689514665
0.3901942232761438,0.4222906208002301
0.3646975345415166,0.4193534753383746
0.3549028882088867,0.4183768383005654
0.3451082418762568,0.4164235642249472
0.3490261004093087,0.4134864187630917
0.3392008458068894,0.4115331446874735
0.3549028882088867,0.4095798706118552
0.3549028882088867,0.407626596536237
0.3549028882088867,0.4066499594984279
0.3646975345415166,0.4056660881121906
0.3705743223410945,0.4056660881121906
0.374522789143936,0.4056660881121906
0.374522789143936,0.4056660881121906
0.3705743223410945,0.4056660881121906
0.374522789143936,0.4056660881121906
0.374522789143936,0.4056660881121906
0.3646975345415166,0.4046894510743815
0.3705743223410945,0.4037128140365724
0.3549028882088867,0.4017595399609542
0.3490261004093087,0.3998062658853359
0.3451082418762568,0.3978529918097178
0.3352829872738374,0.3958924833856713
0.3294061994742595,0.3939392093100531
0.3352829872738374,0.3919859352344348
0.3451082418762568,0.3910092981966258
0.3549028882088867,0.3919859352344348
0.3588207467419387,0.392962572272244
0.3549028882088867,0.3958924833856713
0.3549028882088867,0.3988296288475269
0.3352829872738374,0.4046894510743815
0.3137347653420516,0.4125097817252826
0.3235294116746816,0.4261971689514665
0.3352829872738374,0.4437911043288869
0.3451082418762568,0.4643221851681628
0.3392008458068894,0.4868065400830569
0.3352829872738374,0.5102675320357603
0.3235294116746816,0.5307913785266078
0.3235294116746816,0.5474086768662192
0.3196115531416296,0.560119427054594
0.3352829872738374,0.5708696688189224
0.3392008458068894,0.5796666365076326
0.2843202180743724,0.5855336930829155
0.3549028882088867,0.5884636041963428
0.8352996825545941,0.590416878271961
1.503906727835743,0.5914007496581983
1.503906727835743,0.5914007496581983
1.1862847122304288,0.5914007496581983
0.4294034168764529,0.5894402412341518
0.3392008458068894,0.5865103301207246
0.3705743223410945,0.5816199105832508
0.3588207467419387,0.5747834513185871
0.3490261004093087,0.5659792492814486
0.3392008458068894,0.5552290075171202
0.3352829872738374,0.5444787657527919
0.3490261004093087,0.531768015564417
0.3549028882088867,0.5190644997244704
0.3588207467419387,0.5092836606495229
0.374522789143936,0.5004866929608127
0.3843174354765659,0.4936429993477207
0.3941120818091958,0.487783177120866
0.3941120818091958,0.4828927575833923
0.4098141242111931,0.4809394835077741
0.4294034168764529,0.4789862094321558
0.4549001056110801,0.4789862094321558
0.4706021480130775,0.4780023380459186
0.4941092992113892,0.4760490639703003
0.5392258888810657,0.473119152856873
0.5843118702809528,0.4682287333193992
0.6411820355497851,0.4633455481303537
0.6960932715520916,0.4584551285928799
0.7353024651524006,0.4555252174794526
0.7803884465522877,0.4506347979419788
0.800008347487337,0.4477048868285516
0.800008347487337,0.4457443784045051
0.7862652343518657,0.444767741366696
0.7548917578176605,0.4418378302532686
0.7098057764177734,0.4389079191398414
0.6411820355497851,0.4349941366401767
0.5745172239483228,0.4310875884889403
0.4999860870109672,0.4261971689514665
0.4352802046760309,0.4213067494139927
0.374522789143936,0.4183768383005654
0.3451082418762568,0.4164235642249472
0.3196115531416296,0.414470290149329
0.2999916522065803,0.414470290149329
0.2901970058739504,0.4125097817252826
0.2901970058739504,0.4115331446874735
0.2999916522065803,0.4105565076496644
0.2941148644070023,0.4105565076496644
0.3137347653420516,0.4105565076496644
0.3098169068089997,0.4115331446874735
0.3196115531416296,0.4125097817252826
0.3352829872738374,0.4134864187630917
0.3352829872738374,0.414470290149329
0.3352829872738374,0.414470290149329
0.3392008458068894,0.4134864187630917
0.3352829872738374,0.4134864187630917
0.3352829872738374,0.4134864187630917
0.3235294116746816,0.4134864187630917
0.3352829872738374,0.4134864187630917
0.3294061994742595,0.414470290149329
0.3235294116746816,0.4154469271871381
0.3294061994742595,0.4154469271871381
0.3235294116746816,0.4154469271871381
0.3235294116746816,0.4134864187630917
0.3235294116746816,0.4115331446874735
0.3392008458068894,0.4086032335740461
0.3549028882088867,0.4056660881121906
0.3588207467419387,0.4037128140365724
0.3549028882088867,0.4037128140365724
0.3646975345415166,0.4046894510743815
0.3392008458068894,0.4086032335740461
0.3196115531416296,0.414470290149329
0.3235294116746816,0.4252205319136574
0.3352829872738374,0.4398845561776505
0.3392008458068894,0.4545485804416435
0.3352829872738374,0.4711658787812548
0.3352829872738374,0.4897364511964843
0.3235294116746816,0.5083070236117138
0.3098169068089997,0.5278614674131806
0.3098169068089997,0.545455402790601
0.3137347653420516,0.5591427900167849
0.3352829872738374,0.5708696688189224
0.2941148644070023,0.5796666365076326
0.2784434302747945,0.5865103301207246
0.9156769990217384,0.5894402412341518
1.503906727835743,0.590416878271961
1.503906727835743,0.590416878271961
1.1627469527623275,0.5894402412341518
0.4254855583434009,0.5874869671585337
0.3451082418762568,0.5845570560451063
0.3646975345415166,0.5806432735454417
0.3451082418762568,0.5737995799323498
0.3352829872738374,0.5659792492814486
0.3235294116746816,0.5552290075171202
0.3235294116746816,0.5435021287149827
0.3294061994742595,0.5298147414887988
0.3352829872738374,0.517103991300424
0.3352829872738374,0.5063537495360956
0.3490261004093087,0.4975567818473854
0.3490261004093087,0.4916897252721025
0.3549028882088867,0.4868065400830569
0.3646975345415166,0.4838693946212014
0.3803995769435139,0.4828927575833923
0.3999888696087737,0.4819161205455832
0.419608770543823,0.4819161205455832
0.4451054592784502,0.4809394835077741
0.4843146528787593,0.4809394835077741
0.5294006342786464,0.479962846469965
0.5843118702809528,0.4770257010081094
0.6450998940828371,0.473119152856873
0.7058879178847215,0.4692053703572084
0.7666759416866058,0.466275459243781
0.800008347487337,0.4633455481303537
0.8215565694191228,0.4604084026684982
0.8313818240215421,0.4574784915550708
0.8215565694191228,0.4545485804416435
0.7862652343518657,0.4525880720175971
0.7254772105499813,0.4486815238663607
0.6607713282150449,0.4437911043288869
0.5843118702809528,0.437924047753604
0.5098113416133866,0.4330408625645585
0.4549001056110801,0.4271738059892756
0.3999888696087737,0.4232672578380392
0.3646975345415166,0.4203301123761837
0.3352829872738374,0.4183768383005654
0.3196115531416296,0.4174002012627563
0.3098169068089997,0.4164235642249472
0.3098169068089997,0.4154469271871381
0.3137347653420516,0.414470290149329
0.3235294116746816,0.4134864187630917
0.3352829872738374,0.4115331446874735
0.3352829872738374,0.4105565076496644
0.3451082418762568,0.4115331446874735
0.3549028882088867,0.4125097817252826
0.3549028882088867,0.414470290149329
0.3588207467419387,0.4154469271871381
0.3705743223410945,0.4154469271871381
0.3646975345415166,0.4154469271871381
0.374522789143936,0.4154469271871381
0.3803995769435139,0.4154469271871381
0.3646975345415166,0.4134864187630917
0.3646975345415166,0.4115331446874735
0.3549028882088867,0.4105565076496644
0.3549028882088867,0.4086032335740461
0.3549028882088867,0.4056660881121906
0.3451082418762568,0.4027361769987633
0.3490261004093087,0.400782902923145
0.3549028882088867,0.3998062658853359
0.3705743223410945,0.3978529918097178
0.3803995769435139,0.3968691204234804
0.3901942232761438,0.3968691204234804
0.3803995769435139,0.3988296288475269
0.374522789143936,0.4027361769987633
0.3451082418762568,0.4095798706118552
0.3352829872738374,0.4193534753383746
0.3392008458068894,0.4320642255267494
0.3490261004093087,0.4477048868285516
0.3588207467419387,0.4672520962815901
0.3549028882088867,0.487783177120866
0.3490261004093087,0.5083070236117138
0.3352829872738374,0.5268848303753715
0.3392008458068894,0.5405649832531272
0.3392008458068894,0.5513224593658839
0.3451082418762568,0.5610960640924031
0.3490261004093087,0.5689163947433042
0.2784434302747945,0.5737995799323498
0.4352802046760309,0.5777133624320144
1.0607908060936082,0.5806432735454417
1.503906727835743,0.5826037819694881
1.503906727835743,0.5835804190072973
0.9607935886914148,0.5826037819694881
0.4549001056110801,0.5806432735454417
0.4098141242111931,0.5777133624320144
0.3999888696087737,0.5718463058567315
0.3803995769435139,0.5659792492814486
0.3549028882088867,0.5571822815927384
0.3352829872738374,0.545455402790601
0.3451082418762568,0.531768015564417
0.3588207467419387,0.5180806283382331
0.374522789143936,0.5053771124982864
0.3803995769435139,0.4936429993477207
0.3901942232761438,0.4848460316590105
0.3941120818091958,0.4770257010081094
0.3999888696087737,0.4721425158190639
0.4039067281418257,0.4692053703572084
0.4254855583434009,0.4682287333193992
0.4392286714788723,0.4672520962815901
0.4607768934106581,0.4643221851681628
0.4843146528787593,0.4633455481303537
0.5156881294129645,0.4623689110925446
0.5548973230132735,0.4604084026684982
0.605890700482528,0.4574784915550708
0.654894540415467,0.4555252174794526
0.7058879178847215,0.4525880720175971
0.7450971114850305,0.4506347979419788
0.7764705880192357,0.4477048868285516
0.7901830928849176,0.4457443784045051
